-- MySQL dump 10.13  Distrib 5.1.56, for unknown-linux-gnu (x86_64)
--
-- Host: localhost    Database: trocaire_medios
-- ------------------------------------------------------
-- Server version	5.1.56-community-log

/*!40101 SET @OLD_CHARACTER_SET_CLIENT=@@CHARACTER_SET_CLIENT */;
/*!40101 SET @OLD_CHARACTER_SET_RESULTS=@@CHARACTER_SET_RESULTS */;
/*!40101 SET @OLD_COLLATION_CONNECTION=@@COLLATION_CONNECTION */;
/*!40101 SET NAMES utf8 */;
/*!40103 SET @OLD_TIME_ZONE=@@TIME_ZONE */;
/*!40103 SET TIME_ZONE='+00:00' */;
/*!40014 SET @OLD_UNIQUE_CHECKS=@@UNIQUE_CHECKS, UNIQUE_CHECKS=0 */;
/*!40014 SET @OLD_FOREIGN_KEY_CHECKS=@@FOREIGN_KEY_CHECKS, FOREIGN_KEY_CHECKS=0 */;
/*!40101 SET @OLD_SQL_MODE=@@SQL_MODE, SQL_MODE='NO_AUTO_VALUE_ON_ZERO' */;
/*!40111 SET @OLD_SQL_NOTES=@@SQL_NOTES, SQL_NOTES=0 */;

--
-- Table structure for table `auth_group`
--

DROP TABLE IF EXISTS `auth_group`;
/*!40101 SET @saved_cs_client     = @@character_set_client */;
/*!40101 SET character_set_client = utf8 */;
CREATE TABLE `auth_group` (
  `id` int(11) NOT NULL AUTO_INCREMENT,
  `name` varchar(80) NOT NULL,
  PRIMARY KEY (`id`),
  UNIQUE KEY `name` (`name`)
) ENGINE=MyISAM AUTO_INCREMENT=2 DEFAULT CHARSET=latin1;
/*!40101 SET character_set_client = @saved_cs_client */;

--
-- Dumping data for table `auth_group`
--

LOCK TABLES `auth_group` WRITE;
/*!40000 ALTER TABLE `auth_group` DISABLE KEYS */;
INSERT INTO `auth_group` VALUES (1,'Digitadores');
/*!40000 ALTER TABLE `auth_group` ENABLE KEYS */;
UNLOCK TABLES;

--
-- Table structure for table `auth_group_permissions`
--

DROP TABLE IF EXISTS `auth_group_permissions`;
/*!40101 SET @saved_cs_client     = @@character_set_client */;
/*!40101 SET character_set_client = utf8 */;
CREATE TABLE `auth_group_permissions` (
  `id` int(11) NOT NULL AUTO_INCREMENT,
  `group_id` int(11) NOT NULL,
  `permission_id` int(11) NOT NULL,
  PRIMARY KEY (`id`),
  UNIQUE KEY `group_id` (`group_id`,`permission_id`),
  KEY `auth_group_permissions_bda51c3c` (`group_id`),
  KEY `auth_group_permissions_1e014c8f` (`permission_id`)
) ENGINE=MyISAM AUTO_INCREMENT=40 DEFAULT CHARSET=latin1;
/*!40101 SET character_set_client = @saved_cs_client */;

--
-- Dumping data for table `auth_group_permissions`
--

LOCK TABLES `auth_group_permissions` WRITE;
/*!40000 ALTER TABLE `auth_group_permissions` DISABLE KEYS */;
INSERT INTO `auth_group_permissions` VALUES (36,1,156),(35,1,155),(34,1,154),(33,1,174),(32,1,173),(31,1,172),(30,1,171),(29,1,170),(28,1,169),(27,1,168),(26,1,167),(25,1,166),(24,1,165),(23,1,164),(22,1,163),(21,1,162),(20,1,161),(19,1,160),(37,1,157),(38,1,158),(39,1,159);
/*!40000 ALTER TABLE `auth_group_permissions` ENABLE KEYS */;
UNLOCK TABLES;

--
-- Table structure for table `auth_message`
--

DROP TABLE IF EXISTS `auth_message`;
/*!40101 SET @saved_cs_client     = @@character_set_client */;
/*!40101 SET character_set_client = utf8 */;
CREATE TABLE `auth_message` (
  `id` int(11) NOT NULL AUTO_INCREMENT,
  `user_id` int(11) NOT NULL,
  `message` longtext NOT NULL,
  PRIMARY KEY (`id`),
  KEY `auth_message_fbfc09f1` (`user_id`)
) ENGINE=MyISAM DEFAULT CHARSET=latin1;
/*!40101 SET character_set_client = @saved_cs_client */;

--
-- Dumping data for table `auth_message`
--

LOCK TABLES `auth_message` WRITE;
/*!40000 ALTER TABLE `auth_message` DISABLE KEYS */;
/*!40000 ALTER TABLE `auth_message` ENABLE KEYS */;
UNLOCK TABLES;

--
-- Table structure for table `auth_permission`
--

DROP TABLE IF EXISTS `auth_permission`;
/*!40101 SET @saved_cs_client     = @@character_set_client */;
/*!40101 SET character_set_client = utf8 */;
CREATE TABLE `auth_permission` (
  `id` int(11) NOT NULL AUTO_INCREMENT,
  `name` varchar(50) NOT NULL,
  `content_type_id` int(11) NOT NULL,
  `codename` varchar(100) NOT NULL,
  PRIMARY KEY (`id`),
  UNIQUE KEY `content_type_id` (`content_type_id`,`codename`),
  KEY `auth_permission_e4470c6e` (`content_type_id`)
) ENGINE=MyISAM AUTO_INCREMENT=247 DEFAULT CHARSET=latin1;
/*!40101 SET character_set_client = @saved_cs_client */;

--
-- Dumping data for table `auth_permission`
--

LOCK TABLES `auth_permission` WRITE;
/*!40000 ALTER TABLE `auth_permission` DISABLE KEYS */;
INSERT INTO `auth_permission` VALUES (1,'Can add permission',1,'add_permission'),(2,'Can change permission',1,'change_permission'),(3,'Can delete permission',1,'delete_permission'),(4,'Can add group',2,'add_group'),(5,'Can change group',2,'change_group'),(6,'Can delete group',2,'delete_group'),(7,'Can add user',3,'add_user'),(8,'Can change user',3,'change_user'),(9,'Can delete user',3,'delete_user'),(10,'Can add message',4,'add_message'),(11,'Can change message',4,'change_message'),(12,'Can delete message',4,'delete_message'),(13,'Can add content type',5,'add_contenttype'),(14,'Can change content type',5,'change_contenttype'),(15,'Can delete content type',5,'delete_contenttype'),(16,'Can add session',6,'add_session'),(17,'Can change session',6,'change_session'),(18,'Can delete session',6,'delete_session'),(19,'Can add site',7,'add_site'),(20,'Can change site',7,'change_site'),(21,'Can delete site',7,'delete_site'),(22,'Can add log entry',8,'add_logentry'),(23,'Can change log entry',8,'change_logentry'),(24,'Can delete log entry',8,'delete_logentry'),(25,'Can add migration history',9,'add_migrationhistory'),(26,'Can change migration history',9,'change_migrationhistory'),(27,'Can delete migration history',9,'delete_migrationhistory'),(28,'Can add inmigracion',10,'add_inmigracion'),(29,'Can change inmigracion',10,'change_inmigracion'),(30,'Can delete inmigracion',10,'delete_inmigracion'),(31,'Can add codigo',11,'add_codigo'),(32,'Can change codigo',11,'change_codigo'),(33,'Can delete codigo',11,'delete_codigo'),(34,'Can add acceso escuela',12,'add_accesoescuela'),(35,'Can change acceso escuela',12,'change_accesoescuela'),(36,'Can delete acceso escuela',12,'delete_accesoescuela'),(37,'Can add razones no estudia',13,'add_razonesnoestudia'),(38,'Can change razones no estudia',13,'change_razonesnoestudia'),(39,'Can delete razones no estudia',13,'delete_razonesnoestudia'),(40,'Can add abastece',14,'add_abastece'),(41,'Can change abastece',14,'change_abastece'),(42,'Can delete abastece',14,'delete_abastece'),(43,'Can add agua',15,'add_agua'),(44,'Can change agua',15,'change_agua'),(45,'Can delete agua',15,'delete_agua'),(46,'Can add estrategia crisis',16,'add_estrategiacrisis'),(47,'Can change estrategia crisis',16,'change_estrategiacrisis'),(48,'Can delete estrategia crisis',16,'delete_estrategiacrisis'),(49,'Can add crisis',17,'add_crisis'),(50,'Can change crisis',17,'change_crisis'),(51,'Can delete crisis',17,'delete_crisis'),(52,'Can add acceso credito',18,'add_accesocredito'),(53,'Can change acceso credito',18,'change_accesocredito'),(54,'Can delete acceso credito',18,'delete_accesocredito'),(55,'Can add alimentos',19,'add_alimentos'),(56,'Can change alimentos',19,'change_alimentos'),(57,'Can delete alimentos',19,'delete_alimentos'),(58,'Can add diversidad',20,'add_diversidad'),(59,'Can change diversidad',20,'change_diversidad'),(60,'Can delete diversidad',20,'delete_diversidad'),(61,'Can add composicion',21,'add_composicion'),(62,'Can change composicion',21,'change_composicion'),(63,'Can delete composicion',21,'delete_composicion'),(64,'Can add descripcion',22,'add_descripcion'),(65,'Can change descripcion',22,'change_descripcion'),(66,'Can delete descripcion',22,'delete_descripcion'),(67,'Can add escolaridad',23,'add_escolaridad'),(68,'Can change escolaridad',23,'change_escolaridad'),(69,'Can delete escolaridad',23,'delete_escolaridad'),(70,'Can add tierra',24,'add_tierra'),(71,'Can change tierra',24,'change_tierra'),(72,'Can delete tierra',24,'delete_tierra'),(73,'Can add ciclo',25,'add_ciclo'),(74,'Can change ciclo',25,'change_ciclo'),(75,'Can delete ciclo',25,'delete_ciclo'),(76,'Can add riegos',26,'add_riegos'),(77,'Can change riegos',26,'change_riegos'),(78,'Can delete riegos',26,'delete_riegos'),(79,'Can add propiedad',27,'add_propiedad'),(80,'Can change propiedad',27,'change_propiedad'),(81,'Can delete propiedad',27,'delete_propiedad'),(82,'Can add genero',28,'add_genero'),(83,'Can change genero',28,'change_genero'),(84,'Can delete genero',28,'delete_genero'),(85,'Can add toma decicion',29,'add_tomadecicion'),(86,'Can change toma decicion',29,'change_tomadecicion'),(87,'Can delete toma decicion',29,'delete_tomadecicion'),(88,'Can add fuentes',30,'add_fuentes'),(89,'Can change fuentes',30,'change_fuentes'),(90,'Can delete fuentes',30,'delete_fuentes'),(91,'Can add principales fuentes',31,'add_principalesfuentes'),(92,'Can change principales fuentes',31,'change_principalesfuentes'),(93,'Can delete principales fuentes',31,'delete_principalesfuentes'),(94,'Can add ci periodos',32,'add_ciperiodos'),(95,'Can change ci periodos',32,'change_ciperiodos'),(96,'Can delete ci periodos',32,'delete_ciperiodos'),(97,'Can add ci permanentes',33,'add_cipermanentes'),(98,'Can change ci permanentes',33,'change_cipermanentes'),(99,'Can delete ci permanentes',33,'delete_cipermanentes'),(100,'Can add ci estacionales',34,'add_ciestacionales'),(101,'Can change ci estacionales',34,'change_ciestacionales'),(102,'Can delete ci estacionales',34,'delete_ciestacionales'),(103,'Can add ci hortalizas',35,'add_cihortalizas'),(104,'Can change ci hortalizas',35,'change_cihortalizas'),(105,'Can delete ci hortalizas',35,'delete_cihortalizas'),(106,'Can add cultivos i periodos',36,'add_cultivosiperiodos'),(107,'Can change cultivos i periodos',36,'change_cultivosiperiodos'),(108,'Can delete cultivos i periodos',36,'delete_cultivosiperiodos'),(109,'Can add cultivos i permanentes',37,'add_cultivosipermanentes'),(110,'Can change cultivos i permanentes',37,'change_cultivosipermanentes'),(111,'Can delete cultivos i permanentes',37,'delete_cultivosipermanentes'),(112,'Can add cultivos i estacionales',38,'add_cultivosiestacionales'),(113,'Can change cultivos i estacionales',38,'change_cultivosiestacionales'),(114,'Can delete cultivos i estacionales',38,'delete_cultivosiestacionales'),(115,'Can add i hortalizas',39,'add_ihortalizas'),(116,'Can change i hortalizas',39,'change_ihortalizas'),(117,'Can delete i hortalizas',39,'delete_ihortalizas'),(118,'Can add ingreso patio',40,'add_ingresopatio'),(119,'Can change ingreso patio',40,'change_ingresopatio'),(120,'Can delete ingreso patio',40,'delete_ingresopatio'),(121,'Can add ganados',41,'add_ganados'),(122,'Can change ganados',41,'change_ganados'),(123,'Can delete ganados',41,'delete_ganados'),(124,'Can add ingreso ganado',42,'add_ingresoganado'),(125,'Can change ingreso ganado',42,'change_ingresoganado'),(126,'Can delete ingreso ganado',42,'delete_ingresoganado'),(127,'Can add productos',43,'add_productos'),(128,'Can change productos',43,'change_productos'),(129,'Can delete productos',43,'delete_productos'),(130,'Can add lactios',44,'add_lactios'),(131,'Can change lactios',44,'change_lactios'),(132,'Can delete lactios',44,'delete_lactios'),(133,'Can add p procesado',45,'add_pprocesado'),(134,'Can change p procesado',45,'change_pprocesado'),(135,'Can delete p procesado',45,'delete_pprocesado'),(136,'Can add productos procesado',46,'add_productosprocesado'),(137,'Can change productos procesado',46,'change_productosprocesado'),(138,'Can delete productos procesado',46,'delete_productosprocesado'),(139,'Can add otras actividades',47,'add_otrasactividades'),(140,'Can change otras actividades',47,'change_otrasactividades'),(141,'Can delete otras actividades',47,'delete_otrasactividades'),(142,'Can add otros ingresos',48,'add_otrosingresos'),(143,'Can change otros ingresos',48,'change_otrosingresos'),(144,'Can delete otros ingresos',48,'delete_otrosingresos'),(145,'Can add principal forma',49,'add_principalforma'),(146,'Can change principal forma',49,'change_principalforma'),(147,'Can delete principal forma',49,'delete_principalforma'),(148,'Can add productos principales',50,'add_productosprincipales'),(149,'Can change productos principales',50,'change_productosprincipales'),(150,'Can delete productos principales',50,'delete_productosprincipales'),(151,'Can add vende producto',51,'add_vendeproducto'),(152,'Can change vende producto',51,'change_vendeproducto'),(153,'Can delete vende producto',51,'delete_vendeproducto'),(154,'Can add departamento',52,'add_departamento'),(155,'Can change departamento',52,'change_departamento'),(156,'Can delete departamento',52,'delete_departamento'),(157,'Can add municipio',53,'add_municipio'),(158,'Can change municipio',53,'change_municipio'),(159,'Can delete municipio',53,'delete_municipio'),(160,'Can add comunidad',54,'add_comunidad'),(161,'Can change comunidad',54,'change_comunidad'),(162,'Can delete comunidad',54,'delete_comunidad'),(163,'Can add comarca',55,'add_comarca'),(164,'Can change comarca',55,'change_comarca'),(165,'Can delete comarca',55,'delete_comarca'),(166,'Can add recolector',56,'add_recolector'),(167,'Can change recolector',56,'change_recolector'),(168,'Can delete recolector',56,'delete_recolector'),(169,'Can add contraparte',57,'add_contraparte'),(170,'Can change contraparte',57,'change_contraparte'),(171,'Can delete contraparte',57,'delete_contraparte'),(172,'Can add encuesta',58,'add_encuesta'),(173,'Can change encuesta',58,'change_encuesta'),(174,'Can delete encuesta',58,'delete_encuesta'),(175,'Can add participacion',59,'add_participacion'),(176,'Can change participacion',59,'change_participacion'),(177,'Can delete participacion',59,'delete_participacion'),(178,'Can add participacion cpc',60,'add_participacioncpc'),(179,'Can change participacion cpc',60,'change_participacioncpc'),(180,'Can delete participacion cpc',60,'delete_participacioncpc'),(181,'Can add frecuencia',61,'add_frecuencia'),(182,'Can change frecuencia',61,'change_frecuencia'),(183,'Can delete frecuencia',61,'delete_frecuencia'),(184,'Can add c periodos',62,'add_cperiodos'),(185,'Can change c periodos',62,'change_cperiodos'),(186,'Can delete c periodos',62,'delete_cperiodos'),(187,'Can add c permanentes',63,'add_cpermanentes'),(188,'Can change c permanentes',63,'change_cpermanentes'),(189,'Can delete c permanentes',63,'delete_cpermanentes'),(190,'Can add c anuales',64,'add_canuales'),(191,'Can change c anuales',64,'change_canuales'),(192,'Can delete c anuales',64,'delete_canuales'),(193,'Can add c hortalizas',65,'add_chortalizas'),(194,'Can change c hortalizas',65,'change_chortalizas'),(195,'Can delete c hortalizas',65,'delete_chortalizas'),(196,'Can add cultivos periodos',66,'add_cultivosperiodos'),(197,'Can change cultivos periodos',66,'change_cultivosperiodos'),(198,'Can delete cultivos periodos',66,'delete_cultivosperiodos'),(199,'Can add cultivos permanentes',67,'add_cultivospermanentes'),(200,'Can change cultivos permanentes',67,'change_cultivospermanentes'),(201,'Can delete cultivos permanentes',67,'delete_cultivospermanentes'),(202,'Can add cultivos anuales',68,'add_cultivosanuales'),(203,'Can change cultivos anuales',68,'change_cultivosanuales'),(204,'Can delete cultivos anuales',68,'delete_cultivosanuales'),(205,'Can add hortalizas',69,'add_hortalizas'),(206,'Can change hortalizas',69,'change_hortalizas'),(207,'Can delete hortalizas',69,'delete_hortalizas'),(208,'Can add consumo diario',70,'add_consumodiario'),(209,'Can change consumo diario',70,'change_consumodiario'),(210,'Can delete consumo diario',70,'delete_consumodiario'),(211,'Can add limitaciones',71,'add_limitaciones'),(212,'Can change limitaciones',71,'change_limitaciones'),(213,'Can delete limitaciones',71,'delete_limitaciones'),(214,'Can add principal limitacion',72,'add_principallimitacion'),(215,'Can change principal limitacion',72,'change_principallimitacion'),(216,'Can delete principal limitacion',72,'delete_principallimitacion'),(217,'Can add patio cultivada',73,'add_patiocultivada'),(218,'Can change patio cultivada',73,'change_patiocultivada'),(219,'Can delete patio cultivada',73,'delete_patiocultivada'),(220,'Can add arboles',74,'add_arboles'),(221,'Can change arboles',74,'change_arboles'),(222,'Can delete arboles',74,'delete_arboles'),(223,'Can add calidad patio',75,'add_calidadpatio'),(224,'Can change calidad patio',75,'change_calidadpatio'),(225,'Can delete calidad patio',75,'delete_calidadpatio'),(226,'Can add ganado',76,'add_ganado'),(227,'Can change ganado',76,'change_ganado'),(228,'Can delete ganado',76,'delete_ganado'),(229,'Can add ganado mayor',77,'add_ganadomayor'),(230,'Can change ganado mayor',77,'change_ganadomayor'),(231,'Can delete ganado mayor',77,'delete_ganadomayor'),(232,'Can add riego',78,'add_riego'),(233,'Can change riego',78,'change_riego'),(234,'Can delete riego',78,'delete_riego'),(235,'Can add area protegida',79,'add_areaprotegida'),(236,'Can change area protegida',79,'change_areaprotegida'),(237,'Can delete area protegida',79,'delete_areaprotegida'),(238,'Can add uso tecnologia',80,'add_usotecnologia'),(239,'Can change uso tecnologia',80,'change_usotecnologia'),(240,'Can delete uso tecnologia',80,'delete_usotecnologia'),(241,'Can add semilla',81,'add_semilla'),(242,'Can change semilla',81,'change_semilla'),(243,'Can delete semilla',81,'delete_semilla'),(244,'Can add credito',82,'add_credito'),(245,'Can change credito',82,'change_credito'),(246,'Can delete credito',82,'delete_credito');
/*!40000 ALTER TABLE `auth_permission` ENABLE KEYS */;
UNLOCK TABLES;

--
-- Table structure for table `auth_user`
--

DROP TABLE IF EXISTS `auth_user`;
/*!40101 SET @saved_cs_client     = @@character_set_client */;
/*!40101 SET character_set_client = utf8 */;
CREATE TABLE `auth_user` (
  `id` int(11) NOT NULL AUTO_INCREMENT,
  `username` varchar(30) NOT NULL,
  `first_name` varchar(30) NOT NULL,
  `last_name` varchar(30) NOT NULL,
  `email` varchar(75) NOT NULL,
  `password` varchar(128) NOT NULL,
  `is_staff` tinyint(1) NOT NULL,
  `is_active` tinyint(1) NOT NULL,
  `is_superuser` tinyint(1) NOT NULL,
  `last_login` datetime NOT NULL,
  `date_joined` datetime NOT NULL,
  PRIMARY KEY (`id`),
  UNIQUE KEY `username` (`username`)
) ENGINE=MyISAM AUTO_INCREMENT=5 DEFAULT CHARSET=latin1;
/*!40101 SET character_set_client = @saved_cs_client */;

--
-- Dumping data for table `auth_user`
--

LOCK TABLES `auth_user` WRITE;
/*!40000 ALTER TABLE `auth_user` DISABLE KEYS */;
INSERT INTO `auth_user` VALUES (1,'crocha','','','carlos@simas.org.ni','sha1$252b5$0c6ff812e54b254efc42eb11a86b88c82f428124',1,1,1,'2011-05-28 09:06:58','2011-05-16 15:11:13'),(2,'ivonne','Ivonne','Gutierrez','','sha1$b9f18$9abaa6cd06d27bfcbc1aea4b821000165d59bef8',1,1,0,'2011-06-21 16:45:26','2011-05-25 07:05:14'),(3,'ruth','Ruth','Morales','','sha1$b2c6d$72b836f56bbe3f83bfcf3b799c4572b3edce0059',1,1,0,'2011-06-21 16:49:20','2011-05-25 07:05:55'),(4,'vanessa','Vanessa','Jimenez','','sha1$8c3f4$5fe0b9140102fe7a38126464c7a20ee2710104e1',1,1,0,'2011-06-21 16:56:48','2011-05-25 07:06:48');
/*!40000 ALTER TABLE `auth_user` ENABLE KEYS */;
UNLOCK TABLES;

--
-- Table structure for table `auth_user_groups`
--

DROP TABLE IF EXISTS `auth_user_groups`;
/*!40101 SET @saved_cs_client     = @@character_set_client */;
/*!40101 SET character_set_client = utf8 */;
CREATE TABLE `auth_user_groups` (
  `id` int(11) NOT NULL AUTO_INCREMENT,
  `user_id` int(11) NOT NULL,
  `group_id` int(11) NOT NULL,
  PRIMARY KEY (`id`),
  UNIQUE KEY `user_id` (`user_id`,`group_id`),
  KEY `auth_user_groups_fbfc09f1` (`user_id`),
  KEY `auth_user_groups_bda51c3c` (`group_id`)
) ENGINE=MyISAM AUTO_INCREMENT=4 DEFAULT CHARSET=latin1;
/*!40101 SET character_set_client = @saved_cs_client */;

--
-- Dumping data for table `auth_user_groups`
--

LOCK TABLES `auth_user_groups` WRITE;
/*!40000 ALTER TABLE `auth_user_groups` DISABLE KEYS */;
INSERT INTO `auth_user_groups` VALUES (1,2,1),(2,3,1),(3,4,1);
/*!40000 ALTER TABLE `auth_user_groups` ENABLE KEYS */;
UNLOCK TABLES;

--
-- Table structure for table `auth_user_user_permissions`
--

DROP TABLE IF EXISTS `auth_user_user_permissions`;
/*!40101 SET @saved_cs_client     = @@character_set_client */;
/*!40101 SET character_set_client = utf8 */;
CREATE TABLE `auth_user_user_permissions` (
  `id` int(11) NOT NULL AUTO_INCREMENT,
  `user_id` int(11) NOT NULL,
  `permission_id` int(11) NOT NULL,
  PRIMARY KEY (`id`),
  UNIQUE KEY `user_id` (`user_id`,`permission_id`),
  KEY `auth_user_user_permissions_fbfc09f1` (`user_id`),
  KEY `auth_user_user_permissions_1e014c8f` (`permission_id`)
) ENGINE=MyISAM DEFAULT CHARSET=latin1;
/*!40101 SET character_set_client = @saved_cs_client */;

--
-- Dumping data for table `auth_user_user_permissions`
--

LOCK TABLES `auth_user_user_permissions` WRITE;
/*!40000 ALTER TABLE `auth_user_user_permissions` DISABLE KEYS */;
/*!40000 ALTER TABLE `auth_user_user_permissions` ENABLE KEYS */;
UNLOCK TABLES;

--
-- Table structure for table `calidad_vida_abastece`
--

DROP TABLE IF EXISTS `calidad_vida_abastece`;
/*!40101 SET @saved_cs_client     = @@character_set_client */;
/*!40101 SET character_set_client = utf8 */;
CREATE TABLE `calidad_vida_abastece` (
  `id` int(11) NOT NULL AUTO_INCREMENT,
  `nombre` varchar(200) NOT NULL,
  PRIMARY KEY (`id`)
) ENGINE=MyISAM AUTO_INCREMENT=8 DEFAULT CHARSET=latin1;
/*!40101 SET character_set_client = @saved_cs_client */;

--
-- Dumping data for table `calidad_vida_abastece`
--

LOCK TABLES `calidad_vida_abastece` WRITE;
/*!40000 ALTER TABLE `calidad_vida_abastece` DISABLE KEYS */;
INSERT INTO `calidad_vida_abastece` VALUES (1,'1) Cañería en la casa'),(2,'2) Cañería en el patio'),(3,'3) Vecino le da agua'),(4,'4) Pozo propio'),(5,'5) Pozo comunal'),(6,'6) Río, ojo de agua'),(7,'7) Ojo de agua en propiedad ajena');
/*!40000 ALTER TABLE `calidad_vida_abastece` ENABLE KEYS */;
UNLOCK TABLES;

--
-- Table structure for table `calidad_vida_accesoescuela`
--

DROP TABLE IF EXISTS `calidad_vida_accesoescuela`;
/*!40101 SET @saved_cs_client     = @@character_set_client */;
/*!40101 SET character_set_client = utf8 */;
CREATE TABLE `calidad_vida_accesoescuela` (
  `id` int(11) NOT NULL AUTO_INCREMENT,
  `acceso` int(11) NOT NULL,
  `fem_estudia` int(11) NOT NULL,
  `fem_no_estudia` int(11) NOT NULL,
  `mas_estudia` int(11) NOT NULL,
  `mas_no_estudia` int(11) NOT NULL,
  `encuesta_id` int(11) NOT NULL,
  PRIMARY KEY (`id`),
  KEY `calidad_vida_accesoescuela_1de70ac4` (`encuesta_id`)
) ENGINE=MyISAM AUTO_INCREMENT=675 DEFAULT CHARSET=latin1;
/*!40101 SET character_set_client = @saved_cs_client */;

--
-- Dumping data for table `calidad_vida_accesoescuela`
--

LOCK TABLES `calidad_vida_accesoescuela` WRITE;
/*!40000 ALTER TABLE `calidad_vida_accesoescuela` DISABLE KEYS */;
INSERT INTO `calidad_vida_accesoescuela` VALUES (1,2,1,0,1,0,1),(2,3,0,0,1,0,3),(3,2,0,0,1,0,4),(4,2,0,0,2,0,5),(5,2,0,0,1,0,2),(6,3,0,1,0,0,2),(7,2,1,0,1,0,6),(8,1,0,0,0,1,7),(9,2,1,0,1,0,7),(10,2,2,0,0,0,8),(11,3,1,0,0,0,10),(12,2,1,0,0,0,9),(13,2,0,0,1,0,11),(14,2,1,0,0,0,12),(15,2,1,0,1,0,13),(16,3,1,0,1,1,13),(17,2,1,0,0,0,14),(18,3,0,1,0,0,16),(19,2,1,0,0,0,17),(20,2,2,0,0,0,18),(21,3,1,0,0,0,18),(22,2,1,0,1,0,19),(23,2,1,0,1,0,21),(24,3,1,0,0,0,21),(25,2,2,0,2,0,22),(26,2,0,0,2,0,23),(27,2,3,3,0,0,24),(28,2,0,0,1,0,27),(29,3,0,8,8,0,27),(30,2,3,0,3,0,28),(31,3,1,0,0,0,28),(32,2,1,0,0,0,30),(33,2,1,0,3,0,31),(34,3,1,0,0,0,31),(35,2,1,1,0,0,32),(36,2,0,0,1,0,33),(37,2,3,0,0,0,34),(38,2,0,0,1,0,35),(39,1,1,0,0,0,37),(40,2,0,0,2,0,37),(41,3,0,0,0,1,37),(42,2,0,1,0,2,38),(43,2,1,0,2,0,39),(44,2,1,0,1,0,43),(45,2,0,0,3,0,44),(46,2,1,0,0,0,45),(47,3,2,0,1,0,45),(48,2,2,0,1,0,46),(49,2,0,0,2,0,47),(50,2,1,0,1,0,48),(51,3,1,0,0,1,48),(52,2,1,0,0,0,49),(53,3,1,0,0,0,49),(54,2,1,0,0,0,52),(55,3,0,1,0,0,52),(56,2,1,1,2,0,53),(57,3,0,0,1,0,54),(58,2,1,0,0,0,60),(59,2,0,0,1,0,61),(60,3,1,0,0,0,61),(61,2,1,0,1,0,62),(62,2,2,0,0,0,64),(63,2,5,1,0,4,65),(64,2,0,1,0,2,66),(65,3,1,0,0,0,67),(66,3,0,0,1,0,68),(67,2,0,0,0,1,69),(68,2,2,0,1,0,70),(69,2,3,2,2,0,71),(70,2,3,0,1,1,72),(71,2,1,0,1,0,73),(72,2,0,0,2,0,74),(73,2,0,0,1,0,75),(74,3,0,0,1,0,75),(75,2,1,0,0,0,76),(76,2,1,0,0,0,77),(77,2,0,3,1,1,79),(78,2,2,0,0,0,80),(79,3,1,0,0,0,80),(80,2,2,0,0,0,81),(81,3,0,2,0,0,81),(82,2,1,0,3,0,82),(83,2,1,0,0,0,84),(84,3,1,0,1,0,84),(85,2,1,1,0,0,88),(86,3,0,0,0,1,88),(87,2,0,0,1,1,89),(88,3,2,0,0,0,89),(89,2,1,0,1,0,90),(90,3,0,0,1,0,90),(91,2,1,0,2,0,91),(92,2,1,0,1,0,92),(93,3,1,0,0,0,95),(94,3,1,0,0,0,96),(95,2,2,0,0,0,97),(96,2,1,0,0,0,99),(97,3,1,0,0,0,99),(98,2,4,0,2,0,100),(99,3,1,0,2,0,100),(100,2,0,2,0,1,101),(101,3,0,1,0,0,101),(102,2,0,0,1,0,102),(103,2,1,0,1,0,103),(104,2,0,0,2,0,104),(105,2,1,0,1,0,105),(106,3,1,0,1,0,105),(107,3,2,0,2,0,106),(108,2,1,0,1,0,108),(109,3,0,1,0,0,108),(110,3,0,0,1,0,109),(111,2,0,0,1,0,110),(112,2,3,0,0,1,113),(113,2,1,0,1,0,114),(114,2,2,0,0,0,116),(115,2,2,0,2,0,117),(116,2,0,0,2,0,118),(117,3,1,0,0,0,118),(118,3,0,0,1,0,120),(119,2,1,0,2,0,121),(120,3,1,1,0,0,121),(121,2,1,0,2,0,122),(122,3,0,0,0,1,122),(123,3,0,1,0,0,123),(124,2,1,0,1,0,125),(125,3,1,0,0,0,125),(126,2,3,0,1,0,126),(127,2,1,0,3,0,127),(128,3,0,0,2,0,127),(129,2,1,0,0,0,129),(130,2,2,0,1,0,130),(131,2,0,0,2,0,131),(132,2,1,0,0,0,132),(133,3,0,0,1,0,132),(134,2,2,0,0,0,133),(135,3,1,0,0,0,133),(136,2,1,0,2,0,134),(137,2,2,0,0,1,135),(138,3,1,0,0,0,135),(139,2,1,0,0,0,136),(140,3,0,0,1,0,136),(141,2,1,0,0,0,138),(142,2,2,0,1,0,140),(143,3,1,0,0,0,140),(144,2,1,0,1,0,142),(145,3,1,0,1,0,142),(146,2,0,1,1,0,144),(147,2,2,0,0,0,145),(148,2,1,0,2,0,146),(149,2,0,1,0,0,147),(150,3,0,7,0,0,147),(151,2,0,0,1,0,149),(152,2,1,0,1,0,150),(153,3,1,0,1,0,150),(154,3,0,0,1,0,151),(155,2,1,0,0,0,152),(156,2,2,0,0,0,153),(157,2,0,0,1,0,154),(158,2,1,0,1,0,156),(159,2,0,0,3,0,157),(160,3,1,0,0,0,157),(161,3,1,0,0,0,158),(162,2,1,0,0,0,159),(163,2,1,0,1,0,161),(164,3,0,0,2,0,161),(165,1,1,0,0,0,163),(166,2,1,0,0,0,164),(167,3,0,0,0,1,164),(168,2,1,0,1,0,165),(169,3,0,1,0,0,165),(170,2,0,0,1,0,166),(171,2,0,0,2,0,167),(172,2,0,0,1,0,168),(173,3,0,0,0,1,168),(174,2,1,0,0,0,169),(175,3,1,0,0,0,169),(176,2,0,3,0,1,170),(177,2,0,1,0,1,171),(178,2,2,0,0,0,172),(179,2,2,1,0,1,173),(180,3,0,1,0,0,173),(181,2,1,0,2,0,174),(182,3,1,0,0,0,174),(183,3,1,0,0,0,175),(184,2,2,0,2,0,176),(185,3,1,0,1,0,176),(186,3,0,1,0,0,177),(187,2,5,0,2,0,178),(188,2,0,0,1,0,179),(189,3,0,1,0,0,180),(190,2,1,0,0,0,181),(191,3,1,0,0,0,181),(192,2,1,0,0,0,186),(193,1,1,0,1,0,187),(194,2,1,0,1,0,188),(195,2,1,0,1,0,189),(196,3,1,0,1,0,189),(197,1,3,0,0,0,191),(198,3,0,0,0,2,191),(199,2,1,0,1,0,193),(200,2,0,0,2,0,194),(201,2,0,0,2,0,195),(202,2,1,0,1,0,196),(203,2,2,0,2,0,197),(204,2,0,0,1,0,198),(205,2,2,0,1,1,199),(206,2,1,0,2,0,200),(207,2,2,0,2,0,201),(208,2,2,0,2,0,202),(209,2,1,0,2,0,203),(210,2,2,0,2,0,205),(211,2,0,0,3,0,206),(212,3,0,0,0,1,207),(213,2,1,0,2,0,208),(214,2,3,0,1,0,209),(215,2,1,0,1,0,210),(216,2,2,0,1,0,211),(217,2,2,0,0,0,212),(218,2,1,0,0,0,215),(219,2,1,0,0,0,216),(220,2,0,2,0,3,217),(221,2,1,1,0,0,218),(222,3,0,0,0,1,218),(223,2,1,0,0,0,221),(224,3,0,0,1,0,221),(225,2,3,2,1,0,222),(226,2,0,0,1,0,223),(227,2,1,0,3,0,224),(228,2,1,0,0,0,226),(229,2,2,0,1,0,227),(230,2,1,0,0,0,228),(231,2,1,0,1,0,229),(232,2,3,0,1,0,231),(233,2,0,0,1,0,232),(234,2,1,0,0,0,233),(235,2,1,0,1,0,234),(236,2,0,0,3,0,235),(237,3,0,0,2,0,235),(238,2,1,1,1,0,236),(239,2,0,0,1,0,237),(240,2,0,0,1,0,238),(241,2,0,0,4,0,239),(242,2,3,0,2,0,242),(243,3,1,0,1,0,243),(244,2,0,0,2,0,244),(245,3,1,0,0,0,245),(246,2,1,0,0,0,246),(247,2,0,0,3,0,247),(248,2,2,0,2,0,249),(249,3,0,0,0,1,250),(250,2,1,0,1,0,251),(251,2,2,0,2,2,254),(252,2,0,0,1,0,256),(253,2,1,0,1,0,257),(254,2,1,0,0,0,259),(255,2,2,3,4,2,255),(256,3,0,1,0,2,255),(257,2,1,0,0,0,260),(258,2,1,0,1,0,261),(259,3,0,0,0,1,263),(260,2,1,0,1,0,264),(261,3,0,3,0,0,264),(262,2,3,0,0,0,265),(263,3,0,0,1,0,266),(264,2,0,0,1,0,267),(265,1,0,1,0,0,268),(266,2,2,0,1,0,268),(267,1,3,0,2,0,269),(268,3,0,1,0,1,269),(269,2,0,0,3,0,270),(270,3,0,0,1,0,270),(271,2,0,0,2,0,271),(272,3,0,0,1,0,271),(273,2,1,0,1,0,272),(274,2,1,0,0,2,275),(275,2,2,1,0,1,277),(276,2,2,0,1,0,278),(277,2,2,0,0,0,279),(278,2,1,0,0,0,280),(279,2,1,0,0,0,281),(280,2,1,0,1,0,282),(281,2,0,2,2,1,285),(282,3,0,0,0,2,285),(283,3,1,0,0,0,287),(284,2,1,0,1,0,288),(285,3,0,0,0,2,288),(286,2,2,0,0,0,289),(287,2,1,0,0,0,290),(288,3,0,1,0,0,292),(289,2,0,1,0,0,294),(290,2,2,0,0,0,296),(291,2,1,0,2,0,297),(292,2,0,0,0,2,298),(293,2,1,0,1,0,299),(294,2,0,0,3,0,300),(295,3,0,0,1,0,300),(296,2,3,0,1,0,301),(297,3,0,0,1,1,301),(298,2,1,0,0,1,303),(299,2,1,0,0,0,304),(300,2,0,0,1,0,305),(301,3,0,0,0,1,306),(302,2,1,0,3,0,308),(303,2,2,1,0,0,310),(304,2,1,0,0,0,311),(305,3,0,0,2,0,311),(306,2,1,0,0,0,312),(307,2,1,0,0,0,313),(308,2,2,0,1,0,314),(309,3,0,0,2,0,314),(310,2,3,0,0,1,315),(311,3,0,0,0,1,315),(312,1,0,0,0,1,316),(313,2,0,0,1,0,316),(314,3,1,0,1,0,317),(315,3,1,0,1,0,318),(316,2,3,0,2,0,319),(317,3,1,0,0,0,319),(545,3,1,0,0,0,537),(544,2,2,0,1,0,537),(320,2,0,0,3,0,321),(321,3,0,1,0,1,321),(322,2,0,0,2,0,322),(323,3,0,0,1,0,322),(324,3,1,0,0,0,323),(325,2,1,0,0,0,324),(326,2,2,0,0,0,325),(327,3,0,0,0,2,325),(328,2,2,1,0,0,326),(329,3,0,0,1,0,326),(330,2,3,0,3,0,327),(331,3,0,0,1,0,327),(332,2,1,0,1,0,328),(333,2,2,0,0,0,331),(334,3,1,0,0,0,331),(335,2,1,1,2,0,332),(336,2,2,0,2,0,333),(337,3,1,0,0,0,333),(338,2,0,1,0,0,334),(339,2,0,0,2,0,335),(340,3,1,0,0,0,335),(341,2,1,0,1,0,336),(342,2,1,1,1,0,337),(343,3,0,0,2,0,339),(344,2,1,0,0,0,340),(345,2,1,0,1,0,341),(346,3,1,0,0,0,341),(347,2,1,0,1,0,342),(348,3,0,0,0,2,342),(349,2,0,0,2,0,345),(350,2,2,0,0,0,346),(351,2,0,0,1,0,347),(352,2,2,0,1,0,348),(353,3,2,0,1,0,348),(354,1,0,0,1,0,349),(355,2,1,0,2,0,349),(356,2,1,0,1,0,350),(357,2,1,0,1,0,351),(358,3,0,1,0,0,351),(359,3,2,0,1,0,353),(360,2,0,0,1,0,354),(361,3,2,1,0,0,355),(362,1,4,0,1,0,358),(363,3,1,0,0,0,358),(364,2,0,0,0,1,359),(365,2,0,0,1,0,360),(366,3,1,0,0,0,362),(367,2,1,0,0,0,363),(368,2,1,0,1,0,365),(369,3,1,0,0,0,365),(370,2,0,0,1,0,366),(371,2,0,0,1,0,369),(372,3,0,1,0,0,369),(373,3,0,0,2,0,370),(374,3,1,0,1,0,371),(375,2,2,0,0,0,372),(376,2,2,0,1,0,373),(377,3,1,0,0,0,373),(378,2,5,0,0,0,374),(379,3,0,0,0,1,374),(380,3,1,0,0,0,376),(381,2,3,0,2,0,377),(382,1,0,1,0,0,378),(383,2,0,0,2,0,378),(384,2,2,0,2,0,379),(385,2,1,0,1,0,381),(386,3,1,0,1,0,381),(387,2,0,1,1,0,383),(388,2,0,0,2,0,384),(389,2,1,0,0,0,385),(390,2,2,0,2,0,386),(391,2,1,0,0,0,388),(392,3,0,1,0,1,388),(393,2,0,0,1,0,390),(394,3,0,0,0,1,390),(395,2,1,1,2,0,391),(396,2,1,0,1,0,392),(397,3,0,0,0,1,392),(398,2,1,0,0,0,393),(399,3,1,0,1,0,393),(400,2,0,0,1,0,394),(401,2,1,0,1,0,395),(402,2,2,0,2,3,397),(403,3,0,2,0,0,397),(404,2,1,0,1,0,398),(405,3,0,0,0,2,400),(406,2,0,0,1,0,401),(407,3,1,0,1,0,401),(408,2,1,1,0,0,402),(409,3,0,0,0,1,402),(410,2,2,0,1,1,403),(411,2,1,0,0,0,404),(412,2,2,0,0,0,405),(413,3,0,0,0,1,405),(414,2,1,0,2,0,406),(415,2,0,0,2,0,408),(416,3,0,1,0,0,408),(417,2,1,0,1,0,410),(418,2,0,0,1,0,412),(419,2,1,0,0,0,413),(420,2,1,0,1,0,414),(421,2,2,0,0,0,415),(422,2,2,0,0,0,416),(423,2,0,0,1,0,417),(424,3,0,1,0,0,417),(425,2,2,0,2,0,418),(426,2,1,0,0,1,419),(427,2,2,0,0,0,421),(428,2,0,0,0,1,422),(429,3,1,0,0,0,422),(430,2,0,0,1,0,423),(431,2,3,1,1,1,424),(432,3,0,0,0,1,424),(433,2,1,0,2,0,425),(434,3,0,0,1,0,425),(435,2,1,0,1,0,426),(436,3,1,0,0,0,428),(437,2,1,0,1,0,430),(438,3,0,0,0,1,431),(439,2,0,0,1,0,432),(440,2,1,1,1,0,433),(441,2,1,0,0,0,437),(442,2,0,0,1,0,438),(443,2,3,0,1,0,439),(444,2,0,0,1,0,440),(445,2,1,0,0,0,441),(446,2,0,0,1,0,442),(447,2,0,0,0,1,445),(448,2,0,0,1,0,447),(449,2,0,0,2,0,448),(450,2,2,0,1,0,451),(451,2,1,0,2,0,452),(452,3,0,0,0,1,452),(453,2,1,0,0,0,453),(454,2,2,0,0,0,454),(455,2,1,0,1,0,455),(456,2,0,0,3,0,456),(457,3,0,1,0,0,456),(458,2,1,0,1,0,459),(459,2,1,0,0,1,461),(460,2,0,0,1,0,462),(461,2,2,0,0,0,463),(462,2,1,0,0,1,464),(463,2,1,0,1,0,465),(464,2,1,0,1,0,466),(465,2,0,0,1,0,467),(466,2,0,1,1,0,468),(467,2,1,0,0,0,469),(468,3,0,2,0,0,469),(469,2,0,0,2,0,470),(470,3,0,0,1,0,470),(471,2,2,0,0,1,471),(472,3,0,0,0,2,471),(473,2,0,1,0,1,473),(474,2,0,1,0,0,475),(475,3,0,1,0,0,475),(476,3,0,2,0,0,476),(477,2,1,0,1,0,477),(478,2,2,0,0,0,478),(479,3,1,0,0,0,478),(480,2,2,0,0,0,479),(481,2,0,0,1,0,480),(482,3,0,1,0,0,482),(483,2,0,0,1,0,483),(484,2,1,0,0,1,484),(485,3,1,1,0,0,484),(486,3,0,1,0,0,485),(487,1,1,0,1,0,486),(488,2,1,0,1,2,487),(489,3,0,0,0,1,487),(490,2,0,0,1,1,488),(491,2,1,0,0,0,491),(492,3,0,0,0,1,491),(493,2,1,0,1,0,492),(494,3,0,0,0,1,493),(495,2,1,2,0,0,494),(496,2,0,0,1,0,495),(497,2,1,1,0,1,496),(498,3,0,0,0,1,496),(499,2,0,1,0,1,497),(500,3,1,0,0,0,497),(501,3,1,0,1,0,498),(502,2,2,0,6,0,499),(503,3,0,1,0,1,499),(504,2,1,0,1,0,501),(505,2,0,0,2,0,502),(506,3,0,2,0,0,503),(507,2,0,0,2,0,504),(508,2,2,0,2,0,505),(509,3,0,1,0,0,505),(576,3,0,1,0,0,563),(575,2,2,0,0,0,563),(512,2,1,0,2,0,507),(513,3,0,0,1,0,510),(514,2,1,0,1,0,511),(515,2,0,0,1,0,512),(516,2,0,0,1,0,513),(518,2,1,0,1,0,515),(519,2,1,0,1,0,516),(520,2,0,0,2,0,517),(521,3,0,0,1,0,517),(522,1,2,1,0,0,518),(523,2,2,0,0,0,519),(524,3,1,0,0,0,519),(525,2,1,0,0,0,520),(526,3,0,0,1,0,520),(527,3,2,0,1,0,521),(528,3,0,0,0,1,521),(529,2,0,0,1,0,522),(530,2,0,0,1,0,524),(531,2,1,0,0,0,525),(532,3,1,0,0,0,525),(533,2,0,0,1,0,527),(534,2,1,0,1,0,528),(535,2,0,0,2,0,530),(536,3,1,0,0,0,530),(537,2,0,0,1,0,531),(538,3,0,0,1,0,532),(539,2,1,0,2,0,533),(540,1,0,0,0,1,534),(541,2,1,0,1,0,534),(542,3,1,0,0,0,534),(543,2,1,0,0,0,536),(546,2,0,0,1,0,538),(547,3,0,0,1,0,538),(548,2,1,0,1,0,539),(549,2,1,0,2,0,541),(550,3,0,1,0,0,542),(551,2,1,0,0,0,543),(552,2,2,0,0,0,544),(553,2,3,0,2,0,545),(554,3,1,0,1,0,545),(555,2,1,0,0,0,546),(556,2,2,0,1,0,547),(557,3,0,1,0,0,548),(558,3,1,0,0,0,549),(559,2,0,0,1,0,552),(560,3,1,0,0,0,552),(561,2,2,0,0,0,553),(562,2,0,0,1,0,554),(563,1,0,0,1,0,555),(564,2,0,0,0,2,556),(565,3,0,0,0,1,556),(566,2,0,0,2,0,557),(567,2,2,0,1,0,558),(568,3,1,0,0,0,558),(569,3,2,0,0,0,559),(570,2,1,0,1,0,560),(571,2,2,0,0,0,561),(572,3,0,0,1,0,561),(573,2,0,0,2,0,562),(574,3,1,0,0,0,564),(577,2,1,0,1,0,566),(578,2,1,0,0,0,567),(579,2,0,0,0,1,568),(580,3,2,0,2,0,568),(581,2,1,0,1,0,570),(582,2,1,0,1,0,571),(583,3,1,0,1,0,571),(584,2,1,0,1,0,572),(585,3,0,0,1,0,572),(586,2,0,0,1,0,573),(587,2,1,0,0,0,574),(588,3,1,0,0,0,574),(589,2,1,0,1,0,575),(590,2,0,0,1,0,576),(591,3,0,0,0,1,576),(592,2,0,0,2,0,577),(593,2,0,0,1,0,579),(594,3,1,0,0,0,579),(595,2,2,0,0,1,580),(596,2,0,0,2,0,582),(597,3,1,0,0,0,582),(598,2,5,0,4,0,583),(599,3,1,0,1,0,583),(600,2,1,0,1,0,584),(601,2,1,0,2,0,585),(602,3,0,0,1,0,586),(603,2,0,0,1,0,587),(604,2,1,0,1,0,588),(605,3,0,0,1,0,588),(606,2,0,0,2,0,589),(607,2,2,0,0,0,590),(608,2,2,0,0,0,591),(609,2,1,0,1,0,592),(610,3,1,0,0,0,592),(611,2,0,0,1,0,593),(612,1,0,0,0,1,594),(613,2,0,0,1,0,594),(614,2,1,0,0,1,595),(615,2,2,0,0,0,596),(616,3,1,0,0,0,597),(617,2,1,0,0,0,598),(618,3,1,0,0,0,599),(619,2,1,0,2,0,600),(620,3,0,0,0,1,600),(621,2,1,0,2,0,601),(622,3,0,0,1,0,601),(623,2,1,0,0,0,602),(624,2,2,0,1,0,603),(625,2,0,0,2,0,604),(626,2,1,0,2,0,605),(627,2,2,0,1,0,606),(628,3,0,0,2,0,606),(629,2,1,0,1,1,607),(630,2,1,0,0,0,608),(631,2,1,0,1,0,609),(632,2,1,0,1,0,610),(633,3,0,0,0,3,610),(634,2,2,0,2,0,611),(635,3,1,0,0,0,611),(636,2,3,0,1,0,612),(637,3,1,0,1,0,612),(638,2,1,0,0,1,613),(639,3,0,0,0,1,613),(640,2,2,0,1,0,614),(641,2,0,0,2,0,615),(642,3,0,0,0,1,615),(643,1,0,0,0,1,617),(644,2,2,0,0,1,617),(645,2,0,0,4,0,618),(646,2,2,0,1,0,620),(647,2,3,3,0,0,621),(648,2,2,0,0,0,622),(649,2,1,0,1,0,623),(650,2,1,0,0,0,624),(656,3,1,0,0,0,627),(655,2,2,0,1,0,627),(653,2,1,0,0,0,626),(654,3,2,0,0,0,626),(657,2,2,0,0,1,628),(658,2,0,0,2,0,629),(659,3,0,0,1,0,630),(660,2,0,0,1,0,631),(661,1,1,0,1,0,632),(662,2,2,0,1,0,633),(663,2,1,0,1,0,636),(664,2,1,0,0,0,637),(665,2,1,0,3,0,638),(666,3,0,0,1,0,638),(667,2,1,0,0,0,639),(668,3,0,0,0,1,639),(669,2,0,1,1,0,640),(670,3,0,8,0,0,640),(671,2,0,0,3,0,641),(672,2,0,0,1,0,642),(673,3,0,0,1,0,642),(674,2,2,0,0,0,643);
/*!40000 ALTER TABLE `calidad_vida_accesoescuela` ENABLE KEYS */;
UNLOCK TABLES;

--
-- Table structure for table `calidad_vida_agua`
--

DROP TABLE IF EXISTS `calidad_vida_agua`;
/*!40101 SET @saved_cs_client     = @@character_set_client */;
/*!40101 SET character_set_client = utf8 */;
CREATE TABLE `calidad_vida_agua` (
  `id` int(11) NOT NULL AUTO_INCREMENT,
  `sistema_id` int(11) NOT NULL,
  `calidad` int(11) NOT NULL,
  `clorada` int(11) NOT NULL,
  `tiene` int(11) NOT NULL,
  `tiempo` int(11) NOT NULL,
  `techo` int(11) NOT NULL,
  `piso` int(11) NOT NULL,
  `paredes` int(11) NOT NULL,
  `servicio` int(11) NOT NULL,
  `cuartos` int(11) NOT NULL,
  `estado` int(11) NOT NULL,
  `encuesta_id` int(11) NOT NULL,
  PRIMARY KEY (`id`),
  KEY `calidad_vida_agua_59eb0d17` (`sistema_id`),
  KEY `calidad_vida_agua_1de70ac4` (`encuesta_id`)
) ENGINE=MyISAM AUTO_INCREMENT=645 DEFAULT CHARSET=latin1;
/*!40101 SET character_set_client = @saved_cs_client */;

--
-- Dumping data for table `calidad_vida_agua`
--

LOCK TABLES `calidad_vida_agua` WRITE;
/*!40000 ALTER TABLE `calidad_vida_agua` DISABLE KEYS */;
INSERT INTO `calidad_vida_agua` VALUES (1,7,2,2,1,1,1,2,2,2,1,2,1),(2,1,2,2,1,1,1,2,2,2,3,1,3),(3,2,1,1,1,3,1,1,2,2,2,1,5),(4,5,2,1,1,1,1,2,1,3,4,1,4),(5,4,2,1,2,1,1,2,1,2,3,2,2),(6,2,1,2,2,1,1,2,2,2,2,3,6),(7,1,2,2,1,1,1,3,2,2,3,1,7),(8,7,2,1,2,1,2,2,1,3,2,2,8),(9,6,2,1,1,1,1,3,2,2,2,2,10),(10,2,2,2,1,1,1,2,2,2,3,1,9),(11,5,2,1,2,1,2,2,1,2,5,2,11),(12,2,2,2,1,1,1,2,2,2,3,2,12),(13,1,1,1,1,1,1,3,2,2,2,3,13),(14,4,2,3,1,1,1,3,2,2,2,1,14),(15,6,2,1,1,2,2,3,1,2,1,2,15),(16,3,2,1,1,1,2,3,1,2,1,2,16),(17,6,2,1,1,1,2,3,2,2,1,2,17),(18,1,1,2,1,1,1,1,2,2,2,2,18),(19,3,1,1,1,1,2,3,1,2,1,2,19),(20,3,2,1,1,1,2,3,1,2,1,2,20),(21,1,1,1,3,1,1,3,2,2,3,2,21),(22,3,2,2,1,1,2,1,1,2,1,2,22),(23,6,2,2,1,2,1,3,2,2,3,2,23),(24,6,2,2,1,1,1,3,2,2,3,2,24),(25,3,2,1,2,2,2,3,1,3,1,1,25),(26,3,2,1,1,2,1,1,1,3,2,1,26),(27,1,2,2,1,1,1,2,2,2,3,2,27),(28,2,2,2,1,3,1,3,2,2,4,1,28),(29,2,2,3,1,2,2,3,1,2,1,2,29),(30,6,2,1,1,2,2,3,1,2,1,2,30),(31,4,2,2,1,2,1,1,1,2,2,1,31),(32,4,2,2,1,3,2,2,1,1,1,1,32),(33,4,2,1,1,1,2,2,1,2,1,1,33),(34,3,2,2,1,1,1,2,1,2,1,2,34),(35,7,1,3,1,1,3,3,2,3,1,3,35),(36,1,1,3,1,3,1,1,2,2,3,2,37),(37,3,1,3,1,1,1,2,1,2,1,1,36),(38,1,2,2,2,1,1,3,2,2,1,3,38),(39,4,2,2,1,1,1,1,1,2,0,1,39),(40,6,1,1,1,1,1,3,1,3,2,1,40),(41,1,2,2,1,3,1,3,3,2,1,2,41),(42,1,2,2,1,1,1,1,2,2,2,2,42),(43,3,2,1,1,1,2,1,1,2,1,1,43),(44,6,2,2,1,1,1,3,2,2,2,3,44),(45,6,1,1,1,1,2,2,2,2,3,2,45),(46,1,1,3,1,3,2,1,1,2,4,1,46),(47,3,2,2,1,1,2,3,1,2,1,2,47),(48,2,2,2,1,1,3,2,2,2,2,3,48),(49,1,1,3,1,3,1,3,2,2,3,1,49),(50,2,1,3,1,3,2,2,1,2,1,2,50),(51,2,2,2,1,3,1,2,2,2,2,3,51),(52,1,2,2,1,3,1,3,2,2,4,2,52),(53,1,2,2,1,3,1,1,2,2,3,1,53),(54,1,2,2,1,3,1,3,2,2,4,2,54),(55,2,2,1,2,3,2,1,1,2,2,1,55),(56,2,2,2,1,1,1,2,2,2,3,3,56),(57,1,2,2,1,3,1,2,3,2,3,2,57),(58,5,2,1,1,1,2,2,1,2,1,2,58),(59,2,1,3,1,2,2,2,1,2,1,2,59),(60,2,2,2,1,1,1,2,2,2,3,2,60),(61,4,1,1,1,2,1,2,2,2,2,2,61),(62,5,2,2,1,1,2,2,1,2,0,3,62),(63,6,2,2,1,1,1,2,2,2,1,2,63),(64,5,2,1,1,1,2,1,1,2,5,2,64),(65,1,2,2,1,1,1,1,2,2,2,1,65),(66,7,1,3,1,3,1,1,2,2,2,1,66),(67,5,2,1,1,1,2,1,1,2,3,1,67),(68,1,1,3,1,1,1,3,2,3,2,1,68),(69,3,2,2,1,1,1,2,2,2,2,2,69),(70,6,2,2,1,1,1,2,2,2,2,3,70),(71,2,2,2,1,1,1,2,2,3,2,2,71),(72,1,2,2,1,1,1,2,2,3,2,2,72),(73,1,2,2,1,1,1,3,2,2,3,1,73),(74,2,2,2,1,1,1,3,2,2,2,2,74),(75,1,2,2,1,3,1,3,2,3,2,3,75),(76,2,2,2,1,3,1,2,2,2,2,2,76),(77,2,2,2,1,3,1,2,2,2,2,2,77),(78,4,2,1,1,1,1,1,2,2,2,1,78),(79,1,1,3,1,3,1,1,1,1,4,2,79),(80,4,2,1,1,1,2,1,1,2,2,1,80),(81,3,2,1,1,3,1,3,2,2,3,2,81),(82,2,1,3,1,2,2,3,1,2,2,2,82),(83,2,1,3,1,2,2,3,1,2,2,2,83),(84,1,1,3,1,1,1,3,2,2,1,3,84),(85,4,2,2,1,1,1,1,2,2,2,1,85),(86,4,2,1,1,2,2,1,1,2,3,1,86),(87,4,2,1,1,2,2,1,1,3,2,1,87),(88,1,1,3,1,1,2,3,1,2,2,3,88),(89,1,2,2,1,2,1,2,2,2,4,2,89),(90,4,2,1,1,2,2,3,1,2,2,1,90),(91,6,2,2,1,1,1,2,2,2,3,2,91),(92,2,2,1,1,1,1,3,2,2,2,2,92),(93,4,2,2,1,2,2,2,1,2,2,1,93),(94,3,2,1,1,1,2,1,1,3,1,1,94),(95,1,1,3,1,2,2,3,1,2,3,1,95),(96,6,2,2,2,1,2,1,1,2,1,1,96),(97,4,2,1,1,1,1,1,2,2,3,2,97),(98,2,2,1,1,2,2,3,1,2,2,2,98),(99,2,2,1,1,2,1,3,1,2,2,1,99),(100,6,2,2,2,1,1,3,2,2,1,3,100),(101,1,2,2,1,1,1,3,3,3,2,2,101),(102,6,2,1,1,1,2,3,1,2,3,1,102),(103,4,2,1,1,2,2,3,1,2,2,1,103),(104,1,2,2,1,3,1,3,2,2,1,1,104),(105,2,2,1,1,2,2,1,1,2,3,1,105),(106,1,2,2,1,3,1,3,2,2,2,1,106),(107,1,1,3,1,2,2,1,1,3,1,1,107),(108,1,2,2,1,3,1,3,2,2,2,1,108),(109,2,1,3,1,2,2,1,1,2,3,1,109),(110,2,1,3,1,2,2,3,2,2,1,1,110),(111,4,2,1,1,2,2,3,1,2,1,1,111),(112,1,2,2,1,3,1,3,2,2,2,1,112),(113,1,2,2,1,3,1,2,2,2,2,1,113),(114,2,1,3,1,2,1,1,1,2,2,1,114),(115,4,2,2,1,2,1,3,2,2,2,1,115),(116,2,1,3,1,2,2,1,1,2,1,1,116),(117,1,1,3,1,2,2,3,3,2,1,3,117),(118,2,1,1,1,3,1,2,2,2,2,3,118),(119,1,2,1,1,3,1,2,2,2,3,1,119),(120,6,2,2,1,1,1,1,2,2,2,1,120),(121,1,2,2,1,3,1,3,3,2,3,3,121),(122,1,2,2,1,1,1,3,2,2,2,1,122),(123,1,2,2,3,3,1,3,2,2,3,2,123),(124,1,2,2,1,1,1,1,2,2,2,2,124),(125,1,2,2,1,3,1,3,2,3,2,3,125),(126,2,2,2,1,3,1,1,2,2,4,2,126),(127,6,2,2,1,1,1,3,2,2,3,2,127),(128,2,2,2,1,3,1,2,2,2,2,2,128),(129,2,2,2,1,1,1,2,2,2,2,2,129),(130,1,2,2,1,1,1,3,2,2,1,2,130),(131,1,2,2,1,1,1,2,2,2,2,2,131),(132,2,2,1,1,1,1,1,2,2,3,2,132),(133,2,2,2,1,1,1,2,2,3,2,2,133),(134,2,2,2,1,1,1,2,2,2,2,2,134),(135,6,2,2,2,1,1,3,2,3,2,2,135),(136,6,2,1,1,3,1,3,2,2,3,1,136),(137,1,2,2,1,3,1,3,2,2,4,2,137),(138,1,2,1,1,3,1,1,2,2,3,2,138),(139,2,2,1,1,3,1,3,2,2,2,2,139),(140,6,2,1,1,1,1,3,2,2,3,3,140),(141,4,2,2,1,1,1,3,2,2,2,3,141),(142,1,2,2,1,3,1,3,2,2,3,1,142),(143,4,2,1,1,2,1,1,1,2,2,1,143),(144,1,2,2,1,3,1,3,2,2,2,1,144),(145,2,2,1,1,3,2,2,1,2,1,1,145),(146,1,2,2,1,3,1,3,2,2,2,1,146),(147,6,2,1,1,1,2,2,1,2,1,3,147),(148,4,2,1,2,1,2,1,1,2,3,1,148),(149,1,2,2,1,3,1,1,2,2,6,1,149),(150,4,2,1,1,1,2,1,1,1,1,1,150),(151,1,2,2,1,1,1,3,2,2,3,1,151),(152,2,2,2,1,1,1,3,2,2,2,3,152),(153,4,2,2,1,1,1,3,2,2,2,2,153),(154,1,2,2,1,3,1,2,2,2,2,2,154),(155,7,1,3,1,3,1,2,2,2,3,2,155),(156,6,2,2,2,2,1,3,2,3,3,1,156),(157,2,2,2,1,3,1,2,2,2,4,3,157),(158,6,2,2,1,1,1,2,2,2,2,1,158),(159,2,2,2,1,3,1,3,2,2,3,2,159),(160,4,2,2,1,1,1,2,2,3,2,2,160),(161,4,2,2,1,1,1,2,2,2,1,2,161),(162,6,2,2,2,2,1,3,2,2,1,2,162),(163,6,2,1,1,1,2,3,1,2,2,2,163),(164,6,2,1,2,1,1,3,1,2,2,2,164),(165,6,2,1,1,1,2,2,1,2,1,2,165),(166,2,1,3,1,1,1,1,1,2,3,1,166),(167,4,2,1,1,1,2,1,1,2,6,1,167),(168,4,2,2,1,1,1,2,2,2,2,2,168),(169,1,1,3,1,3,1,3,2,2,2,3,169),(170,1,2,2,2,3,1,3,2,3,3,2,170),(171,2,2,2,1,3,1,2,2,2,2,2,171),(172,1,2,1,1,3,1,3,2,2,2,3,172),(173,2,2,2,1,1,1,2,2,3,3,2,173),(174,1,1,3,1,3,1,3,2,2,2,2,174),(175,3,2,2,1,1,1,3,2,2,2,2,175),(176,1,1,2,2,3,1,2,2,2,2,3,176),(177,4,2,2,2,1,1,1,2,3,0,2,177),(178,2,2,2,2,1,1,3,2,2,3,2,178),(179,7,1,3,1,3,1,3,2,2,3,2,179),(180,1,2,1,1,3,1,2,2,1,2,1,180),(181,3,2,2,1,1,1,2,2,2,2,2,181),(182,2,2,2,1,3,1,3,2,2,3,1,182),(183,4,2,1,1,1,2,1,1,2,4,1,183),(184,4,2,1,1,1,2,2,1,3,1,1,184),(185,5,2,2,1,1,2,3,1,3,3,1,185),(186,6,1,3,1,2,1,1,1,2,7,1,186),(187,6,2,2,2,1,2,3,2,2,2,1,187),(188,2,2,1,2,1,1,1,1,2,2,2,188),(189,6,2,1,1,1,1,3,1,2,2,2,189),(190,1,2,2,1,3,1,2,2,2,3,1,190),(191,1,2,2,1,3,1,2,2,2,5,1,191),(192,5,2,1,2,1,2,3,1,2,1,2,192),(193,5,2,2,2,3,1,3,2,2,1,2,193),(194,6,2,2,1,3,1,3,2,2,3,3,194),(195,6,2,1,1,1,2,3,1,2,2,2,195),(196,6,2,2,1,3,2,3,2,2,2,1,196),(197,4,2,1,2,2,1,1,1,2,2,1,197),(198,6,2,2,1,2,1,3,2,3,1,1,198),(199,4,2,2,2,2,1,3,2,1,3,1,199),(200,1,2,2,1,3,1,3,1,2,1,1,200),(201,1,2,2,2,3,1,3,2,2,2,1,201),(202,4,2,2,1,2,1,3,2,2,2,1,202),(203,6,2,2,1,2,1,3,2,2,1,1,203),(204,5,2,1,1,2,1,3,2,2,2,3,204),(205,2,2,1,1,2,1,3,2,2,2,2,205),(206,1,1,1,1,3,1,1,1,2,2,1,206),(207,1,2,2,1,3,1,2,2,1,10,1,207),(208,2,2,2,2,1,1,1,1,2,4,1,208),(209,3,2,2,2,3,1,2,2,2,3,2,209),(210,4,2,2,2,2,1,3,2,2,1,1,210),(211,1,2,2,1,3,1,3,2,2,1,2,211),(212,4,2,2,2,2,1,3,2,2,1,2,212),(213,4,2,2,1,2,1,3,2,3,2,1,213),(214,4,2,1,1,2,1,1,1,2,2,1,214),(215,4,2,2,1,2,1,2,1,2,4,1,215),(216,1,1,1,1,2,2,1,1,3,2,1,216),(217,5,2,2,1,2,1,3,3,2,1,3,217),(218,5,2,1,1,1,2,1,1,2,3,2,218),(219,4,2,1,1,2,2,2,1,2,3,2,219),(220,6,2,2,2,3,1,3,1,2,2,1,220),(221,4,2,1,1,2,2,1,1,2,0,2,221),(222,3,2,2,1,1,1,2,2,3,2,2,222),(223,4,2,1,1,2,2,3,1,2,3,1,223),(224,3,2,2,1,1,1,3,2,3,1,2,224),(225,5,2,1,1,1,2,1,1,2,4,1,225),(226,3,2,2,1,1,1,3,2,3,2,2,226),(227,2,2,2,1,1,2,1,1,2,1,2,227),(228,1,2,1,1,2,2,3,2,2,2,2,228),(229,4,2,1,1,1,1,2,2,2,2,2,229),(230,4,2,1,1,2,2,2,1,2,0,1,230),(231,6,2,2,1,2,1,3,2,3,1,1,231),(232,2,1,3,1,2,1,1,1,2,5,1,232),(233,4,2,1,1,1,2,1,1,2,2,1,233),(234,7,2,2,1,2,2,2,2,2,1,1,234),(235,5,2,2,1,1,2,2,1,2,3,2,235),(236,6,2,1,1,2,1,3,2,3,3,2,236),(237,6,2,1,1,1,1,1,1,3,1,1,237),(238,1,2,2,1,3,1,3,2,2,1,1,238),(239,2,1,3,1,2,2,1,1,2,4,1,239),(240,5,2,2,1,1,2,1,1,2,4,2,240),(241,7,2,2,1,1,1,2,2,2,3,1,241),(242,4,2,2,1,2,2,2,1,2,4,2,242),(243,5,2,2,1,1,2,2,1,2,1,1,243),(244,2,2,2,2,3,1,3,2,2,2,1,244),(245,5,2,2,1,2,1,1,1,2,1,1,245),(246,6,1,1,1,1,1,2,2,2,1,2,246),(247,2,1,3,2,1,2,2,1,2,4,1,247),(248,5,2,1,1,1,1,1,1,2,2,1,248),(249,6,2,2,2,2,1,3,2,2,1,1,249),(250,3,2,2,1,1,1,2,2,2,0,2,250),(251,4,2,1,1,2,1,1,1,2,1,1,251),(252,2,3,1,1,2,2,1,1,2,3,1,252),(253,4,2,1,1,2,2,1,1,2,2,1,253),(254,4,2,2,1,1,3,3,2,2,1,3,254),(255,6,2,2,2,1,1,2,2,2,2,3,256),(256,1,1,3,1,2,1,1,1,2,0,1,257),(257,5,3,1,1,1,2,1,1,2,0,1,258),(258,1,2,2,2,3,1,3,2,2,2,1,259),(259,4,2,1,2,2,2,3,3,2,2,3,255),(260,2,1,3,2,2,2,3,1,2,2,2,260),(261,3,2,2,1,1,1,3,2,3,3,2,261),(262,2,1,3,1,2,2,1,1,2,4,1,262),(263,5,2,2,1,1,1,1,1,2,2,1,263),(264,5,2,2,1,2,1,3,2,2,3,2,264),(265,5,2,2,1,1,1,2,2,2,1,2,265),(266,3,2,1,1,1,2,3,1,2,2,3,266),(267,5,2,1,1,1,1,1,1,2,4,1,267),(268,1,2,2,1,3,1,3,2,2,2,1,268),(269,4,2,2,1,3,1,3,1,2,2,2,269),(270,6,2,1,2,1,2,3,3,2,1,3,270),(271,2,2,2,1,3,1,3,2,2,3,1,271),(272,5,2,2,1,2,1,1,1,2,1,1,272),(273,5,2,1,1,1,1,3,3,3,0,3,273),(274,3,1,1,2,1,2,3,1,2,1,3,274),(275,5,2,2,1,2,1,3,1,2,4,1,275),(276,1,2,1,1,3,1,1,1,2,2,1,276),(277,5,2,2,2,1,2,3,1,2,1,1,277),(278,6,2,2,2,1,3,2,2,3,1,3,278),(279,4,2,1,2,1,2,3,1,2,1,2,279),(280,1,2,2,2,1,1,1,2,2,2,1,280),(281,5,2,1,1,1,2,3,3,3,0,3,281),(282,1,2,2,2,3,1,3,1,2,1,1,282),(283,4,2,2,1,1,3,3,2,3,1,3,283),(284,2,1,3,1,2,2,1,1,2,2,1,284),(285,4,2,2,2,3,1,3,2,2,2,2,285),(286,1,2,2,1,3,1,3,2,3,0,1,286),(287,2,1,3,1,1,2,1,1,2,2,1,287),(288,2,2,2,2,2,1,3,2,2,2,2,288),(289,2,1,3,1,2,2,1,1,2,3,2,289),(290,2,2,1,1,1,2,2,1,2,1,2,290),(291,6,2,2,1,3,1,1,2,1,3,1,291),(292,5,2,2,1,2,1,3,2,2,1,2,292),(293,1,1,3,1,2,2,1,1,2,4,1,293),(294,5,2,1,2,1,1,3,1,2,4,2,294),(295,3,1,2,1,1,1,1,1,2,1,1,295),(296,5,2,1,1,1,2,2,1,2,2,2,296),(297,6,2,2,1,2,1,3,2,2,2,2,297),(298,5,2,1,1,2,1,3,1,2,2,2,298),(299,7,2,2,1,1,1,2,2,2,1,2,299),(300,2,2,1,1,3,1,3,2,2,5,1,300),(301,6,2,2,1,2,1,1,2,2,5,2,301),(302,5,2,1,1,1,2,2,1,2,3,2,302),(303,7,1,3,1,1,1,3,2,2,3,1,303),(304,4,2,2,1,1,1,2,2,2,1,3,304),(305,1,2,1,2,3,1,3,2,2,2,2,305),(306,5,2,1,1,1,1,2,1,2,3,2,306),(307,4,2,1,1,1,1,1,2,2,3,1,307),(308,5,2,2,1,3,1,3,2,2,3,1,308),(309,5,2,1,1,2,2,2,1,2,4,2,309),(310,3,2,2,1,1,1,3,2,3,0,3,310),(311,1,2,2,1,3,1,3,2,2,2,1,311),(312,4,2,2,1,3,2,3,1,2,2,2,312),(313,1,2,2,1,3,1,3,1,2,2,1,313),(314,3,2,2,1,1,1,2,2,3,2,2,314),(315,4,2,2,1,3,1,2,2,2,2,2,315),(316,4,2,1,1,3,2,3,1,2,3,2,316),(317,4,2,2,1,2,1,3,2,2,2,3,317),(318,6,2,2,2,2,1,3,1,2,2,1,318),(319,3,2,2,1,1,1,2,2,3,2,2,319),(537,5,2,1,1,1,2,1,1,1,2,1,537),(321,5,2,2,1,3,2,3,1,2,3,2,321),(322,2,2,2,1,1,1,1,1,2,2,1,322),(323,4,2,1,1,1,1,1,1,3,3,1,323),(324,5,2,1,1,2,1,3,1,2,3,2,324),(325,6,2,1,1,3,1,3,2,2,1,1,325),(326,1,2,1,1,1,2,3,3,2,2,3,326),(327,5,2,1,1,1,2,1,2,1,1,2,327),(328,2,2,2,1,2,1,3,2,2,1,2,328),(329,4,2,2,1,2,1,3,2,2,1,2,329),(330,5,2,2,1,1,1,1,2,2,2,2,330),(331,1,2,2,1,1,1,3,1,2,2,1,331),(332,1,2,2,1,3,1,1,2,1,3,1,332),(333,6,2,2,1,3,1,3,3,2,3,3,333),(334,6,2,2,1,3,1,3,2,2,5,1,334),(335,6,2,2,1,2,1,1,2,2,3,1,335),(336,6,2,2,1,3,1,3,2,3,3,2,336),(337,4,2,2,1,1,1,1,1,2,3,1,337),(338,1,1,2,1,3,1,1,1,2,2,2,338),(339,5,2,2,2,2,1,3,3,2,4,3,339),(340,4,2,2,1,1,1,1,1,2,1,2,340),(341,3,2,2,1,2,1,1,1,2,1,1,341),(342,5,2,1,1,2,1,2,1,2,1,2,342),(343,3,2,2,1,1,3,3,3,2,0,3,343),(344,1,1,3,2,2,1,2,2,2,3,2,344),(345,5,2,2,2,2,1,3,2,3,2,2,345),(346,1,2,2,1,2,1,2,2,2,2,1,346),(347,1,1,3,1,2,1,1,1,2,3,1,347),(348,1,2,2,1,3,1,1,1,2,2,1,348),(349,4,2,1,1,1,1,3,1,2,3,1,349),(350,3,2,2,1,1,1,3,2,2,2,2,350),(351,5,2,2,1,2,2,2,1,2,1,2,351),(352,5,2,2,1,1,1,3,2,2,2,2,352),(353,2,2,1,2,1,1,3,2,2,4,2,353),(354,2,2,2,2,1,1,3,2,2,2,1,354),(355,2,2,2,2,3,1,3,2,2,3,2,355),(356,7,2,2,2,2,3,2,2,3,0,3,356),(357,4,2,2,2,2,1,3,2,3,0,2,357),(358,1,2,1,1,2,1,3,2,2,2,1,358),(359,5,2,1,1,1,1,1,1,2,0,2,359),(360,6,2,1,1,1,2,3,3,2,3,3,360),(361,5,1,1,1,1,2,3,1,3,1,2,361),(362,5,2,1,1,2,2,2,1,2,2,3,362),(363,4,2,1,1,2,1,2,1,2,2,2,363),(364,6,2,2,1,3,2,1,1,2,2,2,364),(365,4,2,2,1,2,2,2,1,2,1,2,365),(366,6,2,1,1,2,1,2,1,3,1,2,366),(367,6,2,1,1,2,2,2,1,2,1,3,367),(368,5,2,1,1,2,1,2,1,2,2,1,368),(369,5,2,1,1,1,2,3,1,2,3,2,369),(370,5,2,1,1,2,2,1,1,2,2,2,370),(371,5,2,2,1,2,2,1,1,2,1,2,371),(372,5,2,2,2,2,1,2,1,2,3,1,372),(373,5,2,2,1,2,1,3,2,2,2,1,373),(374,3,2,2,1,1,1,3,1,2,3,2,374),(375,5,2,2,1,2,1,3,2,2,1,2,375),(376,6,2,1,1,3,1,3,1,2,3,2,376),(377,1,2,2,1,3,1,3,2,2,3,2,377),(378,6,2,2,1,3,1,3,2,2,2,1,378),(379,6,2,2,2,3,1,2,2,2,4,2,379),(380,2,2,2,1,3,1,2,2,2,3,3,380),(381,4,2,2,1,3,1,3,2,2,2,1,381),(382,2,2,3,1,1,1,1,1,2,4,2,382),(383,4,2,2,1,1,1,2,2,2,1,2,383),(384,1,2,2,1,3,1,3,2,2,3,1,384),(385,1,2,2,1,3,1,3,2,2,2,1,385),(386,1,2,2,1,3,1,3,2,2,2,1,386),(387,3,2,1,1,2,2,2,1,2,2,2,387),(388,3,2,2,1,3,1,1,1,2,3,2,388),(389,5,2,2,1,1,2,3,1,2,1,3,389),(390,5,2,2,1,2,2,3,1,2,2,2,390),(391,6,2,1,1,1,1,3,2,2,4,1,391),(392,5,2,2,1,2,2,3,3,1,1,2,392),(393,5,1,1,1,3,2,1,1,2,5,1,393),(394,3,1,2,1,2,2,3,1,2,0,2,394),(395,6,2,2,1,2,1,3,2,2,6,1,395),(396,1,2,2,1,3,1,3,2,2,1,2,396),(397,4,2,2,1,2,1,3,2,2,3,1,397),(398,1,2,2,2,1,1,3,2,3,2,1,398),(399,4,2,2,2,1,1,1,1,2,2,1,399),(400,4,2,2,1,1,1,2,2,2,0,2,400),(401,6,2,2,2,3,1,1,2,2,2,1,401),(402,3,2,2,2,2,1,2,2,2,1,3,402),(403,6,2,2,2,1,1,3,2,2,2,2,403),(404,5,2,1,1,3,2,3,1,2,2,1,404),(405,5,2,1,2,3,2,3,1,1,1,2,405),(406,5,1,3,1,1,2,3,1,2,1,3,406),(407,5,2,2,2,3,2,3,3,2,2,3,407),(408,4,2,2,1,1,1,3,1,2,1,2,408),(409,5,1,1,1,2,2,3,3,2,1,3,409),(410,5,2,1,1,3,2,2,1,2,1,1,410),(411,4,2,2,1,2,1,3,2,2,2,2,411),(412,6,2,1,1,2,3,3,3,3,1,3,412),(413,5,2,1,2,3,2,3,1,2,2,2,413),(414,5,1,1,1,1,2,3,1,3,1,3,414),(415,6,2,2,1,2,1,2,1,2,2,2,415),(416,5,2,1,1,1,2,1,1,2,3,2,416),(417,6,2,2,1,3,1,2,1,2,3,1,417),(418,4,2,2,2,3,1,3,2,2,2,2,418),(419,5,3,2,1,2,2,2,1,2,3,2,419),(420,6,2,2,1,3,1,3,1,2,2,2,420),(421,5,1,3,1,2,2,3,1,2,2,2,421),(422,5,2,1,1,2,2,1,1,2,3,1,422),(423,3,1,1,1,1,1,2,2,2,2,2,423),(424,5,2,1,1,2,2,2,1,2,2,2,424),(425,5,1,3,1,1,1,1,3,2,2,2,425),(426,5,2,1,1,2,2,2,1,2,1,3,426),(427,5,2,2,1,2,1,3,2,3,2,2,427),(428,5,2,2,1,1,2,2,1,2,2,2,428),(429,5,1,3,1,2,3,1,1,2,4,2,429),(430,1,2,1,2,1,1,2,1,2,4,1,430),(431,5,2,1,1,1,2,1,1,2,2,1,431),(432,4,1,3,1,1,2,1,1,2,3,2,432),(433,5,2,2,1,2,1,2,1,2,4,1,433),(434,4,2,2,1,3,1,2,2,2,0,1,434),(435,5,2,1,1,2,1,1,1,2,3,1,435),(436,5,1,1,1,2,2,3,1,2,4,1,436),(437,5,1,1,1,3,3,3,3,3,1,3,437),(438,2,2,2,1,1,1,2,2,2,2,1,438),(439,2,1,3,1,3,1,2,1,3,3,2,439),(440,2,2,2,1,1,1,2,2,2,2,1,440),(441,2,1,1,1,3,1,2,2,2,3,2,441),(442,5,2,1,1,1,2,1,1,2,3,2,442),(443,5,2,1,1,2,2,2,1,2,1,2,443),(444,5,1,1,1,2,2,3,1,2,2,1,444),(445,2,1,3,2,1,2,1,2,1,1,2,445),(446,6,2,1,1,1,1,1,3,2,2,2,446),(447,4,1,3,1,1,1,3,1,2,1,1,447),(448,4,2,1,1,1,2,3,1,2,3,2,448),(449,5,1,3,1,1,2,2,1,2,2,1,449),(450,6,2,1,1,3,1,3,1,2,3,3,450),(451,5,2,1,1,1,1,2,1,2,2,2,451),(452,6,2,2,1,1,2,3,1,2,3,3,452),(453,5,2,1,1,1,1,2,1,2,1,2,453),(454,5,2,2,1,1,3,3,1,2,2,2,454),(455,6,2,2,1,3,2,3,3,2,4,2,455),(456,7,1,3,1,1,1,2,1,2,2,1,456),(457,5,2,1,1,2,2,3,1,2,5,2,457),(458,6,2,2,1,1,1,3,1,2,5,2,458),(459,5,2,1,1,1,1,1,1,2,3,1,459),(460,6,2,2,1,3,1,2,1,2,1,1,460),(461,5,2,1,1,1,2,1,1,2,3,2,461),(462,4,2,1,2,2,3,3,1,2,2,3,462),(463,4,2,1,1,2,2,3,1,2,1,1,463),(464,2,2,1,2,1,2,3,1,2,2,3,464),(465,2,2,1,2,1,2,3,1,2,1,2,465),(466,5,1,1,1,2,2,2,3,2,1,2,466),(467,1,1,3,2,2,2,3,1,2,1,2,467),(468,5,2,1,1,2,2,2,1,2,1,1,468),(469,4,1,1,1,1,2,2,3,2,2,2,469),(470,2,1,1,1,1,2,3,1,2,2,3,470),(471,5,2,2,1,2,2,2,3,2,1,3,471),(472,1,2,2,1,3,2,3,1,2,3,3,472),(473,5,1,1,1,3,2,3,1,2,1,3,473),(474,5,2,1,1,1,2,3,1,3,2,2,474),(475,6,2,2,1,1,2,3,3,2,3,3,475),(476,3,2,1,2,1,2,3,1,2,1,2,476),(477,5,2,2,1,2,1,2,1,2,1,2,477),(478,2,2,1,2,1,2,3,1,2,3,1,478),(479,5,2,2,1,2,2,1,1,2,1,1,479),(480,2,2,1,2,1,2,3,1,2,1,2,480),(481,5,2,2,1,1,2,1,1,2,4,2,481),(482,5,2,1,1,1,1,1,1,2,1,1,482),(483,5,2,1,1,1,2,3,1,2,1,2,483),(484,5,1,3,2,1,1,2,1,3,2,2,484),(485,6,2,1,2,3,2,2,1,2,3,2,485),(486,6,2,1,1,1,1,3,1,3,3,1,486),(487,6,2,2,1,1,1,2,1,2,1,3,487),(488,5,1,3,2,1,2,1,1,2,3,3,488),(489,3,1,3,2,1,2,1,1,2,1,2,489),(490,5,1,3,2,1,2,2,1,2,2,2,490),(491,3,2,2,2,1,1,2,1,2,2,2,491),(492,6,2,1,1,1,3,3,3,3,1,3,492),(493,3,2,2,2,1,1,1,1,3,2,2,493),(494,5,2,1,2,1,1,1,2,2,1,1,494),(495,3,2,2,1,1,2,2,1,2,1,3,495),(496,3,2,2,2,1,1,1,1,2,3,2,496),(497,4,2,1,2,1,1,3,2,3,1,3,497),(498,5,2,1,2,1,2,3,1,2,1,3,498),(499,5,2,2,1,1,1,1,1,2,2,1,499),(500,1,1,3,1,3,2,1,1,2,4,2,500),(501,4,2,2,1,1,1,2,1,3,2,1,501),(502,6,2,1,1,1,2,3,1,2,2,2,502),(503,6,2,2,1,1,1,2,1,2,2,3,503),(504,5,2,1,1,2,1,1,1,2,1,3,504),(505,6,2,1,1,2,1,3,1,3,1,1,505),(566,6,2,1,2,2,2,1,2,1,1,1,566),(507,1,1,3,1,3,2,2,1,2,2,2,507),(565,2,1,3,1,1,1,1,1,2,2,2,565),(509,3,2,2,1,1,1,1,1,2,2,2,509),(510,5,2,1,1,1,2,3,1,2,1,1,510),(511,5,2,2,1,3,2,3,1,2,5,2,511),(512,2,1,3,2,1,2,1,1,2,3,2,512),(513,2,1,3,2,1,2,3,1,2,2,2,513),(515,2,2,1,2,1,2,1,1,2,4,1,515),(516,4,2,1,1,3,1,1,1,2,2,3,516),(517,3,2,1,1,1,3,1,1,2,2,2,517),(518,3,1,2,1,1,1,2,3,2,2,2,518),(519,4,2,1,1,1,1,1,1,2,3,2,519),(520,5,2,1,1,1,1,2,1,2,2,2,520),(521,1,2,2,2,2,2,2,1,2,3,2,521),(522,5,2,1,2,1,2,3,1,3,3,3,522),(523,4,2,2,1,3,1,2,1,2,1,3,523),(524,4,2,2,2,1,1,2,2,2,2,2,524),(525,5,2,2,1,1,2,3,1,2,0,2,525),(526,5,2,2,1,2,2,3,1,2,1,3,526),(527,2,2,2,2,1,2,3,1,2,2,2,527),(528,5,2,1,2,1,2,3,1,2,2,2,528),(529,5,2,1,1,1,1,1,1,2,2,2,529),(530,7,1,3,2,2,1,2,1,2,1,2,530),(531,4,2,1,1,1,2,2,1,2,3,3,531),(532,5,2,2,1,1,1,2,1,2,1,2,532),(533,6,2,2,1,1,1,2,1,2,2,2,533),(534,5,2,1,2,1,2,3,1,2,3,1,534),(564,4,2,2,1,1,1,2,2,2,1,2,563),(536,3,2,1,2,1,1,3,1,3,1,2,536),(538,3,2,1,2,1,2,1,1,1,0,3,538),(539,5,2,1,1,1,1,2,1,2,3,3,539),(540,5,2,1,1,1,2,3,1,2,1,2,540),(541,5,2,1,1,1,2,1,1,2,4,1,541),(542,5,2,1,1,1,2,1,1,2,3,3,542),(543,6,2,2,1,1,2,1,1,2,3,2,543),(544,3,3,1,2,1,2,1,1,2,2,2,544),(545,7,2,1,1,1,2,2,1,2,3,3,545),(546,6,2,1,1,1,1,3,1,2,2,3,546),(547,4,2,2,1,3,2,2,1,2,2,2,547),(548,3,2,1,2,2,2,2,1,1,1,2,548),(549,5,2,1,2,1,2,1,1,2,2,2,549),(550,6,2,1,1,1,2,1,1,2,1,1,550),(551,6,2,2,1,1,2,2,1,2,1,3,551),(552,4,2,1,1,1,2,3,1,2,2,1,552),(553,4,2,2,2,1,1,1,1,2,1,1,553),(554,2,1,3,2,1,2,2,1,2,4,2,554),(555,6,2,1,2,1,1,1,2,2,1,3,555),(556,5,2,2,2,1,1,3,1,2,1,3,556),(557,1,1,3,2,1,2,2,1,2,2,2,557),(558,5,1,3,2,3,1,2,1,2,1,3,558),(559,2,1,1,1,1,1,2,1,2,2,2,559),(560,1,1,1,1,1,1,2,1,2,2,2,560),(561,5,2,2,1,1,2,1,1,2,3,1,561),(562,2,1,1,1,1,1,1,1,1,2,1,562),(563,2,1,3,1,3,2,3,1,2,2,2,564),(567,4,2,1,1,1,1,2,1,2,1,2,567),(568,2,2,2,1,1,1,2,1,2,3,2,568),(569,2,2,1,1,1,1,1,1,2,3,2,569),(570,3,2,2,1,2,1,2,1,2,1,1,570),(571,1,2,1,1,1,1,1,1,1,6,1,571),(572,6,2,2,1,1,1,2,1,2,2,1,572),(573,1,2,2,1,1,1,2,1,2,2,2,573),(574,1,1,3,1,1,1,1,1,2,2,1,574),(575,6,2,2,1,1,1,2,1,2,4,2,575),(576,5,2,2,2,1,2,2,1,2,2,2,576),(577,4,2,2,1,1,1,1,1,2,3,1,577),(578,6,2,2,2,3,1,2,1,2,1,2,578),(579,3,2,1,2,1,1,1,1,2,3,2,579),(580,4,2,2,1,1,2,2,1,2,3,1,580),(581,2,2,2,2,1,2,2,1,2,2,2,581),(582,2,1,3,1,1,1,1,1,2,2,1,582),(583,2,2,1,1,1,1,1,1,3,2,2,583),(584,2,2,1,1,1,1,2,1,2,1,2,584),(585,1,1,1,1,1,1,1,1,2,0,1,585),(586,2,2,2,1,1,1,3,1,2,2,2,586),(587,1,1,3,1,1,1,2,1,2,2,1,587),(588,6,2,2,1,1,1,2,1,2,4,2,588),(589,2,2,2,2,1,1,3,2,2,1,2,589),(590,6,2,2,2,2,2,2,1,2,1,3,590),(591,6,2,1,1,1,1,1,1,2,3,2,591),(592,2,2,2,2,3,1,1,1,2,2,1,592),(593,2,1,1,1,1,1,1,1,2,2,2,593),(594,5,2,2,1,2,1,1,1,2,3,1,594),(595,2,3,2,2,3,1,1,1,2,2,1,595),(596,5,2,2,1,1,1,2,1,2,2,2,596),(597,4,2,1,1,1,1,1,1,2,3,2,597),(598,2,2,1,1,1,1,3,1,2,4,1,598),(599,6,2,2,1,3,1,2,1,2,2,2,599),(600,2,3,2,1,3,1,1,1,2,2,1,600),(601,4,2,1,1,1,1,1,1,2,2,1,601),(602,2,2,2,2,1,1,3,1,2,2,2,602),(603,6,2,2,1,1,1,2,1,2,2,2,603),(604,6,1,1,1,1,1,2,1,2,3,2,604),(605,5,2,1,1,1,1,2,2,3,4,1,605),(606,4,2,1,2,1,1,2,2,3,2,2,606),(607,5,1,3,1,1,1,2,1,2,2,2,607),(608,2,2,1,2,1,1,3,1,2,2,1,608),(609,2,2,1,2,1,1,3,1,2,1,2,609),(610,6,2,2,2,1,1,3,1,2,4,1,610),(611,1,2,1,1,1,1,1,1,2,2,1,611),(612,2,2,1,1,3,1,1,1,1,3,1,612),(613,6,2,2,1,3,1,1,1,2,1,1,613),(614,6,2,2,1,3,1,2,1,2,2,1,614),(615,6,2,2,2,3,1,1,1,2,2,1,615),(616,6,2,2,1,3,1,2,1,2,1,2,616),(617,6,2,2,1,3,1,2,1,2,3,1,617),(618,2,1,3,2,1,1,3,1,2,2,2,618),(619,1,2,1,1,3,1,1,1,2,3,1,619),(620,4,2,1,1,1,2,1,2,2,2,2,620),(621,5,2,1,1,1,1,2,1,2,2,2,621),(622,2,1,3,1,1,1,1,1,1,3,1,622),(623,2,2,2,2,1,2,2,1,2,1,2,623),(624,2,2,2,1,1,1,3,1,2,2,1,624),(627,2,2,2,1,1,1,1,1,3,4,1,627),(626,2,2,2,1,1,2,3,1,2,2,3,626),(628,4,2,2,1,1,2,1,1,2,2,1,628),(629,4,2,2,1,1,1,3,1,2,2,1,629),(630,4,2,2,1,3,1,1,1,2,3,1,630),(631,2,2,2,2,2,1,2,1,2,0,2,631),(632,5,2,2,1,1,2,2,1,2,2,3,632),(633,3,1,3,1,1,1,2,1,2,2,2,633),(634,4,2,1,1,2,1,2,1,1,2,2,634),(635,4,1,1,1,1,3,2,1,2,1,3,635),(636,4,2,2,1,1,1,1,1,2,3,1,636),(637,1,3,1,2,3,1,1,1,2,3,1,637),(638,1,2,1,2,1,1,3,1,2,2,3,638),(639,2,3,1,2,3,1,1,1,2,2,2,639),(640,2,3,3,1,3,1,2,1,2,1,2,640),(641,2,2,2,1,3,1,1,1,2,1,3,641),(642,2,2,1,2,3,1,1,1,2,2,1,642),(643,2,2,1,1,1,1,1,1,2,1,2,643),(644,5,2,2,2,1,1,2,1,2,3,2,644);
/*!40000 ALTER TABLE `calidad_vida_agua` ENABLE KEYS */;
UNLOCK TABLES;

--
-- Table structure for table `calidad_vida_codigo`
--

DROP TABLE IF EXISTS `calidad_vida_codigo`;
/*!40101 SET @saved_cs_client     = @@character_set_client */;
/*!40101 SET character_set_client = utf8 */;
CREATE TABLE `calidad_vida_codigo` (
  `id` int(11) NOT NULL AUTO_INCREMENT,
  `nombre` varchar(200) NOT NULL,
  PRIMARY KEY (`id`)
) ENGINE=MyISAM AUTO_INCREMENT=9 DEFAULT CHARSET=latin1;
/*!40101 SET character_set_client = @saved_cs_client */;

--
-- Dumping data for table `calidad_vida_codigo`
--

LOCK TABLES `calidad_vida_codigo` WRITE;
/*!40000 ALTER TABLE `calidad_vida_codigo` DISABLE KEYS */;
INSERT INTO `calidad_vida_codigo` VALUES (1,'1. Tiene que cuidar a sus hermanitos/as menores o atender labores de la casa (hogar)'),(2,'2. Tiene que trabajar en la agricultura'),(3,'3. Por problemas economicos (no tienen comida diario, no tiene ropa, zapatos etc.)'),(4,'4. No hay escuela o esta muy largo'),(5,'5. No los envian por que tiene que pasar por lugares peligrosos'),(6,'6. Por qué está embarazada o está criando'),(7,'7. No quiere'),(8,'No aplica');
/*!40000 ALTER TABLE `calidad_vida_codigo` ENABLE KEYS */;
UNLOCK TABLES;

--
-- Table structure for table `calidad_vida_inmigracion`
--

DROP TABLE IF EXISTS `calidad_vida_inmigracion`;
/*!40101 SET @saved_cs_client     = @@character_set_client */;
/*!40101 SET character_set_client = utf8 */;
CREATE TABLE `calidad_vida_inmigracion` (
  `id` int(11) NOT NULL AUTO_INCREMENT,
  `inmigra` int(11) NOT NULL,
  `mujer` int(11) NOT NULL DEFAULT '0',
  `hombre` int(11) NOT NULL DEFAULT '0',
  `encuesta_id` int(11) NOT NULL,
  PRIMARY KEY (`id`),
  KEY `calidad_vida_inmigracion_1de70ac4` (`encuesta_id`)
) ENGINE=MyISAM AUTO_INCREMENT=216 DEFAULT CHARSET=latin1;
/*!40101 SET character_set_client = @saved_cs_client */;

--
-- Dumping data for table `calidad_vida_inmigracion`
--

LOCK TABLES `calidad_vida_inmigracion` WRITE;
/*!40000 ALTER TABLE `calidad_vida_inmigracion` DISABLE KEYS */;
INSERT INTO `calidad_vida_inmigracion` VALUES (1,1,0,1,5),(2,1,0,1,8),(3,3,0,1,9),(4,1,0,1,11),(5,3,1,0,12),(6,1,0,1,15),(7,1,0,2,16),(8,4,0,1,19),(9,1,0,1,22),(10,1,0,1,28),(11,1,0,1,39),(12,1,0,1,40),(13,4,0,1,42),(14,1,1,0,49),(15,2,0,1,51),(16,4,1,0,51),(17,4,1,0,57),(18,3,1,2,61),(19,1,0,1,62),(20,3,0,1,63),(21,1,1,0,67),(22,5,0,1,75),(23,1,2,0,80),(24,1,1,0,82),(25,3,0,1,85),(26,2,1,2,86),(27,2,1,2,93),(28,2,1,1,95),(29,1,1,1,96),(30,3,1,0,101),(31,1,1,2,102),(32,1,0,1,104),(33,2,0,1,110),(34,1,0,1,113),(35,1,0,1,114),(36,1,0,1,117),(37,3,0,1,121),(38,3,0,1,128),(39,4,1,0,136),(40,2,0,1,141),(41,1,0,1,144),(42,2,0,1,148),(43,1,2,0,158),(44,1,0,1,159),(45,2,0,1,161),(46,1,0,2,164),(47,3,0,1,174),(48,4,0,3,176),(49,1,0,1,184),(50,3,0,1,184),(51,1,0,1,185),(52,2,0,1,188),(53,5,0,19,193),(54,2,0,1,195),(55,3,1,0,207),(56,2,0,1,221),(57,2,0,2,250),(58,4,0,1,254),(59,2,1,0,255),(60,2,1,1,260),(61,3,0,1,263),(62,3,2,0,264),(63,1,1,1,267),(64,1,0,1,270),(65,3,0,1,270),(66,1,0,1,273),(67,3,1,0,274),(68,4,1,1,275),(69,3,1,0,285),(70,4,1,0,291),(71,3,1,0,294),(72,3,0,4,300),(73,3,1,0,301),(74,4,1,0,305),(75,4,1,0,306),(76,3,0,1,309),(77,1,0,1,310),(78,3,0,1,316),(79,2,0,1,317),(185,3,0,2,540),(81,3,0,1,321),(82,3,0,1,323),(83,4,0,1,325),(84,1,0,1,326),(85,3,0,1,326),(86,3,1,0,327),(87,4,3,0,333),(88,3,1,3,342),(89,1,0,1,351),(90,1,0,1,359),(91,3,0,1,360),(92,1,0,1,361),(93,3,0,1,361),(94,1,0,1,362),(95,3,0,4,364),(96,3,0,2,365),(97,3,1,1,366),(98,3,0,1,367),(99,3,0,1,368),(100,3,0,2,369),(101,3,0,3,370),(102,3,0,0,371),(103,1,0,1,387),(104,3,0,3,388),(105,3,0,2,389),(106,3,0,4,390),(107,3,0,4,392),(108,2,0,6,393),(109,2,0,1,394),(110,3,0,1,394),(111,4,0,1,394),(112,3,0,1,404),(113,3,0,1,406),(114,1,0,2,407),(115,3,0,2,407),(116,3,0,1,413),(117,1,0,1,414),(118,3,0,1,414),(119,3,0,1,417),(120,3,0,2,419),(121,3,0,1,420),(122,3,0,1,421),(123,4,0,1,422),(124,1,0,2,424),(125,3,0,5,425),(126,4,1,0,425),(127,3,0,1,428),(128,3,0,3,432),(129,1,0,1,433),(130,3,0,4,433),(131,2,1,1,435),(132,3,0,2,437),(133,2,1,1,438),(134,1,1,0,439),(135,2,1,1,440),(136,1,0,1,441),(137,1,1,0,442),(138,3,0,1,443),(139,2,0,1,444),(140,1,0,1,445),(141,3,1,1,448),(142,3,0,1,449),(143,3,0,2,450),(144,1,1,1,451),(145,3,1,1,452),(146,3,0,1,454),(147,3,1,2,455),(148,2,0,1,457),(149,3,0,1,458),(150,3,1,0,462),(151,4,1,3,462),(152,1,0,1,465),(153,3,0,2,466),(154,3,0,1,468),(155,5,0,1,469),(156,3,0,1,470),(157,1,0,2,471),(158,4,0,1,471),(159,1,0,1,472),(160,3,1,2,473),(161,4,1,0,475),(162,3,1,0,476),(163,3,0,1,479),(164,1,0,2,485),(165,2,1,2,485),(166,4,1,0,491),(167,3,0,1,492),(168,1,0,1,494),(169,1,0,1,496),(170,3,0,2,496),(171,3,0,2,505),(172,2,0,1,509),(173,3,0,3,511),(174,1,0,1,512),(175,1,0,1,513),(177,1,0,1,516),(178,1,0,1,527),(179,2,0,1,528),(180,3,0,1,528),(181,3,1,1,530),(182,1,0,0,532),(183,3,0,0,532),(184,1,0,1,534),(186,3,0,1,548),(187,1,0,1,552),(188,2,0,1,555),(189,3,2,0,555),(190,3,0,2,556),(191,2,0,1,557),(192,2,0,1,560),(193,3,0,7,564),(194,3,0,1,568),(195,3,0,1,569),(196,2,1,1,571),(197,1,0,1,575),(198,1,1,1,581),(199,1,1,0,582),(200,1,1,0,594),(201,1,0,1,595),(202,1,0,1,596),(203,1,1,1,600),(204,1,0,1,601),(205,2,1,0,611),(206,1,0,1,612),(207,1,0,1,613),(208,1,0,1,616),(209,1,0,2,617),(210,1,2,0,618),(211,2,0,1,621),(212,2,0,1,627),(213,1,1,0,632),(214,5,0,1,639),(215,1,0,1,641);
/*!40000 ALTER TABLE `calidad_vida_inmigracion` ENABLE KEYS */;
UNLOCK TABLES;

--
-- Table structure for table `calidad_vida_razonesnoestudia`
--

DROP TABLE IF EXISTS `calidad_vida_razonesnoestudia`;
/*!40101 SET @saved_cs_client     = @@character_set_client */;
/*!40101 SET character_set_client = utf8 */;
CREATE TABLE `calidad_vida_razonesnoestudia` (
  `id` int(11) NOT NULL AUTO_INCREMENT,
  `acceso` int(11) NOT NULL,
  `fem_no_estudia_id` int(11) NOT NULL,
  `mas_no_estudia_id` int(11) NOT NULL,
  `encuesta_id` int(11) NOT NULL,
  PRIMARY KEY (`id`),
  KEY `calidad_vida_razonesnoestudia_789ebd9c` (`fem_no_estudia_id`),
  KEY `calidad_vida_razonesnoestudia_61ca5beb` (`mas_no_estudia_id`),
  KEY `calidad_vida_razonesnoestudia_1de70ac4` (`encuesta_id`)
) ENGINE=MyISAM AUTO_INCREMENT=106 DEFAULT CHARSET=latin1;
/*!40101 SET character_set_client = @saved_cs_client */;

--
-- Dumping data for table `calidad_vida_razonesnoestudia`
--

LOCK TABLES `calidad_vida_razonesnoestudia` WRITE;
/*!40000 ALTER TABLE `calidad_vida_razonesnoestudia` DISABLE KEYS */;
INSERT INTO `calidad_vida_razonesnoestudia` VALUES (1,2,3,8,2),(2,2,8,8,16),(3,2,8,8,18),(4,2,8,1,24),(5,2,8,2,45),(6,1,7,8,71),(7,1,8,7,72),(8,1,8,7,79),(9,1,1,8,81),(10,1,3,8,88),(11,2,8,3,88),(12,1,8,7,92),(13,2,4,8,108),(14,1,8,1,113),(15,2,3,8,121),(16,2,8,7,122),(17,2,7,8,123),(18,1,8,8,135),(19,2,8,2,152),(20,2,8,7,162),(21,2,8,7,164),(22,2,8,2,168),(23,2,8,4,173),(24,2,7,8,177),(25,2,8,7,191),(26,2,8,1,207),(27,1,3,3,217),(28,1,7,8,218),(29,2,3,8,218),(30,1,8,3,236),(31,2,8,7,250),(32,1,8,3,254),(33,1,2,8,255),(34,2,8,3,263),(35,1,8,7,264),(36,1,3,3,277),(37,2,8,7,288),(38,1,7,8,294),(39,2,8,7,301),(40,1,8,8,303),(41,2,8,3,306),(42,1,3,8,310),(43,1,8,3,315),(44,1,8,7,316),(46,2,8,4,321),(47,1,8,8,326),(48,1,4,8,332),(49,1,4,8,334),(50,1,8,8,337),(51,2,8,2,342),(52,2,8,8,351),(53,2,6,8,355),(54,1,8,3,359),(55,2,7,8,369),(56,2,8,2,374),(57,1,7,8,391),(58,2,8,7,400),(59,1,4,8,402),(60,2,8,7,402),(61,2,1,8,417),(62,1,8,7,419),(63,1,3,8,424),(64,2,8,3,424),(65,1,8,8,433),(66,2,8,2,437),(67,2,8,3,452),(68,2,7,8,456),(69,1,8,4,461),(70,1,4,8,468),(71,2,4,8,469),(72,2,8,4,471),(73,1,4,8,473),(74,1,3,8,475),(75,2,3,8,476),(76,2,6,8,482),(77,1,8,7,484),(78,2,7,8,485),(79,2,8,7,487),(80,1,8,3,488),(81,2,8,7,491),(82,2,8,7,493),(83,1,8,1,496),(84,2,8,7,496),(85,2,3,3,499),(86,2,7,8,505),(87,1,8,1,509),(88,1,7,8,518),(89,2,8,7,521),(90,1,8,7,528),(91,2,8,8,542),(92,2,7,8,548),(93,2,7,7,556),(94,2,7,8,563),(95,1,8,7,568),(96,2,8,3,576),(97,1,8,7,580),(98,1,7,8,595),(99,2,7,8,600),(100,2,8,7,610),(101,1,8,3,613),(102,2,8,7,613),(103,2,8,7,615),(104,1,8,7,617),(105,2,8,7,639);
/*!40000 ALTER TABLE `calidad_vida_razonesnoestudia` ENABLE KEYS */;
UNLOCK TABLES;

--
-- Table structure for table `crisis_alimentaria_accesocredito`
--

DROP TABLE IF EXISTS `crisis_alimentaria_accesocredito`;
/*!40101 SET @saved_cs_client     = @@character_set_client */;
/*!40101 SET character_set_client = utf8 */;
CREATE TABLE `crisis_alimentaria_accesocredito` (
  `id` int(11) NOT NULL AUTO_INCREMENT,
  `encuesta_id` int(11) NOT NULL,
  PRIMARY KEY (`id`),
  KEY `crisis_alimentaria_accesocredito_1de70ac4` (`encuesta_id`)
) ENGINE=MyISAM AUTO_INCREMENT=574 DEFAULT CHARSET=latin1;
/*!40101 SET character_set_client = @saved_cs_client */;

--
-- Dumping data for table `crisis_alimentaria_accesocredito`
--

LOCK TABLES `crisis_alimentaria_accesocredito` WRITE;
/*!40000 ALTER TABLE `crisis_alimentaria_accesocredito` DISABLE KEYS */;
INSERT INTO `crisis_alimentaria_accesocredito` VALUES (1,3),(2,5),(3,2),(4,7),(5,4),(6,6),(7,8),(8,10),(9,9),(10,11),(11,12),(12,13),(13,14),(14,18),(15,17),(16,19),(17,20),(18,21),(19,22),(20,23),(21,24),(22,25),(23,26),(24,27),(25,28),(26,29),(27,30),(28,31),(29,32),(30,33),(31,35),(32,34),(33,37),(34,36),(35,38),(36,39),(37,41),(38,42),(39,43),(40,44),(41,45),(42,46),(43,48),(44,47),(45,49),(46,50),(47,51),(48,52),(49,53),(50,54),(51,56),(52,55),(53,57),(54,58),(55,59),(56,60),(57,61),(58,62),(59,63),(60,64),(61,65),(62,66),(63,68),(64,69),(65,70),(66,71),(67,72),(68,73),(69,74),(70,75),(71,76),(72,77),(73,78),(74,79),(75,81),(76,84),(77,85),(78,88),(79,89),(80,91),(81,92),(82,95),(83,97),(84,100),(85,101),(86,104),(87,106),(88,108),(89,112),(90,113),(91,115),(92,118),(93,119),(94,120),(95,121),(96,122),(97,123),(98,124),(99,125),(100,126),(101,127),(102,128),(103,129),(104,130),(105,131),(106,132),(107,133),(108,134),(109,135),(110,136),(111,137),(112,138),(113,139),(114,140),(115,141),(116,142),(117,143),(118,144),(119,145),(120,146),(121,147),(122,149),(123,151),(124,152),(125,153),(126,154),(127,155),(128,156),(129,157),(130,158),(131,159),(132,160),(133,161),(134,162),(135,163),(136,164),(137,165),(138,166),(139,168),(140,169),(141,170),(142,171),(143,172),(144,173),(145,174),(146,175),(147,176),(148,177),(149,178),(150,179),(151,180),(152,181),(153,182),(154,167),(155,186),(156,187),(157,190),(158,191),(159,193),(160,194),(161,195),(162,196),(163,197),(164,198),(165,199),(166,200),(167,201),(168,202),(169,203),(170,204),(171,205),(172,206),(173,207),(174,208),(175,209),(176,210),(177,211),(178,212),(179,213),(180,214),(181,215),(182,216),(183,217),(184,218),(185,219),(186,220),(187,221),(188,222),(189,224),(190,225),(191,226),(192,227),(193,228),(194,229),(195,231),(196,234),(197,235),(198,236),(199,238),(200,239),(201,240),(202,241),(203,242),(204,243),(205,244),(206,245),(207,246),(208,247),(209,248),(210,249),(211,250),(212,254),(213,256),(214,259),(215,255),(216,264),(217,265),(218,268),(219,269),(220,271),(221,272),(222,273),(223,275),(224,276),(225,278),(226,280),(227,282),(228,283),(229,285),(230,286),(231,288),(232,290),(233,291),(234,292),(235,294),(236,296),(237,297),(238,298),(239,299),(240,300),(241,301),(242,302),(243,303),(244,304),(245,305),(246,306),(247,307),(248,308),(249,309),(250,310),(251,311),(252,312),(253,313),(254,315),(255,316),(256,317),(257,318),(258,319),(470,537),(260,321),(261,322),(262,323),(263,324),(264,325),(265,326),(266,327),(267,328),(268,329),(269,330),(270,331),(271,332),(272,333),(273,334),(274,335),(275,336),(276,337),(277,338),(278,339),(279,340),(280,341),(281,342),(282,343),(283,344),(284,345),(285,346),(286,347),(287,348),(288,350),(289,351),(290,349),(291,352),(292,353),(293,354),(294,355),(295,356),(296,357),(297,358),(298,359),(299,360),(300,361),(301,362),(302,363),(303,364),(304,365),(305,366),(306,367),(307,368),(308,369),(309,370),(310,371),(311,372),(312,373),(313,374),(314,375),(315,376),(316,377),(317,378),(318,379),(319,380),(320,381),(321,382),(322,383),(323,384),(324,385),(325,386),(326,387),(327,388),(328,389),(329,390),(330,391),(331,392),(332,393),(333,394),(334,395),(335,396),(336,397),(337,398),(338,399),(339,400),(340,401),(341,402),(342,403),(343,404),(344,405),(345,406),(346,407),(347,408),(348,409),(349,410),(350,411),(351,412),(352,413),(353,414),(354,415),(355,416),(356,417),(357,418),(358,419),(359,420),(360,421),(361,422),(362,423),(363,424),(364,425),(365,426),(366,427),(367,428),(368,429),(369,430),(370,431),(371,432),(372,434),(373,433),(374,435),(375,436),(376,437),(377,438),(378,439),(379,440),(380,441),(381,442),(382,443),(383,444),(384,445),(385,446),(386,447),(387,448),(388,449),(389,450),(390,451),(391,452),(392,453),(393,454),(394,455),(395,456),(396,457),(397,458),(398,459),(399,460),(400,461),(401,462),(402,463),(403,464),(404,465),(405,466),(406,467),(407,468),(408,469),(409,470),(410,471),(411,472),(412,473),(413,474),(414,475),(415,476),(416,477),(417,478),(418,479),(419,480),(420,481),(421,483),(422,484),(423,485),(424,486),(425,487),(426,488),(427,489),(428,490),(429,491),(430,493),(431,494),(432,495),(433,496),(434,497),(435,498),(436,499),(437,500),(438,501),(439,502),(440,503),(441,504),(442,505),(496,565),(444,507),(445,509),(446,510),(447,511),(448,512),(449,513),(451,515),(452,516),(453,517),(454,518),(455,519),(456,520),(457,521),(458,523),(459,524),(460,525),(461,526),(462,527),(463,528),(464,529),(465,530),(466,531),(467,532),(468,533),(495,563),(471,538),(472,539),(473,540),(474,541),(475,542),(476,543),(477,544),(478,545),(479,546),(480,547),(481,548),(482,549),(483,550),(484,551),(485,552),(486,553),(487,554),(488,555),(489,557),(490,558),(491,559),(492,560),(493,561),(494,562),(497,567),(498,568),(499,569),(500,570),(501,571),(502,572),(503,573),(504,574),(505,575),(506,576),(507,577),(508,578),(509,579),(510,580),(511,581),(512,582),(513,584),(514,583),(515,585),(516,587),(517,586),(518,588),(519,589),(520,590),(521,591),(522,592),(523,593),(524,594),(525,595),(526,596),(527,597),(528,598),(529,599),(530,601),(531,602),(532,603),(533,604),(534,605),(535,606),(536,607),(537,608),(538,609),(539,610),(540,611),(541,612),(542,613),(543,614),(544,615),(545,616),(546,617),(547,618),(548,619),(549,620),(550,600),(551,622),(552,623),(553,624),(556,627),(555,626),(557,628),(558,629),(559,630),(560,631),(561,632),(562,633),(563,634),(564,635),(565,636),(566,637),(567,638),(568,639),(569,640),(570,641),(571,642),(572,643),(573,644);
/*!40000 ALTER TABLE `crisis_alimentaria_accesocredito` ENABLE KEYS */;
UNLOCK TABLES;

--
-- Table structure for table `crisis_alimentaria_accesocredito_hombre`
--

DROP TABLE IF EXISTS `crisis_alimentaria_accesocredito_hombre`;
/*!40101 SET @saved_cs_client     = @@character_set_client */;
/*!40101 SET character_set_client = utf8 */;
CREATE TABLE `crisis_alimentaria_accesocredito_hombre` (
  `id` int(11) NOT NULL AUTO_INCREMENT,
  `accesocredito_id` int(11) NOT NULL,
  `credito_id` int(11) NOT NULL,
  PRIMARY KEY (`id`),
  UNIQUE KEY `crisis_alimentaria_acces_accesocredito_id_731057f1ca7d391f_uniq` (`accesocredito_id`,`credito_id`),
  KEY `crisis_alimentaria_accesocredito_hombre_400ae539` (`accesocredito_id`),
  KEY `crisis_alimentaria_accesocredito_hombre_f5ceff33` (`credito_id`)
) ENGINE=MyISAM AUTO_INCREMENT=585 DEFAULT CHARSET=latin1;
/*!40101 SET character_set_client = @saved_cs_client */;

--
-- Dumping data for table `crisis_alimentaria_accesocredito_hombre`
--

LOCK TABLES `crisis_alimentaria_accesocredito_hombre` WRITE;
/*!40000 ALTER TABLE `crisis_alimentaria_accesocredito_hombre` DISABLE KEYS */;
INSERT INTO `crisis_alimentaria_accesocredito_hombre` VALUES (3,1,1),(2,2,7),(4,3,1),(5,4,7),(6,5,3),(7,6,2),(8,6,4),(9,7,1),(10,8,7),(11,9,3),(12,10,1),(13,11,1),(14,12,3),(15,13,7),(16,14,7),(17,15,3),(18,16,7),(19,17,7),(20,18,7),(21,19,7),(22,20,3),(23,21,3),(24,22,7),(25,23,3),(26,24,1),(27,25,7),(28,26,7),(29,27,7),(30,28,3),(31,29,1),(32,30,1),(33,31,3),(34,32,1),(35,33,7),(36,34,1),(37,35,6),(38,36,1),(39,37,2),(40,38,7),(41,39,3),(42,40,3),(43,41,3),(44,42,3),(45,43,3),(46,44,7),(47,45,7),(48,46,7),(49,47,7),(50,48,3),(51,49,3),(52,50,3),(53,51,7),(54,52,1),(55,53,3),(56,54,1),(57,55,6),(58,56,1),(59,57,7),(60,58,7),(61,59,1),(62,60,1),(63,61,1),(64,62,3),(65,63,1),(66,64,2),(67,65,2),(68,65,3),(69,66,2),(70,66,3),(71,67,7),(72,68,3),(73,69,3),(74,70,3),(75,71,3),(76,72,1),(77,73,3),(78,74,3),(79,75,3),(80,76,7),(81,77,7),(82,78,7),(83,79,3),(84,80,7),(85,81,7),(86,82,2),(87,83,3),(88,84,7),(89,85,7),(90,86,4),(91,87,3),(92,88,3),(93,89,1),(94,90,4),(95,91,3),(96,92,7),(97,93,3),(98,94,7),(99,95,7),(100,96,3),(101,97,1),(102,98,7),(103,99,3),(104,100,3),(105,101,2),(106,101,3),(107,102,3),(108,103,3),(109,104,5),(110,105,3),(111,106,7),(112,107,5),(113,108,2),(114,108,3),(115,109,5),(116,110,7),(117,111,1),(118,112,2),(119,113,3),(120,114,3),(121,115,7),(122,116,3),(123,117,1),(124,118,3),(125,119,7),(126,120,3),(127,121,7),(128,122,3),(129,123,6),(130,124,3),(131,124,6),(132,125,3),(133,126,3),(134,127,7),(135,128,3),(136,129,7),(137,130,3),(138,131,3),(139,132,4),(140,133,7),(141,134,1),(142,135,3),(143,136,7),(144,137,7),(145,138,7),(146,139,1),(147,140,3),(148,141,3),(149,142,3),(150,143,3),(151,144,3),(152,145,3),(153,146,7),(154,147,7),(155,148,2),(156,149,2),(157,150,3),(158,151,7),(159,152,3),(160,153,1),(161,154,1),(162,155,3),(163,156,1),(164,157,2),(165,157,3),(166,158,2),(167,159,1),(168,160,1),(169,161,1),(170,162,3),(171,163,1),(172,164,1),(173,165,2),(174,166,2),(175,167,2),(176,168,1),(177,169,1),(178,170,1),(179,171,1),(180,172,1),(181,173,2),(182,174,3),(183,175,3),(184,176,3),(185,177,1),(186,178,3),(187,179,1),(188,180,2),(189,181,1),(190,182,3),(191,183,1),(192,184,1),(193,185,1),(194,186,7),(195,187,1),(196,188,7),(197,189,7),(198,190,1),(199,191,7),(200,192,1),(201,193,1),(202,194,7),(203,195,2),(204,196,7),(205,197,1),(206,198,7),(207,199,1),(208,200,1),(209,201,1),(210,202,2),(211,203,1),(212,204,5),(213,205,3),(214,206,1),(215,207,2),(216,208,3),(217,209,1),(218,210,2),(219,211,7),(220,212,7),(221,213,1),(222,214,1),(223,215,7),(224,216,7),(225,217,4),(226,218,3),(227,219,7),(228,220,3),(229,221,2),(230,222,7),(231,223,2),(232,224,3),(233,225,1),(234,226,3),(235,227,3),(236,228,7),(237,229,1),(238,230,5),(239,231,1),(240,232,2),(241,233,1),(242,234,7),(243,235,1),(244,236,1),(245,237,1),(246,238,1),(247,239,3),(248,239,6),(249,240,2),(250,241,3),(251,242,1),(252,243,1),(253,244,3),(254,245,3),(255,246,1),(256,247,3),(257,248,3),(258,249,1),(259,250,7),(260,251,1),(261,252,1),(262,253,1),(263,254,7),(264,255,1),(265,256,3),(266,257,3),(267,258,3),(480,470,7),(269,260,1),(270,261,3),(271,262,3),(272,263,1),(273,264,7),(274,265,7),(275,266,3),(276,267,3),(277,268,1),(278,269,1),(279,270,2),(280,271,2),(281,271,3),(282,272,2),(283,273,2),(284,274,2),(285,275,1),(286,276,7),(287,277,2),(288,278,1),(289,279,1),(290,280,3),(291,281,3),(292,282,3),(293,283,3),(294,284,1),(295,285,1),(296,286,3),(297,287,3),(298,288,1),(299,289,1),(300,290,7),(301,291,3),(302,292,1),(303,293,1),(304,294,3),(305,295,1),(306,296,2),(307,297,3),(308,298,2),(309,299,1),(310,300,1),(311,301,3),(312,302,2),(313,303,1),(314,304,5),(315,305,1),(316,306,2),(317,307,3),(318,308,1),(319,309,1),(320,310,3),(321,311,3),(322,312,3),(323,313,3),(324,314,1),(325,315,3),(326,316,3),(327,317,7),(328,318,7),(329,319,2),(330,320,2),(331,321,2),(332,322,1),(333,323,1),(334,324,7),(335,325,2),(336,326,1),(337,327,3),(338,328,3),(339,329,1),(340,330,2),(341,331,3),(342,332,1),(343,333,2),(344,334,1),(345,335,1),(346,336,5),(347,337,1),(348,338,2),(349,339,1),(350,340,2),(351,341,1),(352,342,1),(353,343,1),(354,344,1),(355,345,1),(356,346,1),(357,347,2),(358,348,1),(359,349,1),(360,350,1),(361,351,1),(362,352,3),(363,353,2),(364,354,1),(365,355,7),(366,356,5),(367,357,2),(368,358,2),(369,359,1),(370,360,3),(371,361,3),(372,362,1),(373,363,3),(374,364,1),(375,365,2),(376,366,1),(377,367,3),(378,368,7),(379,369,3),(380,370,1),(381,371,7),(382,372,3),(383,373,1),(384,374,2),(385,375,2),(386,376,2),(387,377,7),(388,378,7),(389,379,7),(390,380,1),(391,381,7),(392,382,3),(393,383,2),(394,384,7),(395,385,1),(396,386,3),(397,387,1),(398,388,2),(399,389,1),(400,390,1),(401,391,1),(402,392,3),(403,393,3),(404,394,5),(405,395,3),(406,396,6),(407,397,5),(408,398,3),(409,399,5),(410,400,7),(411,401,1),(412,402,1),(413,403,1),(414,404,2),(415,405,5),(416,406,3),(417,407,1),(418,408,1),(419,409,2),(420,410,1),(421,411,1),(422,412,1),(423,413,1),(424,414,1),(425,415,7),(426,416,3),(427,417,1),(428,418,1),(429,419,1),(430,420,1),(431,421,3),(432,422,7),(433,423,1),(434,424,3),(435,425,7),(436,426,3),(437,427,2),(438,428,1),(439,429,7),(440,430,3),(441,431,3),(442,432,3),(443,433,7),(444,434,7),(445,435,2),(446,436,1),(447,437,3),(448,438,3),(449,439,7),(450,440,3),(451,441,7),(452,442,3),(507,496,3),(454,444,7),(455,445,3),(456,446,7),(457,447,1),(458,448,7),(459,449,7),(461,451,7),(462,452,1),(463,453,7),(464,454,3),(465,455,2),(466,456,7),(467,457,2),(468,458,7),(469,459,7),(470,460,3),(471,461,3),(472,462,1),(473,463,6),(474,464,3),(475,465,1),(476,466,1),(477,467,7),(478,468,1),(506,495,3),(481,471,7),(482,472,7),(483,473,3),(484,474,3),(485,475,7),(486,476,5),(487,477,6),(488,477,7),(489,478,3),(490,479,7),(491,480,3),(492,481,7),(493,482,7),(494,483,7),(495,484,1),(496,485,7),(497,486,3),(498,487,3),(499,488,7),(500,489,7),(501,490,7),(502,491,3),(503,492,3),(504,493,7),(505,494,3),(508,497,3),(509,498,3),(510,499,3),(511,500,3),(512,501,7),(513,502,3),(514,503,3),(515,504,7),(516,505,7),(517,506,3),(518,507,3),(519,508,3),(520,509,7),(521,510,3),(522,511,7),(523,512,7),(524,513,3),(525,514,3),(526,515,3),(527,516,3),(528,517,7),(529,518,3),(530,519,7),(531,520,3),(532,521,7),(533,522,7),(534,523,7),(535,524,7),(536,525,3),(537,526,3),(538,527,3),(539,528,7),(540,529,3),(541,530,3),(542,531,7),(543,532,3),(544,533,3),(545,534,3),(546,535,7),(547,536,1),(548,537,7),(549,538,7),(550,539,3),(551,540,3),(552,541,3),(553,542,3),(554,543,3),(555,544,3),(556,545,3),(557,546,1),(558,547,3),(559,548,3),(560,549,7),(561,550,7),(562,551,3),(563,552,3),(564,553,3),(567,556,7),(566,555,3),(568,557,3),(569,558,3),(570,559,7),(571,560,3),(572,561,3),(573,562,3),(574,563,3),(575,564,2),(576,565,7),(577,566,7),(578,567,3),(579,568,7),(580,569,7),(581,570,7),(582,571,7),(583,572,2),(584,573,3);
/*!40000 ALTER TABLE `crisis_alimentaria_accesocredito_hombre` ENABLE KEYS */;
UNLOCK TABLES;

--
-- Table structure for table `crisis_alimentaria_accesocredito_mujer`
--

DROP TABLE IF EXISTS `crisis_alimentaria_accesocredito_mujer`;
/*!40101 SET @saved_cs_client     = @@character_set_client */;
/*!40101 SET character_set_client = utf8 */;
CREATE TABLE `crisis_alimentaria_accesocredito_mujer` (
  `id` int(11) NOT NULL AUTO_INCREMENT,
  `accesocredito_id` int(11) NOT NULL,
  `credito_id` int(11) NOT NULL,
  PRIMARY KEY (`id`),
  UNIQUE KEY `crisis_alimentaria_acces_accesocredito_id_166dc8e49bacb662_uniq` (`accesocredito_id`,`credito_id`),
  KEY `crisis_alimentaria_accesocredito_mujer_400ae539` (`accesocredito_id`),
  KEY `crisis_alimentaria_accesocredito_mujer_f5ceff33` (`credito_id`)
) ENGINE=MyISAM AUTO_INCREMENT=576 DEFAULT CHARSET=latin1;
/*!40101 SET character_set_client = @saved_cs_client */;

--
-- Dumping data for table `crisis_alimentaria_accesocredito_mujer`
--

LOCK TABLES `crisis_alimentaria_accesocredito_mujer` WRITE;
/*!40000 ALTER TABLE `crisis_alimentaria_accesocredito_mujer` DISABLE KEYS */;
INSERT INTO `crisis_alimentaria_accesocredito_mujer` VALUES (3,1,7),(2,2,4),(4,3,1),(5,4,3),(6,5,1),(7,6,7),(8,7,1),(9,8,6),(10,9,4),(11,10,1),(12,11,3),(13,12,7),(14,13,3),(15,14,7),(16,15,7),(17,16,3),(18,17,7),(19,18,3),(20,19,7),(21,20,3),(22,21,6),(23,22,7),(24,23,7),(25,24,7),(26,25,1),(27,26,3),(28,27,7),(29,28,3),(30,29,1),(31,30,1),(32,31,7),(33,32,1),(34,33,3),(35,34,1),(36,35,7),(37,36,1),(38,37,7),(39,38,7),(40,39,7),(41,40,7),(42,41,7),(43,42,7),(44,43,3),(45,44,7),(46,45,7),(47,46,7),(48,47,3),(49,48,7),(50,49,7),(51,50,7),(52,51,7),(53,52,1),(54,53,3),(55,54,1),(56,55,7),(57,56,7),(58,57,3),(59,58,6),(60,59,1),(61,60,1),(62,61,3),(63,62,7),(64,63,3),(65,64,7),(66,65,7),(67,66,7),(68,67,3),(69,68,7),(70,69,7),(71,70,7),(72,71,4),(73,72,7),(74,73,7),(75,74,7),(76,75,3),(77,76,3),(78,77,7),(79,78,3),(80,79,3),(81,80,3),(82,81,3),(83,82,7),(84,83,7),(85,84,3),(86,85,3),(87,86,7),(88,87,1),(89,88,3),(90,89,3),(91,90,7),(92,91,1),(93,92,3),(94,93,1),(95,94,3),(96,95,1),(97,96,1),(98,97,1),(99,98,3),(100,99,3),(101,100,7),(102,101,3),(103,102,7),(104,103,7),(105,104,7),(106,105,7),(107,106,3),(108,107,3),(109,107,5),(110,108,7),(111,109,3),(112,110,3),(113,111,7),(114,112,1),(115,113,1),(116,114,3),(117,115,3),(118,116,3),(119,117,7),(120,118,1),(121,119,1),(122,120,3),(123,121,3),(124,122,3),(125,123,7),(126,124,7),(127,125,7),(128,126,7),(129,127,3),(130,128,1),(131,129,2),(132,130,1),(133,131,3),(134,132,7),(135,133,3),(136,134,7),(137,135,3),(138,136,3),(139,137,3),(140,138,2),(141,139,1),(142,140,7),(143,141,7),(144,142,7),(145,143,7),(146,144,7),(147,145,1),(148,146,3),(149,147,3),(150,148,7),(151,149,1),(152,150,7),(153,151,1),(154,152,1),(155,153,1),(156,154,7),(157,155,3),(158,156,1),(159,157,1),(160,158,2),(161,159,1),(162,160,3),(163,161,7),(164,162,1),(165,163,1),(166,164,3),(167,165,1),(168,166,1),(169,167,1),(170,168,1),(171,169,1),(172,170,1),(173,171,3),(174,172,3),(175,173,1),(176,174,2),(177,175,3),(178,176,1),(179,177,3),(180,178,7),(181,179,1),(182,180,1),(183,181,1),(184,182,7),(185,183,7),(186,184,1),(187,185,1),(188,186,7),(189,187,1),(190,188,7),(191,189,7),(192,190,1),(193,191,7),(194,192,7),(195,193,1),(196,194,3),(197,195,1),(198,196,7),(199,197,1),(200,198,7),(201,199,3),(202,200,1),(203,201,1),(204,202,1),(205,203,1),(206,204,5),(207,205,1),(208,206,1),(209,207,1),(210,208,1),(211,209,7),(212,210,1),(213,211,3),(214,212,7),(215,213,1),(216,214,1),(217,215,7),(218,216,7),(219,217,7),(220,218,1),(221,219,7),(222,220,1),(223,221,7),(224,222,5),(225,223,7),(226,224,1),(227,225,1),(228,226,1),(229,227,1),(230,228,7),(231,229,1),(232,230,7),(233,231,7),(234,232,7),(235,233,1),(236,234,7),(237,235,1),(238,236,1),(239,237,1),(240,238,1),(241,239,7),(242,240,1),(243,241,1),(244,242,1),(245,243,3),(246,244,7),(247,245,3),(248,246,1),(249,247,6),(250,248,1),(251,249,1),(252,250,3),(253,251,3),(254,252,1),(255,253,3),(256,254,3),(257,255,1),(258,256,1),(259,257,1),(260,258,6),(472,470,3),(262,260,1),(263,261,3),(264,262,7),(265,263,1),(266,264,3),(267,265,3),(268,266,1),(269,267,1),(270,268,1),(271,269,7),(272,270,3),(273,271,1),(274,272,7),(275,273,7),(276,274,7),(277,275,1),(278,276,1),(279,277,7),(280,278,3),(281,279,1),(282,280,1),(283,281,1),(284,282,7),(285,283,7),(286,284,3),(287,285,1),(288,286,1),(289,287,3),(290,288,1),(291,289,1),(292,290,2),(293,291,7),(294,292,1),(295,293,3),(296,294,1),(297,295,7),(298,296,1),(299,297,1),(300,298,7),(301,299,6),(302,300,3),(303,301,1),(304,302,1),(305,303,3),(306,304,1),(307,305,1),(308,306,1),(309,307,1),(310,308,1),(311,309,6),(312,310,1),(313,311,1),(314,312,3),(315,313,1),(316,314,7),(317,315,1),(318,316,1),(319,317,3),(320,318,1),(321,319,1),(322,320,1),(323,321,7),(324,322,1),(325,323,1),(326,324,2),(327,325,1),(328,326,3),(329,327,1),(330,328,1),(331,329,1),(332,330,1),(333,331,1),(334,332,2),(335,333,1),(336,334,2),(337,335,7),(338,336,1),(339,337,1),(340,338,2),(341,339,1),(342,340,1),(343,341,1),(344,342,1),(345,343,1),(346,344,1),(347,345,1),(348,346,1),(349,347,2),(350,348,1),(351,349,1),(352,350,7),(353,351,1),(354,352,1),(355,353,3),(356,354,2),(357,355,7),(358,356,1),(359,357,1),(360,358,3),(361,359,1),(362,360,1),(363,361,1),(364,362,2),(365,363,1),(366,364,1),(367,365,1),(368,366,1),(369,367,7),(370,368,1),(371,369,3),(372,370,1),(373,371,4),(374,372,1),(375,373,1),(376,374,1),(377,375,1),(378,376,2),(379,377,3),(380,378,1),(381,379,3),(382,380,1),(383,381,3),(384,382,1),(385,383,1),(386,384,3),(387,385,1),(388,386,7),(389,387,1),(390,388,7),(391,389,1),(392,390,1),(393,391,3),(394,392,7),(395,393,1),(396,394,1),(397,395,3),(398,396,1),(399,397,1),(400,398,3),(401,399,1),(402,400,3),(403,401,1),(404,402,1),(405,403,1),(406,404,7),(407,405,1),(408,406,7),(409,407,2),(410,408,1),(411,409,1),(412,410,1),(413,411,1),(414,412,1),(415,413,1),(416,414,1),(417,415,1),(418,416,1),(419,417,1),(420,418,1),(421,419,1),(422,420,1),(423,421,3),(424,422,3),(425,423,2),(426,424,7),(427,425,3),(428,426,3),(429,427,7),(430,428,1),(431,429,3),(432,430,7),(433,431,7),(434,432,7),(435,433,3),(436,434,3),(437,435,1),(438,436,7),(439,437,3),(440,438,1),(441,439,3),(442,440,7),(443,441,3),(444,442,7),(498,496,7),(446,444,3),(447,445,3),(448,446,3),(449,447,1),(450,448,3),(451,449,3),(453,451,3),(454,452,3),(455,453,3),(456,454,7),(457,455,3),(458,456,3),(459,457,7),(460,458,3),(461,459,3),(462,460,7),(463,461,7),(464,462,1),(465,463,7),(466,464,3),(467,465,1),(468,466,1),(469,467,3),(470,468,1),(497,495,7),(473,471,3),(474,472,2),(475,473,7),(476,474,3),(477,475,3),(478,476,7),(479,477,5),(480,478,7),(481,479,3),(482,480,6),(483,481,3),(484,482,3),(485,483,3),(486,484,1),(487,485,3),(488,486,7),(489,487,1),(490,488,1),(491,489,3),(492,490,7),(493,491,7),(494,492,7),(495,493,3),(496,494,7),(499,497,7),(500,498,7),(501,499,7),(502,500,7),(503,501,3),(504,502,7),(505,503,7),(506,504,7),(507,505,1),(508,506,7),(509,507,4),(510,508,7),(511,509,3),(512,510,7),(513,511,3),(514,512,3),(515,513,7),(516,514,3),(517,515,7),(518,516,7),(519,517,3),(520,518,7),(521,519,3),(522,520,7),(523,521,3),(524,522,3),(525,523,3),(526,524,1),(527,525,3),(528,526,7),(529,527,7),(530,528,3),(531,529,7),(532,530,7),(533,531,3),(534,532,7),(535,533,7),(536,534,7),(537,535,3),(538,536,1),(539,537,3),(540,538,3),(541,539,7),(542,540,7),(543,541,7),(544,542,3),(545,543,7),(546,544,7),(547,545,7),(548,546,7),(549,547,7),(550,548,3),(551,549,7),(552,550,3),(553,551,7),(554,552,7),(555,553,7),(558,556,3),(557,555,7),(559,557,7),(560,558,7),(561,559,3),(562,560,7),(563,561,7),(564,562,7),(565,563,7),(566,564,7),(567,565,3),(568,566,3),(569,567,7),(570,568,3),(571,569,3),(572,570,3),(573,571,3),(574,572,3),(575,573,7);
/*!40000 ALTER TABLE `crisis_alimentaria_accesocredito_mujer` ENABLE KEYS */;
UNLOCK TABLES;

--
-- Table structure for table `crisis_alimentaria_accesocredito_otra_mujer`
--

DROP TABLE IF EXISTS `crisis_alimentaria_accesocredito_otra_mujer`;
/*!40101 SET @saved_cs_client     = @@character_set_client */;
/*!40101 SET character_set_client = utf8 */;
CREATE TABLE `crisis_alimentaria_accesocredito_otra_mujer` (
  `id` int(11) NOT NULL AUTO_INCREMENT,
  `accesocredito_id` int(11) NOT NULL,
  `credito_id` int(11) NOT NULL,
  PRIMARY KEY (`id`),
  UNIQUE KEY `crisis_alimentaria_acceso_accesocredito_id_1fb86276fccb24a_uniq` (`accesocredito_id`,`credito_id`),
  KEY `crisis_alimentaria_accesocredito_otra_mujer_400ae539` (`accesocredito_id`),
  KEY `crisis_alimentaria_accesocredito_otra_mujer_f5ceff33` (`credito_id`)
) ENGINE=MyISAM AUTO_INCREMENT=575 DEFAULT CHARSET=latin1;
/*!40101 SET character_set_client = @saved_cs_client */;

--
-- Dumping data for table `crisis_alimentaria_accesocredito_otra_mujer`
--

LOCK TABLES `crisis_alimentaria_accesocredito_otra_mujer` WRITE;
/*!40000 ALTER TABLE `crisis_alimentaria_accesocredito_otra_mujer` DISABLE KEYS */;
INSERT INTO `crisis_alimentaria_accesocredito_otra_mujer` VALUES (3,1,7),(2,2,7),(4,3,1),(5,4,7),(6,5,1),(7,6,7),(8,7,1),(9,8,7),(10,9,7),(11,10,1),(12,11,7),(13,12,7),(14,13,7),(15,14,7),(16,15,7),(17,16,7),(18,17,7),(19,18,7),(20,19,7),(21,20,7),(22,21,7),(23,22,7),(24,23,7),(25,24,7),(26,25,3),(27,26,7),(28,27,7),(29,28,7),(30,29,7),(31,30,7),(32,31,7),(33,32,7),(34,33,7),(35,34,7),(36,35,7),(37,36,7),(38,37,7),(39,38,7),(40,39,7),(41,40,7),(42,41,7),(43,42,7),(44,43,3),(45,44,7),(46,45,7),(47,46,7),(48,47,7),(49,48,7),(50,49,7),(51,50,7),(52,51,7),(53,52,7),(54,53,7),(55,54,7),(56,55,7),(57,56,7),(58,57,7),(59,58,7),(60,59,7),(61,60,1),(62,61,7),(63,62,7),(64,63,7),(65,64,7),(66,65,7),(67,66,7),(68,67,7),(69,68,7),(70,69,7),(71,70,7),(72,71,7),(73,72,1),(74,73,7),(75,74,7),(76,75,7),(77,76,7),(78,77,7),(79,78,7),(80,79,7),(81,80,7),(82,81,7),(83,82,7),(84,83,7),(85,84,7),(86,85,7),(87,86,7),(88,87,7),(89,88,7),(90,89,7),(91,90,7),(92,91,7),(93,92,7),(94,93,7),(95,94,7),(96,95,7),(97,96,7),(98,97,7),(99,98,7),(100,99,7),(101,100,7),(102,101,7),(103,102,7),(104,103,7),(105,104,7),(106,105,7),(107,106,7),(108,107,7),(109,108,7),(110,109,7),(111,110,7),(112,111,7),(113,112,7),(114,113,7),(115,114,7),(116,115,7),(117,116,7),(118,117,7),(119,118,7),(120,119,7),(121,120,7),(122,121,7),(123,122,7),(124,123,7),(125,124,7),(126,125,7),(127,126,7),(128,127,7),(129,128,7),(130,129,7),(131,130,1),(132,131,7),(133,132,7),(134,133,7),(135,134,7),(136,135,7),(137,136,7),(138,137,7),(139,138,7),(140,139,1),(141,140,7),(142,141,7),(143,142,7),(144,143,7),(145,144,7),(146,145,7),(147,146,7),(148,147,7),(149,148,7),(150,149,7),(151,150,7),(152,151,7),(153,152,7),(154,153,7),(155,154,7),(156,155,7),(157,156,7),(158,157,7),(159,158,7),(160,159,7),(161,160,7),(162,161,7),(163,162,7),(164,163,7),(165,164,7),(166,165,7),(167,166,7),(168,167,7),(169,168,7),(170,169,7),(171,170,7),(172,171,7),(173,172,7),(174,173,7),(175,174,7),(176,175,7),(177,176,7),(178,177,7),(179,178,7),(180,179,7),(181,180,7),(182,181,1),(183,182,7),(184,183,7),(185,184,1),(186,185,1),(187,186,7),(188,187,1),(189,188,7),(190,189,7),(191,190,1),(192,191,7),(193,192,7),(194,193,7),(195,194,7),(196,195,7),(197,196,7),(198,197,1),(199,198,7),(200,199,7),(201,200,1),(202,201,1),(203,202,7),(204,203,1),(205,204,7),(206,205,7),(207,206,7),(208,207,7),(209,208,7),(210,209,7),(211,210,7),(212,211,7),(213,212,7),(214,213,7),(215,214,7),(216,215,7),(217,216,7),(218,217,7),(219,218,7),(220,219,7),(221,220,7),(222,221,7),(223,222,7),(224,223,7),(225,224,7),(226,225,7),(227,226,7),(228,227,7),(229,228,7),(230,229,7),(231,230,7),(232,231,7),(233,232,7),(234,233,7),(235,234,7),(236,235,1),(237,236,1),(238,237,7),(239,238,1),(240,239,7),(241,240,7),(242,241,7),(243,242,1),(244,243,1),(245,244,7),(246,245,7),(247,246,1),(248,247,7),(249,248,7),(250,249,1),(251,250,7),(252,251,7),(253,252,1),(254,253,7),(255,254,7),(256,255,1),(257,256,7),(258,257,7),(259,258,7),(471,470,7),(261,260,1),(262,261,7),(263,262,7),(264,263,1),(265,264,7),(266,265,7),(267,266,1),(268,267,7),(269,268,7),(270,269,7),(271,270,7),(272,271,7),(273,272,7),(274,273,7),(275,274,7),(276,275,7),(277,276,7),(278,277,7),(279,278,7),(280,279,1),(281,280,1),(282,281,1),(283,282,7),(284,283,1),(285,284,7),(286,285,7),(287,286,7),(288,287,7),(289,288,7),(290,289,1),(291,290,7),(292,291,7),(293,292,7),(294,293,7),(295,294,7),(296,295,7),(297,296,7),(298,297,7),(299,298,7),(300,299,1),(301,300,1),(302,301,1),(303,302,1),(304,303,1),(305,304,1),(306,305,1),(307,306,1),(308,307,1),(309,308,1),(310,309,1),(311,310,1),(312,311,7),(313,312,7),(314,313,7),(315,314,7),(316,315,7),(317,316,7),(318,317,7),(319,318,7),(320,319,7),(321,320,7),(322,321,7),(323,322,7),(324,323,7),(325,324,7),(326,325,7),(327,326,1),(328,327,1),(329,328,1),(330,329,1),(331,330,7),(332,331,1),(333,332,1),(334,333,1),(335,334,7),(336,335,7),(337,336,7),(338,337,7),(339,338,7),(340,339,7),(341,340,7),(342,341,7),(343,342,7),(344,343,1),(345,344,1),(346,345,7),(347,346,1),(348,347,1),(349,348,1),(350,349,1),(351,350,7),(352,351,1),(353,352,1),(354,353,1),(355,354,7),(356,355,7),(357,356,1),(358,357,7),(359,358,7),(360,359,1),(361,360,1),(362,361,1),(363,362,7),(364,363,1),(365,364,7),(366,365,1),(367,366,7),(368,367,7),(369,368,7),(370,369,7),(371,370,1),(372,371,7),(373,372,7),(374,373,1),(375,374,1),(376,375,1),(377,376,1),(378,377,7),(379,378,7),(380,379,7),(381,380,7),(382,381,7),(383,382,1),(384,383,1),(385,384,7),(386,385,1),(387,386,7),(388,387,1),(389,388,7),(390,389,1),(391,390,7),(392,391,1),(393,392,7),(394,393,1),(395,394,1),(396,395,7),(397,396,1),(398,397,1),(399,398,7),(400,399,1),(401,400,7),(402,401,1),(403,402,1),(404,403,7),(405,404,7),(406,405,1),(407,406,7),(408,407,1),(409,408,1),(410,409,2),(411,410,1),(412,411,7),(413,412,1),(414,413,7),(415,414,1),(416,415,7),(417,416,1),(418,417,7),(419,418,1),(420,419,7),(421,420,7),(422,421,7),(423,422,7),(424,423,1),(425,424,7),(426,425,7),(427,426,7),(428,427,7),(429,428,7),(430,429,7),(431,430,7),(432,431,7),(433,432,7),(434,433,7),(435,434,7),(436,435,7),(437,436,7),(438,437,7),(439,438,1),(440,439,7),(441,440,7),(442,441,7),(443,442,7),(497,496,7),(445,444,7),(446,445,7),(447,446,7),(448,447,1),(449,448,7),(450,449,7),(452,451,7),(453,452,7),(454,453,7),(455,454,7),(456,455,7),(457,456,7),(458,457,7),(459,458,7),(460,459,7),(461,460,7),(462,461,7),(463,462,7),(464,463,7),(465,464,7),(466,465,7),(467,466,7),(468,467,7),(469,468,7),(496,495,7),(472,471,7),(473,472,7),(474,473,7),(475,474,7),(476,475,7),(477,476,7),(478,477,7),(479,478,7),(480,479,7),(481,480,7),(482,481,7),(483,482,7),(484,483,7),(485,484,7),(486,485,7),(487,486,7),(488,487,3),(489,488,7),(490,489,7),(491,490,7),(492,491,7),(493,492,7),(494,493,7),(495,494,7),(498,497,7),(499,498,7),(500,499,7),(501,500,7),(502,501,7),(503,502,7),(504,503,7),(505,504,7),(506,505,7),(507,506,7),(508,507,7),(509,508,7),(510,509,7),(511,510,7),(512,511,7),(513,512,7),(514,513,7),(515,514,7),(516,515,7),(517,516,7),(518,517,7),(519,518,7),(520,519,7),(521,520,7),(522,521,7),(523,522,7),(524,523,7),(525,524,7),(526,525,7),(527,526,7),(528,527,7),(529,528,7),(530,529,7),(531,530,7),(532,531,7),(533,532,7),(534,533,7),(535,534,7),(536,535,7),(537,536,7),(538,537,7),(539,538,7),(540,539,7),(541,540,7),(542,541,7),(543,542,7),(544,543,7),(545,544,7),(546,545,7),(547,546,7),(548,547,7),(549,548,7),(550,549,7),(551,550,7),(552,551,7),(553,552,7),(554,553,7),(557,556,7),(556,555,7),(558,557,7),(559,558,7),(560,559,7),(561,560,7),(562,561,7),(563,562,7),(564,563,7),(565,564,7),(566,565,7),(567,566,7),(568,567,7),(569,568,7),(570,569,7),(571,570,7),(572,571,7),(573,572,7),(574,573,7);
/*!40000 ALTER TABLE `crisis_alimentaria_accesocredito_otra_mujer` ENABLE KEYS */;
UNLOCK TABLES;

--
-- Table structure for table `crisis_alimentaria_accesocredito_otro_hombre`
--

DROP TABLE IF EXISTS `crisis_alimentaria_accesocredito_otro_hombre`;
/*!40101 SET @saved_cs_client     = @@character_set_client */;
/*!40101 SET character_set_client = utf8 */;
CREATE TABLE `crisis_alimentaria_accesocredito_otro_hombre` (
  `id` int(11) NOT NULL AUTO_INCREMENT,
  `accesocredito_id` int(11) NOT NULL,
  `credito_id` int(11) NOT NULL,
  PRIMARY KEY (`id`),
  UNIQUE KEY `crisis_alimentaria_acceso_accesocredito_id_5a2c74f66644a11_uniq` (`accesocredito_id`,`credito_id`),
  KEY `crisis_alimentaria_accesocredito_otro_hombre_400ae539` (`accesocredito_id`),
  KEY `crisis_alimentaria_accesocredito_otro_hombre_f5ceff33` (`credito_id`)
) ENGINE=MyISAM AUTO_INCREMENT=575 DEFAULT CHARSET=latin1;
/*!40101 SET character_set_client = @saved_cs_client */;

--
-- Dumping data for table `crisis_alimentaria_accesocredito_otro_hombre`
--

LOCK TABLES `crisis_alimentaria_accesocredito_otro_hombre` WRITE;
/*!40000 ALTER TABLE `crisis_alimentaria_accesocredito_otro_hombre` DISABLE KEYS */;
INSERT INTO `crisis_alimentaria_accesocredito_otro_hombre` VALUES (3,1,7),(2,2,7),(4,3,1),(5,4,7),(6,5,1),(7,6,7),(8,7,1),(9,8,7),(10,9,7),(11,10,1),(12,11,7),(13,12,7),(14,13,7),(15,14,3),(16,15,7),(17,16,7),(18,17,7),(19,18,7),(20,19,7),(21,20,7),(22,21,7),(23,22,7),(24,23,7),(25,24,7),(26,25,7),(27,26,7),(28,27,7),(29,28,7),(30,29,7),(31,30,7),(32,31,7),(33,32,7),(34,33,7),(35,34,7),(36,35,7),(37,36,7),(38,37,7),(39,38,7),(40,39,7),(41,40,7),(42,41,7),(43,42,7),(44,43,7),(45,44,7),(46,45,7),(47,46,7),(48,47,7),(49,48,7),(50,49,7),(51,50,7),(52,51,7),(53,52,7),(54,53,7),(55,54,7),(56,55,7),(57,56,7),(58,57,7),(59,58,7),(60,59,7),(61,60,1),(62,61,7),(63,62,7),(64,63,7),(65,64,7),(66,65,7),(67,66,7),(68,67,7),(69,68,7),(70,69,7),(71,70,7),(72,71,7),(73,72,1),(74,73,3),(75,74,7),(76,75,7),(77,76,7),(78,77,7),(79,78,7),(80,79,7),(81,80,7),(82,81,7),(83,82,7),(84,83,7),(85,84,7),(86,85,7),(87,86,7),(88,87,7),(89,88,7),(90,89,7),(91,90,7),(92,91,7),(93,92,4),(94,93,7),(95,94,7),(96,95,7),(97,96,7),(98,97,7),(99,98,7),(100,99,7),(101,100,7),(102,101,7),(103,102,7),(104,103,7),(105,104,7),(106,105,7),(107,106,3),(108,107,7),(109,108,7),(110,109,7),(111,110,7),(112,111,7),(113,112,7),(114,113,7),(115,114,7),(116,115,7),(117,116,7),(118,117,7),(119,118,7),(120,119,7),(121,120,7),(122,121,7),(123,122,1),(124,123,7),(125,124,7),(126,125,7),(127,126,7),(128,127,7),(129,128,7),(130,129,7),(131,130,1),(132,131,7),(133,132,7),(134,133,7),(135,134,7),(136,135,7),(137,136,7),(138,137,7),(139,138,7),(140,139,1),(141,140,7),(142,141,7),(143,142,7),(144,143,7),(145,144,7),(146,145,7),(147,146,7),(148,147,7),(149,148,7),(150,149,7),(151,150,7),(152,151,7),(153,152,7),(154,153,7),(155,154,7),(156,155,7),(157,156,7),(158,157,7),(159,158,7),(160,159,7),(161,160,7),(162,161,7),(163,162,7),(164,163,7),(165,164,7),(166,165,7),(167,166,7),(168,167,7),(169,168,7),(170,169,7),(171,170,7),(172,171,7),(173,172,7),(174,173,7),(175,174,7),(176,175,7),(177,176,7),(178,177,7),(179,178,7),(180,179,7),(181,180,7),(182,181,1),(183,182,7),(184,183,7),(185,184,1),(186,185,1),(187,186,7),(188,187,1),(189,188,7),(190,189,7),(191,190,1),(192,191,7),(193,192,7),(194,193,7),(195,194,7),(196,195,7),(197,196,7),(198,197,1),(199,198,7),(200,199,7),(201,200,1),(202,201,1),(203,202,7),(204,203,1),(205,204,7),(206,205,7),(207,206,7),(208,207,7),(209,208,7),(210,209,7),(211,210,7),(212,211,7),(213,212,7),(214,213,7),(215,214,7),(216,215,7),(217,216,7),(218,217,7),(219,218,7),(220,219,7),(221,220,7),(222,221,7),(223,222,7),(224,223,7),(225,224,7),(226,225,7),(227,226,7),(228,227,7),(229,228,7),(230,229,7),(231,230,7),(232,231,7),(233,232,7),(234,233,7),(235,234,7),(236,235,1),(237,236,1),(238,237,7),(239,238,1),(240,239,7),(241,240,7),(242,241,7),(243,242,1),(244,243,1),(245,244,7),(246,245,3),(247,246,1),(248,247,7),(249,248,7),(250,249,5),(251,250,7),(252,251,7),(253,252,1),(254,253,7),(255,254,7),(256,255,1),(257,256,7),(258,257,7),(259,258,7),(471,470,7),(261,260,1),(262,261,7),(263,262,7),(264,263,1),(265,264,7),(266,265,7),(267,266,1),(268,267,7),(269,268,7),(270,269,7),(271,270,7),(272,271,7),(273,272,7),(274,273,7),(275,274,7),(276,275,7),(277,276,7),(278,277,7),(279,278,7),(280,279,1),(281,280,1),(282,281,1),(283,282,7),(284,283,1),(285,284,7),(286,285,7),(287,286,7),(288,287,7),(289,288,7),(290,289,1),(291,290,7),(292,291,7),(293,292,7),(294,293,7),(295,294,7),(296,295,7),(297,296,7),(298,297,7),(299,298,7),(300,299,1),(301,300,1),(302,301,1),(303,302,1),(304,303,1),(305,304,1),(306,305,1),(307,306,1),(308,307,1),(309,308,1),(310,309,1),(311,310,1),(312,311,7),(313,312,7),(314,313,7),(315,314,7),(316,315,7),(317,316,7),(318,317,7),(319,318,1),(320,319,7),(321,320,7),(322,321,7),(323,322,7),(324,323,7),(325,324,7),(326,325,7),(327,326,1),(328,327,1),(329,328,1),(330,329,1),(331,330,7),(332,331,1),(333,332,1),(334,333,1),(335,334,7),(336,335,7),(337,336,7),(338,337,7),(339,338,7),(340,339,7),(341,340,7),(342,341,7),(343,342,7),(344,343,1),(345,344,1),(346,345,3),(347,346,1),(348,347,1),(349,348,1),(350,349,1),(351,350,7),(352,351,1),(353,352,1),(354,353,1),(355,354,7),(356,355,7),(357,356,1),(358,357,7),(359,358,7),(360,359,1),(361,360,1),(362,361,1),(363,362,7),(364,363,1),(365,364,7),(366,365,1),(367,366,7),(368,367,7),(369,368,7),(370,369,7),(371,370,1),(372,371,7),(373,372,7),(374,373,1),(375,374,1),(376,375,1),(377,376,1),(378,377,7),(379,378,7),(380,379,7),(381,380,7),(382,381,7),(383,382,1),(384,383,1),(385,384,7),(386,385,1),(387,386,7),(388,387,1),(389,388,7),(390,389,1),(391,390,7),(392,391,1),(393,392,7),(394,393,1),(395,394,1),(396,395,7),(397,396,1),(398,397,1),(399,398,7),(400,399,1),(401,400,7),(402,401,1),(403,402,1),(404,403,7),(405,404,7),(406,405,1),(407,406,7),(408,407,1),(409,408,1),(410,409,1),(411,410,1),(412,411,7),(413,412,1),(414,413,7),(415,414,1),(416,415,7),(417,416,1),(418,417,7),(419,418,1),(420,419,7),(421,420,7),(422,421,7),(423,422,7),(424,423,1),(425,424,7),(426,425,7),(427,426,7),(428,427,7),(429,428,7),(430,429,7),(431,430,7),(432,431,7),(433,432,7),(434,433,7),(435,434,7),(436,435,7),(437,436,7),(438,437,7),(439,438,1),(440,439,7),(441,440,7),(442,441,7),(443,442,7),(497,496,7),(445,444,7),(446,445,7),(447,446,7),(448,447,1),(449,448,7),(450,449,7),(452,451,7),(453,452,7),(454,453,7),(455,454,7),(456,455,7),(457,456,7),(458,457,7),(459,458,7),(460,459,7),(461,460,7),(462,461,7),(463,462,7),(464,463,7),(465,464,7),(466,465,7),(467,466,7),(468,467,7),(469,468,7),(496,495,7),(472,471,7),(473,472,7),(474,473,7),(475,474,7),(476,475,7),(477,476,7),(478,477,5),(479,478,7),(480,479,7),(481,480,7),(482,481,7),(483,482,7),(484,483,7),(485,484,7),(486,485,7),(487,486,7),(488,487,7),(489,488,7),(490,489,7),(491,490,7),(492,491,7),(493,492,7),(494,493,7),(495,494,7),(498,497,7),(499,498,7),(500,499,7),(501,500,7),(502,501,7),(503,502,7),(504,503,7),(505,504,7),(506,505,7),(507,506,7),(508,507,7),(509,508,7),(510,509,7),(511,510,7),(512,511,7),(513,512,7),(514,513,7),(515,514,7),(516,515,7),(517,516,7),(518,517,7),(519,518,7),(520,519,7),(521,520,7),(522,521,7),(523,522,7),(524,523,7),(525,524,7),(526,525,7),(527,526,7),(528,527,7),(529,528,7),(530,529,7),(531,530,7),(532,531,7),(533,532,7),(534,533,7),(535,534,7),(536,535,7),(537,536,7),(538,537,7),(539,538,7),(540,539,4),(541,540,7),(542,541,3),(543,542,7),(544,543,7),(545,544,7),(546,545,7),(547,546,7),(548,547,7),(549,548,7),(550,549,7),(551,550,7),(552,551,7),(553,552,7),(554,553,7),(557,556,7),(556,555,7),(558,557,7),(559,558,7),(560,559,7),(561,560,7),(562,561,7),(563,562,7),(564,563,7),(565,564,7),(566,565,7),(567,566,7),(568,567,7),(569,568,7),(570,569,7),(571,570,7),(572,571,7),(573,572,7),(574,573,7);
/*!40000 ALTER TABLE `crisis_alimentaria_accesocredito_otro_hombre` ENABLE KEYS */;
UNLOCK TABLES;

--
-- Table structure for table `crisis_alimentaria_credito`
--

DROP TABLE IF EXISTS `crisis_alimentaria_credito`;
/*!40101 SET @saved_cs_client     = @@character_set_client */;
/*!40101 SET character_set_client = utf8 */;
CREATE TABLE `crisis_alimentaria_credito` (
  `id` int(11) NOT NULL AUTO_INCREMENT,
  `nombre` varchar(200) NOT NULL,
  PRIMARY KEY (`id`)
) ENGINE=MyISAM AUTO_INCREMENT=8 DEFAULT CHARSET=latin1;
/*!40101 SET character_set_client = @saved_cs_client */;

--
-- Dumping data for table `crisis_alimentaria_credito`
--

LOCK TABLES `crisis_alimentaria_credito` WRITE;
/*!40000 ALTER TABLE `crisis_alimentaria_credito` DISABLE KEYS */;
INSERT INTO `crisis_alimentaria_credito` VALUES (1,'1. No tiene. No recibe crédito'),(2,'2. Banca tradicional, micro financiera'),(3,'3. Cooperativa, proyectos, ONG'),(4,'4. Banquito comunal'),(5,'5. Comerciantes, prestamistas'),(6,'6. Otros'),(7,'7. No aplica');
/*!40000 ALTER TABLE `crisis_alimentaria_credito` ENABLE KEYS */;
UNLOCK TABLES;

--
-- Table structure for table `crisis_alimentaria_crisis`
--

DROP TABLE IF EXISTS `crisis_alimentaria_crisis`;
/*!40101 SET @saved_cs_client     = @@character_set_client */;
/*!40101 SET character_set_client = utf8 */;
CREATE TABLE `crisis_alimentaria_crisis` (
  `id` int(11) NOT NULL AUTO_INCREMENT,
  `escases` int(11) NOT NULL,
  `causa` varchar(200) NOT NULL,
  `encuesta_id` int(11) NOT NULL,
  PRIMARY KEY (`id`),
  KEY `crisis_alimentaria_crisis_1de70ac4` (`encuesta_id`)
) ENGINE=MyISAM AUTO_INCREMENT=457 DEFAULT CHARSET=latin1;
/*!40101 SET character_set_client = @saved_cs_client */;

--
-- Dumping data for table `crisis_alimentaria_crisis`
--

LOCK TABLES `crisis_alimentaria_crisis` WRITE;
/*!40000 ALTER TABLE `crisis_alimentaria_crisis` DISABLE KEYS */;
INSERT INTO `crisis_alimentaria_crisis` VALUES (1,2,'0',3),(2,1,'Falta de Aumentar Diversificación ',5),(3,2,'no puso nada.',2),(4,2,'No esta lleno',6),(5,2,'0',7),(6,2,'No puso nada.',4),(7,2,'No puso nada.',8),(8,2,'No tiene comentario',10),(9,2,'No esta lleno',9),(10,2,'No puso nada.',11),(11,2,'No esta lleno',12),(12,2,'No rindio su cosecha de maíz y frijol ',13),(13,1,'Perdio Cosecha',16),(14,1,'La cosecha no rindio por lo cual fue la principal causa de la crisis',18),(15,2,'No esta lleno',17),(16,2,'No puso nada.',19),(17,1,'Bajo rendimiento en la cosecha, principalmente en el cultivo de frijol',21),(18,2,'No puso nada.',22),(19,2,'No esta lleno',23),(20,2,'No tiene comentario',24),(21,2,'No puso nada.',25),(22,2,'No puso nada.',26),(23,1,'Bajo rendimiento en la producción de granos basicos',27),(24,2,'No esta lleno',28),(25,2,'No puso nada.',29),(26,2,'No puso nada.',30),(27,2,'No puso nada.',31),(28,2,'No puso nada.',32),(29,2,'No puso nada.',33),(30,2,'No tiene Comentario ',35),(31,3,'No puso nada',34),(32,1,'bajo rendimiento de cosechas anteriores',37),(33,2,'No tiene comentario',38),(34,1,'Falta de dinero',39),(35,1,'falta de dinero para comprar',41),(36,2,'No tiene comentario',42),(37,2,'No tiene comentario',44),(38,2,'No esta lleno',45),(39,2,'No tiene comentario',48),(40,1,'dinero',47),(41,2,'No esta lleno',49),(42,1,'No fue suficiente la producción, falta de dinero',50),(43,2,'No tiene Comentario',51),(44,1,'No esta lleno',52),(45,2,'No tiene Comentario',53),(46,2,'No esta lleno',54),(47,1,'No tiene Comentario',56),(48,2,'No esta lleno',57),(49,1,'Falta de grano y no hubo dinero',58),(50,1,'No hubo donde ganar, falta de dinero',59),(51,2,'No tiene comentario',60),(52,2,'No esta lleno',61),(53,2,'No esta lleno',63),(54,1,'Mala cosecha',65),(55,2,'No esta lleno',66),(56,2,'No tiene comentario',68),(57,2,'no esta lleno',69),(58,2,'no esta lleno',70),(59,2,'no esta lleno',71),(60,1,'Poca Producción',72),(61,2,'no esta lleno',73),(62,2,'no esta lleno',74),(63,2,'no esta lleno',75),(64,2,'no esta lleno',76),(65,2,'no esta lleno',77),(66,2,'no esta lleno',78),(67,2,'no esta lleno',79),(68,2,'No esta lleno',81),(69,1,'Por vender la Cosecha',84),(70,2,'No tiene comentario',85),(71,1,'Falta de Tierra y falta de empleo',88),(72,2,'No tiene Comentario',89),(73,2,'No tiene Comentario',91),(74,2,'No esta lleno',92),(75,2,'No tiene Comentario',97),(76,2,'No esta lleno',100),(77,1,'Falta de Frijoles y Maíz',101),(78,2,'No esta lleno',104),(79,2,'No tiene comentario',106),(80,2,'No esta lleno',108),(81,2,'No tiene comentario',112),(82,2,'No esta lleno',113),(83,1,'Porque no tuvimos muchos ingresos',114),(84,2,'No tiene Comentario',115),(85,1,'Si, por falta de trabajo ',117),(86,2,'No tiene comentario',118),(87,2,'No esta lleno',119),(88,2,'No tiene Comentario',120),(89,1,'Porque los recursos son muy pocos y no ajusta no tiene tierras para sembrar',121),(90,2,'No tiene Comentario',122),(91,1,'No saco cosecha para alimentarse debido a falta de tierra para alquilar',123),(92,2,'No tiene Comentario',124),(93,1,'No hubo cosecha de frijoles y falta de empleo',125),(94,2,'No tiene comentario',126),(95,2,'No esta lleno',127),(96,1,'Por falta de recursos económicos',128),(97,2,'No esta lleno',129),(98,2,'No esta lleno',130),(99,2,'no esta lleno',131),(100,2,'no esta lleno',132),(101,2,'no esta lleno',133),(102,2,'no esta lleno',134),(103,2,'no esta lleno',135),(104,2,'no esta lleno',136),(105,2,'no esta lleno',137),(106,2,'no esta lleno',138),(107,2,'no esta lleno',139),(108,2,'no esta lleno',140),(109,2,'no esta lleno',141),(110,1,'Mala Cosecha',142),(111,1,'Mala cosecha',144),(112,1,'No hay dinero para comprar',146),(113,2,'No tiene comentario',147),(114,2,'No esta lleno',149),(115,2,'no esta lleno',151),(116,1,'Bajo rendiminto en la coecha y porque los granos basicos aumentan su valor comercial',152),(117,1,'Fue debido a los bajos rendimientos de maiz y frijoles',153),(118,2,'no esta lleno',154),(119,1,'No sembraron muchas areas',155),(120,2,'no esta lleno',156),(121,2,'no esta lleno',157),(122,2,'no esta lleno',158),(123,2,'no esta lleno',159),(124,2,'no esta lleno',160),(125,3,'no se cosecho suficiente maiz y frijol por las lluvias y plagas',161),(126,2,'no esta lleno',162),(127,2,'no tiene comentario',163),(128,2,'No tiene Comentario',164),(129,2,'No tiene',165),(130,2,'no esta lleno',168),(131,1,'Solo se queda con frijoles y maiz sale a trabajar para comprar cuajada, azucar, aciete',169),(132,2,'no esta lleno',170),(133,2,'no esta lleno',171),(134,2,'no esta lleno',172),(135,2,'no esta lleno',173),(136,2,'no esta lleno',174),(137,1,'No tiene donde sembrar',175),(138,1,'Mucha Lluvia le dañaron la produción',176),(139,2,'no esta lleno',177),(140,2,'no esta lleno',178),(141,2,'no esta lleno',179),(142,2,'no esta lleno',180),(143,2,'no esta lleno',181),(144,2,'no esta lleno',182),(145,2,'No esta lleno',186),(146,2,'No tiene comentario',187),(147,1,'Se gravo la jefa de casa y tuvo que vender unas vacas',188),(148,2,'No esta lleno',190),(149,2,'No tiene comentario',191),(150,2,'No tiene comentario',193),(151,1,'Falta de recursos economicos',194),(152,1,'como de postrera no hubo invierno no hubo cosecha tuvimos que vender animales',195),(153,2,'No tiene comentario',196),(154,2,'no esta lleno',197),(155,2,'no esta lleno',198),(156,2,'no esta lleno',199),(157,2,'no esta lleno',200),(158,2,'no esta lleno',201),(159,2,'no esta lleno',202),(160,2,'no esta lleno',203),(161,2,'no esta lleno',204),(162,2,'no esta lleno',205),(163,2,'no esta lleno',206),(164,2,'no esta lleno',207),(165,2,'no esta lleno',208),(166,2,'no esta lleno',209),(167,2,'No tiene comentario',210),(168,2,'No tiene comentario',211),(169,2,'No tiene comentario',212),(170,2,'No tiene comentario',213),(171,2,'No tiene comentario',214),(172,2,'No puso nada.',215),(173,1,'No tengo tierra para producir mucho solo produzco para comer y poco',217),(174,2,'No tienen comentario',220),(175,2,'No tiene comentario',222),(176,1,'La aguantaron hasta que salio la cosecha',223),(177,1,'No hubo proucción suficiente',224),(178,1,'Poca Cosecha',226),(179,2,'Mala Producción en la cosecha',228),(180,2,'No contiene Comentario',231),(181,1,'Mala cosecha',234),(182,2,'No tiene comentario',236),(183,2,'No tiene Comentario',238),(184,2,'No tiene comentario',241),(185,1,'Poca cosecha, falta dinero',243),(186,2,'No tiene comentario',244),(187,1,'No fue suficiente la producción, poca',245),(188,1,'Vendio la cosecha para pagar a financieras',246),(189,1,'Poca producción para una familia grande, falta de dinero',247),(190,1,'si',248),(191,2,'No tiene Comentario',249),(192,2,'No esta lleno',250),(193,1,'Mala cosecha y bajo rendimiento',254),(194,2,'No tiene comentario',256),(195,1,'Por mala producción',259),(196,1,'Mala producción',255),(197,1,'Hacer pequeñas ventas para poder sobrevivir, no hubo nadie que le ayudara',260),(198,1,'Tiene 4 mz de tierras son malas tierra puro barro y piedra y tiene problemas de deslave que les atierra la poca cosecha',261),(199,1,'Por falta de dinero para comprar algunos alimentos',263),(200,1,'no sirve la siembra',264),(201,1,'Poco rendimiento de cosecha anterior',265),(202,1,'Por poca producción en la cosecha',266),(203,1,'Poca cosecha',267),(204,2,'No tiene Comentario',268),(205,1,'No cosecha y no hay recursos para aumentar la producción',269),(206,1,'Mala cosecha y falta de dinero para comprar productos',270),(207,2,'No tiene Comentario',271),(208,2,'0',272),(209,1,'Escaces en los granos basicosy falta de dinero para comprar',273),(210,2,'No esta lleno',275),(211,2,'No tiene comentario',276),(212,1,'No esta lleno',278),(213,2,'No tiene comentario',280),(214,1,'Por falta de recursos para comprar los alimentos y la mala cosecha.',281),(215,2,'No tiene comentario',282),(216,2,'No esta lleno',283),(217,1,'No se tiene tierra para la produccion',285),(218,2,'No tiene comentario',286),(219,1,'No se guarda suficiente comida',288),(220,2,'No tiene comentario',291),(221,1,'El mal tiempo y vendimos todo',292),(222,1,'Falta de trabajo, mal invierno',294),(223,2,'No puso nada',295),(224,1,'Falta de Empleo',296),(225,2,'No esta lleno',297),(226,1,'Falta de trabajo mal invierno',298),(227,1,'No dejo suficiente maiz para el autoconsumo, además la producción de este fue baja, para maiz y frijol',299),(228,1,'Situación Economica mala y apoyo a los hijos en los EEUU',300),(229,1,'Falta de Trabajo',302),(230,2,'No esta lleno',305),(231,1,'Verano',306),(232,2,'No esta lleno',308),(233,1,'Verano',309),(234,2,'No esta lleno',311),(235,1,'Mal invierno',312),(236,2,'No esta lleno',313),(237,1,'Mal Invierno',316),(238,2,'No esta lleno',317),(239,2,'No esta lleno',318),(412,1,'Sequia',538),(241,1,'Mal Invierno',321),(242,2,'No esta lleno',322),(243,1,'Mail Invierno',324),(244,1,'Por venirse a la parcela dejaron su casa en el tuma.',325),(245,1,'Mala Cosecha',326),(246,1,'Por la sequia que fue muy fuerte no se logro cosechar nada',327),(247,1,'Por ser nuevas en la comunidad',328),(248,2,'No esta lleno',329),(249,2,'No esta lleno',331),(250,2,'no esta lleno',332),(251,2,'no esta lleno',333),(252,2,'no esta lleno',334),(253,2,'no esta lleno',335),(254,2,'no esta lleno',336),(255,2,'no esta lleno',337),(256,2,'no esta lleno',338),(257,1,'No hay dinero para comprar los alimentos',339),(258,1,'No hubo buen invierno, no hubo cosecha',340),(259,1,'Por la sequía, hubo escases de comida y ademas se puso cara',341),(260,1,'El invierno fue malo por lo tanto no hubo cosecha',342),(261,1,'No lograron ajustar con sus reservas de maiz y frijol',343),(262,1,'Escacez de Maiz y Guineo, por falta de recursos',344),(263,1,'Mala cosecha',345),(264,2,'No esta lleno',348),(265,2,'no esta lleno',349),(266,2,'no esta lleno',352),(267,2,'no esta lleno',353),(268,2,'no esta lleno',354),(269,2,'no esta lleno',355),(270,1,'no esta lleno',356),(271,2,'no esta lleno',357),(272,1,'Cosecha Mala',358),(273,1,'No hubo cosecha en el invierno',359),(274,1,'Falta de empleo, mal invierno',360),(275,1,'Sequia',361),(276,1,'Por el mal invierno. no hubo cosecha y ademas se puso caro.',362),(277,1,'Por la sequia no hubo cosecha por lo tanto los alimentos se pusieron caros.',363),(278,1,'Por la falta de invierno',364),(279,1,'Por Problemas de la sequía no se cosecha nada ',365),(280,1,'El invierno fue malo se sembra pero no se cosecha',368),(281,1,'Sequia en la Postrera',369),(282,1,'Verano, falta de empleo',370),(283,1,'No Hubo Invierno ',371),(284,2,'no esta lleno',372),(285,2,'no esta lleno',373),(286,2,'no esta lleno',374),(287,2,'no esta lleno',375),(288,2,'no esta lleno',376),(289,1,'Cambio de clima friega mi cosecha',377),(290,2,'no esta lleno',378),(291,2,'no esta lleno',379),(292,2,'no esta lleno',380),(293,2,'no esta lleno',381),(294,2,'no esta lleno',382),(295,2,'no esta lleno',383),(296,2,'no esta lleno',384),(297,2,'no esta lleno',385),(298,2,'no esta lleno',386),(299,1,'Mal Invierno',387),(300,1,'El Verano',388),(301,1,'Verano',389),(302,1,'Mal Invierno',390),(303,2,'No esta lleno',391),(304,1,'Mal Invierno',392),(305,2,'No tiene comentario',393),(306,1,'Sequia',394),(307,2,'no esta lleno',395),(308,2,'no esta lleno',396),(309,2,'no esta lleno',397),(310,1,'mal tiempo, perdida de cosecha',398),(311,2,'no esta lleno',399),(312,2,'no esta lleno',400),(313,2,'no esta lleno',401),(314,2,'no esta lleno',402),(315,2,'no esta lleno',403),(316,1,'Sequía',404),(317,1,'Sequía',405),(318,1,'Mal invierno y lo que no se cosecho',406),(319,1,'Falta de Empleo',407),(320,1,'Sequía',409),(321,1,'Sequía',410),(322,2,'no esta  lleno',411),(323,1,'Sequía No cosecha',412),(324,2,'No tiene comentario',413),(325,1,'vendieron sus granos para comprar otros insumos o alimnetos',415),(326,2,'No tiene comentario',416),(327,1,'Mal Invierno, En postrera',417),(328,1,'no esta  lleno',418),(329,1,'Falta de Dinero, mala cosecha',419),(330,1,'Mal Invierno',420),(331,1,'Mal Invierno',421),(332,1,'Por la sequía que no pudo cosechar',422),(333,2,'no esta  lleno',423),(334,1,'Por la sequia, falta de dinero, no hubo empleo',424),(335,1,'No rindio la cosecha',425),(336,1,'La sequia lo que ocasiono escaces en los alimentos por lo tanto se pusieron caras.',426),(337,2,'no esta  lleno',427),(338,1,'No hubo cosecha, por la sequia.',428),(339,1,'La falta de cosecha para el invierno',429),(340,2,'no esta  lleno',430),(341,1,'No s eprodujo la cantidad necesarias por el clima',432),(342,2,'no esta  lleno',434),(343,1,'No hubo cosecha',433),(344,1,'Sequía ',435),(345,1,'Sequía',436),(346,1,'Falta de Empleo',437),(347,2,'no esta  lleno',438),(348,2,'no esta  lleno',439),(349,2,'no esta  lleno',440),(350,1,'Salir a trabajar fuera del pais',441),(351,1,'Perdida Cosecha',442),(352,1,'Por la sequia todo se puso caro, con respecto a comida',443),(353,1,'Bajos rendimientos',444),(354,1,'Verano',446),(355,1,'Perdida Cosecha',447),(356,1,'Mal invierno',448),(357,2,'No Tiene Comentario',449),(358,1,'Mal Invierno',450),(359,1,'Mal Invierno',452),(360,1,'Desempleo',453),(361,1,'Verano',454),(362,1,'Mal invierno',455),(363,1,'Mal invierno',458),(364,2,'No tiene Comentario',459),(365,2,'No tiene comentario',461),(366,1,'Sequia',462),(367,1,'Sequia',463),(368,1,'Sequía',464),(369,1,'Sequía',465),(370,1,'Mala cosecha y cero trabajo',466),(371,1,'Desempleo',467),(372,1,'Sequia',468),(373,1,'Sequia',470),(374,1,'Sequia, Cero cosecha',471),(375,1,' Desempleo',472),(376,1,'Sequia',473),(377,1,'No se cosecho por falta de agua',475),(378,1,'Sequía',476),(379,1,'Por la sequia, no se logro cosechar y por falta de trabajo',477),(380,1,'Por la sequia que fue muy fuerte',479),(381,1,'Sequía ',481),(382,1,'Sequía',482),(383,2,'No tiene comentario',483),(384,1,'Mala Cosecha',485),(385,1,'Sequía',486),(386,1,'baja producción , pago de credito',489),(387,2,'no esta  lleno',491),(388,1,'Sequía ',492),(389,2,'no esta  lleno',493),(390,1,'No hubo cosecha',495),(391,1,'Mala cosecha',496),(392,2,'no esta  lleno',499),(393,2,'no esta  lleno',502),(394,2,'no esta  lleno',504),(395,1,'Sequía',505),(398,1,'No Sembraron ',510),(399,1,'Malas Cosechas',519),(400,1,'Sequía',522),(401,1,'Sequía',523),(402,1,'No tiene Comentario ',525),(403,1,'Desempleo ',526),(404,1,'Cosecha Baja',528),(405,1,'no hubo cosecha',530),(406,1,'No hubo cosecha',531),(407,2,'no esta lleno',532),(408,1,'No Hubo Cosecha',533),(409,1,'Sequia',534),(423,1,'No pudieron conseguir maiz ',565),(411,1,'Sequia',536),(413,1,' Sequia',540),(414,1,'Sequia',541),(415,1,'Sequia',548),(416,2,'No esta lleno',551),(417,1,'Sequía',552),(418,1,'No tenian Ganas, ni dinero para comprar',555),(419,1,'Sequía',556),(420,2,'No esta lleno',557),(421,1,'No hubo cosecha',558),(422,1,'Sequía',561),(424,1,'No tiene comentario',566),(425,3,'No esta lleno',567),(426,2,'No esta lleno',571),(427,2,'No esta lleno',574),(428,3,'No esta lleno',577),(429,2,'No esta lleno',579),(430,1,'Falta de maiz',581),(431,2,'No esta lleno',583),(432,2,'No esta lleno',586),(433,1,'No esta lleno',589),(434,2,'No esta lleno',594),(435,2,'No esta lleno',598),(436,2,'no esta lleno',602),(437,2,'no esta lleno',603),(438,2,'no esta lleno',604),(439,1,'Los pocos dias sin comer',605),(440,1,'Mala producción Agricola',607),(441,2,'no esta lleno',608),(442,2,'no esta lleno',609),(443,2,'no esta lleno',610),(444,1,'Estrategia Dura',611),(445,2,'no esta lleno',612),(446,2,'no esta lleno',613),(447,2,'no esta lleno',614),(448,2,'No hay dinero para comprar los alimentos',615),(449,1,'Falta de dinero y le trabajan a otros solo para comer ',616),(450,2,'no esta lleno',617),(451,2,'no esta lleno',618),(452,2,'no esta lleno',619),(453,1,'No Hubo Producción ',622),(456,1,'No tiene comentario',643),(455,1,'Bajo rendimiento productivo',626);
/*!40000 ALTER TABLE `crisis_alimentaria_crisis` ENABLE KEYS */;
UNLOCK TABLES;

--
-- Table structure for table `crisis_alimentaria_crisis_enfrentar`
--

DROP TABLE IF EXISTS `crisis_alimentaria_crisis_enfrentar`;
/*!40101 SET @saved_cs_client     = @@character_set_client */;
/*!40101 SET character_set_client = utf8 */;
CREATE TABLE `crisis_alimentaria_crisis_enfrentar` (
  `id` int(11) NOT NULL AUTO_INCREMENT,
  `crisis_id` int(11) NOT NULL,
  `estrategiacrisis_id` int(11) NOT NULL,
  PRIMARY KEY (`id`),
  UNIQUE KEY `crisis_alimentaria_crisis_enfre_crisis_id_512de62227fa0819_uniq` (`crisis_id`,`estrategiacrisis_id`),
  KEY `crisis_alimentaria_crisis_enfrentar_72b9f68f` (`crisis_id`),
  KEY `crisis_alimentaria_crisis_enfrentar_1a42f220` (`estrategiacrisis_id`)
) ENGINE=MyISAM AUTO_INCREMENT=528 DEFAULT CHARSET=latin1;
/*!40101 SET character_set_client = @saved_cs_client */;

--
-- Dumping data for table `crisis_alimentaria_crisis_enfrentar`
--

LOCK TABLES `crisis_alimentaria_crisis_enfrentar` WRITE;
/*!40000 ALTER TABLE `crisis_alimentaria_crisis_enfrentar` DISABLE KEYS */;
INSERT INTO `crisis_alimentaria_crisis_enfrentar` VALUES (3,1,6),(2,2,4),(5,3,7),(9,4,7),(7,5,7),(8,6,7),(10,7,7),(11,8,7),(12,9,7),(13,10,7),(14,11,7),(15,12,5),(16,13,3),(17,14,1),(18,15,7),(19,16,7),(20,17,6),(21,18,7),(22,19,7),(23,20,7),(24,21,7),(25,22,7),(26,23,6),(27,24,7),(28,25,7),(29,26,7),(30,27,7),(31,28,7),(32,29,7),(33,30,7),(34,31,7),(35,32,3),(36,33,7),(37,34,3),(38,35,5),(39,36,7),(40,37,7),(41,38,7),(42,39,7),(43,40,1),(44,40,2),(45,41,7),(46,42,5),(47,43,7),(48,44,7),(49,45,7),(50,46,7),(51,47,7),(52,48,7),(53,49,3),(54,50,5),(55,51,7),(56,52,7),(57,53,7),(58,54,3),(59,55,7),(60,56,7),(61,57,7),(62,58,7),(63,59,7),(64,60,5),(65,61,7),(66,62,7),(67,63,7),(68,64,7),(69,65,7),(70,66,7),(71,67,7),(72,68,7),(73,69,6),(74,70,7),(75,71,1),(76,71,3),(77,72,7),(78,73,7),(79,74,7),(80,75,7),(81,76,7),(82,77,1),(83,78,7),(84,79,7),(85,80,7),(86,81,7),(87,82,7),(88,83,6),(89,84,7),(90,85,6),(91,86,7),(92,87,7),(93,88,7),(94,89,5),(95,90,7),(96,91,5),(97,92,7),(98,93,2),(99,93,3),(100,93,5),(101,94,7),(102,95,7),(103,96,2),(104,97,7),(105,98,7),(106,99,7),(107,100,7),(108,101,7),(109,102,7),(110,103,7),(111,104,7),(112,105,7),(113,106,7),(114,107,7),(115,108,7),(116,109,7),(117,110,7),(118,111,1),(119,112,5),(120,113,7),(121,114,7),(122,115,7),(123,116,6),(124,117,3),(125,118,7),(126,119,1),(127,120,7),(128,121,7),(129,122,7),(130,123,7),(131,124,7),(132,125,3),(133,126,7),(134,127,7),(135,128,7),(136,129,7),(137,130,7),(138,131,3),(139,132,7),(140,133,7),(141,134,7),(142,135,7),(143,136,7),(144,137,6),(145,138,5),(146,139,7),(147,140,7),(148,141,7),(149,142,7),(150,143,7),(151,144,7),(152,145,7),(153,146,7),(154,147,2),(155,148,7),(156,149,7),(157,150,7),(158,151,1),(159,152,2),(160,153,7),(161,154,7),(162,155,7),(163,156,7),(164,157,7),(165,158,7),(166,159,7),(167,160,7),(168,161,7),(169,162,7),(170,163,7),(171,164,7),(172,165,7),(173,166,7),(174,167,7),(175,168,7),(176,169,7),(177,170,7),(178,171,7),(179,172,7),(180,173,3),(181,174,7),(182,175,7),(183,176,6),(184,177,3),(185,178,3),(186,179,7),(187,180,7),(188,181,7),(189,182,7),(190,183,7),(191,184,7),(192,185,6),(193,186,7),(194,187,3),(195,188,2),(196,189,4),(197,189,5),(198,190,4),(199,191,7),(200,192,7),(201,193,3),(202,194,7),(203,195,2),(204,196,7),(205,197,7),(206,198,3),(207,199,6),(208,200,3),(209,201,3),(210,202,3),(211,203,6),(212,204,7),(213,205,3),(214,206,3),(215,207,7),(216,208,7),(217,209,3),(218,209,5),(219,210,7),(220,211,7),(221,212,1),(222,213,7),(223,214,5),(224,215,7),(225,216,7),(226,217,3),(227,218,7),(228,219,3),(229,220,7),(230,221,2),(231,222,3),(232,223,7),(233,224,1),(234,225,7),(235,226,1),(236,226,3),(237,227,3),(238,228,1),(239,229,1),(240,229,2),(241,230,7),(242,231,3),(243,232,7),(244,233,1),(245,233,3),(246,233,5),(247,234,7),(248,235,1),(249,235,2),(250,235,3),(251,236,7),(252,237,1),(253,237,3),(254,238,7),(255,239,7),(476,412,6),(257,241,3),(258,242,7),(259,243,6),(260,244,3),(261,245,3),(262,246,1),(263,246,5),(264,247,1),(265,247,3),(266,248,7),(267,249,7),(268,250,7),(269,251,7),(270,252,7),(271,253,7),(272,254,7),(273,255,7),(274,256,7),(275,257,6),(276,258,3),(277,258,5),(278,259,5),(279,260,5),(280,261,3),(281,262,1),(282,263,3),(283,264,7),(284,265,7),(285,266,7),(286,267,7),(287,268,7),(288,269,7),(289,270,7),(290,271,7),(291,272,3),(292,273,3),(293,273,5),(294,274,3),(295,275,3),(296,276,1),(297,276,5),(298,277,5),(299,278,3),(300,278,5),(301,279,5),(302,280,3),(303,281,1),(304,281,3),(305,282,1),(306,282,3),(307,282,5),(308,283,5),(309,284,7),(310,285,7),(311,286,7),(312,287,7),(313,288,7),(314,289,3),(315,290,7),(316,291,5),(317,292,7),(318,293,7),(319,294,7),(320,295,7),(321,296,7),(322,297,7),(323,298,7),(324,299,1),(325,299,3),(326,300,3),(327,301,3),(328,302,3),(329,303,7),(330,304,1),(331,304,3),(332,305,7),(333,306,3),(334,307,7),(335,308,7),(336,309,7),(337,310,4),(338,311,7),(339,312,7),(340,313,7),(341,314,7),(342,315,7),(343,316,3),(344,317,3),(345,317,5),(346,318,3),(347,318,5),(348,319,1),(349,320,1),(350,321,3),(351,322,7),(352,323,3),(353,324,7),(354,325,2),(355,326,7),(356,327,1),(357,328,7),(358,329,1),(359,330,3),(360,331,3),(361,332,1),(362,332,3),(363,333,7),(364,334,1),(365,334,3),(366,334,5),(367,335,1),(368,335,3),(369,336,1),(370,336,5),(371,337,7),(372,338,1),(373,338,3),(374,339,5),(375,340,7),(376,341,1),(377,341,2),(378,341,3),(379,342,7),(380,343,2),(381,343,3),(382,344,1),(383,344,2),(384,344,5),(385,345,1),(386,345,5),(387,346,1),(388,346,2),(389,346,5),(390,347,7),(391,348,7),(392,349,7),(393,350,3),(394,351,3),(395,352,1),(396,352,3),(397,353,1),(398,353,5),(399,354,1),(400,354,3),(401,355,3),(402,356,3),(403,357,7),(404,358,3),(405,359,3),(406,359,5),(407,360,2),(408,360,5),(409,361,1),(410,361,3),(411,361,5),(412,362,1),(413,362,2),(414,362,3),(415,363,1),(416,363,3),(417,363,5),(418,364,7),(419,365,7),(420,366,3),(421,367,3),(422,368,2),(423,369,3),(424,370,3),(425,370,5),(426,371,2),(427,372,1),(428,372,5),(429,373,5),(430,374,3),(431,375,2),(432,375,3),(433,376,3),(434,377,3),(435,377,4),(436,378,3),(437,379,1),(438,379,5),(439,380,1),(440,380,3),(441,381,1),(442,381,2),(443,382,1),(444,382,3),(445,383,7),(446,384,3),(447,385,1),(448,386,3),(449,387,7),(450,388,1),(451,389,7),(452,390,5),(453,391,3),(454,392,7),(455,393,7),(456,394,7),(457,395,1),(494,425,7),(493,424,6),(460,398,7),(461,399,5),(462,400,3),(463,401,1),(464,402,3),(465,403,2),(466,404,3),(467,405,3),(468,406,3),(469,407,7),(470,408,1),(471,408,6),(472,409,2),(473,409,3),(492,423,6),(475,411,1),(477,413,1),(478,414,1),(479,415,1),(480,415,2),(481,416,7),(482,417,6),(483,418,3),(484,419,1),(485,419,3),(486,420,7),(487,421,1),(488,421,2),(489,421,3),(490,422,1),(491,422,2),(495,426,7),(496,427,7),(497,428,7),(498,429,7),(499,430,2),(500,430,6),(501,431,6),(502,432,7),(503,433,7),(504,434,7),(505,435,7),(506,436,7),(507,437,7),(508,438,7),(509,439,6),(510,440,2),(511,441,7),(512,442,7),(513,443,4),(514,444,2),(515,445,7),(516,446,7),(517,447,7),(518,448,7),(519,449,6),(520,450,7),(521,451,7),(522,452,7),(523,453,1),(524,453,5),(527,456,6),(526,455,2);
/*!40000 ALTER TABLE `crisis_alimentaria_crisis_enfrentar` ENABLE KEYS */;
UNLOCK TABLES;

--
-- Table structure for table `crisis_alimentaria_estrategiacrisis`
--

DROP TABLE IF EXISTS `crisis_alimentaria_estrategiacrisis`;
/*!40101 SET @saved_cs_client     = @@character_set_client */;
/*!40101 SET character_set_client = utf8 */;
CREATE TABLE `crisis_alimentaria_estrategiacrisis` (
  `id` int(11) NOT NULL AUTO_INCREMENT,
  `nombre` varchar(200) NOT NULL,
  PRIMARY KEY (`id`)
) ENGINE=MyISAM AUTO_INCREMENT=8 DEFAULT CHARSET=latin1;
/*!40101 SET character_set_client = @saved_cs_client */;

--
-- Dumping data for table `crisis_alimentaria_estrategiacrisis`
--

LOCK TABLES `crisis_alimentaria_estrategiacrisis` WRITE;
/*!40000 ALTER TABLE `crisis_alimentaria_estrategiacrisis` DISABLE KEYS */;
INSERT INTO `crisis_alimentaria_estrategiacrisis` VALUES (1,'1. Estrategia suave. Recibieron ayuda: del Gobierno, alcaldia, ONG, iglesias, cooperación internacional, familiares'),(2,'2. Estrategia dura. Tuvieron que vender ganado, oro, otros bienes familiares (BK)'),(3,'3. Estrategia dura. Salieron a trabajar fuera de su comarca, propiedad, hogar o al extranjero'),(4,'4. Estrategia muy dura. Tuvieron que vender tierras, lotes, casas'),(5,'5. Estrategia muy dura. Se endeudaron (micro-financiera, prestamistas)'),(6,'Otra...'),(7,'No aplica');
/*!40000 ALTER TABLE `crisis_alimentaria_estrategiacrisis` ENABLE KEYS */;
UNLOCK TABLES;

--
-- Table structure for table `diversidad_alimentaria_alimentos`
--

DROP TABLE IF EXISTS `diversidad_alimentaria_alimentos`;
/*!40101 SET @saved_cs_client     = @@character_set_client */;
/*!40101 SET character_set_client = utf8 */;
CREATE TABLE `diversidad_alimentaria_alimentos` (
  `id` int(11) NOT NULL AUTO_INCREMENT,
  `nombre` varchar(200) NOT NULL,
  PRIMARY KEY (`id`)
) ENGINE=MyISAM AUTO_INCREMENT=21 DEFAULT CHARSET=latin1;
/*!40101 SET character_set_client = @saved_cs_client */;

--
-- Dumping data for table `diversidad_alimentaria_alimentos`
--

LOCK TABLES `diversidad_alimentaria_alimentos` WRITE;
/*!40000 ALTER TABLE `diversidad_alimentaria_alimentos` DISABLE KEYS */;
INSERT INTO `diversidad_alimentaria_alimentos` VALUES (1,'Maíz'),(2,'Frijol'),(3,'Sorgo / Maicillo'),(4,'Soya'),(5,'Arroz'),(6,'Papas'),(7,'Camote'),(8,'Yuca'),(9,'Malanga, quequisque'),(10,'Verduras'),(11,'Hortalizas'),(12,'Frutas: cualquiera'),(13,'Frutas de enramados'),(14,'Lacteos: Quesos, cuajadas, mantequilla, crema'),(15,'Huevos'),(16,'Carnes y pescados'),(17,'Aceite, grasas'),(18,'Azúcar'),(19,'Pan'),(20,'Otros');
/*!40000 ALTER TABLE `diversidad_alimentaria_alimentos` ENABLE KEYS */;
UNLOCK TABLES;

--
-- Table structure for table `diversidad_alimentaria_diversidad`
--

DROP TABLE IF EXISTS `diversidad_alimentaria_diversidad`;
/*!40101 SET @saved_cs_client     = @@character_set_client */;
/*!40101 SET character_set_client = utf8 */;
CREATE TABLE `diversidad_alimentaria_diversidad` (
  `id` int(11) NOT NULL AUTO_INCREMENT,
  `alimento_id` int(11) NOT NULL,
  `respuesta` int(11) NOT NULL,
  `encuesta_id` int(11) NOT NULL,
  PRIMARY KEY (`id`),
  KEY `diversidad_alimentaria_diversidad_7daf7119` (`alimento_id`),
  KEY `diversidad_alimentaria_diversidad_1de70ac4` (`encuesta_id`)
) ENGINE=MyISAM AUTO_INCREMENT=5235 DEFAULT CHARSET=latin1;
/*!40101 SET character_set_client = @saved_cs_client */;

--
-- Dumping data for table `diversidad_alimentaria_diversidad`
--

LOCK TABLES `diversidad_alimentaria_diversidad` WRITE;
/*!40000 ALTER TABLE `diversidad_alimentaria_diversidad` DISABLE KEYS */;
INSERT INTO `diversidad_alimentaria_diversidad` VALUES (1,1,1,3),(2,2,1,3),(3,5,1,3),(4,12,1,3),(5,15,1,3),(6,17,1,3),(7,18,1,3),(8,1,1,5),(9,2,1,5),(10,5,1,5),(11,6,1,5),(12,8,1,5),(13,9,1,5),(14,10,1,5),(15,11,1,5),(16,13,1,5),(17,16,1,5),(18,17,1,5),(19,18,1,5),(20,19,1,5),(21,1,1,2),(22,2,1,2),(23,3,1,2),(24,5,1,2),(25,15,1,2),(26,18,1,2),(27,19,1,2),(28,1,1,6),(29,2,1,6),(30,5,1,6),(31,10,1,6),(32,12,1,6),(33,15,1,6),(34,17,1,6),(35,18,1,6),(36,1,1,7),(37,2,1,7),(38,5,1,7),(39,10,1,7),(40,12,1,7),(41,17,1,7),(42,18,1,7),(43,19,1,7),(44,1,1,4),(45,2,1,4),(46,5,1,4),(47,14,1,4),(48,17,1,4),(49,18,1,4),(50,1,1,8),(51,2,1,8),(52,5,1,8),(53,15,1,8),(54,17,1,8),(55,18,1,8),(56,1,1,10),(57,2,1,10),(58,5,1,10),(59,8,1,10),(60,9,1,10),(61,10,1,10),(62,12,1,10),(63,14,1,10),(64,15,1,10),(65,17,1,10),(66,18,1,10),(67,19,1,10),(68,1,1,9),(69,2,1,9),(70,8,1,9),(71,10,1,9),(72,15,1,9),(73,17,1,9),(74,18,1,9),(75,1,1,11),(76,2,1,11),(77,5,1,11),(78,6,1,11),(79,10,1,11),(80,12,1,11),(81,14,1,11),(82,17,1,11),(83,18,1,11),(84,1,1,12),(85,2,1,12),(86,10,1,12),(87,11,1,12),(88,15,1,12),(89,17,1,12),(90,18,1,12),(91,19,1,12),(92,1,1,13),(93,2,1,13),(94,5,1,13),(95,8,1,13),(96,15,1,13),(97,17,1,13),(98,18,1,13),(99,1,1,15),(100,2,1,15),(101,3,1,15),(102,5,1,15),(103,12,1,15),(104,15,1,15),(105,17,1,15),(106,18,1,15),(107,1,1,14),(108,2,1,14),(109,5,1,14),(110,12,1,14),(111,15,1,14),(112,17,1,14),(113,18,1,14),(114,1,1,16),(115,2,1,16),(116,1,1,18),(117,2,1,18),(118,5,1,18),(119,6,1,18),(120,10,1,18),(121,14,1,18),(122,17,1,18),(123,18,1,18),(124,19,1,18),(125,1,1,17),(126,2,1,17),(127,5,1,17),(128,14,1,17),(129,15,1,17),(130,17,1,17),(131,18,1,17),(132,1,1,19),(133,2,1,19),(134,5,1,19),(135,17,1,19),(136,18,1,19),(137,1,1,20),(138,2,1,20),(139,15,1,20),(140,18,1,20),(141,1,1,21),(142,2,1,21),(143,5,1,21),(144,6,1,21),(145,8,1,21),(146,9,1,21),(147,10,1,21),(148,14,1,21),(149,15,1,21),(150,17,1,21),(151,18,1,21),(152,19,1,21),(153,1,1,22),(154,2,1,22),(155,3,1,22),(156,5,1,22),(157,15,1,22),(158,16,1,22),(159,17,1,22),(160,18,1,22),(161,1,1,23),(162,2,1,23),(163,5,1,23),(164,15,1,23),(165,17,1,23),(166,18,1,23),(167,1,1,24),(168,2,1,24),(169,5,1,24),(170,8,1,24),(171,9,1,24),(172,12,1,24),(173,14,1,24),(174,15,1,24),(175,16,1,24),(176,18,1,24),(177,19,1,24),(178,1,1,25),(179,2,1,25),(180,5,1,25),(181,15,1,25),(182,17,1,25),(183,18,1,25),(184,1,1,26),(185,2,1,26),(186,5,1,26),(187,15,1,26),(188,17,1,26),(189,18,1,26),(190,1,1,27),(191,2,1,27),(192,5,1,27),(193,8,1,27),(194,9,1,27),(195,14,1,27),(196,15,1,27),(197,16,1,27),(198,17,1,27),(199,18,1,27),(200,19,1,27),(201,1,1,28),(202,2,1,28),(203,12,1,28),(204,15,1,28),(205,17,1,28),(206,18,1,28),(207,19,1,28),(208,1,1,29),(209,2,1,29),(210,5,1,29),(211,15,1,29),(212,17,1,29),(213,18,1,29),(214,1,1,30),(215,2,1,30),(216,5,1,30),(217,17,1,30),(218,18,1,30),(219,1,1,31),(220,2,1,31),(221,5,1,31),(222,11,1,31),(223,14,1,31),(224,18,1,31),(225,1,1,32),(226,2,1,32),(227,5,1,32),(228,14,1,32),(229,15,1,32),(230,17,1,32),(231,18,1,32),(232,1,1,33),(233,2,1,33),(234,5,1,33),(235,14,1,33),(236,15,1,33),(237,17,1,33),(238,18,1,33),(239,1,1,35),(240,2,1,35),(241,18,1,35),(242,1,1,34),(243,2,1,34),(244,10,1,34),(245,14,1,34),(246,18,1,34),(247,1,1,37),(248,2,1,37),(249,5,1,37),(250,10,1,37),(251,13,1,37),(252,16,1,37),(253,18,1,37),(254,1,1,36),(255,2,1,36),(256,18,1,36),(257,1,1,38),(258,2,1,38),(259,5,1,38),(260,6,1,38),(261,9,1,38),(262,10,1,38),(263,12,1,38),(264,15,1,38),(265,17,1,38),(266,18,1,38),(267,1,1,39),(268,2,1,39),(269,1,1,40),(270,2,1,40),(271,5,1,40),(272,15,1,40),(273,17,1,40),(274,18,1,40),(275,1,1,41),(276,2,1,41),(277,5,1,41),(278,10,1,41),(279,11,1,41),(280,12,1,41),(281,17,1,41),(282,18,1,41),(283,1,1,42),(284,2,1,42),(285,5,1,42),(286,12,1,42),(287,14,1,42),(288,15,1,42),(289,17,1,42),(290,18,1,42),(291,1,1,43),(292,2,1,43),(293,5,1,43),(294,11,1,43),(295,15,1,43),(296,16,1,43),(297,17,1,43),(298,18,1,43),(299,1,1,44),(300,2,1,44),(301,12,1,44),(302,15,1,44),(303,17,1,44),(304,18,1,44),(305,1,1,45),(306,8,1,45),(307,10,1,45),(308,11,1,45),(309,12,1,45),(310,14,1,45),(311,16,1,45),(312,17,1,45),(313,18,1,45),(314,19,1,45),(315,1,1,46),(316,2,1,46),(317,5,1,46),(318,10,1,46),(319,14,1,46),(320,15,1,46),(321,16,1,46),(322,17,1,46),(323,18,1,46),(324,19,1,46),(325,1,1,48),(326,2,1,48),(327,5,1,48),(328,10,1,48),(329,11,1,48),(330,12,1,48),(331,14,1,48),(332,16,1,48),(333,17,1,48),(334,18,1,48),(335,19,1,48),(336,1,1,47),(337,2,1,47),(338,5,1,47),(339,14,1,47),(340,17,1,47),(341,18,1,47),(342,1,1,49),(343,2,1,49),(344,5,1,49),(345,1,1,50),(346,2,1,50),(347,18,1,50),(348,1,1,51),(349,2,1,51),(350,10,1,51),(351,12,1,51),(352,15,1,51),(353,1,1,52),(354,2,1,52),(355,5,1,52),(356,9,1,52),(357,10,1,52),(358,12,1,52),(359,14,1,52),(360,15,1,52),(361,17,1,52),(362,18,1,52),(363,1,1,53),(364,2,1,53),(365,5,1,53),(366,9,1,53),(367,10,1,53),(368,11,1,53),(369,12,1,53),(370,14,1,53),(371,17,1,53),(372,18,1,53),(373,1,1,54),(374,2,1,54),(375,5,1,54),(376,9,1,54),(377,11,1,54),(378,12,1,54),(379,14,1,54),(380,17,1,54),(381,18,1,54),(382,2,1,56),(383,5,1,56),(384,9,1,56),(385,10,1,56),(386,17,1,56),(387,18,1,56),(388,1,1,55),(389,2,1,55),(390,5,1,55),(391,8,1,55),(392,13,1,55),(393,14,1,55),(394,15,1,55),(395,17,1,55),(396,18,1,55),(397,1,1,57),(398,2,1,57),(399,5,1,57),(400,9,1,57),(401,10,1,57),(402,11,1,57),(403,12,1,57),(404,14,1,57),(405,15,1,57),(406,16,1,57),(407,17,1,57),(408,18,1,57),(409,1,1,58),(410,2,1,58),(411,5,1,58),(412,18,1,58),(413,1,1,59),(414,2,1,59),(415,18,1,59),(416,1,1,60),(417,2,1,60),(418,5,1,60),(419,6,1,60),(420,10,1,60),(421,13,1,60),(422,14,1,60),(423,15,1,60),(424,17,1,60),(425,18,1,60),(426,19,1,60),(427,1,1,61),(428,2,1,61),(429,5,1,61),(430,8,1,61),(431,10,1,61),(432,12,1,61),(433,15,1,61),(434,17,1,61),(435,18,1,61),(436,1,1,62),(437,2,1,62),(438,5,1,62),(439,10,1,62),(440,11,1,62),(441,17,1,62),(442,18,1,62),(443,19,1,62),(444,1,1,63),(445,2,1,63),(446,5,1,63),(447,6,1,63),(448,10,1,63),(449,11,1,63),(450,12,1,63),(451,13,1,63),(452,15,1,63),(453,16,1,63),(454,17,1,63),(455,18,1,63),(456,1,1,64),(457,2,1,64),(458,5,1,64),(459,12,1,64),(460,14,1,64),(461,15,1,64),(462,17,1,64),(463,18,1,64),(464,1,1,65),(465,2,1,65),(466,5,1,65),(467,12,1,65),(468,15,1,65),(469,18,1,65),(470,1,1,66),(471,2,1,66),(472,5,1,66),(473,6,1,66),(474,8,1,66),(475,9,1,66),(476,15,1,66),(477,16,1,66),(478,17,1,66),(479,18,1,66),(480,1,1,67),(481,2,1,67),(482,5,1,67),(483,17,1,67),(484,18,1,67),(485,19,1,67),(486,1,1,68),(487,2,1,68),(488,5,1,68),(489,8,1,68),(490,15,1,68),(491,17,1,68),(492,18,1,68),(493,1,1,69),(494,2,1,69),(495,5,1,69),(496,6,1,69),(497,11,1,69),(498,17,1,69),(499,18,1,69),(500,1,1,70),(501,2,1,70),(502,5,1,70),(503,9,1,70),(504,10,1,70),(505,16,1,70),(506,17,1,70),(507,18,1,70),(508,1,1,71),(509,2,1,71),(510,5,1,71),(511,12,1,71),(512,15,1,71),(513,17,1,71),(514,18,1,71),(515,1,1,72),(516,2,1,72),(517,5,1,72),(518,7,1,72),(519,8,1,72),(520,9,1,72),(521,10,1,72),(522,11,1,72),(523,12,1,72),(524,14,1,72),(525,15,1,72),(526,16,1,72),(527,17,1,72),(528,18,1,72),(529,19,1,72),(530,1,1,73),(531,2,1,73),(532,5,1,73),(533,8,1,73),(534,10,1,73),(535,14,1,73),(536,16,1,73),(537,17,1,73),(538,18,1,73),(539,19,1,73),(540,1,1,74),(541,2,1,74),(542,5,1,74),(543,10,1,74),(544,12,1,74),(545,15,1,74),(546,16,1,74),(547,17,1,74),(548,18,1,74),(549,19,1,74),(550,1,1,75),(551,2,1,75),(552,18,1,75),(553,1,1,76),(554,2,1,76),(555,5,1,76),(556,10,1,76),(557,11,1,76),(558,12,1,76),(559,13,1,76),(560,17,1,76),(561,18,1,76),(562,20,1,76),(563,1,1,77),(564,2,1,77),(565,14,1,77),(566,17,1,77),(567,18,1,77),(568,1,1,78),(569,2,1,78),(570,5,1,78),(571,11,1,78),(572,15,1,78),(573,17,1,78),(574,18,1,78),(575,1,1,79),(576,2,1,79),(577,5,1,79),(578,15,1,79),(579,18,1,79),(580,19,1,79),(581,1,1,80),(582,2,1,80),(583,5,1,80),(584,6,1,80),(585,12,1,80),(586,15,1,80),(587,17,1,80),(588,18,1,80),(589,19,1,80),(590,1,1,81),(591,2,1,81),(592,12,1,81),(593,18,1,81),(594,1,1,82),(595,2,1,82),(596,5,1,82),(597,17,1,82),(598,18,1,82),(599,19,1,82),(600,1,1,83),(601,2,1,83),(602,5,1,83),(603,17,1,83),(604,18,1,83),(605,19,1,83),(606,1,1,84),(607,2,1,84),(608,12,1,84),(609,17,1,84),(610,18,1,84),(611,1,1,85),(612,2,1,85),(613,5,1,85),(614,10,1,85),(615,12,1,85),(616,14,1,85),(617,17,1,85),(618,18,1,85),(619,1,1,86),(620,2,1,86),(621,5,1,86),(622,10,1,86),(623,14,1,86),(624,15,1,86),(625,16,1,86),(626,17,1,86),(627,18,1,86),(628,1,1,87),(629,2,1,87),(630,5,1,87),(631,14,1,87),(632,15,1,87),(633,17,1,87),(634,18,1,87),(635,2,1,88),(636,10,1,88),(637,17,1,88),(638,18,1,88),(639,1,1,89),(640,2,1,89),(641,5,1,89),(642,11,1,89),(643,12,1,89),(644,14,1,89),(645,17,1,89),(646,18,1,89),(647,19,1,89),(648,1,1,90),(649,2,1,90),(650,5,1,90),(651,9,1,90),(652,10,1,90),(653,14,1,90),(654,15,1,90),(655,16,1,90),(656,17,1,90),(657,18,1,90),(658,1,1,91),(659,2,1,91),(660,5,1,91),(661,14,1,91),(662,16,1,91),(663,17,1,91),(664,18,1,91),(665,1,1,92),(666,2,1,92),(667,5,1,92),(668,8,1,92),(669,10,1,92),(670,11,1,92),(671,12,1,92),(672,15,1,92),(673,17,1,92),(674,18,1,92),(675,1,1,93),(676,2,1,93),(677,8,1,93),(678,10,1,93),(679,12,1,93),(680,14,1,93),(681,15,1,93),(682,16,1,93),(683,17,1,93),(684,18,1,93),(685,19,1,93),(686,1,1,94),(687,2,1,94),(688,5,1,94),(689,14,1,94),(690,15,1,94),(691,17,1,94),(692,18,1,94),(693,1,1,95),(694,2,1,95),(695,5,1,95),(696,10,1,95),(697,14,1,95),(698,15,1,95),(699,17,1,95),(700,18,1,95),(701,1,1,96),(702,2,1,96),(703,5,1,96),(704,15,1,96),(705,17,1,96),(706,18,1,96),(707,19,1,96),(708,1,1,97),(709,2,1,97),(710,4,1,97),(711,6,1,97),(712,10,1,97),(713,12,1,97),(714,14,1,97),(715,15,1,97),(716,17,1,97),(717,18,1,97),(718,1,1,98),(719,2,1,98),(720,5,1,98),(721,6,1,98),(722,8,1,98),(723,15,1,98),(724,17,1,98),(725,18,1,98),(726,19,1,98),(727,1,1,99),(728,2,1,99),(729,5,1,99),(730,12,1,99),(731,15,1,99),(732,17,1,99),(733,18,1,99),(734,19,1,99),(735,1,1,100),(736,2,1,100),(737,5,1,100),(738,11,1,100),(739,15,1,100),(740,17,1,100),(741,18,1,100),(742,1,1,101),(743,2,1,101),(744,5,1,101),(745,8,1,101),(746,12,1,101),(747,15,1,101),(748,17,1,101),(749,18,1,101),(750,19,1,101),(751,1,1,102),(752,2,1,102),(753,5,1,102),(754,6,1,102),(755,8,1,102),(756,10,1,102),(757,12,1,102),(758,15,1,102),(759,16,1,102),(760,17,1,102),(761,18,1,102),(762,19,1,102),(763,1,1,103),(764,2,1,103),(765,5,1,103),(766,12,1,103),(767,15,1,103),(768,17,1,103),(769,18,1,103),(770,19,1,103),(771,1,1,104),(772,2,1,104),(773,5,1,104),(774,10,1,104),(775,11,1,104),(776,12,1,104),(777,13,1,104),(778,18,1,104),(779,1,1,105),(780,2,1,105),(781,5,1,105),(782,6,1,105),(783,8,1,105),(784,10,1,105),(785,12,1,105),(786,15,1,105),(787,16,1,105),(788,17,1,105),(789,18,1,105),(790,19,1,105),(791,1,1,106),(792,2,1,106),(793,5,1,106),(794,9,1,106),(795,14,1,106),(796,17,1,106),(797,18,1,106),(798,1,1,107),(799,2,1,107),(800,5,1,107),(801,17,1,107),(802,18,1,107),(803,1,1,108),(804,2,1,108),(805,5,1,108),(806,12,1,108),(807,15,1,108),(808,17,1,108),(809,18,1,108),(810,19,1,108),(811,1,1,109),(812,2,1,109),(813,5,1,109),(814,14,1,109),(815,15,1,109),(816,17,1,109),(817,18,1,109),(818,19,1,109),(819,1,1,110),(820,2,1,110),(821,5,1,110),(822,15,1,110),(823,17,1,110),(824,18,1,110),(825,1,1,111),(826,2,1,111),(827,5,1,111),(828,14,1,111),(829,15,1,111),(830,17,1,111),(831,18,1,111),(832,1,1,112),(833,2,1,112),(834,5,1,112),(835,14,1,112),(836,15,1,112),(837,17,1,112),(838,18,1,112),(839,1,1,113),(840,2,1,113),(841,5,1,113),(842,11,1,113),(843,12,1,113),(844,18,1,113),(845,1,1,114),(846,2,1,114),(847,5,1,114),(848,17,1,114),(849,18,1,114),(850,1,1,115),(851,2,1,115),(852,5,1,115),(853,15,1,115),(854,17,1,115),(855,18,1,115),(856,1,1,116),(857,2,1,116),(858,1,1,117),(859,2,1,117),(860,15,1,117),(861,1,1,118),(862,2,1,118),(863,5,1,118),(864,8,1,118),(865,10,1,118),(866,12,1,118),(867,14,1,118),(868,17,1,118),(869,19,1,118),(870,1,1,119),(871,2,1,119),(872,5,1,119),(873,10,1,119),(874,11,1,119),(875,12,1,119),(876,15,1,119),(877,17,1,119),(878,18,1,119),(879,1,1,120),(880,2,1,120),(881,3,1,120),(882,4,1,120),(883,5,1,120),(884,6,1,120),(885,7,1,120),(886,8,1,120),(887,9,1,120),(888,10,1,120),(889,12,1,120),(890,14,1,120),(891,16,1,120),(892,17,1,120),(893,18,1,120),(894,1,1,121),(895,2,1,121),(896,5,1,121),(897,12,1,121),(898,17,1,121),(899,18,1,121),(900,19,1,121),(901,1,1,122),(902,2,1,122),(903,5,1,122),(904,14,1,122),(905,15,1,122),(906,18,1,122),(907,2,1,123),(908,5,1,123),(909,12,1,123),(910,17,1,123),(911,18,1,123),(912,1,1,124),(913,2,1,124),(914,5,1,124),(915,10,1,124),(916,11,1,124),(917,12,1,124),(918,13,1,124),(919,14,1,124),(920,15,1,124),(921,17,1,124),(922,18,1,124),(923,1,1,125),(924,2,1,125),(925,12,1,125),(926,14,1,125),(927,17,1,125),(928,18,1,125),(929,19,1,125),(930,1,1,126),(931,2,1,126),(932,5,1,126),(933,8,1,126),(934,12,1,126),(935,15,1,126),(936,17,1,126),(937,18,1,126),(938,1,1,127),(939,2,1,127),(940,5,1,127),(941,8,1,127),(942,9,1,127),(943,10,1,127),(944,11,1,127),(945,12,1,127),(946,14,1,127),(947,15,1,127),(948,17,1,127),(949,18,1,127),(950,19,1,127),(951,1,1,128),(952,2,1,128),(953,9,1,128),(954,15,1,128),(955,18,1,128),(956,1,1,129),(957,2,1,129),(958,5,1,129),(959,8,1,129),(960,10,1,129),(961,11,1,129),(962,14,1,129),(963,15,1,129),(964,17,1,129),(965,18,1,129),(966,19,1,129),(967,1,1,130),(968,2,1,130),(969,5,1,130),(970,10,1,130),(971,11,1,130),(972,11,1,130),(973,15,1,130),(974,16,1,130),(975,17,1,130),(976,18,1,130),(977,19,1,130),(978,1,1,131),(979,2,1,131),(980,5,1,131),(981,8,1,131),(982,9,1,131),(983,10,1,131),(984,11,1,131),(985,12,1,131),(986,15,1,131),(987,17,1,131),(988,18,1,131),(989,19,1,131),(990,1,1,132),(991,2,1,132),(992,5,1,132),(993,9,1,132),(994,10,1,132),(995,11,1,132),(996,12,1,132),(997,14,1,132),(998,15,1,132),(999,16,1,132),(1000,17,1,132),(1001,18,1,132),(1002,19,1,132),(1003,1,1,133),(1004,2,1,133),(1005,5,1,133),(1006,9,1,133),(1007,12,1,133),(1008,11,1,133),(1009,14,1,133),(1010,15,1,133),(1011,17,1,133),(1012,18,1,133),(1013,19,1,133),(1014,1,1,134),(1015,2,1,134),(1016,5,1,134),(1017,11,1,134),(1018,12,1,134),(1019,14,1,134),(1020,15,1,134),(1021,17,1,134),(1022,18,1,134),(1023,1,1,135),(1024,2,1,135),(1025,10,1,135),(1026,11,1,135),(1027,12,1,135),(1028,15,1,135),(1029,17,1,135),(1030,18,1,135),(1031,19,1,135),(1032,1,1,136),(1033,2,1,136),(1034,5,1,136),(1035,11,1,136),(1036,12,1,136),(1037,14,1,136),(1038,15,1,136),(1039,16,1,136),(1040,17,1,136),(1041,18,1,136),(1042,19,1,136),(1043,1,1,137),(1044,2,1,137),(1045,5,1,137),(1046,12,1,137),(1047,16,1,137),(1048,17,1,137),(1049,18,1,137),(1050,19,1,137),(1051,1,1,138),(1052,2,1,138),(1053,5,1,138),(1054,6,1,138),(1055,9,1,138),(1056,11,1,138),(1057,12,1,138),(1058,13,1,138),(1059,15,1,138),(1060,16,1,138),(1061,17,1,138),(1062,18,1,138),(1063,19,1,138),(1064,1,1,139),(1065,2,1,139),(1066,5,1,139),(1067,11,1,139),(1068,12,1,139),(1069,13,1,139),(1070,14,1,139),(1071,17,1,139),(1072,18,1,139),(1073,1,1,140),(1074,2,1,140),(1075,5,1,140),(1076,11,1,140),(1077,12,1,140),(1078,17,1,140),(1079,18,1,140),(1080,19,1,140),(1081,1,1,141),(1082,2,1,141),(1083,5,1,141),(1084,10,1,141),(1085,15,1,141),(1086,17,1,141),(1087,18,1,141),(1088,1,1,142),(1089,2,1,142),(1090,5,1,142),(1091,9,1,142),(1092,15,1,142),(1093,16,1,142),(1094,18,1,142),(1095,1,1,143),(1096,2,1,143),(1097,5,1,143),(1098,14,1,143),(1099,15,1,143),(1100,17,1,143),(1101,18,1,143),(1102,1,1,144),(1103,2,1,144),(1104,5,1,144),(1105,15,1,144),(1106,17,1,144),(1107,18,1,144),(1108,1,1,145),(1109,2,1,145),(1110,5,1,145),(1111,12,1,145),(1112,14,1,145),(1113,15,1,145),(1114,17,1,145),(1115,18,1,145),(1116,19,1,145),(1117,1,1,146),(1118,2,1,146),(1119,5,1,146),(1120,17,1,146),(1121,18,1,146),(1122,1,1,147),(1123,2,1,147),(1124,3,2,147),(1125,4,2,147),(1126,5,1,147),(1127,6,2,147),(1128,7,2,147),(1129,8,2,147),(1130,9,2,147),(1131,10,2,147),(1132,11,2,147),(1133,12,1,147),(1134,13,1,147),(1135,14,1,147),(1136,15,1,147),(1137,16,2,147),(1138,17,1,147),(1139,18,1,147),(1140,19,1,147),(1141,1,1,148),(1142,2,1,148),(1143,5,1,148),(1144,10,1,148),(1145,14,1,148),(1146,15,1,148),(1147,17,1,148),(1148,18,1,148),(1149,1,1,149),(1150,2,1,149),(1151,5,1,149),(1152,9,1,149),(1153,14,1,149),(1154,15,1,149),(1155,17,1,149),(1156,18,1,149),(1157,1,1,151),(1158,2,1,151),(1159,5,1,151),(1160,6,1,151),(1161,8,1,151),(1162,10,1,151),(1163,11,1,151),(1164,12,1,151),(1165,14,1,151),(1166,15,1,151),(1167,16,1,151),(1168,17,1,151),(1169,18,1,151),(1170,19,1,151),(1171,1,1,152),(1172,2,1,152),(1173,5,1,152),(1174,6,1,152),(1175,8,1,152),(1176,11,1,152),(1177,14,1,152),(1178,15,1,152),(1179,16,1,152),(1180,18,1,152),(1181,19,1,152),(1182,1,1,153),(1183,2,1,153),(1184,5,1,153),(1185,8,1,153),(1186,10,1,153),(1187,15,1,153),(1188,17,1,153),(1189,18,1,153),(1190,19,1,153),(1191,1,1,154),(1192,2,1,154),(1193,7,1,154),(1194,10,1,154),(1195,12,1,154),(1196,14,1,154),(1197,18,1,154),(1198,19,1,154),(1199,2,1,155),(1200,5,1,155),(1201,10,1,155),(1202,12,1,155),(1203,13,1,155),(1204,17,1,155),(1205,18,1,155),(1206,19,1,155),(1207,1,1,156),(1208,2,1,156),(1209,5,1,156),(1210,15,1,156),(1211,17,1,156),(1212,18,1,156),(1213,1,1,157),(1214,2,1,157),(1215,5,1,157),(1216,8,1,157),(1217,11,1,157),(1218,12,1,157),(1219,14,1,157),(1220,15,1,157),(1221,17,1,157),(1222,18,1,157),(1223,1,1,158),(1224,2,1,158),(1225,5,1,158),(1226,8,1,158),(1227,12,1,158),(1228,14,1,158),(1229,15,1,158),(1230,17,1,158),(1231,18,1,158),(1232,1,1,159),(1233,2,1,159),(1234,5,1,159),(1235,11,1,159),(1236,12,1,159),(1237,13,1,159),(1238,14,1,159),(1239,17,1,159),(1240,18,1,159),(1241,19,1,159),(1242,1,1,160),(1243,2,1,160),(1244,10,1,160),(1245,18,1,160),(1246,1,1,161),(1247,2,1,161),(1248,5,1,161),(1249,10,1,161),(1250,12,1,161),(1251,13,1,161),(1252,17,1,161),(1253,18,1,161),(1254,19,1,161),(1255,1,1,162),(1256,2,1,162),(1257,5,1,162),(1258,9,1,162),(1259,11,1,162),(1260,14,1,162),(1261,15,1,162),(1262,17,1,162),(1263,18,1,162),(1264,1,1,163),(1265,2,1,163),(1266,3,2,163),(1267,4,2,163),(1268,5,1,163),(1269,6,1,163),(1270,7,2,163),(1271,8,2,163),(1272,9,2,163),(1273,10,2,163),(1274,11,1,163),(1275,12,2,163),(1276,13,2,163),(1277,14,1,163),(1278,15,1,163),(1279,16,1,163),(1280,17,1,163),(1281,18,1,163),(1282,19,1,163),(1283,1,1,164),(1284,2,1,164),(1285,3,2,164),(1286,4,2,164),(1287,5,1,164),(1288,6,2,164),(1289,7,2,164),(1290,8,2,164),(1291,9,2,164),(1292,10,2,164),(1293,11,1,164),(1294,12,2,164),(1295,13,1,164),(1296,14,1,164),(1297,15,2,164),(1298,16,2,164),(1299,17,1,164),(1300,18,1,164),(1301,19,1,164),(1302,1,1,165),(1303,2,1,165),(1304,3,2,165),(1305,4,2,165),(1306,5,1,165),(1307,6,1,165),(1308,7,1,165),(1309,8,1,165),(1310,9,2,165),(1311,10,1,165),(1312,11,1,165),(1313,12,1,165),(1314,13,1,165),(1315,14,1,165),(1316,15,1,165),(1317,16,1,165),(1318,17,1,165),(1319,18,1,165),(1320,19,1,165),(1321,1,1,150),(1322,2,1,150),(1323,5,1,150),(1324,12,1,150),(1325,13,1,150),(1326,14,1,150),(1327,15,1,150),(1328,16,1,150),(1329,17,1,150),(1330,18,1,150),(1331,19,1,150),(1332,1,1,166),(1333,2,1,166),(1334,5,1,166),(1335,11,1,166),(1336,14,1,166),(1337,17,1,166),(1338,18,1,166),(1339,1,1,168),(1340,2,1,168),(1341,15,1,168),(1342,17,1,168),(1343,18,1,168),(1344,1,1,169),(1345,2,1,169),(1346,5,1,169),(1347,10,1,169),(1348,11,1,169),(1349,15,1,169),(1350,17,1,169),(1351,18,1,169),(1352,1,1,170),(1353,2,1,170),(1354,5,1,170),(1355,12,1,170),(1356,16,1,170),(1357,18,1,170),(1358,1,1,171),(1359,2,1,171),(1360,5,1,171),(1361,9,1,171),(1362,10,1,171),(1363,12,1,171),(1364,14,1,171),(1365,15,1,171),(1366,17,1,171),(1367,18,1,171),(1368,19,1,171),(1369,1,1,172),(1370,2,1,172),(1371,5,1,172),(1372,9,1,172),(1373,10,1,172),(1374,14,1,172),(1375,15,1,172),(1376,16,1,172),(1377,17,1,172),(1378,18,1,172),(1379,19,1,172),(1380,1,1,173),(1381,2,1,173),(1382,5,1,173),(1383,8,1,173),(1384,9,1,173),(1385,11,1,173),(1386,12,1,173),(1387,15,1,173),(1388,17,1,173),(1389,18,1,173),(1390,1,1,174),(1391,2,1,174),(1392,5,1,174),(1393,10,1,174),(1394,11,1,174),(1395,12,1,174),(1396,13,1,174),(1397,14,1,174),(1398,15,1,174),(1399,17,1,174),(1400,18,1,174),(1401,1,1,175),(1402,2,1,175),(1403,5,1,175),(1404,9,1,175),(1405,10,1,175),(1406,11,1,175),(1407,12,1,175),(1408,15,1,175),(1409,17,1,175),(1410,18,1,175),(1411,19,1,175),(1412,1,1,176),(1413,2,1,176),(1414,3,1,176),(1415,10,1,176),(1416,12,1,176),(1417,18,1,176),(1418,1,1,177),(1419,2,1,177),(1420,5,1,177),(1421,15,1,177),(1422,17,1,177),(1423,18,1,177),(1424,19,1,177),(1425,1,1,178),(1426,2,1,178),(1427,5,1,178),(1428,10,1,178),(1429,14,1,178),(1430,15,1,178),(1431,16,1,178),(1432,17,1,178),(1433,18,1,178),(1434,19,1,178),(1435,1,1,179),(1436,2,1,179),(1437,5,1,179),(1438,14,1,179),(1439,15,1,179),(1440,16,1,179),(1441,17,1,179),(1442,18,1,179),(1443,19,1,179),(1444,1,1,180),(1445,2,1,180),(1446,5,1,180),(1447,10,1,180),(1448,14,1,180),(1449,15,1,180),(1450,17,1,180),(1451,18,1,180),(1452,19,1,180),(1453,1,1,181),(1454,2,1,181),(1455,5,1,181),(1456,11,1,181),(1457,14,1,181),(1458,15,1,181),(1459,17,1,181),(1460,18,1,181),(1461,19,1,181),(1462,1,1,182),(1463,2,1,182),(1464,5,1,182),(1465,6,1,182),(1466,10,1,182),(1467,11,1,182),(1468,14,1,182),(1469,15,1,182),(1470,17,1,182),(1471,18,1,182),(1472,19,1,182),(1473,1,1,167),(1474,2,1,167),(1475,5,1,167),(1476,17,1,167),(1477,18,1,167),(1478,1,1,183),(1479,2,1,183),(1480,5,1,183),(1481,10,1,183),(1482,12,1,183),(1483,14,1,183),(1484,15,1,183),(1485,17,1,183),(1486,18,1,183),(1487,1,1,184),(1488,2,1,184),(1489,5,1,184),(1490,10,1,184),(1491,12,1,184),(1492,13,1,184),(1493,15,1,184),(1494,18,1,184),(1495,1,1,185),(1496,2,1,185),(1497,3,1,185),(1498,5,1,185),(1499,10,1,185),(1500,14,1,185),(1501,15,1,185),(1502,17,1,185),(1503,18,1,185),(1504,19,1,185),(1505,1,1,186),(1506,2,1,186),(1507,5,1,186),(1508,8,1,186),(1509,10,1,186),(1510,14,1,186),(1511,15,1,186),(1512,16,1,186),(1513,17,1,186),(1514,18,1,186),(1515,1,1,187),(1516,2,1,187),(1517,5,1,187),(1518,14,1,187),(1519,15,1,187),(1520,17,1,187),(1521,1,1,188),(1522,2,1,188),(1523,5,1,188),(1524,15,1,188),(1525,17,1,188),(1526,18,1,188),(1527,19,1,188),(1528,1,1,189),(1529,2,1,189),(1530,5,1,189),(1531,17,1,189),(1532,18,1,189),(1533,19,1,189),(1534,1,1,190),(1535,2,1,190),(1536,5,1,190),(1537,11,1,190),(1538,14,1,190),(1539,15,1,190),(1540,17,1,190),(1541,18,1,190),(1542,19,1,190),(1543,1,1,191),(1544,2,1,191),(1545,5,1,191),(1546,9,1,191),(1547,11,1,191),(1548,15,1,191),(1549,16,1,191),(1550,18,1,191),(1551,19,1,191),(1552,1,1,192),(1553,2,1,192),(1554,5,1,192),(1555,15,1,192),(1556,17,1,192),(1557,18,1,192),(1558,1,1,193),(1559,2,1,193),(1560,14,1,193),(1561,15,1,193),(1562,17,1,193),(1563,18,1,193),(1564,1,1,194),(1565,2,1,194),(1566,14,1,194),(1567,1,1,195),(1568,2,1,195),(1569,5,1,195),(1570,15,1,195),(1571,17,1,195),(1572,18,1,195),(1573,19,1,195),(1574,1,1,196),(1575,2,1,196),(1576,5,1,196),(1577,15,1,196),(1578,17,1,196),(1579,18,1,196),(1580,1,1,197),(1581,2,1,197),(1582,5,1,197),(1583,8,1,197),(1584,15,1,197),(1585,17,1,197),(1586,18,1,197),(1587,19,1,197),(1588,1,1,198),(1589,2,1,198),(1590,5,1,198),(1591,14,1,198),(1592,15,1,198),(1593,17,1,198),(1594,18,1,198),(1595,1,1,199),(1596,2,1,199),(1597,5,1,199),(1598,15,1,199),(1599,17,1,199),(1600,18,1,199),(1601,1,1,200),(1602,2,1,200),(1603,5,1,200),(1604,12,1,200),(1605,14,1,200),(1606,17,1,200),(1607,18,1,200),(1608,1,1,201),(1609,2,1,201),(1610,5,1,201),(1611,14,1,201),(1612,15,1,201),(1613,17,1,201),(1614,18,1,201),(1615,1,1,202),(1616,2,1,202),(1617,5,1,202),(1618,14,1,202),(1619,15,1,202),(1620,17,1,202),(1621,18,1,202),(1622,1,1,203),(1623,2,1,203),(1624,5,1,203),(1625,15,1,203),(1626,17,1,203),(1627,18,1,203),(1628,1,1,204),(1629,2,1,204),(1630,5,1,204),(1631,14,1,204),(1632,17,1,204),(1633,19,1,204),(1634,1,1,205),(1635,2,1,205),(1636,5,1,205),(1637,15,1,205),(1638,17,1,205),(1639,18,1,205),(1640,1,1,206),(1641,2,1,206),(1642,5,1,206),(1643,14,1,206),(1644,15,1,206),(1645,17,1,206),(1646,18,1,206),(1647,1,1,207),(1648,2,1,207),(1649,5,1,207),(1650,10,1,207),(1651,11,1,207),(1652,13,1,207),(1653,14,1,207),(1654,17,1,207),(1655,18,1,207),(1656,1,1,208),(1657,2,1,208),(1658,5,1,208),(1659,9,1,208),(1660,10,1,208),(1661,11,1,208),(1662,12,1,208),(1663,14,1,208),(1664,15,1,208),(1665,17,1,208),(1666,18,1,208),(1667,19,1,208),(1668,1,1,209),(1669,2,1,209),(1670,5,1,209),(1671,11,1,209),(1672,12,1,209),(1673,14,1,209),(1674,16,1,209),(1675,17,1,209),(1676,18,1,209),(1677,19,1,209),(1678,1,1,210),(1679,2,1,210),(1680,5,1,210),(1681,15,1,210),(1682,17,1,210),(1683,18,1,210),(1684,1,1,211),(1685,2,1,211),(1686,5,1,211),(1687,14,1,211),(1688,17,1,211),(1689,18,1,211),(1690,1,1,212),(1691,2,1,212),(1692,5,1,212),(1693,14,1,212),(1694,17,1,212),(1695,18,1,212),(1696,19,1,212),(1697,1,1,213),(1698,2,1,213),(1699,5,1,213),(1700,15,1,213),(1701,17,1,213),(1702,18,1,213),(1703,1,1,214),(1704,2,1,214),(1705,5,1,214),(1706,14,1,214),(1707,17,1,214),(1708,18,1,214),(1709,19,1,214),(1710,1,1,215),(1711,2,1,215),(1712,5,1,215),(1713,14,1,215),(1714,15,1,215),(1715,18,1,215),(1716,1,1,216),(1717,2,1,216),(1718,5,1,216),(1719,6,1,216),(1720,8,1,216),(1721,10,1,216),(1722,12,1,216),(1723,15,1,216),(1724,16,1,216),(1725,17,1,216),(1726,18,1,216),(1727,19,1,216),(1728,1,1,217),(1729,2,1,217),(1730,5,1,217),(1731,17,1,217),(1732,18,1,217),(1733,1,1,218),(1734,2,1,218),(1735,5,1,218),(1736,11,1,218),(1737,12,1,218),(1738,14,1,218),(1739,17,1,218),(1740,18,1,218),(1741,1,1,219),(1742,2,1,219),(1743,5,1,219),(1744,11,1,219),(1745,14,1,219),(1746,18,1,219),(1747,1,1,220),(1748,2,1,220),(1749,5,1,220),(1750,1,1,221),(1751,2,1,221),(1752,5,1,221),(1753,8,1,221),(1754,11,1,221),(1755,12,1,221),(1756,14,1,221),(1757,15,1,221),(1758,17,1,221),(1759,18,1,221),(1760,19,1,221),(1761,1,1,222),(1762,2,1,222),(1763,5,1,222),(1764,14,1,222),(1765,15,1,222),(1766,1,1,223),(1767,2,1,223),(1768,1,1,224),(1769,2,1,224),(1770,15,1,224),(1771,1,1,225),(1772,2,1,225),(1773,5,1,225),(1774,14,1,225),(1775,15,1,225),(1776,17,1,225),(1777,18,1,225),(1778,19,1,225),(1779,1,1,226),(1780,2,1,226),(1781,5,1,226),(1782,15,1,226),(1783,18,1,226),(1784,1,1,227),(1785,2,1,227),(1786,14,1,227),(1787,18,1,227),(1788,1,1,228),(1789,2,1,228),(1790,5,1,228),(1791,18,1,228),(1792,19,1,228),(1793,1,1,229),(1794,2,1,229),(1795,5,1,229),(1796,10,1,229),(1797,11,1,229),(1798,12,1,229),(1799,13,1,229),(1800,14,1,229),(1801,15,1,229),(1802,16,1,229),(1803,17,1,229),(1804,18,1,229),(1805,19,1,229),(1806,1,1,230),(1807,2,1,230),(1808,5,1,230),(1809,12,1,230),(1810,14,1,230),(1811,15,1,230),(1812,17,1,230),(1813,18,1,230),(1814,19,1,230),(1815,1,1,231),(1816,2,1,231),(1817,5,1,231),(1818,14,1,231),(1819,15,1,231),(1820,17,1,231),(1821,18,1,231),(1822,1,1,232),(1823,2,1,232),(1824,5,1,232),(1825,14,1,232),(1826,15,1,232),(1827,17,1,232),(1828,18,1,232),(1829,19,1,232),(1830,1,1,233),(1831,2,1,233),(1832,5,1,233),(1833,10,1,233),(1834,14,1,233),(1835,15,1,233),(1836,17,1,233),(1837,18,1,233),(1838,19,1,233),(1839,1,1,234),(1840,2,1,234),(1841,5,1,234),(1842,12,1,234),(1843,15,1,234),(1844,17,1,234),(1845,18,1,234),(1846,1,1,235),(1847,2,1,235),(1848,5,1,235),(1849,11,1,235),(1850,14,1,235),(1851,17,1,235),(1852,18,1,235),(1853,1,1,237),(1854,2,1,237),(1855,5,1,237),(1856,15,1,237),(1857,17,1,237),(1858,18,1,237),(1859,1,1,238),(1860,2,1,238),(1861,14,1,238),(1862,17,1,238),(1863,18,1,238),(1864,19,1,238),(1865,1,1,239),(1866,2,1,239),(1867,5,1,239),(1868,14,1,239),(1869,17,1,239),(1870,18,1,239),(1871,1,1,240),(1872,2,1,240),(1873,11,1,240),(1874,12,1,240),(1875,14,1,240),(1876,15,1,240),(1877,18,1,240),(1878,1,1,241),(1879,2,1,241),(1880,5,1,241),(1881,8,1,241),(1882,10,1,241),(1883,12,1,241),(1884,14,1,241),(1885,15,1,241),(1886,17,1,241),(1887,18,1,241),(1888,19,1,241),(1889,1,1,242),(1890,2,1,242),(1891,11,1,242),(1892,12,1,242),(1893,15,1,242),(1894,18,1,242),(1895,1,1,243),(1896,2,1,243),(1897,5,1,243),(1898,17,1,243),(1899,18,1,243),(1900,1,1,244),(1901,2,1,244),(1902,5,1,244),(1903,10,1,244),(1904,11,1,244),(1905,13,1,244),(1906,15,1,244),(1907,17,1,244),(1908,18,1,244),(1909,1,1,245),(1910,2,1,245),(1911,5,1,245),(1912,17,1,245),(1913,18,1,245),(1914,1,1,246),(1915,2,1,246),(1916,5,1,246),(1917,6,1,246),(1918,10,1,246),(1919,14,1,246),(1920,15,1,246),(1921,17,1,246),(1922,18,1,246),(1923,1,1,247),(1924,2,1,247),(1925,5,1,247),(1926,14,1,247),(1927,17,1,247),(1928,18,1,247),(1929,1,1,248),(1930,2,1,248),(1931,5,1,248),(1932,10,1,248),(1933,12,1,248),(1934,14,1,248),(1935,15,1,248),(1936,17,1,248),(1937,18,1,248),(1938,19,1,248),(1939,1,1,250),(1940,2,1,250),(1941,5,1,250),(1942,6,1,250),(1943,10,1,250),(1944,14,1,250),(1945,15,1,250),(1946,17,1,250),(1947,18,1,250),(1948,19,1,250),(1949,1,1,251),(1950,2,1,251),(1951,5,1,251),(1952,10,1,251),(1953,14,1,251),(1954,15,1,251),(1955,17,1,251),(1956,18,1,251),(1957,1,1,252),(1958,2,1,252),(1959,5,1,252),(1960,10,1,252),(1961,12,1,252),(1962,15,1,252),(1963,18,1,252),(1964,1,1,253),(1965,2,1,253),(1966,5,1,253),(1967,10,1,253),(1968,15,1,253),(1969,17,1,253),(1970,18,1,253),(1971,1,1,254),(1972,2,1,254),(1973,5,1,254),(1974,15,1,254),(1975,16,1,254),(1976,17,1,254),(1977,1,1,256),(1978,2,1,256),(1979,5,1,256),(1980,14,1,256),(1981,15,1,256),(1982,17,1,256),(1983,18,1,256),(1984,19,1,256),(1985,1,1,257),(1986,2,1,257),(1987,5,1,257),(1988,10,1,257),(1989,14,1,257),(1990,15,1,257),(1991,18,1,257),(1992,1,1,258),(1993,2,1,258),(1994,3,1,258),(1995,5,1,258),(1996,8,1,258),(1997,12,1,258),(1998,14,1,258),(1999,15,1,258),(2000,17,1,258),(2001,18,1,258),(2002,1,1,259),(2003,2,1,259),(2004,5,1,259),(2005,17,1,259),(2006,18,1,259),(2007,19,1,259),(2008,1,1,255),(2009,2,1,255),(2010,5,1,255),(2011,17,1,255),(2012,18,1,255),(2013,19,1,255),(2014,1,1,260),(2015,2,1,260),(2016,5,1,260),(2017,15,1,260),(2018,17,1,260),(2019,18,1,260),(2020,19,1,260),(2021,1,1,261),(2022,2,1,261),(2023,5,1,261),(2024,15,1,261),(2025,16,1,261),(2026,17,1,261),(2027,18,1,261),(2028,1,1,262),(2029,2,1,262),(2030,5,1,262),(2031,14,1,262),(2032,15,1,262),(2033,17,1,262),(2034,18,1,262),(2035,1,1,263),(2036,2,1,263),(2037,5,1,263),(2038,15,1,263),(2039,17,1,263),(2040,18,1,263),(2041,19,1,263),(2042,1,1,264),(2043,2,1,264),(2044,15,1,264),(2045,17,1,264),(2046,18,1,264),(2047,15,1,265),(2048,17,1,265),(2049,1,1,266),(2050,2,1,266),(2051,5,1,266),(2052,14,1,266),(2053,15,1,266),(2054,17,1,266),(2055,18,1,266),(2056,1,1,267),(2057,2,1,267),(2058,5,1,267),(2059,15,1,267),(2060,17,1,267),(2061,1,1,268),(2062,2,1,268),(2063,5,1,268),(2064,15,1,268),(2065,18,1,268),(2066,1,1,269),(2067,2,1,269),(2068,5,1,269),(2069,16,1,269),(2070,17,1,269),(2071,17,1,269),(2072,1,1,270),(2073,2,1,270),(2074,5,1,270),(2075,15,1,270),(2076,17,1,270),(2077,18,1,270),(2078,1,1,271),(2079,2,1,271),(2080,5,1,271),(2081,12,1,271),(2082,13,1,271),(2083,14,1,271),(2084,15,1,271),(2085,17,1,271),(2086,18,1,271),(2087,19,1,271),(2088,1,1,272),(2089,2,1,272),(2090,5,1,272),(2091,10,1,272),(2092,14,1,272),(2093,15,1,272),(2094,17,1,272),(2095,18,1,272),(2096,19,1,272),(2097,1,1,273),(2098,2,1,273),(2099,5,1,273),(2100,14,1,273),(2101,15,1,273),(2102,17,1,273),(2103,18,1,273),(2104,19,1,273),(2105,1,1,274),(2106,2,1,274),(2107,5,1,274),(2108,14,1,274),(2109,15,1,274),(2110,17,1,274),(2111,18,1,274),(2112,19,1,274),(2113,1,1,275),(2114,2,1,275),(2115,5,1,275),(2116,14,1,275),(2117,15,1,275),(2118,17,1,275),(2119,18,1,275),(2120,19,1,275),(2121,1,1,276),(2122,5,1,276),(2123,17,1,276),(2124,18,1,276),(2125,1,1,277),(2126,2,1,277),(2127,18,1,277),(2128,19,1,277),(2129,1,1,278),(2130,10,1,278),(2131,17,1,278),(2132,1,1,279),(2133,2,1,279),(2134,5,1,279),(2135,15,1,279),(2136,16,1,279),(2137,17,1,279),(2138,18,1,279),(2139,19,1,279),(2140,1,1,280),(2141,2,1,280),(2142,5,1,280),(2143,14,1,280),(2144,17,1,280),(2145,18,1,280),(2146,1,1,281),(2147,2,1,281),(2148,5,1,281),(2149,17,1,281),(2150,18,1,281),(2151,1,1,282),(2152,2,1,282),(2153,5,1,282),(2154,14,1,282),(2155,15,1,282),(2156,17,1,282),(2157,18,1,282),(2158,1,1,283),(2159,2,1,283),(2160,17,1,283),(2161,18,1,283),(2162,1,1,284),(2163,2,1,284),(2164,14,1,284),(2165,15,1,284),(2166,1,1,285),(2167,2,1,285),(2168,5,1,285),(2169,17,1,285),(2170,18,1,285),(2171,1,1,286),(2172,2,1,286),(2173,5,1,286),(2174,18,1,286),(2175,1,1,287),(2176,2,1,287),(2177,5,1,287),(2178,14,1,287),(2179,16,1,287),(2180,18,1,287),(2181,1,1,288),(2182,2,1,288),(2183,5,1,288),(2184,16,1,288),(2185,18,1,288),(2186,1,1,289),(2187,2,1,289),(2188,5,1,289),(2189,6,1,289),(2190,12,1,289),(2191,14,1,289),(2192,15,1,289),(2193,16,1,289),(2194,17,1,289),(2195,18,1,289),(2196,19,1,289),(2197,1,1,290),(2198,2,1,290),(2199,5,1,290),(2200,15,1,290),(2201,17,1,290),(2202,18,1,290),(2203,1,1,291),(2204,2,1,291),(2205,5,1,291),(2206,13,1,291),(2207,14,1,291),(2208,15,1,291),(2209,16,1,291),(2210,17,1,291),(2211,18,1,291),(2212,19,1,291),(2213,1,1,292),(2214,2,1,292),(2215,5,1,292),(2216,17,1,292),(2217,18,1,292),(2218,19,1,292),(2219,1,1,293),(2220,2,1,293),(2221,5,1,293),(2222,8,1,293),(2223,10,1,293),(2224,14,1,293),(2225,15,1,293),(2226,17,1,293),(2227,18,1,293),(2228,1,1,294),(2229,2,1,294),(2230,4,1,294),(2231,5,1,294),(2232,7,1,294),(2233,8,1,294),(2234,9,1,294),(2235,10,1,294),(2236,11,1,294),(2237,12,1,294),(2238,14,1,294),(2239,15,1,294),(2240,16,1,294),(2241,17,1,294),(2242,18,1,294),(2243,19,1,294),(2244,1,1,295),(2245,2,1,295),(2246,14,1,295),(2247,1,1,296),(2248,2,1,296),(2249,5,1,296),(2250,17,1,296),(2251,18,1,296),(2252,1,1,297),(2253,2,1,297),(2254,15,1,297),(2255,1,1,298),(2256,2,1,298),(2257,5,1,298),(2258,15,1,298),(2259,17,1,298),(2260,18,1,298),(2261,19,1,298),(2262,1,1,299),(2263,2,1,299),(2264,5,1,299),(2265,15,1,299),(2266,17,1,299),(2267,18,1,299),(2268,19,1,299),(2269,1,1,300),(2270,2,1,300),(2271,5,1,300),(2272,9,1,300),(2273,10,1,300),(2274,13,1,300),(2275,17,1,300),(2276,18,1,300),(2277,19,1,300),(2278,1,1,301),(2279,2,1,301),(2280,5,1,301),(2281,8,1,301),(2282,11,1,301),(2283,12,1,301),(2284,13,1,301),(2285,17,1,301),(2286,18,1,301),(2287,1,1,302),(2288,2,1,302),(2289,5,1,302),(2290,14,1,302),(2291,15,1,302),(2292,1,1,303),(2293,2,1,303),(2294,5,1,303),(2295,10,1,303),(2296,11,1,303),(2297,16,1,303),(2298,17,1,303),(2299,18,1,303),(2300,19,1,303),(2301,1,1,304),(2302,2,1,304),(2303,5,1,304),(2304,14,1,304),(2305,15,1,304),(2306,18,1,304),(2307,19,1,304),(2308,1,1,305),(2309,2,1,305),(2310,5,1,305),(2311,10,1,305),(2312,11,1,305),(2313,12,1,305),(2314,14,1,305),(2315,15,1,305),(2316,17,1,305),(2317,18,1,305),(2318,19,1,305),(2319,1,1,306),(2320,2,1,306),(2321,5,1,306),(2322,6,1,306),(2323,15,1,306),(2324,18,1,306),(2325,19,1,306),(2326,1,1,307),(2327,2,1,307),(2328,5,1,307),(2329,8,1,307),(2330,11,1,307),(2331,12,1,307),(2332,15,1,307),(2333,17,1,307),(2334,18,1,307),(2335,1,1,308),(2336,2,1,308),(2337,5,1,308),(2338,14,1,308),(2339,17,1,308),(2340,18,1,308),(2341,1,1,309),(2342,2,1,309),(2343,5,1,309),(2344,10,1,309),(2345,11,1,309),(2346,12,1,309),(2347,13,1,309),(2348,14,1,309),(2349,15,1,309),(2350,16,1,309),(2351,17,1,309),(2352,18,1,309),(2353,19,1,309),(2354,1,1,310),(2355,2,1,310),(2356,5,1,310),(2357,15,1,310),(2358,17,1,310),(2359,18,1,310),(2360,1,1,311),(2361,2,1,311),(2362,5,1,311),(2363,14,1,311),(2364,17,1,311),(2365,18,1,311),(2366,1,1,312),(2367,2,1,312),(2368,5,1,312),(2369,9,1,312),(2370,10,1,312),(2371,11,1,312),(2372,12,1,312),(2373,15,1,312),(2374,16,1,312),(2375,17,1,312),(2376,18,1,312),(2377,19,1,312),(2378,1,1,313),(2379,2,1,313),(2380,5,1,313),(2381,14,1,313),(2382,15,1,313),(2383,17,1,313),(2384,18,1,313),(2385,19,1,313),(2386,1,1,314),(2387,2,1,314),(2388,5,1,314),(2389,10,1,314),(2390,14,1,314),(2391,15,1,314),(2392,17,1,314),(2393,18,1,314),(2394,1,1,315),(2395,2,1,315),(2396,5,1,315),(2397,14,1,315),(2398,17,1,315),(2399,18,1,315),(2400,19,1,315),(2401,1,1,316),(2402,2,1,316),(2403,5,1,316),(2404,10,1,316),(2405,11,1,316),(2406,12,1,316),(2407,13,1,316),(2408,14,1,316),(2409,15,1,316),(2410,16,1,316),(2411,17,1,316),(2412,18,1,316),(2413,19,1,316),(2414,1,1,317),(2415,2,1,317),(2416,5,1,317),(2417,14,1,317),(2418,15,1,317),(2419,18,1,317),(2420,19,1,317),(2421,1,1,318),(2422,2,1,318),(2423,5,1,318),(2424,14,1,318),(2425,15,1,318),(2426,17,1,318),(2427,19,1,318),(2428,1,1,319),(2429,2,1,319),(2430,8,1,319),(2431,10,1,319),(2432,12,1,319),(2433,15,1,319),(2434,17,1,319),(2435,18,1,319),(4466,10,1,538),(4465,5,1,538),(4464,2,1,538),(4463,1,1,538),(4462,19,1,537),(4461,18,1,537),(4460,17,1,537),(4459,15,1,537),(4458,14,1,537),(4457,12,1,537),(4456,11,1,537),(4455,10,1,537),(4454,5,1,537),(4453,2,1,537),(4452,1,1,537),(2451,1,1,321),(2452,2,1,321),(2453,3,1,321),(2454,5,1,321),(2455,6,1,321),(2456,8,1,321),(2457,10,1,321),(2458,11,1,321),(2459,12,1,321),(2460,14,1,321),(2461,15,1,321),(2462,16,1,321),(2463,17,1,321),(2464,18,1,321),(2465,19,1,321),(2466,1,1,322),(2467,2,1,322),(2468,5,1,322),(2469,14,1,322),(2470,15,1,322),(2471,17,1,322),(2472,18,1,322),(2473,19,1,322),(2474,1,1,323),(2475,2,1,323),(2476,5,1,323),(2477,14,1,323),(2478,15,1,323),(2479,17,1,323),(2480,18,1,323),(2481,19,1,323),(2482,1,1,324),(2483,2,1,324),(2484,5,1,324),(2485,8,1,324),(2486,9,1,324),(2487,10,1,324),(2488,11,1,324),(2489,12,1,324),(2490,14,1,324),(2491,15,1,324),(2492,16,1,324),(2493,17,1,324),(2494,18,1,324),(2495,19,1,324),(2496,1,1,325),(2497,2,1,325),(2498,8,1,325),(2499,17,1,325),(2500,1,1,326),(2501,2,1,326),(2502,5,1,326),(2503,17,1,326),(2504,18,1,326),(2505,1,1,327),(2506,2,1,327),(2507,6,1,327),(2508,10,1,327),(2509,11,1,327),(2510,12,1,327),(2511,14,1,327),(2512,17,1,327),(2513,18,1,327),(2514,1,1,328),(2515,2,1,328),(2516,5,1,328),(2517,8,1,328),(2518,11,1,328),(2519,17,1,328),(2520,1,1,329),(2521,2,1,329),(2522,5,1,329),(2523,15,1,329),(2524,18,1,329),(2525,1,1,330),(2526,2,1,330),(2527,5,1,330),(2528,15,1,330),(2529,17,1,330),(2530,18,1,330),(2531,19,1,330),(2532,1,1,331),(2533,2,1,331),(2534,5,1,331),(2535,14,1,331),(2536,15,1,331),(2537,17,1,331),(2538,18,1,331),(2539,19,1,331),(2540,1,1,332),(2541,2,1,332),(2542,5,1,332),(2543,11,1,332),(2544,13,1,332),(2545,14,1,332),(2546,17,1,332),(2547,18,1,332),(2548,1,1,333),(2549,2,1,333),(2550,12,1,333),(2551,14,1,333),(2552,17,1,333),(2553,18,1,333),(2554,1,1,334),(2555,2,1,334),(2556,5,1,334),(2557,15,1,334),(2558,17,1,334),(2559,18,1,334),(2560,1,1,335),(2561,2,1,335),(2562,5,1,335),(2563,12,1,335),(2564,14,1,335),(2565,15,1,335),(2566,17,1,335),(2567,18,1,335),(2568,19,1,335),(2569,1,1,336),(2570,2,1,336),(2571,5,1,336),(2572,15,1,336),(2573,17,1,336),(2574,18,1,336),(2575,1,1,337),(2576,2,1,337),(2577,5,1,337),(2578,6,1,337),(2579,10,1,337),(2580,11,1,337),(2581,12,1,337),(2582,13,1,337),(2583,14,1,337),(2584,15,1,337),(2585,16,1,337),(2586,17,1,337),(2587,18,1,337),(2588,19,1,337),(2589,1,1,338),(2590,2,1,338),(2591,5,1,338),(2592,10,1,338),(2593,12,1,338),(2594,14,1,338),(2595,15,1,338),(2596,16,1,338),(2597,18,1,338),(2598,19,1,338),(2599,1,1,339),(2600,2,1,339),(2601,5,1,339),(2602,10,1,339),(2603,12,1,339),(2604,14,1,339),(2605,15,1,339),(2606,17,1,339),(2607,18,1,339),(2608,19,1,339),(2609,1,1,340),(2610,2,1,340),(2611,5,1,340),(2612,6,1,340),(2613,8,1,340),(2614,11,1,340),(2615,17,1,340),(2616,18,1,340),(2617,19,1,340),(2618,1,1,341),(2619,2,1,341),(2620,5,1,341),(2621,6,1,341),(2622,10,1,341),(2623,11,1,341),(2624,16,1,341),(2625,17,1,341),(2626,18,1,341),(2627,19,1,341),(2628,1,1,342),(2629,2,1,342),(2630,5,1,342),(2631,8,1,342),(2632,11,1,342),(2633,12,1,342),(2634,14,1,342),(2635,17,1,342),(2636,18,1,342),(2637,1,1,343),(2638,2,1,343),(2639,11,1,343),(2640,17,1,343),(2641,1,1,344),(2642,2,1,344),(2643,5,1,344),(2644,6,1,344),(2645,11,1,344),(2646,14,1,344),(2647,17,1,344),(2648,18,1,344),(2649,19,1,344),(2650,1,1,345),(2651,2,1,345),(2652,5,1,345),(2653,14,1,345),(2654,17,1,345),(2655,18,1,345),(2656,1,1,346),(2657,2,1,346),(2658,5,1,346),(2659,14,1,346),(2660,15,1,346),(2661,18,1,346),(2662,19,1,346),(2663,1,1,347),(2664,2,1,347),(2665,5,1,347),(2666,14,1,347),(2667,17,1,347),(2668,18,1,347),(2669,19,1,347),(2670,1,1,348),(2671,2,1,348),(2672,5,1,348),(2673,14,1,348),(2674,15,1,348),(2675,17,1,348),(2676,18,1,348),(2677,19,1,348),(2678,1,1,350),(2679,2,1,350),(2680,5,1,350),(2681,15,1,350),(2682,16,1,350),(2683,17,1,350),(2684,18,1,350),(2685,19,1,350),(2686,1,1,349),(2687,2,1,349),(2688,5,1,349),(2689,6,1,349),(2690,10,1,349),(2691,11,1,349),(2692,12,1,349),(2693,14,1,349),(2694,15,1,349),(2695,16,1,349),(2696,17,1,349),(2697,18,1,349),(2698,19,1,349),(2699,1,1,351),(2700,2,1,351),(2701,5,1,351),(2702,11,1,351),(2703,12,1,351),(2704,14,1,351),(2705,16,1,351),(2706,17,1,351),(2707,18,1,351),(2708,19,1,351),(2709,1,1,352),(2710,2,1,352),(2711,5,1,352),(2712,6,1,352),(2713,10,1,352),(2714,12,1,352),(2715,14,1,352),(2716,15,1,352),(2717,16,1,352),(2718,17,1,352),(2719,18,1,352),(2720,19,1,352),(2721,1,1,353),(2722,2,1,353),(2723,5,1,353),(2724,11,1,353),(2725,12,1,353),(2726,13,1,353),(2727,14,1,353),(2728,15,1,353),(2729,17,1,353),(2730,18,1,353),(2731,1,1,354),(2732,2,1,354),(2733,5,1,354),(2734,10,1,354),(2735,12,1,354),(2736,13,1,354),(2737,14,1,354),(2738,15,1,354),(2739,17,1,354),(2740,18,1,354),(2741,19,1,354),(2742,1,1,355),(2743,2,1,355),(2744,5,1,355),(2745,10,1,355),(2746,11,1,355),(2747,13,1,355),(2748,14,1,355),(2749,15,1,355),(2750,17,1,355),(2751,18,1,355),(2752,1,1,356),(2753,2,1,356),(2754,5,1,356),(2755,15,1,356),(2756,17,1,356),(2757,18,1,356),(2758,19,1,356),(2759,1,1,357),(2760,2,1,357),(2761,5,1,357),(2762,15,1,357),(2763,16,1,357),(2764,17,1,357),(2765,18,1,357),(2766,19,1,357),(2767,1,1,358),(2768,2,1,358),(2769,5,1,358),(2770,17,1,358),(2771,18,1,358),(2772,1,1,359),(2773,2,1,359),(2774,3,1,359),(2775,5,1,359),(2776,6,1,359),(2777,7,1,359),(2778,8,1,359),(2779,9,1,359),(2780,10,1,359),(2781,11,1,359),(2782,12,1,359),(2783,13,1,359),(2784,14,1,359),(2785,15,1,359),(2786,16,1,359),(2787,18,1,359),(2788,19,1,359),(2789,1,1,360),(2790,2,1,360),(2791,5,1,360),(2792,10,1,360),(2793,11,1,360),(2794,12,1,360),(2795,14,1,360),(2796,15,1,360),(2797,17,1,360),(2798,18,1,360),(2799,19,1,360),(2800,1,1,361),(2801,2,1,361),(2802,5,1,361),(2803,10,1,361),(2804,11,1,361),(2805,12,1,361),(2806,13,1,361),(2807,17,1,361),(2808,18,1,361),(2809,19,1,361),(2810,1,1,362),(2811,2,1,362),(2812,3,1,362),(2813,5,1,362),(2814,10,1,362),(2815,12,1,362),(2816,17,1,362),(2817,18,1,362),(2818,1,1,363),(2819,2,1,363),(2820,5,1,363),(2821,6,1,363),(2822,8,1,363),(2823,14,1,363),(2824,17,1,363),(2825,18,1,363),(2826,1,1,364),(2827,2,1,364),(2828,4,1,364),(2829,5,1,364),(2830,6,1,364),(2831,8,1,364),(2832,10,1,364),(2833,11,1,364),(2834,13,1,364),(2835,17,1,364),(2836,18,1,364),(2837,1,2,365),(2838,2,2,365),(2839,8,1,365),(2840,10,1,365),(2841,11,1,365),(2842,12,1,365),(2843,15,1,365),(2844,17,1,365),(2845,18,1,365),(2846,1,1,366),(2847,2,1,366),(2848,10,1,366),(2849,14,1,366),(2850,15,1,366),(2851,17,1,366),(2852,18,1,366),(2853,19,1,366),(2854,1,1,367),(2855,2,1,367),(2856,5,1,367),(2857,8,1,367),(2858,10,1,367),(2859,11,1,367),(2860,12,1,367),(2861,13,1,367),(2862,14,1,367),(2863,16,1,367),(2864,17,1,367),(2865,18,1,367),(2866,19,1,367),(2867,1,1,368),(2868,2,1,368),(2869,5,1,368),(2870,6,1,368),(2871,8,1,368),(2872,11,1,368),(2873,14,1,368),(2874,17,1,368),(2875,18,1,368),(2876,19,1,368),(2877,1,1,369),(2878,2,1,369),(2879,5,1,369),(2880,10,1,369),(2881,11,1,369),(2882,12,1,369),(2883,14,1,369),(2884,16,1,369),(2885,17,1,369),(2886,18,1,369),(2887,19,1,369),(2888,1,1,370),(2889,2,1,370),(2890,5,1,370),(2891,6,1,370),(2892,10,1,370),(2893,11,1,370),(2894,12,1,370),(2895,14,1,370),(2896,15,1,370),(2897,17,1,370),(2898,18,1,370),(2899,19,1,370),(2900,1,1,371),(2901,2,1,371),(2902,5,1,371),(2903,6,1,371),(2904,10,1,371),(2905,11,1,371),(2906,12,1,371),(2907,13,1,371),(2908,15,1,371),(2909,17,1,371),(2910,18,1,371),(2911,1,1,372),(2912,2,1,372),(2913,14,1,372),(2914,15,1,372),(2915,17,1,372),(2916,18,1,372),(2917,19,1,372),(2918,1,1,373),(2919,2,1,373),(2920,5,1,373),(2921,14,1,373),(2922,15,1,373),(2923,17,1,373),(2924,18,1,373),(2925,19,1,373),(2926,1,1,374),(2927,2,1,374),(2928,5,1,374),(2929,11,1,374),(2930,12,1,374),(2931,15,1,374),(2932,16,1,374),(2933,17,1,374),(2934,18,1,374),(2935,1,1,375),(2936,2,1,375),(2937,11,1,375),(2938,12,1,375),(2939,17,1,375),(2940,18,1,375),(2941,19,1,375),(2942,1,1,376),(2943,2,1,376),(2944,5,1,376),(2945,14,1,376),(2946,15,1,376),(2947,17,1,376),(2948,18,1,376),(2949,1,1,377),(2950,2,1,377),(2951,5,1,377),(2952,10,1,377),(2953,17,1,377),(2954,18,1,377),(2955,1,1,378),(2956,2,1,378),(2957,5,1,378),(2958,14,1,378),(2959,15,1,378),(2960,17,1,378),(2961,18,1,378),(2962,19,1,378),(2963,1,1,379),(2964,2,1,379),(2965,14,1,379),(2966,15,1,379),(2967,17,1,379),(2968,18,1,379),(2969,19,1,379),(2970,1,1,380),(2971,2,1,380),(2972,5,1,380),(2973,9,1,380),(2974,12,1,380),(2975,14,1,380),(2976,17,1,380),(2977,18,1,380),(2978,1,1,381),(2979,2,1,381),(2980,4,1,381),(2981,15,1,381),(2982,17,1,381),(2983,18,1,381),(2984,1,1,382),(2985,2,1,382),(2986,14,1,382),(2987,15,1,382),(2988,17,1,382),(2989,18,1,382),(2990,19,1,382),(2991,1,1,383),(2992,2,1,383),(2993,5,1,383),(2994,15,1,383),(2995,18,1,383),(2996,19,1,383),(2997,1,1,384),(2998,2,1,384),(2999,5,1,384),(3000,14,1,384),(3001,15,1,384),(3002,17,1,384),(3003,18,1,384),(3004,1,1,385),(3005,2,1,385),(3006,5,1,385),(3007,14,1,385),(3008,15,1,385),(3009,17,1,385),(3010,18,1,385),(3011,1,1,386),(3012,2,1,386),(3013,5,1,386),(3014,14,1,386),(3015,15,1,386),(3016,17,1,386),(3017,18,1,386),(3018,1,1,387),(3019,2,1,387),(3020,5,1,387),(3021,6,1,387),(3022,8,1,387),(3023,10,1,387),(3024,11,1,387),(3025,12,1,387),(3026,13,1,387),(3027,14,1,387),(3028,15,1,387),(3029,16,1,387),(3030,17,1,387),(3031,18,1,387),(3032,19,1,387),(3033,1,1,388),(3034,2,1,388),(3035,5,1,388),(3036,14,1,388),(3037,15,1,388),(3038,16,1,388),(3039,18,1,388),(3040,19,1,388),(3041,1,1,389),(3042,2,1,389),(3043,5,1,389),(3044,11,1,389),(3045,12,1,389),(3046,14,1,389),(3047,15,1,389),(3048,16,1,389),(3049,17,1,389),(3050,18,1,389),(3051,19,1,389),(3052,1,1,390),(3053,2,1,390),(3054,5,1,390),(3055,10,1,390),(3056,11,1,390),(3057,12,1,390),(3058,15,1,390),(3059,16,1,390),(3060,18,1,390),(3061,19,1,390),(3062,1,1,391),(3063,2,1,391),(3064,5,1,391),(3065,16,1,391),(3066,17,1,391),(3067,18,1,391),(3068,1,1,392),(3069,2,1,392),(3070,5,1,392),(3071,6,1,392),(3072,10,1,392),(3073,11,1,392),(3074,14,1,392),(3075,15,1,392),(3076,16,1,392),(3077,17,1,392),(3078,18,1,392),(3079,19,1,392),(3080,1,1,393),(3081,2,1,393),(3082,5,1,393),(3083,8,1,393),(3084,10,1,393),(3085,11,1,393),(3086,12,1,393),(3087,13,1,393),(3088,15,1,393),(3089,17,1,393),(3090,18,1,393),(3091,19,1,393),(3092,1,1,394),(3093,2,1,394),(3094,5,1,394),(3095,10,1,394),(3096,11,1,394),(3097,12,1,394),(3098,13,1,394),(3099,14,1,394),(3100,15,1,394),(3101,17,1,394),(3102,18,1,394),(3103,19,1,394),(3104,1,1,395),(3105,2,1,395),(3106,5,1,395),(3107,14,1,395),(3108,15,1,395),(3109,17,1,395),(3110,18,1,395),(3111,1,1,396),(3112,2,1,396),(3113,5,1,396),(3114,14,1,396),(3115,15,1,396),(3116,18,1,396),(3117,19,1,396),(3118,1,1,397),(3119,2,1,397),(3120,5,1,397),(3121,15,1,397),(3122,17,1,397),(3123,18,1,397),(3124,1,1,398),(3125,2,1,398),(3126,5,1,398),(3127,15,1,398),(3128,17,1,398),(3129,18,1,398),(3130,1,1,399),(3131,2,1,399),(3132,5,1,399),(3133,6,1,399),(3134,14,1,399),(3135,15,1,399),(3136,17,1,399),(3137,18,1,399),(3138,19,1,399),(3139,1,1,400),(3140,2,1,400),(3141,14,1,400),(3142,15,1,400),(3143,17,1,400),(3144,18,1,400),(3145,19,1,400),(3146,1,1,401),(3147,2,1,401),(3148,5,1,401),(3149,14,1,401),(3150,15,1,401),(3151,17,1,401),(3152,18,1,401),(3153,19,1,401),(3154,1,1,402),(3155,2,1,402),(3156,5,1,402),(3157,14,1,402),(3158,15,1,402),(3159,17,1,402),(3160,18,1,402),(3161,1,1,403),(3162,2,1,403),(3163,5,1,403),(3164,14,1,403),(3165,15,1,403),(3166,17,1,403),(3167,18,1,403),(3168,19,1,403),(3169,1,1,404),(3170,2,1,404),(3171,5,1,404),(3172,6,1,404),(3173,10,1,404),(3174,11,1,404),(3175,12,1,404),(3176,13,1,404),(3177,15,1,404),(3178,17,1,404),(3179,18,1,404),(3180,19,1,404),(3181,1,1,405),(3182,2,1,405),(3183,5,1,405),(3184,10,1,405),(3185,11,1,405),(3186,12,1,405),(3187,13,1,405),(3188,14,1,405),(3189,15,1,405),(3190,18,1,405),(3191,19,1,405),(3192,1,1,406),(3193,2,1,406),(3194,3,1,406),(3195,5,1,406),(3196,11,1,406),(3197,12,1,406),(3198,14,1,406),(3199,15,1,406),(3200,18,1,406),(3201,19,1,406),(3202,1,1,407),(3203,2,1,407),(3204,5,1,407),(3205,10,1,407),(3206,11,1,407),(3207,12,1,407),(3208,13,1,407),(3209,14,1,407),(3210,15,1,407),(3211,17,1,407),(3212,18,1,407),(3213,19,1,407),(3214,1,1,408),(3215,2,1,408),(3216,10,1,408),(3217,11,1,408),(3218,12,1,408),(3219,13,1,408),(3220,14,1,408),(3221,15,1,408),(3222,18,1,408),(3223,19,1,408),(3224,1,1,409),(3225,2,1,409),(3226,5,1,409),(3227,10,1,409),(3228,12,1,409),(3229,13,1,409),(3230,14,1,409),(3231,15,1,409),(3232,16,1,409),(3233,17,1,409),(3234,18,1,409),(3235,1,1,410),(3236,2,1,410),(3237,5,1,410),(3238,10,1,410),(3239,11,1,410),(3240,12,1,410),(3241,13,1,410),(3242,15,1,410),(3243,17,1,410),(3244,18,1,410),(3245,19,1,410),(3246,1,1,411),(3247,2,1,411),(3248,5,1,411),(3249,14,1,411),(3250,17,1,411),(3251,18,1,411),(3252,1,1,412),(3253,2,1,412),(3254,5,1,412),(3255,10,1,412),(3256,11,1,412),(3257,14,1,412),(3258,16,1,412),(3259,17,1,412),(3260,18,1,412),(3261,19,1,412),(3262,1,1,413),(3263,2,1,413),(3264,4,1,413),(3265,8,1,413),(3266,10,1,413),(3267,11,1,413),(3268,14,1,413),(3269,16,1,413),(3270,18,1,413),(3271,1,1,414),(3272,2,1,414),(3273,5,1,414),(3274,10,1,414),(3275,11,1,414),(3276,12,1,414),(3277,13,1,414),(3278,14,1,414),(3279,15,1,414),(3280,17,1,414),(3281,18,1,414),(3282,19,1,414),(3283,1,1,415),(3284,2,1,415),(3285,8,1,415),(3286,10,1,415),(3287,14,1,415),(3288,17,1,415),(3289,18,1,415),(3290,1,1,416),(3291,2,1,416),(3292,4,1,416),(3293,5,1,416),(3294,6,1,416),(3295,7,1,416),(3296,8,1,416),(3297,10,1,416),(3298,11,1,416),(3299,12,1,416),(3300,14,1,416),(3301,15,1,416),(3302,16,1,416),(3303,19,1,416),(3304,1,1,417),(3305,2,1,417),(3306,5,1,417),(3307,6,1,417),(3308,8,1,417),(3309,9,1,417),(3310,10,1,417),(3311,11,1,417),(3312,12,1,417),(3313,14,1,417),(3314,15,1,417),(3315,17,1,417),(3316,18,1,417),(3317,1,1,418),(3318,2,1,418),(3319,5,1,418),(3320,17,1,418),(3321,18,1,418),(3322,1,1,419),(3323,2,1,419),(3324,18,1,419),(3325,19,1,419),(3326,1,1,420),(3327,2,1,420),(3328,5,1,420),(3329,14,1,420),(3330,15,1,420),(3331,17,1,420),(3332,18,1,420),(3333,19,1,420),(3334,1,1,421),(3335,2,1,421),(3336,5,1,421),(3337,6,1,421),(3338,7,1,421),(3339,8,1,421),(3340,9,1,421),(3341,10,1,421),(3342,11,1,421),(3343,12,1,421),(3344,14,1,421),(3345,15,1,421),(3346,16,1,421),(3347,17,1,421),(3348,18,1,421),(3349,19,1,421),(3350,1,1,422),(3351,2,1,422),(3352,5,1,422),(3353,18,1,422),(3354,1,1,423),(3355,2,1,423),(3356,5,1,423),(3357,5,1,423),(3358,10,1,423),(3359,11,1,423),(3360,14,1,423),(3361,15,1,423),(3362,17,1,423),(3363,18,1,423),(3364,19,1,423),(3365,1,1,424),(3366,2,1,424),(3367,5,1,424),(3368,6,1,424),(3369,10,1,424),(3370,11,1,424),(3371,13,1,424),(3372,16,1,424),(3373,17,1,424),(3374,18,1,424),(3375,19,1,424),(3376,1,1,425),(3377,2,1,425),(3378,17,1,425),(3379,18,1,425),(3380,1,1,426),(3381,2,1,426),(3382,4,1,426),(3383,6,1,426),(3384,8,1,426),(3385,10,1,426),(3386,11,1,426),(3387,12,1,426),(3388,17,1,426),(3389,18,1,426),(3390,1,1,427),(3391,2,1,427),(3392,5,1,427),(3393,1,1,428),(3394,2,1,428),(3395,3,1,428),(3396,4,1,428),(3397,5,1,428),(3398,6,1,428),(3399,7,1,428),(3400,8,1,428),(3401,9,1,428),(3402,10,1,428),(3403,11,1,428),(3404,12,1,428),(3405,13,1,428),(3406,14,1,428),(3407,15,1,428),(3408,16,1,428),(3409,18,1,428),(3410,19,1,428),(3411,1,1,429),(3412,2,1,429),(3413,4,1,429),(3414,5,1,429),(3415,6,1,429),(3416,10,1,429),(3417,11,1,429),(3418,12,1,429),(3419,13,1,429),(3420,14,1,429),(3421,15,1,429),(3422,16,1,429),(3423,17,1,429),(3424,18,1,429),(3425,19,1,429),(3426,1,1,430),(3427,2,1,430),(3428,5,1,430),(3429,8,1,430),(3430,10,1,430),(3431,13,1,430),(3432,14,1,430),(3433,17,1,430),(3434,18,1,430),(3435,19,1,430),(3436,1,1,431),(3437,2,1,431),(3438,5,1,431),(3439,14,1,431),(3440,15,1,431),(3441,18,1,431),(3442,1,1,432),(3443,2,1,432),(3444,3,1,432),(3445,5,1,432),(3446,11,1,432),(3447,14,1,432),(3448,15,1,432),(3449,18,1,432),(3450,1,1,433),(3451,2,1,433),(3452,3,1,433),(3453,4,1,433),(3454,5,1,433),(3455,6,1,433),(3456,7,1,433),(3457,8,1,433),(3458,9,1,433),(3459,10,1,433),(3460,11,1,433),(3461,12,1,433),(3462,13,1,433),(3463,1,1,434),(3464,2,1,434),(3465,5,1,434),(3466,14,1,434),(3467,15,1,434),(3468,18,1,434),(3469,19,1,434),(3470,14,1,433),(3471,15,1,433),(3472,16,1,433),(3473,17,1,433),(3474,18,1,433),(3475,19,1,433),(3476,1,1,435),(3477,2,1,435),(3478,5,1,435),(3479,8,1,435),(3480,10,1,435),(3481,11,1,435),(3482,12,1,435),(3483,13,1,435),(3484,14,1,435),(3485,15,1,435),(3486,17,1,435),(3487,18,1,435),(3488,19,1,435),(3489,1,1,436),(3490,2,1,436),(3491,5,1,436),(3492,10,1,436),(3493,11,1,436),(3494,12,1,436),(3495,13,1,436),(3496,14,1,436),(3497,15,1,436),(3498,17,1,436),(3499,18,1,436),(3500,19,1,436),(3501,1,1,437),(3502,2,1,437),(3503,5,1,437),(3504,10,1,437),(3505,11,1,437),(3506,12,1,437),(3507,13,1,437),(3508,14,1,437),(3509,15,1,437),(3510,17,1,437),(3511,18,1,437),(3512,19,1,437),(3513,1,1,438),(3514,2,1,438),(3515,10,1,438),(3516,15,1,438),(3517,17,1,438),(3518,18,1,438),(3519,1,1,439),(3520,2,1,439),(3521,5,1,439),(3522,10,1,439),(3523,12,1,439),(3524,14,1,439),(3525,15,1,439),(3526,17,1,439),(3527,18,1,439),(3528,19,1,439),(3529,1,1,440),(3530,2,1,440),(3531,10,1,440),(3532,15,1,440),(3533,17,1,440),(3534,18,1,440),(3535,1,1,441),(3536,2,1,441),(3537,5,1,441),(3538,10,1,441),(3539,15,1,441),(3540,17,1,441),(3541,18,1,441),(3542,1,1,442),(3543,2,1,442),(3544,5,1,442),(3545,9,1,442),(3546,10,1,442),(3547,11,1,442),(3548,12,1,442),(3549,14,1,442),(3550,17,1,442),(3551,18,1,442),(3552,19,1,442),(3553,1,1,443),(3554,2,1,443),(3555,5,1,443),(3556,6,1,443),(3557,7,1,443),(3558,8,1,443),(3559,10,1,443),(3560,17,1,443),(3561,18,1,443),(3562,1,1,444),(3563,2,1,444),(3564,5,1,444),(3565,10,1,444),(3566,11,1,444),(3567,12,1,444),(3568,13,1,444),(3569,14,1,444),(3570,15,1,444),(3571,17,1,444),(3572,18,1,444),(3573,19,1,444),(3574,1,1,445),(3575,2,1,445),(3576,5,1,445),(3577,12,1,445),(3578,14,1,445),(3579,17,1,445),(3580,18,1,445),(3581,19,1,445),(3582,1,1,446),(3583,2,1,446),(3584,3,1,446),(3585,5,1,446),(3586,12,1,446),(3587,14,1,446),(3588,15,1,446),(3589,17,1,446),(3590,18,1,446),(3591,19,1,446),(3592,1,1,447),(3593,2,1,447),(3594,10,1,447),(3595,15,1,447),(3596,17,1,447),(3597,18,1,447),(3598,19,1,447),(3599,1,1,448),(3600,2,1,448),(3601,5,1,448),(3602,6,1,448),(3603,9,1,448),(3604,10,1,448),(3605,12,1,448),(3606,13,1,448),(3607,14,1,448),(3608,15,1,448),(3609,17,1,448),(3610,18,1,448),(3611,19,1,448),(3612,1,1,449),(3613,2,1,449),(3614,5,1,449),(3615,12,1,449),(3616,17,1,449),(3617,18,1,449),(3618,19,1,449),(3619,1,1,450),(3620,2,1,450),(3621,5,1,450),(3622,6,1,450),(3623,9,1,450),(3624,10,1,450),(3625,11,1,450),(3626,12,1,450),(3627,14,1,450),(3628,15,1,450),(3629,16,1,450),(3630,17,1,450),(3631,18,1,450),(3632,19,1,450),(3633,1,1,451),(3634,2,1,451),(3635,5,1,451),(3636,9,1,451),(3637,10,1,451),(3638,12,1,451),(3639,13,1,451),(3640,14,1,451),(3641,15,1,451),(3642,16,1,451),(3643,17,1,451),(3644,18,1,451),(3645,19,1,451),(3646,1,1,452),(3647,2,1,452),(3648,5,1,452),(3649,6,1,452),(3650,8,1,452),(3651,10,1,452),(3652,11,1,452),(3653,12,1,452),(3654,13,1,452),(3655,14,1,452),(3656,15,1,452),(3657,17,1,452),(3658,18,1,452),(3659,19,1,452),(3660,1,1,453),(3661,2,1,453),(3662,5,1,453),(3663,9,1,453),(3664,10,1,453),(3665,12,1,453),(3666,14,1,453),(3667,15,1,453),(3668,17,1,453),(3669,18,1,453),(3670,19,1,453),(3671,1,1,454),(3672,2,1,454),(3673,5,1,454),(3674,8,1,454),(3675,12,1,454),(3676,13,1,454),(3677,14,1,454),(3678,15,1,454),(3679,17,1,454),(3680,18,1,454),(3681,19,1,454),(3682,1,1,455),(3683,2,1,455),(3684,5,1,455),(3685,6,1,455),(3686,10,1,455),(3687,11,1,455),(3688,12,1,455),(3689,15,1,455),(3690,17,1,455),(3691,18,1,455),(3692,19,1,455),(3693,1,1,456),(3694,2,1,456),(3695,5,1,456),(3696,6,1,456),(3697,12,1,456),(3698,15,1,456),(3699,17,1,456),(3700,18,1,456),(3701,1,1,457),(3702,2,1,457),(3703,5,1,457),(3704,8,1,457),(3705,10,1,457),(3706,11,1,457),(3707,12,1,457),(3708,13,1,457),(3709,14,1,457),(3710,15,1,457),(3711,16,1,457),(3712,17,1,457),(3713,18,1,457),(3714,19,1,457),(3715,1,1,458),(3716,2,1,458),(3717,5,1,458),(3718,10,1,458),(3719,11,1,458),(3720,12,1,458),(3721,13,1,458),(3722,14,1,458),(3723,16,1,458),(3724,17,1,458),(3725,18,1,458),(3726,19,1,458),(3727,1,1,459),(3728,2,1,459),(3729,5,1,459),(3730,9,1,459),(3731,10,1,459),(3732,11,1,459),(3733,12,1,459),(3734,13,1,459),(3735,14,1,459),(3736,15,1,459),(3737,17,1,459),(3738,18,1,459),(3739,19,1,459),(3740,1,1,460),(3741,2,1,460),(3742,5,1,460),(3743,8,1,460),(3744,10,1,460),(3745,11,1,460),(3746,12,1,460),(3747,13,1,460),(3748,14,1,460),(3749,15,1,460),(3750,18,1,460),(3751,19,1,460),(3752,1,1,461),(3753,2,1,461),(3754,5,1,461),(3755,6,1,461),(3756,10,1,461),(3757,11,1,461),(3758,14,1,461),(3759,17,1,461),(3760,18,1,461),(3761,1,1,462),(3762,2,1,462),(3763,5,1,462),(3764,8,1,462),(3765,12,1,462),(3766,13,1,462),(3767,15,1,462),(3768,17,1,462),(3769,18,1,462),(3770,1,1,463),(3771,2,1,463),(3772,10,1,463),(3773,11,1,463),(3774,12,1,463),(3775,13,1,463),(3776,15,1,463),(3777,18,1,463),(3778,1,1,464),(3779,2,1,464),(3780,5,1,464),(3781,10,1,464),(3782,12,1,464),(3783,13,1,464),(3784,14,1,464),(3785,15,1,464),(3786,16,1,464),(3787,17,1,464),(3788,18,1,464),(3789,19,1,464),(3790,1,1,465),(3791,2,1,465),(3792,5,1,465),(3793,10,1,465),(3794,11,1,465),(3795,13,1,465),(3796,14,1,465),(3797,15,1,465),(3798,17,1,465),(3799,18,1,465),(3800,1,1,466),(3801,2,1,466),(3802,3,1,466),(3803,5,1,466),(3804,6,1,466),(3805,7,1,466),(3806,8,1,466),(3807,9,1,466),(3808,10,1,466),(3809,11,1,466),(3810,12,1,466),(3811,13,1,466),(3812,14,1,466),(3813,15,1,466),(3814,16,1,466),(3815,17,1,466),(3816,18,1,466),(3817,19,1,466),(3818,1,1,467),(3819,2,1,467),(3820,5,1,467),(3821,10,1,467),(3822,11,1,467),(3823,12,1,467),(3824,15,1,467),(3825,17,1,467),(3826,18,1,467),(3827,19,1,467),(3828,1,1,468),(3829,2,1,468),(3830,5,1,468),(3831,8,1,468),(3832,10,1,468),(3833,11,1,468),(3834,12,1,468),(3835,13,1,468),(3836,16,1,468),(3837,18,1,468),(3838,19,1,468),(3839,1,1,469),(3840,2,1,469),(3841,5,1,469),(3842,8,1,469),(3843,10,1,469),(3844,11,1,469),(3845,12,1,469),(3846,13,1,469),(3847,17,1,469),(3848,18,1,469),(3849,19,1,469),(3850,1,1,470),(3851,2,1,470),(3852,5,1,470),(3853,14,1,470),(3854,17,1,470),(3855,18,1,470),(3856,1,1,471),(3857,2,1,471),(3858,3,1,471),(3859,4,1,471),(3860,5,1,471),(3861,6,1,471),(3862,7,1,471),(3863,8,1,471),(3864,9,1,471),(3865,10,1,471),(3866,11,1,471),(3867,12,1,471),(3868,13,1,471),(3869,14,1,471),(3870,15,1,471),(3871,16,1,471),(3872,17,1,471),(3873,18,1,471),(3874,19,1,471),(3875,1,1,472),(3876,2,1,472),(3877,5,1,472),(3878,10,1,472),(3879,11,1,472),(3880,12,1,472),(3881,14,1,472),(3882,17,1,472),(3883,18,1,472),(3884,19,1,472),(3885,1,1,473),(3886,2,1,473),(3887,18,1,473),(3888,1,1,474),(3889,2,1,474),(3890,5,1,474),(3891,10,1,474),(3892,11,1,474),(3893,12,1,474),(3894,13,1,474),(3895,15,1,474),(3896,16,1,474),(3897,18,1,474),(3898,19,1,474),(3899,1,1,475),(3900,5,1,475),(3901,9,1,475),(3902,11,1,475),(3903,13,1,475),(3904,14,1,475),(3905,15,1,475),(3906,18,1,475),(3907,19,1,475),(3908,1,1,476),(3909,2,1,476),(3910,5,1,476),(3911,10,1,476),(3912,13,1,476),(3913,17,1,476),(3914,18,1,476),(3915,1,1,477),(3916,2,1,477),(3917,5,1,477),(3918,6,1,477),(3919,8,1,477),(3920,10,1,477),(3921,14,1,477),(3922,15,1,477),(3923,17,1,477),(3924,18,1,477),(3925,1,1,478),(3926,2,1,478),(3927,5,1,478),(3928,10,1,478),(3929,11,1,478),(3930,13,1,478),(3931,14,1,478),(3932,15,1,478),(3933,17,1,478),(3934,18,1,478),(3935,19,1,478),(3936,1,1,479),(3937,2,1,479),(3938,5,1,479),(3939,6,1,479),(3940,8,1,479),(3941,11,1,479),(3942,16,1,479),(3943,17,1,479),(3944,18,1,479),(3945,19,1,479),(3946,1,1,480),(3947,2,1,480),(3948,5,1,480),(3949,10,1,480),(3950,12,1,480),(3951,13,1,480),(3952,18,1,480),(3953,19,1,480),(3954,1,1,481),(3955,2,1,481),(3956,5,1,481),(3957,10,1,481),(3958,12,1,481),(3959,13,1,481),(3960,14,1,481),(3961,15,1,481),(3962,17,1,481),(3963,18,1,481),(3964,19,1,481),(3965,1,1,482),(3966,2,1,482),(3967,12,1,482),(3968,17,1,482),(3969,18,1,482),(3970,19,1,482),(3971,1,1,483),(3972,2,1,483),(3973,5,1,483),(3974,10,1,483),(3975,11,1,483),(3976,12,1,483),(3977,13,1,483),(3978,14,1,483),(3979,17,1,483),(3980,18,1,483),(3981,19,1,483),(3982,1,1,484),(3983,2,1,484),(3984,5,1,484),(3985,6,1,484),(3986,8,1,484),(3987,10,1,484),(3988,11,1,484),(3989,12,1,484),(3990,14,1,484),(3991,16,1,484),(3992,17,1,484),(3993,18,1,484),(3994,1,1,485),(3995,2,1,485),(3996,5,1,485),(3997,10,1,485),(3998,11,1,485),(3999,17,1,485),(4000,18,1,485),(4001,19,1,485),(4002,1,1,486),(4003,2,1,486),(4004,10,1,486),(4005,12,1,486),(4006,13,1,486),(4007,17,1,486),(4008,1,1,487),(4009,2,1,487),(4010,10,1,487),(4011,12,1,487),(4012,17,1,487),(4013,18,1,487),(4014,19,1,487),(4015,1,1,488),(4016,2,1,488),(4017,5,1,488),(4018,10,1,488),(4019,12,1,488),(4020,16,1,488),(4021,18,1,488),(4022,19,1,488),(4023,1,1,489),(4024,2,1,489),(4025,5,1,489),(4026,10,1,489),(4027,11,1,489),(4028,12,1,489),(4029,14,1,489),(4030,17,1,489),(4031,18,1,489),(4032,19,1,489),(4033,1,1,490),(4034,2,1,490),(4035,5,1,490),(4036,10,1,490),(4037,11,1,490),(4038,14,1,490),(4039,15,1,490),(4040,17,1,490),(4041,18,1,490),(4042,19,1,490),(4043,1,1,491),(4044,2,1,491),(4045,5,1,491),(4046,11,1,491),(4047,17,1,491),(4048,18,1,491),(4049,19,1,491),(4050,1,1,492),(4051,2,1,492),(4052,5,1,492),(4053,8,1,492),(4054,10,1,492),(4055,11,1,492),(4056,12,1,492),(4057,13,1,492),(4058,17,1,492),(4059,18,1,492),(4060,1,1,493),(4061,2,1,493),(4062,5,1,493),(4063,10,1,493),(4064,14,1,493),(4065,17,1,493),(4066,18,1,493),(4067,19,1,493),(4068,1,1,494),(4069,2,1,494),(4070,5,1,494),(4071,10,1,494),(4072,11,1,494),(4073,12,1,494),(4074,15,1,494),(4075,17,1,494),(4076,19,1,494),(4077,1,1,495),(4078,2,1,495),(4079,15,1,495),(4080,18,1,495),(4081,19,1,495),(4082,1,1,496),(4083,2,1,496),(4084,5,1,496),(4085,10,1,496),(4086,11,1,496),(4087,17,1,496),(4088,18,1,496),(4089,19,1,496),(4090,1,1,497),(4091,2,1,497),(4092,5,1,497),(4093,10,1,497),(4094,12,1,497),(4095,17,1,497),(4096,18,1,497),(4097,1,1,498),(4098,2,1,498),(4099,5,1,498),(4100,10,1,498),(4101,11,1,498),(4102,12,1,498),(4103,15,1,498),(4104,17,1,498),(4105,18,1,498),(4106,1,1,499),(4107,2,1,499),(4108,17,1,499),(4109,18,1,499),(4110,19,1,499),(4111,1,1,500),(4112,2,1,500),(4113,10,1,500),(4114,14,1,500),(4115,18,1,500),(4116,19,1,500),(4117,1,1,501),(4118,2,1,501),(4119,10,1,501),(4120,12,1,501),(4121,12,1,501),(4122,13,1,501),(4123,15,1,501),(4124,17,1,501),(4125,18,1,501),(4126,1,1,502),(4127,2,1,502),(4128,5,1,502),(4129,10,1,502),(4130,11,1,502),(4131,13,1,502),(4132,14,1,502),(4133,15,1,502),(4134,17,1,502),(4135,18,1,502),(4136,19,1,502),(4137,1,1,503),(4138,2,1,503),(4139,5,1,503),(4140,10,1,503),(4141,13,1,503),(4142,14,1,503),(4143,15,1,503),(4144,17,1,503),(4145,18,1,503),(4146,1,1,504),(4147,2,1,504),(4148,5,1,504),(4149,10,1,504),(4150,11,1,504),(4151,12,1,504),(4152,13,1,504),(4153,14,1,504),(4154,15,1,504),(4155,17,1,504),(4156,18,1,504),(4157,19,1,504),(4158,1,1,505),(4159,2,1,505),(4160,10,1,505),(4161,12,1,505),(4162,13,1,505),(4163,15,1,505),(4164,17,1,505),(4165,18,1,505),(4704,10,1,568),(4703,5,1,568),(4702,2,1,568),(4701,1,1,568),(4700,17,1,567),(4699,15,1,567),(4698,14,1,567),(4697,5,1,567),(4696,2,1,567),(4175,1,1,507),(4176,2,1,507),(4177,4,1,507),(4178,5,1,507),(4179,10,1,507),(4180,11,1,507),(4181,12,1,507),(4182,15,1,507),(4183,16,1,507),(4184,17,1,507),(4185,18,1,507),(4186,19,1,507),(4695,1,1,567),(4694,19,1,566),(4693,18,1,566),(4692,17,1,566),(4691,12,1,566),(4690,11,1,566),(4689,5,1,566),(4688,2,1,566),(4687,1,1,566),(4686,18,1,565),(4197,10,1,509),(4198,11,1,509),(4199,12,1,509),(4200,16,1,509),(4201,17,1,509),(4202,19,1,509),(4203,1,1,510),(4204,2,1,510),(4205,5,1,510),(4206,6,1,510),(4207,8,1,510),(4208,10,1,510),(4209,11,1,510),(4210,12,1,510),(4211,13,1,510),(4212,14,1,510),(4213,15,1,510),(4214,17,1,510),(4215,18,1,510),(4216,19,1,510),(4217,1,1,511),(4218,2,1,511),(4219,5,1,511),(4220,6,1,511),(4221,8,1,511),(4222,10,1,511),(4223,11,1,511),(4224,12,1,511),(4225,14,1,511),(4226,15,1,511),(4227,16,1,511),(4228,17,1,511),(4229,18,1,511),(4230,19,1,511),(4231,1,1,512),(4232,2,1,512),(4233,5,1,512),(4234,10,1,512),(4235,11,1,512),(4236,12,1,512),(4237,13,1,512),(4238,14,1,512),(4239,15,1,512),(4240,16,1,512),(4241,17,1,512),(4242,18,1,512),(4243,19,1,512),(4244,1,1,513),(4246,1,1,515),(4247,2,1,515),(4248,5,1,515),(4249,8,1,515),(4250,10,1,515),(4251,12,1,515),(4252,13,1,515),(4253,14,1,515),(4254,15,1,515),(4255,17,1,515),(4256,18,1,515),(4257,19,1,515),(4258,1,1,516),(4259,2,1,516),(4260,5,1,516),(4261,6,1,516),(4262,11,1,516),(4263,12,1,516),(4264,14,1,516),(4265,17,1,516),(4266,18,1,516),(4267,19,1,516),(4268,1,1,517),(4269,2,1,517),(4270,5,1,517),(4271,10,1,517),(4272,11,1,517),(4273,14,1,517),(4274,15,1,517),(4275,17,1,517),(4276,18,1,517),(4277,19,1,517),(4278,1,1,518),(4279,2,1,518),(4280,5,1,518),(4281,10,1,518),(4282,11,1,518),(4283,14,1,518),(4284,15,1,518),(4285,17,1,518),(4286,18,1,518),(4287,19,1,518),(4288,2,1,519),(4289,5,1,519),(4290,10,1,519),(4291,11,1,519),(4292,12,1,519),(4293,13,1,519),(4294,14,1,519),(4295,15,1,519),(4296,17,1,519),(4297,18,1,519),(4298,19,1,519),(4299,1,1,520),(4300,2,1,520),(4301,5,1,520),(4302,10,1,520),(4303,12,1,520),(4304,14,1,520),(4305,15,1,520),(4306,17,1,520),(4307,18,1,520),(4308,19,1,520),(4309,1,1,521),(4310,2,1,521),(4311,8,1,521),(4312,9,1,521),(4313,10,1,521),(4314,11,1,521),(4315,12,1,521),(4316,13,1,521),(4317,15,1,521),(4318,19,1,521),(4319,1,1,522),(4320,2,1,522),(4321,5,1,522),(4322,10,1,522),(4323,12,1,522),(4324,13,1,522),(4325,14,1,522),(4326,15,1,522),(4327,16,1,522),(4328,17,1,522),(4329,18,1,522),(4330,19,1,522),(4331,1,1,523),(4332,2,1,523),(4333,10,1,523),(4334,12,1,523),(4335,13,1,523),(4336,17,1,523),(4337,18,1,523),(4338,19,1,523),(4339,1,1,524),(4340,2,1,524),(4341,8,1,524),(4342,9,1,524),(4343,10,1,524),(4344,11,1,524),(4345,15,1,524),(4346,17,1,524),(4347,18,1,524),(4348,19,1,524),(4349,1,1,525),(4350,2,1,525),(4351,10,1,525),(4352,17,1,525),(4353,18,1,525),(4354,1,1,526),(4355,2,1,526),(4356,5,1,526),(4357,15,1,526),(4358,17,1,526),(4359,18,1,526),(4360,1,1,527),(4361,2,1,527),(4362,5,1,527),(4363,12,1,527),(4364,14,1,527),(4365,17,1,527),(4366,18,1,527),(4367,18,1,527),(4368,1,1,528),(4369,2,1,528),(4370,5,1,528),(4371,10,1,528),(4372,11,1,528),(4373,12,1,528),(4374,14,1,528),(4375,15,1,528),(4376,18,1,528),(4377,19,1,528),(4378,1,1,529),(4379,2,1,529),(4380,5,1,529),(4381,10,1,529),(4382,16,1,529),(4383,17,1,529),(4384,18,1,529),(4385,19,1,529),(4386,1,1,530),(4387,2,1,530),(4388,5,1,530),(4389,11,1,530),(4390,12,1,530),(4391,13,1,530),(4392,16,1,530),(4393,17,1,530),(4394,18,1,530),(4395,19,1,530),(4396,1,1,531),(4397,2,1,531),(4398,5,1,531),(4399,11,1,531),(4400,14,1,531),(4401,17,1,531),(4402,18,1,531),(4403,1,1,532),(4404,2,1,532),(4405,5,1,532),(4406,10,1,532),(4407,11,1,532),(4408,11,1,532),(4409,14,1,532),(4410,15,1,532),(4411,17,1,532),(4412,18,1,532),(4413,19,1,532),(4414,1,1,533),(4415,2,1,533),(4416,5,1,533),(4417,8,1,533),(4418,10,1,533),(4419,11,1,533),(4420,12,1,533),(4421,14,1,533),(4422,17,1,533),(4423,18,1,533),(4424,1,1,534),(4425,2,1,534),(4426,10,1,534),(4427,12,1,534),(4428,15,1,534),(4429,17,1,534),(4430,18,1,534),(4685,17,1,565),(4684,14,1,565),(4683,5,1,565),(4682,2,1,565),(4681,1,1,565),(4680,18,1,563),(4679,17,1,563),(4678,5,1,563),(4677,2,1,563),(4676,1,1,563),(4441,1,1,536),(4442,2,1,536),(4443,5,1,536),(4444,10,1,536),(4445,11,1,536),(4446,12,1,536),(4447,14,1,536),(4448,15,1,536),(4449,17,1,536),(4450,18,1,536),(4451,19,1,536),(4467,11,1,538),(4468,12,1,538),(4469,17,1,538),(4470,1,1,539),(4471,2,1,539),(4472,5,1,539),(4473,11,1,539),(4474,12,1,539),(4475,13,1,539),(4476,14,1,539),(4477,15,1,539),(4478,17,1,539),(4479,18,1,539),(4480,19,1,539),(4481,1,1,540),(4482,2,1,540),(4483,10,1,540),(4484,11,1,540),(4485,12,1,540),(4486,13,1,540),(4487,15,1,540),(4488,17,1,540),(4489,18,1,540),(4490,19,1,540),(4491,1,1,541),(4492,2,1,541),(4493,10,1,541),(4494,12,1,541),(4495,14,1,541),(4496,15,1,541),(4497,17,1,541),(4498,18,1,541),(4499,1,1,542),(4500,2,1,542),(4501,5,1,542),(4502,10,1,542),(4503,11,1,542),(4504,12,1,542),(4505,13,1,542),(4506,17,1,542),(4507,18,1,542),(4508,19,1,542),(4509,1,1,543),(4510,2,1,543),(4511,5,1,543),(4512,10,1,543),(4513,11,1,543),(4514,12,1,543),(4515,14,1,543),(4516,17,1,543),(4517,18,1,543),(4518,1,1,544),(4519,2,1,544),(4520,5,1,544),(4521,11,1,544),(4522,12,1,544),(4523,14,1,544),(4524,15,1,544),(4525,17,1,544),(4526,19,1,544),(4527,1,1,545),(4528,2,1,545),(4529,10,1,545),(4530,18,1,545),(4531,1,1,546),(4532,2,1,546),(4533,5,1,546),(4534,11,1,546),(4535,12,1,546),(4536,15,1,546),(4537,17,1,546),(4538,18,1,546),(4539,19,1,546),(4540,1,1,547),(4541,2,1,547),(4542,5,1,547),(4543,10,1,547),(4544,11,1,547),(4545,12,1,547),(4546,13,1,547),(4547,15,1,547),(4548,16,1,547),(4549,17,1,547),(4550,18,1,547),(4551,1,1,548),(4552,2,1,548),(4553,5,1,548),(4554,10,1,548),(4555,12,1,548),(4556,13,1,548),(4557,17,1,548),(4558,17,1,548),(4559,1,1,549),(4560,2,1,549),(4561,5,1,549),(4562,11,1,549),(4563,12,1,549),(4564,14,1,549),(4565,15,1,549),(4566,17,1,549),(4567,18,1,549),(4568,19,1,549),(4569,1,1,550),(4570,2,1,550),(4571,5,1,550),(4572,11,1,550),(4573,12,1,550),(4574,17,1,550),(4575,18,1,550),(4576,19,1,550),(4577,1,1,551),(4578,2,1,551),(4579,5,1,551),(4580,11,1,551),(4581,12,1,551),(4582,14,1,551),(4583,17,1,551),(4584,18,1,551),(4585,19,1,551),(4586,1,1,552),(4587,2,1,552),(4588,5,1,552),(4589,11,1,552),(4590,12,1,552),(4591,13,1,552),(4592,14,1,552),(4593,15,1,552),(4594,17,1,552),(4595,18,1,552),(4596,19,1,552),(4597,1,1,553),(4598,2,1,553),(4599,5,1,553),(4600,11,1,553),(4601,14,1,553),(4602,17,1,553),(4603,18,1,553),(4604,19,1,553),(4605,1,1,554),(4606,2,1,554),(4607,5,1,554),(4608,11,1,554),(4609,12,1,554),(4610,13,1,554),(4611,14,1,554),(4612,15,1,554),(4613,16,1,554),(4614,17,1,554),(4615,18,1,554),(4616,19,1,554),(4617,1,1,555),(4618,2,1,555),(4619,10,1,555),(4620,18,1,555),(4621,1,1,556),(4622,2,1,556),(4623,5,1,556),(4624,11,1,556),(4625,17,1,556),(4626,18,1,556),(4627,1,1,557),(4628,2,1,557),(4629,5,1,557),(4630,14,1,557),(4631,15,1,557),(4632,17,1,557),(4633,18,1,557),(4634,19,1,557),(4635,1,1,558),(4636,10,1,558),(4637,11,1,558),(4638,13,1,558),(4639,16,1,558),(4640,18,1,558),(4641,19,1,558),(4642,1,1,559),(4643,2,1,559),(4644,5,1,559),(4645,14,1,559),(4646,15,1,559),(4647,17,1,559),(4648,18,1,559),(4649,1,1,560),(4650,2,1,560),(4651,18,1,560),(4652,1,1,561),(4653,2,1,561),(4654,5,1,561),(4655,11,1,561),(4656,12,1,561),(4657,14,1,561),(4658,15,1,561),(4659,17,1,561),(4660,18,1,561),(4661,1,1,562),(4662,2,1,562),(4663,5,1,562),(4664,17,1,562),(4665,18,1,562),(4666,1,1,564),(4667,2,1,564),(4668,5,1,564),(4669,10,1,564),(4670,11,1,564),(4671,12,1,564),(4672,15,1,564),(4673,17,1,564),(4674,18,1,564),(4675,19,1,564),(4705,11,1,568),(4706,14,1,568),(4707,15,1,568),(4708,17,1,568),(4709,18,1,568),(4710,1,1,569),(4711,2,1,569),(4712,5,1,569),(4713,10,1,569),(4714,11,1,569),(4715,16,1,569),(4716,17,1,569),(4717,18,1,569),(4718,19,1,569),(4719,1,1,570),(4720,2,1,570),(4721,5,1,570),(4722,8,1,570),(4723,9,1,570),(4724,17,1,570),(4725,18,1,570),(4726,19,1,570),(4727,1,1,571),(4728,2,1,571),(4729,5,1,571),(4730,6,1,571),(4731,10,1,571),(4732,11,1,571),(4733,12,1,571),(4734,13,1,571),(4735,14,1,571),(4736,15,1,571),(4737,16,1,571),(4738,17,1,571),(4739,19,1,571),(4740,1,1,572),(4741,2,1,572),(4742,5,1,572),(4743,12,1,572),(4744,14,1,572),(4745,15,1,572),(4746,17,1,572),(4747,18,1,572),(4748,1,1,573),(4749,2,1,573),(4750,11,1,573),(4751,12,1,573),(4752,14,1,573),(4753,15,1,573),(4754,16,1,573),(4755,17,1,573),(4756,18,1,573),(4757,1,1,574),(4758,2,1,574),(4759,5,1,574),(4760,14,1,574),(4761,17,1,574),(4762,18,1,574),(4763,1,1,575),(4764,2,1,575),(4765,12,1,575),(4766,18,1,575),(4767,1,1,576),(4768,2,1,576),(4769,5,1,576),(4770,13,1,576),(4771,15,1,576),(4772,17,1,576),(4773,18,1,576),(4774,19,1,576),(4775,1,1,577),(4776,2,1,577),(4777,5,1,577),(4778,6,1,577),(4779,10,1,577),(4780,11,1,577),(4781,12,1,577),(4782,13,1,577),(4783,14,1,577),(4784,14,1,577),(4785,17,1,577),(4786,18,1,577),(4787,19,1,577),(4788,1,1,578),(4789,2,1,578),(4790,5,1,578),(4791,18,1,578),(4792,19,1,578),(4793,1,1,579),(4794,2,1,579),(4795,14,1,579),(4796,18,1,579),(4797,18,1,579),(4798,1,1,580),(4799,2,1,580),(4800,5,1,580),(4801,15,1,580),(4802,17,1,580),(4803,18,1,580),(4804,19,1,580),(4805,1,1,581),(4806,2,1,581),(4807,5,1,581),(4808,14,1,581),(4809,17,1,581),(4810,18,1,581),(4811,19,1,581),(4812,1,1,582),(4813,2,1,582),(4814,5,1,582),(4815,11,1,582),(4816,15,1,582),(4817,17,1,582),(4818,18,1,582),(4819,19,1,582),(4820,1,1,584),(4821,2,1,584),(4822,5,1,584),(4823,17,1,584),(4824,18,1,584),(4825,1,1,583),(4826,2,1,583),(4827,5,1,583),(4828,12,1,583),(4829,15,1,583),(4830,17,1,583),(4831,18,1,583),(4832,19,1,583),(4833,20,1,583),(4834,1,1,585),(4835,2,1,585),(4836,5,1,585),(4837,14,1,585),(4838,15,1,585),(4839,17,1,585),(4840,18,1,585),(4841,1,1,587),(4842,2,1,587),(4843,5,1,587),(4844,15,1,587),(4845,17,1,587),(4846,18,1,587),(4847,1,1,586),(4848,2,1,586),(4849,5,2,586),(4850,11,1,586),(4851,15,1,586),(4852,17,1,586),(4853,18,1,586),(4854,19,1,586),(4855,1,1,588),(4856,2,1,588),(4857,5,1,588),(4858,14,1,588),(4859,15,1,588),(4860,17,1,588),(4861,18,1,588),(4862,1,1,589),(4863,2,1,589),(4864,10,1,589),(4865,15,1,589),(4866,17,1,589),(4867,18,1,589),(4868,1,1,590),(4869,1,1,591),(4870,5,1,591),(4871,10,1,591),(4872,17,1,591),(4873,18,1,591),(4874,1,1,592),(4875,2,1,592),(4876,5,1,592),(4877,10,1,592),(4878,11,1,592),(4879,17,1,592),(4880,18,1,592),(4881,1,1,593),(4882,2,1,593),(4883,16,1,593),(4884,1,1,594),(4885,2,1,594),(4886,5,1,594),(4887,11,1,594),(4888,13,1,594),(4889,15,1,594),(4890,17,1,594),(4891,18,1,594),(4892,1,1,595),(4893,2,1,595),(4894,14,1,595),(4895,17,1,595),(4896,18,1,595),(4897,19,1,595),(4898,1,1,596),(4899,2,1,596),(4900,5,1,596),(4901,10,1,596),(4902,11,1,596),(4903,15,1,596),(4904,17,1,596),(4905,18,1,596),(4906,19,1,596),(4907,1,1,597),(4908,2,1,597),(4909,19,1,597),(4910,1,1,598),(4911,2,1,598),(4912,5,1,598),(4913,10,1,598),(4914,11,1,598),(4915,14,1,598),(4916,17,1,598),(4917,17,1,598),(4918,19,1,598),(4919,1,1,599),(4920,2,1,599),(4921,5,1,599),(4922,17,1,599),(4923,18,1,599),(4924,19,1,599),(4925,1,1,601),(4926,2,1,601),(4927,5,1,601),(4928,15,1,601),(4929,1,1,602),(4930,2,1,602),(4931,5,1,602),(4932,15,1,602),(4933,17,1,602),(4934,18,1,602),(4935,1,1,603),(4936,2,1,603),(4937,10,1,603),(4938,14,1,603),(4939,15,1,603),(4940,17,1,603),(4941,18,1,603),(4942,1,1,604),(4943,2,1,604),(4944,5,1,604),(4945,15,1,604),(4946,17,1,604),(4947,18,1,604),(4948,1,1,605),(4949,2,1,605),(4950,5,1,605),(4951,15,1,605),(4952,17,1,605),(4953,18,1,605),(4954,19,1,605),(4955,1,1,606),(4956,2,1,606),(4957,14,1,606),(4958,15,1,606),(4959,17,1,606),(4960,18,1,606),(4961,1,1,607),(4962,2,1,607),(4963,5,1,607),(4964,17,1,607),(4965,18,1,607),(4966,1,1,608),(4967,2,1,608),(4968,10,1,608),(4969,14,1,608),(4970,17,1,608),(4971,18,2,608),(4972,1,1,609),(4973,2,1,609),(4974,5,1,609),(4975,10,1,609),(4976,11,1,609),(4977,15,1,609),(4978,17,1,609),(4979,18,1,609),(4980,1,1,610),(4981,2,1,610),(4982,5,1,610),(4983,10,1,610),(4984,13,1,610),(4985,14,1,610),(4986,15,1,610),(4987,17,1,610),(4988,18,1,610),(4989,1,1,611),(4990,2,1,611),(4991,5,1,611),(4992,11,1,611),(4993,14,1,611),(4994,15,1,611),(4995,17,1,611),(4996,18,1,611),(4997,19,1,611),(4998,1,1,612),(4999,2,1,612),(5000,5,1,612),(5001,6,1,612),(5002,10,1,612),(5003,11,1,612),(5004,12,1,612),(5005,13,1,612),(5006,14,1,612),(5007,17,1,612),(5008,18,1,612),(5009,1,1,613),(5010,2,1,613),(5011,5,1,613),(5012,17,1,613),(5013,18,1,613),(5014,1,1,614),(5015,2,1,614),(5016,5,1,614),(5017,10,1,614),(5018,14,1,614),(5019,15,1,614),(5020,17,1,614),(5021,18,1,614),(5022,19,1,614),(5023,1,1,615),(5024,2,1,615),(5025,5,1,615),(5026,15,1,615),(5027,17,1,615),(5028,18,1,615),(5029,19,1,615),(5030,1,1,616),(5031,2,1,616),(5032,5,1,616),(5033,11,1,616),(5034,17,1,616),(5035,18,1,616),(5036,1,1,617),(5037,2,1,617),(5038,5,1,617),(5039,14,1,617),(5040,15,1,617),(5041,16,1,617),(5042,17,1,617),(5043,18,1,617),(5044,1,1,618),(5045,2,1,618),(5046,5,1,618),(5047,11,1,618),(5048,14,1,618),(5049,17,1,618),(5050,18,1,618),(5051,19,1,618),(5052,1,1,620),(5053,2,1,620),(5054,3,1,620),(5055,5,1,620),(5056,8,1,620),(5057,9,1,620),(5058,1,1,621),(5059,2,1,621),(5060,5,1,621),(5061,7,1,621),(5062,8,1,621),(5063,10,1,621),(5064,13,1,621),(5065,15,1,621),(5066,17,1,621),(5067,19,1,621),(5068,1,1,600),(5069,2,1,600),(5070,5,1,600),(5071,10,1,600),(5072,11,1,600),(5073,14,1,600),(5074,15,1,600),(5075,17,1,600),(5076,18,1,600),(5077,1,1,622),(5078,2,1,622),(5079,5,1,622),(5080,13,1,622),(5081,15,1,622),(5082,17,1,622),(5083,18,1,622),(5084,19,1,622),(5085,1,1,623),(5086,2,1,623),(5087,5,1,623),(5088,14,1,623),(5089,15,1,623),(5090,17,1,623),(5091,18,1,623),(5092,19,1,623),(5093,1,1,624),(5094,2,1,624),(5095,5,1,624),(5096,14,1,624),(5097,15,1,624),(5098,16,1,624),(5099,17,1,624),(5100,18,1,624),(5124,5,1,628),(5123,2,1,628),(5122,1,1,628),(5121,18,1,627),(5120,17,1,627),(5119,5,1,627),(5118,2,1,627),(5117,1,1,627),(5109,1,1,626),(5110,2,1,626),(5111,5,1,626),(5112,10,1,626),(5113,11,1,626),(5114,14,1,626),(5115,17,1,626),(5116,18,1,626),(5125,14,1,628),(5126,16,1,628),(5127,17,1,628),(5128,18,1,628),(5129,19,1,628),(5130,1,1,629),(5131,2,1,629),(5132,5,1,629),(5133,16,1,629),(5134,17,1,629),(5135,18,1,629),(5136,1,1,630),(5137,2,1,630),(5138,10,1,630),(5139,14,1,630),(5140,15,1,630),(5141,18,1,630),(5142,19,1,630),(5143,1,1,631),(5144,2,1,631),(5145,5,1,631),(5146,14,1,631),(5147,15,1,631),(5148,17,1,631),(5149,18,1,631),(5150,1,1,632),(5151,2,1,632),(5152,5,1,632),(5153,15,1,632),(5154,17,1,632),(5155,18,1,632),(5156,19,1,632),(5157,1,1,633),(5158,2,1,633),(5159,13,1,633),(5160,15,1,633),(5161,17,1,633),(5162,18,1,633),(5163,19,1,633),(5164,1,1,634),(5165,2,1,634),(5166,5,1,634),(5167,15,1,634),(5168,17,1,634),(5169,18,1,634),(5170,1,1,635),(5171,2,1,635),(5172,5,1,635),(5173,10,1,635),(5174,14,1,635),(5175,16,1,635),(5176,18,1,635),(5177,1,1,636),(5178,2,1,636),(5179,8,1,636),(5180,14,1,636),(5181,17,1,636),(5182,18,1,636),(5183,19,1,636),(5184,1,1,637),(5185,2,1,637),(5186,5,1,637),(5187,6,1,637),(5188,11,1,637),(5189,14,1,637),(5190,15,1,637),(5191,17,1,637),(5192,18,1,637),(5193,1,1,638),(5194,2,1,638),(5195,5,1,638),(5196,14,1,638),(5197,1,1,639),(5198,2,1,639),(5199,5,1,639),(5200,10,1,639),(5201,11,1,639),(5202,14,1,639),(5203,17,1,639),(5204,18,1,639),(5205,1,1,640),(5206,2,1,640),(5207,5,1,640),(5208,10,1,640),(5209,11,1,640),(5210,14,1,640),(5211,17,1,640),(5212,18,1,640),(5213,19,1,640),(5214,1,1,641),(5215,2,1,641),(5216,10,1,641),(5217,16,1,641),(5218,17,1,641),(5219,18,1,641),(5220,1,1,642),(5221,2,1,642),(5222,14,1,642),(5223,18,1,642),(5224,1,1,643),(5225,2,1,643),(5226,18,1,643),(5227,1,1,644),(5228,2,1,644),(5229,5,1,644),(5230,14,1,644),(5231,15,1,644),(5232,17,1,644),(5233,18,1,644),(5234,19,1,644);
/*!40000 ALTER TABLE `diversidad_alimentaria_diversidad` ENABLE KEYS */;
UNLOCK TABLES;

--
-- Table structure for table `django_admin_log`
--

DROP TABLE IF EXISTS `django_admin_log`;
/*!40101 SET @saved_cs_client     = @@character_set_client */;
/*!40101 SET character_set_client = utf8 */;
CREATE TABLE `django_admin_log` (
  `id` int(11) NOT NULL AUTO_INCREMENT,
  `action_time` datetime NOT NULL,
  `user_id` int(11) NOT NULL,
  `content_type_id` int(11) DEFAULT NULL,
  `object_id` longtext,
  `object_repr` varchar(200) NOT NULL,
  `action_flag` smallint(5) unsigned NOT NULL,
  `change_message` longtext NOT NULL,
  PRIMARY KEY (`id`),
  KEY `django_admin_log_fbfc09f1` (`user_id`),
  KEY `django_admin_log_e4470c6e` (`content_type_id`)
) ENGINE=MyISAM AUTO_INCREMENT=1336 DEFAULT CHARSET=latin1;
/*!40101 SET character_set_client = @saved_cs_client */;

--
-- Dumping data for table `django_admin_log`
--

LOCK TABLES `django_admin_log` WRITE;
/*!40000 ALTER TABLE `django_admin_log` DISABLE KEYS */;
INSERT INTO `django_admin_log` VALUES (1,'2011-05-25 07:03:12',1,2,'1','Digitadores',1,''),(2,'2011-05-25 07:05:14',1,3,'2','ivonne',1,''),(3,'2011-05-25 07:05:38',1,3,'2','ivonne',2,'Modificado/a first_name, last_name, is_staff y groups.'),(4,'2011-05-25 07:05:55',1,3,'3','ruth',1,''),(5,'2011-05-25 07:06:17',1,3,'3','ruth',2,'Modificado/a first_name, last_name, is_staff y groups.'),(6,'2011-05-25 07:06:48',1,3,'4','vanessa',1,''),(7,'2011-05-25 07:07:15',1,3,'4','vanessa',2,'Modificado/a first_name, last_name, is_staff y groups.'),(8,'2011-05-25 07:10:42',2,55,'1','San Antonio',1,''),(9,'2011-05-25 07:12:48',1,2,'1','Digitadores',2,'Modificado/a permissions.'),(10,'2011-05-25 07:19:16',1,55,'2','San Benito',1,''),(11,'2011-05-25 07:20:35',1,56,'1','Elvis Antonio Cruz Centeno',1,''),(12,'2011-05-25 07:20:52',1,57,'1','ADDAC',1,''),(13,'2011-05-25 07:33:04',1,11,'1','Tiene que cuidar a sus hermanitos/as menores o atender labores de la casa (hogar)',1,''),(14,'2011-05-25 07:33:22',1,11,'2','Tiene que trabajar en la agricultura',1,''),(15,'2011-05-25 07:33:54',1,11,'3','Por problemas economicos (no tienen comida diario, no tiene ropa, zapatos etc.)',1,''),(16,'2011-05-25 07:34:10',1,11,'4','No hay escuela o esta muy largo',1,''),(17,'2011-05-25 07:34:28',1,11,'5','No los envian por que tiene que pasar por lugares peligrosos',1,''),(18,'2011-05-25 07:34:43',1,11,'6','Por que esta embarazada o esta criando',1,''),(19,'2011-05-25 07:34:52',1,11,'7','No quiere',1,''),(20,'2011-05-25 07:36:54',1,14,'1','Cañería en la casa',1,''),(21,'2011-05-25 07:37:10',1,14,'2','Cañería en el patio',1,''),(22,'2011-05-25 07:37:22',1,14,'3','Vecino le da agua',1,''),(23,'2011-05-25 07:37:31',1,14,'4','Pozo propio',1,''),(24,'2011-05-25 07:37:43',1,14,'5','Pozo comunal',1,''),(25,'2011-05-25 07:37:58',1,14,'6','Río, ojo de agua',1,''),(26,'2011-05-25 07:38:53',1,14,'7','Ojo de agua en propiedad ajena',1,''),(27,'2011-05-25 07:50:54',1,25,'1','Alquila',1,''),(28,'2011-05-25 07:51:10',1,25,'2','Mediería',1,''),(29,'2011-05-25 07:51:16',1,25,'3','Prestada',1,''),(30,'2011-05-25 07:51:26',1,25,'4','No aplica',1,''),(31,'2011-05-25 07:52:31',1,26,'1','1) Inundación',1,''),(32,'2011-05-25 07:52:45',1,26,'2','2) Deslave',1,''),(33,'2011-05-25 07:53:12',1,26,'3','3) Incendio forestal',1,''),(34,'2011-05-25 07:53:35',1,26,'4','4)  Otros. ¿Cuál?',1,''),(35,'2011-05-25 07:53:46',1,26,'5','5) No hay',1,''),(36,'2011-05-25 07:57:07',1,62,'1','46. Maíz',1,''),(37,'2011-05-25 07:57:24',1,62,'2','47. Maíz en elote',1,''),(38,'2011-05-25 07:57:37',1,62,'3','48. Frijol',1,''),(39,'2011-05-25 07:57:51',1,62,'4','49. Sorgo',1,''),(40,'2011-05-25 08:00:17',1,58,'1','Israel García López',1,''),(41,'2011-05-25 08:01:24',1,63,'1','50. Café',1,''),(42,'2011-05-25 08:01:43',1,63,'2','51. Cacao',1,''),(43,'2011-05-25 08:02:33',1,63,'3','52. Plátano',1,''),(44,'2011-05-25 08:02:54',1,63,'4','53. Guineo',1,''),(45,'2011-05-25 08:03:20',1,58,'1','Israel García López',2,'Añadido/a \"CultivosPeriodos object\" cultivos periodos. Añadido/a \"CultivosPermanentes object\" cultivos permanentes.'),(46,'2011-05-25 08:07:51',1,71,'1','1. Falta de agua para riego',1,''),(47,'2011-05-25 08:08:11',1,71,'2','2. Clima inestable: sequia, veranio, no llovio',1,''),(48,'2011-05-25 08:08:32',1,71,'3','3. Situaciones de desastre continuos, ciclicos',1,''),(49,'2011-05-25 08:08:42',1,71,'4','4. Falta de mano de obra',1,''),(50,'2011-05-25 08:09:10',1,71,'5','5. Falta de crédito... Acceso, crédito caro',1,''),(51,'2011-05-25 08:09:25',1,71,'6','6. Falta de tierra',1,''),(52,'2011-05-25 08:09:44',1,71,'7','7. Falta de dinero para insumos... insumos caros',1,''),(53,'2011-05-25 08:09:54',1,71,'8','8. Mala calidad del suelo',1,''),(54,'2011-05-25 08:10:04',1,71,'9','9. Plagas',1,''),(55,'2011-05-25 08:10:32',1,71,'10','10. Falta de asistencia tecnicas, falta de conocimiento del cultivo, su manejo',1,''),(56,'2011-05-25 08:10:44',1,71,'11','11. Falta de mercado',1,''),(57,'2011-05-25 08:46:03',1,58,'1','Israel García López Nose',2,'Modificado/a beneficiario.'),(58,'2011-05-25 08:49:42',1,58,'1','Israel García López Nose',2,'No ha cambiado ningún campo.'),(59,'2011-05-25 08:49:44',1,58,'1','Israel García López Nose',2,'No ha cambiado ningún campo.'),(60,'2011-05-27 17:21:20',1,11,'1','1. Tiene que cuidar a sus hermanitos/as menores o atender labores de la casa (hogar)',2,'Modificado/a nombre.'),(61,'2011-05-27 17:21:33',1,11,'2','2. Tiene que trabajar en la agricultura',2,'Modificado/a nombre.'),(62,'2011-05-27 17:21:48',1,11,'3','3. Por problemas economicos (no tienen comida diario, no tiene ropa, zapatos etc.)',2,'Modificado/a nombre.'),(63,'2011-05-27 17:22:01',1,11,'4','4. No hay escuela o esta muy largo',2,'Modificado/a nombre.'),(64,'2011-05-27 17:22:16',1,11,'5','5. No los envian por que tiene que pasar por lugares peligrosos',2,'Modificado/a nombre.'),(65,'2011-05-27 17:23:19',1,11,'6','6. Por qué está embarazada o está criando',2,'Modificado/a nombre.'),(66,'2011-05-27 17:23:31',1,11,'7','7. No quiere',2,'Modificado/a nombre.'),(67,'2011-05-27 17:25:49',1,14,'1','1) Cañería en la casa',2,'Modificado/a nombre.'),(68,'2011-05-27 17:26:05',1,14,'2','2) Cañería en el patio',2,'Modificado/a nombre.'),(69,'2011-05-27 17:26:17',1,14,'3','3) Vecino le da agua',2,'Modificado/a nombre.'),(70,'2011-05-27 17:26:34',1,14,'4','4) Pozo propio',2,'Modificado/a nombre.'),(71,'2011-05-27 17:26:49',1,14,'5','5) Pozo comunal',2,'Modificado/a nombre.'),(72,'2011-05-27 17:27:02',1,14,'6','6) Río, ojo de agua',2,'Modificado/a nombre.'),(73,'2011-05-27 17:27:15',1,14,'7','7) Ojo de agua en propiedad ajena',2,'Modificado/a nombre.'),(74,'2011-05-27 17:38:20',1,25,'1','1) Alquila',2,'Modificado/a nombre.'),(75,'2011-05-27 17:38:31',1,25,'2','2) Mediería',2,'Modificado/a nombre.'),(76,'2011-05-27 17:38:42',1,25,'3','3) Prestada',2,'Modificado/a nombre.'),(77,'2011-05-27 17:38:59',1,25,'4','4) No aplica',2,'Modificado/a nombre.'),(78,'2011-05-27 17:41:24',1,64,'1','54. Malanga',1,''),(79,'2011-05-27 17:41:46',1,64,'2','55. Yuca',1,''),(80,'2011-05-27 17:42:24',1,64,'3','56. Quequisque',1,''),(81,'2011-05-27 17:43:18',1,64,'4','57. Camote',1,''),(82,'2011-05-27 17:43:51',1,64,'5','58. Piña',1,''),(83,'2011-05-27 17:44:15',1,64,'6','59. Citricos',1,''),(84,'2011-05-27 17:44:37',1,64,'7','60. Papaya',1,''),(85,'2011-05-27 17:45:10',1,64,'8','61. Arroz',1,''),(86,'2011-05-27 17:47:58',1,65,'1','62. Tomate',1,''),(87,'2011-05-27 17:48:28',1,65,'2','63. Chiltoma',1,''),(88,'2011-05-27 17:48:59',1,65,'3','64. Chiltoma grande',1,''),(89,'2011-05-27 17:49:22',1,65,'4','65. Cebolla criolla',1,''),(90,'2011-05-27 17:50:16',1,65,'5','66. Cebolla amarilla',1,''),(91,'2011-05-27 17:50:57',1,65,'6','67. Zanahoria',1,''),(92,'2011-05-27 17:51:15',1,65,'7','68. Remolacha',1,''),(93,'2011-05-27 17:51:40',1,65,'8','69. Rábano',1,''),(94,'2011-05-27 17:52:03',1,65,'9','70. Pepino',1,''),(95,'2011-05-27 17:52:24',1,65,'10','71. Ayote',1,''),(96,'2011-05-27 17:52:56',1,65,'11','72. Pipián',1,''),(97,'2011-05-27 17:59:20',1,76,'1','Vacas  paridas',1,''),(98,'2011-05-27 17:59:49',1,76,'2','Vacas  horras y vaquillas',1,''),(99,'2011-05-27 18:00:13',1,76,'3','Terneros y Novillos',1,''),(100,'2011-05-27 18:00:35',1,76,'4','Semental',1,''),(101,'2011-05-27 18:00:49',1,76,'5','Bueyes',1,''),(102,'2011-05-27 18:01:08',1,76,'6','Equinos, asnos, mulas',1,''),(103,'2011-05-27 18:01:19',1,76,'7','Aves',1,''),(104,'2011-05-27 18:01:34',1,76,'8','Cerdos',1,''),(105,'2011-05-27 18:02:34',1,76,'9','Peli buey/Cabros',1,''),(106,'2011-05-27 18:03:06',1,76,'10','Peces',1,''),(107,'2011-05-27 18:03:26',1,76,'11','Número de colmenas',1,''),(108,'2011-05-27 18:04:17',1,30,'1','Agricultura',1,''),(109,'2011-05-27 18:04:35',1,30,'2','Ganado mayor',1,''),(110,'2011-05-27 18:04:58',1,30,'3','Ganado menor',1,''),(111,'2011-05-27 18:05:33',1,30,'4','Lácteos, huevos, miel ',1,''),(112,'2011-05-27 18:06:08',1,30,'5','Productos procesados... excepto lácteos',1,''),(113,'2011-05-27 18:06:46',1,30,'6','Pulpería, venta',1,''),(114,'2011-05-27 18:07:32',1,30,'7','Actividades comerciales: no incluye la venta de producción familiar',1,''),(115,'2011-05-27 18:08:13',1,30,'8','Venta de leña, madera y otros productos forestales',1,''),(116,'2011-05-27 18:09:01',1,30,'9','Trabajo asalariado (jornal y otros empleos no calificados)',1,''),(117,'2011-05-27 18:09:58',1,30,'10','Trabajo asalariado (empleos calificados): maestra, enfermeras, contador, etc.',1,''),(118,'2011-05-27 18:10:46',1,30,'11','Remesas familiares (originadas en el pais o en el exterior)',1,''),(119,'2011-05-27 18:11:42',1,30,'12','Alquiler de tierras, casas, otros alquileres (incluye bueyes para arar)',1,''),(120,'2011-05-27 18:12:13',1,30,'13','Otros: costura, artesanía',1,''),(121,'2011-05-27 18:13:58',1,32,'1','Maíz',1,''),(122,'2011-05-27 18:14:15',1,32,'2','Maíz en elote',1,''),(123,'2011-05-27 18:14:25',1,32,'3','Frijol',1,''),(124,'2011-05-27 18:14:34',1,32,'4','Sorgo',1,''),(125,'2011-05-27 18:14:56',1,33,'1','Café',1,''),(126,'2011-05-27 18:15:06',1,33,'2','Cacao',1,''),(127,'2011-05-27 18:15:20',1,33,'3','Plátano',1,''),(128,'2011-05-27 18:15:31',1,33,'4','Guineo',1,''),(129,'2011-05-27 18:15:54',1,34,'1','Malanga',1,''),(130,'2011-05-27 18:16:03',1,34,'2','Yuca',1,''),(131,'2011-05-27 18:16:12',1,34,'3','Quequisque',1,''),(132,'2011-05-27 18:16:21',1,34,'4','Camote',1,''),(133,'2011-05-27 18:16:30',1,34,'5','Piña',1,''),(134,'2011-05-27 18:16:42',1,34,'6','Cítricos',1,''),(135,'2011-05-27 18:16:51',1,34,'7','Papayas',1,''),(136,'2011-05-27 18:16:58',1,34,'8','Arroz',1,''),(137,'2011-05-27 18:17:16',1,35,'1','Tomate',1,''),(138,'2011-05-27 18:17:25',1,35,'2','Chiltoma',1,''),(139,'2011-05-27 18:17:43',1,35,'3','Chiltoma grande',1,''),(140,'2011-05-27 18:18:00',1,35,'4','Cebolla criolla',1,''),(141,'2011-05-27 18:18:13',1,35,'5','Cebolla amarilla',1,''),(142,'2011-05-27 18:18:25',1,35,'6','Zanahoria',1,''),(143,'2011-05-27 18:18:36',1,35,'7','Remolacha',1,''),(144,'2011-05-27 18:18:49',1,35,'8','Rábano',1,''),(145,'2011-05-27 18:18:56',1,35,'9','Pepino',1,''),(146,'2011-05-27 18:19:04',1,35,'10','Ayote',1,''),(147,'2011-05-27 18:19:16',1,35,'11','Pipián',1,''),(148,'2011-05-27 18:20:17',1,41,'1','Vacas  paridas',1,''),(149,'2011-05-27 18:20:27',1,41,'2','Vacas  horras y vaquillas',1,''),(150,'2011-05-27 18:20:39',1,41,'3','Terneros y Novillos',1,''),(151,'2011-05-27 18:20:47',1,41,'4','Semental',1,''),(152,'2011-05-27 18:20:57',1,41,'5','Bueyes',1,''),(153,'2011-05-27 18:21:06',1,41,'6','Equinos, asnos, mulas',1,''),(154,'2011-05-27 18:21:15',1,41,'7','Aves',1,''),(155,'2011-05-27 18:21:25',1,41,'8','Cerdos',1,''),(156,'2011-05-27 18:21:42',1,41,'9','Pelibuey/Cabros',1,''),(157,'2011-05-27 18:21:49',1,41,'10','Peces',1,''),(158,'2011-05-27 18:22:02',1,41,'11','Colmenas',1,''),(159,'2011-05-27 18:23:36',1,43,'1','Leche fresca, litros vendidos diarios',1,''),(160,'2011-05-27 18:24:21',1,43,'2','Quesos, cuajadas, otros. Libras diarias',1,''),(161,'2011-05-27 18:24:45',1,43,'3','Huevos, unidades diario',1,''),(162,'2011-05-27 18:25:04',1,43,'4','Miel',1,''),(163,'2011-05-27 18:25:53',1,45,'1','Mermeladas, dulces, licores, etc.',1,''),(164,'2011-05-27 18:26:15',1,45,'2','Panadería, repostería',1,''),(165,'2011-05-27 18:26:29',1,45,'3','Medicina natural',1,''),(166,'2011-05-27 18:26:43',1,45,'4','Comidas, fresco',1,''),(167,'2011-05-27 18:26:57',1,45,'5','Otros',1,''),(168,'2011-05-27 18:27:23',1,45,'6','Artesanía y otros',1,''),(169,'2011-05-27 18:27:36',1,45,'7','Artesanía',1,''),(170,'2011-05-27 18:27:44',1,45,'8','Costura',1,''),(171,'2011-05-27 18:28:34',1,47,'1','Pulpería, venta',1,''),(172,'2011-05-27 18:28:59',1,47,'2','Actividades comerciales',1,''),(173,'2011-05-27 18:29:13',1,47,'3','Jornal agropecuario',1,''),(174,'2011-05-27 18:29:49',1,47,'4','Corte de café en el pais',1,''),(175,'2011-05-27 18:30:09',1,47,'5','Corte fuera del país',1,''),(176,'2011-05-27 18:30:39',1,47,'6','Empleos no-calificados no agropecuario',1,''),(177,'2011-05-27 18:30:58',1,47,'7','Empleos calificados',1,''),(178,'2011-05-27 18:31:17',1,47,'8','Alquiles de tierras o casas',1,''),(179,'2011-05-27 18:31:33',1,47,'9','Alquiler de animales',1,''),(180,'2011-05-27 18:31:46',1,47,'10','Remesas mas lo que trae',1,''),(181,'2011-05-27 18:32:02',1,47,'11','Leñas y otros forestales',1,''),(182,'2011-05-27 18:32:59',1,50,'1','Maíz/Maicillo',1,''),(183,'2011-05-27 18:33:08',1,50,'2','Frijol',1,''),(184,'2011-05-27 18:33:14',1,50,'3','Café',1,''),(185,'2011-05-27 18:33:23',1,50,'4','Cacao',1,''),(186,'2011-05-27 18:33:30',1,50,'5','Plátano',1,''),(187,'2011-05-27 18:33:47',1,50,'6','Hortalizas',1,''),(188,'2011-05-27 18:33:56',1,50,'7','Frutas',1,''),(189,'2011-05-27 18:34:21',1,50,'8','Raíces/tubérculos',1,''),(190,'2011-05-27 18:34:34',1,50,'9','Procesados',1,''),(191,'2011-05-27 18:34:41',1,50,'10','Ganado mayor',1,''),(192,'2011-05-27 18:34:59',1,50,'11','Lácteos',1,''),(193,'2011-05-27 18:35:07',1,50,'12','Huevos',1,''),(194,'2011-05-27 18:35:12',1,50,'13','Leña',1,''),(195,'2011-05-27 18:35:19',1,50,'14','Miel',1,''),(196,'2011-05-27 18:35:29',1,50,'15','Ganado menor',1,''),(197,'2011-05-27 18:39:04',1,19,'1','Maíz',1,''),(198,'2011-05-27 18:39:11',1,19,'2','Frijol',1,''),(199,'2011-05-27 18:39:27',1,19,'3','Sorgo / Maicillo',1,''),(200,'2011-05-27 18:39:36',1,19,'4','Soya',1,''),(201,'2011-05-27 18:39:45',1,19,'5','Arroz',1,''),(202,'2011-05-27 18:40:03',1,19,'6','Papas',1,''),(203,'2011-05-27 18:40:11',1,19,'7','Camote',1,''),(204,'2011-05-27 18:40:16',1,19,'8','Yuca',1,''),(205,'2011-05-27 18:40:37',1,19,'9','Malanga, quequisque',1,''),(206,'2011-05-27 18:40:46',1,19,'10','Verduras',1,''),(207,'2011-05-27 18:40:53',1,19,'11','Hortalizas',1,''),(208,'2011-05-27 18:41:16',1,19,'12','Frutas: cualquiera',1,''),(209,'2011-05-27 18:41:31',1,19,'13','Frutas de enramados',1,''),(210,'2011-05-27 18:41:59',1,19,'14','Lacteos: Quesos, cuajadas, mantequilla, crema',1,''),(211,'2011-05-27 18:42:12',1,19,'15','Huevos',1,''),(212,'2011-05-27 18:42:23',1,19,'16','Carnes y pescados',1,''),(213,'2011-05-27 18:42:36',1,19,'17','Aceite, grasas',1,''),(214,'2011-05-27 18:42:46',1,19,'18','Azúcar',1,''),(215,'2011-05-27 18:42:56',1,19,'19','Pan',1,''),(216,'2011-05-27 18:43:05',1,19,'20','Otros',1,''),(217,'2011-05-27 18:44:56',1,16,'1','1. Estrategia suave. Recibieron ayuda: del Gobierno, alcaldia, ONG, iglesias, cooperación internacional, familiares',1,''),(218,'2011-05-27 18:45:54',1,16,'2','2. Estrategia dura. Tuvieron que vender ganado, oro, otros bienes familiares (BK)',1,''),(219,'2011-05-27 18:46:53',1,16,'3','3. Estrategia dura. Salieron a trabajar fuera de su comarca, propiedad, hogar o al extranjero',1,''),(220,'2011-05-27 18:47:36',1,16,'4','4. Estrategia muy dura. Tuvieron que vender tierras, lotes, casas',1,''),(221,'2011-05-27 18:48:29',1,16,'5','5. Estrategia muy dura. Se endeudaron (micro-financiera, prestamistas)',1,''),(222,'2011-05-27 18:51:20',1,82,'1','1. No tiene. No recibe crédito',1,''),(223,'2011-05-27 18:51:42',1,82,'2','2. Banca tradicional, micro financiera',1,''),(224,'2011-05-27 18:52:01',1,82,'3','3. Cooperativa, proyectos, ONG',1,''),(225,'2011-05-27 18:52:17',1,82,'4','4. Banquito comunal',1,''),(226,'2011-05-27 18:52:43',1,82,'5','5. Comerciantes, prestamistas',1,''),(227,'2011-05-27 18:52:51',1,82,'6','Otros',1,''),(228,'2011-05-28 07:55:42',2,55,'3','Carpas Nº 1',1,''),(229,'2011-05-28 07:57:08',2,56,'2','Luis A Gonzalez',1,''),(230,'2011-05-28 08:06:15',4,55,'4','Colonia# 1',1,''),(231,'2011-05-28 08:07:45',4,56,'3','Luis A. González M',1,''),(232,'2011-05-28 08:16:42',3,53,'1','Chinandega - San Juan de Cinco Pinos',1,''),(233,'2011-05-28 08:18:09',3,53,'2','Chinandega - Araditos',1,''),(234,'2011-05-28 08:22:44',3,55,'5','Araditos',1,''),(235,'2011-05-28 08:23:57',3,56,'4','Rodolfo Muñoz',1,''),(236,'2011-05-28 08:24:21',3,57,'2','Francisco Palma',1,''),(237,'2011-05-28 08:26:08',3,58,'2','Lucia Romana Casco Carrazco',1,''),(238,'2011-05-28 09:04:58',2,58,'3','Carlos Ariel Martinez Herrera',1,''),(239,'2011-05-28 09:08:05',2,55,'6','El Cortijo',1,''),(240,'2011-05-28 09:08:59',1,16,'6','Otra...',1,''),(241,'2011-05-28 09:10:02',1,82,'6','6) Otros',2,'Modificado/a nombre.'),(242,'2011-05-28 09:10:10',1,82,'6','6. Otros',2,'Modificado/a nombre.'),(243,'2011-05-28 09:10:26',1,82,'7','7. No aplica',1,''),(244,'2011-05-28 09:35:56',3,58,'2','Lucia Romana Casco Carrazco',2,'No ha cambiado ningún campo.'),(245,'2011-05-28 09:40:42',3,58,'4','Flor de Maria Zeron',1,''),(246,'2011-05-28 09:44:09',3,58,'4','Flor de Maria Zeron',2,'Añadido/a \"AccesoEscuela object\" acceso escuela.'),(247,'2011-05-28 09:49:51',4,58,'5','Epifania Sobeyda Tinoco Hernandez',1,''),(248,'2011-05-28 09:50:43',2,58,'3','Carlos Ariel Martinez Herrera',2,'Modificado/a encuestador. Modificados mujer, hombre y ambos para \"Tierra object\" tierra. Modificados mujer, hombre y ambos para \"Tierra object\" tierra. Modificados causa y enfrentar para \"Crisis object\" crisis. Modificados mujer, otro_hombre y otra_mujer para \"AccesoCredito object\" acceso credito.'),(249,'2011-05-28 09:52:34',3,58,'4','Flor de Maria Zeron',2,'Añadido/a \"Agua object\" agua. Añadido/a \"Tierra object\" tierra. Añadido/a \"Tierra object\" tierra. Añadido/a \"Propiedad object\" propiedad. Añadido/a \"CultivosPeriodos object\" cultivos periodos. Añadido/a \"ConsumoDiario object\" consumo diario.'),(250,'2011-05-28 09:54:44',3,55,'5','Los Araditos',2,'Modificado/a nombre.'),(251,'2011-05-28 09:57:47',4,55,'7','La Lana',1,''),(252,'2011-05-28 09:58:46',4,56,'5','Melva Gómez',1,''),(253,'2011-05-28 10:24:04',3,58,'2','Lucia Romana Casco Carrazco',2,'Añadido/a \"Descripcion object\" descripcion. Añadido/a \"Descripcion object\" descripcion. Añadido/a \"Descripcion object\" descripcion. Añadido/a \"Escolaridad object\" escolaridad. Añadido/a \"AccesoEscuela object\" acceso escuela. Añadido/a \"AccesoEscuela object\" acceso escuela. Añadido/a \"RazonesNoEstudia object\" razones no estudia. Añadido/a \"Agua object\" agua. Añadido/a \"Tierra object\" tierra. Añadido/a \"Tierra object\" tierra. Añadido/a \"Propiedad object\" propiedad. Añadido/a \"ConsumoDiario object\" consumo diario. Añadido/a \"PatioCultivada object\" patio cultivada. Añadido/a \"Arboles object\" arboles. Añadido/a \"CalidadPatio object\" calidad patio. Añadido/a \"GanadoMayor object\" ganado mayor. Añadido/a \"PrincipalesFuentes object\" principales fuentes. Añadido/a \"OtrosIngresos object\" otros ingresos. Añadido/a \"PrincipalForma object\" principal forma. Añadido/a \"VendeProducto object\" vende producto. Añadido/a \"VendeProducto object\" vende producto. Añadido/a \"VendeProducto object\" vende producto. Añadido/a \"VendeProducto object\" vende producto. Añadido/a \"VendeProducto object\" vende producto. Añadido/a \"VendeProducto object\" vende producto. Añadido/a \"VendeProducto object\" vende producto. Añadido/a \"VendeProducto object\" vende producto. Añadido/a \"VendeProducto object\" vende producto. Añadido/a \"VendeProducto object\" vende producto. Añadido/a \"VendeProducto object\" vende producto. Añadido/a \"VendeProducto object\" vende producto. Añadido/a \"VendeProducto object\" vende producto. Añadido/a \"VendeProducto object\" vende producto. Añadido/a \"VendeProducto object\" vende producto. Añadido/a \"Riego object\" riego. Añadido/a \"UsoTecnologia object\" uso tecnologia. Añadido/a \"UsoTecnologia object\" uso tecnologia. Añadido/a \"UsoTecnologia object\" uso tecnologia. Añadido/a \"UsoTecnologia object\" uso tecnologia. Añadido/a \"Semilla object\" semilla. Añadido/a \"Diversidad object\" diversidad. Añadido/a \"Diversidad object\" diversidad. Añadido/a \"Diversidad object\" diversidad. Añadido/a \"Diversidad object\" diversidad. Añadido/a \"Diversidad object\" diversidad. Añadido/a \"Diversidad object\" diversidad. Añadido/a \"Diversidad object\" diversidad. Añadido/a \"Crisis object\" crisis. Añadido/a \"AccesoCredito object\" acceso credito. Añadido/a \"Participacion object\" participacion. Añadido/a \"Participacion object\" participacion.'),(254,'2011-05-28 10:24:31',1,16,'7','No aplica',1,''),(255,'2011-05-28 10:25:13',1,11,'8','No aplica',1,''),(256,'2011-05-28 10:27:12',3,58,'2','Lucia Romana Casco Carrazco',2,'Modificados mas_no_estudia para \"RazonesNoEstudia object\" razones no estudia. Modificados enfrentar para \"Crisis object\" crisis.'),(257,'2011-05-28 10:37:19',2,58,'6','Arnulfo Josè Torrez Gutierrez',1,''),(258,'2011-05-28 10:44:23',4,58,'7','Thelma Rivera Guido ',1,''),(259,'2011-05-28 10:44:54',3,58,'4','Flor de Maria Zeron',2,'Añadido/a \"PrincipalLimitacion object\" principal limitacion. Añadido/a \"PatioCultivada object\" patio cultivada. Añadido/a \"Arboles object\" arboles. Añadido/a \"CalidadPatio object\" calidad patio. Añadido/a \"PrincipalesFuentes object\" principales fuentes. Añadido/a \"OtrosIngresos object\" otros ingresos. Añadido/a \"PrincipalForma object\" principal forma. Añadido/a \"VendeProducto object\" vende producto. Añadido/a \"VendeProducto object\" vende producto. Añadido/a \"VendeProducto object\" vende producto. Añadido/a \"VendeProducto object\" vende producto. Añadido/a \"VendeProducto object\" vende producto. Añadido/a \"VendeProducto object\" vende producto. Añadido/a \"VendeProducto object\" vende producto. Añadido/a \"VendeProducto object\" vende producto. Añadido/a \"VendeProducto object\" vende producto. Añadido/a \"VendeProducto object\" vende producto. Añadido/a \"VendeProducto object\" vende producto. Añadido/a \"VendeProducto object\" vende producto. Añadido/a \"VendeProducto object\" vende producto. Añadido/a \"VendeProducto object\" vende producto. Añadido/a \"VendeProducto object\" vende producto. Añadido/a \"UsoTecnologia object\" uso tecnologia. Añadido/a \"UsoTecnologia object\" uso tecnologia. Añadido/a \"UsoTecnologia object\" uso tecnologia. Añadido/a \"UsoTecnologia object\" uso tecnologia. Añadido/a \"Semilla object\" semilla. Añadido/a \"Diversidad object\" diversidad. Añadido/a \"Diversidad object\" diversidad. Añadido/a \"Diversidad object\" diversidad. Añadido/a \"Diversidad object\" diversidad. Añadido/a \"Diversidad object\" diversidad. Añadido/a \"Diversidad object\" diversidad. Añadido/a \"Crisis object\" crisis. Añadido/a \"AccesoCredito object\" acceso credito. Añadido/a \"Participacion object\" participacion. Añadido/a \"Participacion object\" participacion. Añadido/a \"Genero object\" genero. Añadido/a \"Genero object\" genero. Añadido/a \"Genero object\" genero. Añadido/a \"Genero object\" genero. Añadido/a \"Genero object\" genero. Añadido/a \"Genero object\" genero. Añadido/a \"TomaDecicion object\" toma decicion. Añadido/a \"TomaDecicion object\" toma decicion. Añadido/a \"TomaDecicion object\" toma decicion. Añadido/a \"TomaDecicion object\" toma decicion. Añadido/a \"TomaDecicion object\" toma decicion. Añadido/a \"TomaDecicion object\" toma decicion.'),(260,'2011-05-28 10:45:25',4,55,'8','La nueva',1,''),(261,'2011-05-28 10:48:00',4,56,'6','Milton Francisco Escorcia Altamirano',1,''),(262,'2011-05-28 10:50:29',2,58,'6','Arnulfo Josè Torrez Gutierrez',2,'Modificados enfrentar para \"Crisis object\" crisis. Añadido/a \"AccesoCredito object\" acceso credito. Añadido/a \"Participacion object\" participacion. Añadido/a \"Participacion object\" participacion. Añadido/a \"ParticipacionCPC object\" participacion cpc. Añadido/a \"Frecuencia object\" frecuencia. Añadido/a \"Frecuencia object\" frecuencia. Añadido/a \"Genero object\" genero. Añadido/a \"Genero object\" genero. Añadido/a \"Genero object\" genero. Añadido/a \"Genero object\" genero. Añadido/a \"Genero object\" genero. Añadido/a \"Genero object\" genero. Añadido/a \"TomaDecicion object\" toma decicion. Añadido/a \"TomaDecicion object\" toma decicion. Añadido/a \"TomaDecicion object\" toma decicion. Añadido/a \"TomaDecicion object\" toma decicion. Añadido/a \"TomaDecicion object\" toma decicion. Añadido/a \"TomaDecicion object\" toma decicion.'),(263,'2011-05-28 10:52:59',2,55,'3','Carpas Nº 2',2,'Modificado/a nombre.'),(264,'2011-05-28 10:55:31',3,58,'8','Nelson José Sánchez',1,''),(265,'2011-05-28 10:57:02',2,58,'9','Cristina del C Chavarria Herrera',1,''),(266,'2011-05-28 10:57:37',2,56,'2','Luis A Gonzalez',3,''),(267,'2011-05-28 11:19:24',3,58,'8','Nelson José Sánchez',2,'Añadido/a \"Propiedad object\" propiedad. Añadido/a \"CultivosPeriodos object\" cultivos periodos. Añadido/a \"ConsumoDiario object\" consumo diario. Añadido/a \"PrincipalLimitacion object\" principal limitacion. Añadido/a \"Arboles object\" arboles. Añadido/a \"CalidadPatio object\" calidad patio. Añadido/a \"GanadoMayor object\" ganado mayor. Añadido/a \"PrincipalesFuentes object\" principales fuentes. Añadido/a \"Lactios object\" lactios. Añadido/a \"OtrosIngresos object\" otros ingresos. Añadido/a \"OtrosIngresos object\" otros ingresos. Añadido/a \"PrincipalForma object\" principal forma. Añadido/a \"VendeProducto object\" vende producto. Añadido/a \"VendeProducto object\" vende producto. Añadido/a \"VendeProducto object\" vende producto. Añadido/a \"VendeProducto object\" vende producto. Añadido/a \"VendeProducto object\" vende producto. Añadido/a \"VendeProducto object\" vende producto. Añadido/a \"VendeProducto object\" vende producto. Añadido/a \"VendeProducto object\" vende producto. Añadido/a \"VendeProducto object\" vende producto. Añadido/a \"VendeProducto object\" vende producto. Añadido/a \"VendeProducto object\" vende producto. Añadido/a \"VendeProducto object\" vende producto. Añadido/a \"VendeProducto object\" vende producto. Añadido/a \"VendeProducto object\" vende producto. Añadido/a \"VendeProducto object\" vende producto. Añadido/a \"UsoTecnologia object\" uso tecnologia. Añadido/a \"UsoTecnologia object\" uso tecnologia. Añadido/a \"UsoTecnologia object\" uso tecnologia. Añadido/a \"UsoTecnologia object\" uso tecnologia. Añadido/a \"Semilla object\" semilla. Añadido/a \"Diversidad object\" diversidad. Añadido/a \"Diversidad object\" diversidad. Añadido/a \"Diversidad object\" diversidad. Añadido/a \"Diversidad object\" diversidad. Añadido/a \"Diversidad object\" diversidad. Añadido/a \"Diversidad object\" diversidad. Añadido/a \"Crisis object\" crisis. Añadido/a \"AccesoCredito object\" acceso credito. Añadido/a \"Participacion object\" participacion. Añadido/a \"Participacion object\" participacion. Añadido/a \"ParticipacionCPC object\" participacion cpc. Añadido/a \"Frecuencia object\" frecuencia. Añadido/a \"Frecuencia object\" frecuencia. Añadido/a \"Genero object\" genero. Añadido/a \"Genero object\" genero. Añadido/a \"Genero object\" genero. Añadido/a \"Genero object\" genero. Añadido/a \"Genero object\" genero. Añadido/a \"Genero object\" genero. Añadido/a \"TomaDecicion object\" toma decicion. Añadido/a \"TomaDecicion object\" toma decicion. Añadido/a \"TomaDecicion object\" toma decicion. Añadido/a \"TomaDecicion object\" toma decicion. Añadido/a \"TomaDecicion object\" toma decicion. Añadido/a \"TomaDecicion object\" toma decicion.'),(268,'2011-05-28 11:22:15',3,56,'7','Karen Baquedano Espinoza',1,''),(269,'2011-05-28 11:25:11',4,58,'10','Maria Azucena Tercero González',1,''),(270,'2011-05-28 11:25:27',2,58,'9','Cristina del C Chavarria Herrera',2,'Modificados estado para \"Composicion object\" composicion. Añadido/a \"Descripcion object\" descripcion. Añadido/a \"Descripcion object\" descripcion. Añadido/a \"Descripcion object\" descripcion. Añadido/a \"Escolaridad object\" escolaridad. Añadido/a \"Inmigracion object\" inmigracion. Añadido/a \"AccesoEscuela object\" acceso escuela. Añadido/a \"Agua object\" agua. Añadido/a \"Tierra object\" tierra. Añadido/a \"Tierra object\" tierra. Añadido/a \"Propiedad object\" propiedad. Añadido/a \"CultivosPeriodos object\" cultivos periodos. Añadido/a \"CultivosPeriodos object\" cultivos periodos. Añadido/a \"CultivosPermanentes object\" cultivos permanentes. Añadido/a \"CultivosPermanentes object\" cultivos permanentes. Añadido/a \"CultivosAnuales object\" cultivos anuales. Añadido/a \"CultivosAnuales object\" cultivos anuales. Añadido/a \"ConsumoDiario object\" consumo diario. Añadido/a \"PrincipalLimitacion object\" principal limitacion. Añadido/a \"PatioCultivada object\" patio cultivada. Añadido/a \"Arboles object\" arboles. Añadido/a \"CalidadPatio object\" calidad patio. Añadido/a \"GanadoMayor object\" ganado mayor. Añadido/a \"GanadoMayor object\" ganado mayor. Añadido/a \"GanadoMayor object\" ganado mayor. Añadido/a \"GanadoMayor object\" ganado mayor. Añadido/a \"PrincipalesFuentes object\" principales fuentes. Añadido/a \"CultivosIPeriodos object\" cultivos i periodos. Añadido/a \"CultivosIPermanentes object\" cultivos i permanentes. Añadido/a \"PrincipalForma object\" principal forma. Añadido/a \"VendeProducto object\" vende producto. Añadido/a \"VendeProducto object\" vende producto. Añadido/a \"Riego object\" riego. Añadido/a \"AreaProtegida object\" area protegida. Añadido/a \"UsoTecnologia object\" uso tecnologia. Añadido/a \"UsoTecnologia object\" uso tecnologia. Añadido/a \"UsoTecnologia object\" uso tecnologia. Añadido/a \"UsoTecnologia object\" uso tecnologia. Añadido/a \"Semilla object\" semilla. Añadido/a \"Diversidad object\" diversidad. Añadido/a \"Diversidad object\" diversidad. Añadido/a \"Diversidad object\" diversidad. Añadido/a \"Diversidad object\" diversidad. Añadido/a \"Diversidad object\" diversidad. Añadido/a \"Diversidad object\" diversidad. Añadido/a \"Diversidad object\" diversidad. Añadido/a \"Crisis object\" crisis. Añadido/a \"AccesoCredito object\" acceso credito. Añadido/a \"Participacion object\" participacion. Añadido/a \"Participacion object\" participacion. Añadido/a \"ParticipacionCPC object\" participacion cpc. Añadido/a \"Frecuencia object\" frecuencia. Añadido/a \"Frecuencia object\" frecuencia. Añadido/a \"Genero object\" genero. Añadido/a \"Genero object\" genero. Añadido/a \"Genero object\" genero. Añadido/a \"Genero object\" genero. Añadido/a \"Genero object\" genero. Añadido/a \"Genero object\" genero. Añadido/a \"TomaDecicion object\" toma decicion. Añadido/a \"TomaDecicion object\" toma decicion. Añadido/a \"TomaDecicion object\" toma decicion. Añadido/a \"TomaDecicion object\" toma decicion. Añadido/a \"TomaDecicion object\" toma decicion. Añadido/a \"TomaDecicion object\" toma decicion.'),(271,'2011-05-28 11:26:06',4,55,'9','Colonia # 2',1,''),(272,'2011-05-28 11:27:12',4,56,'8','Roberto Escocia M',1,''),(273,'2011-05-28 11:30:57',3,58,'11','Yader Paul Vílchez',1,''),(274,'2011-05-28 11:57:58',3,58,'11','Yader Paul Vílchez',2,'Añadido/a \"PrincipalLimitacion object\" principal limitacion. Añadido/a \"PatioCultivada object\" patio cultivada. Añadido/a \"Arboles object\" arboles. Añadido/a \"CalidadPatio object\" calidad patio. Añadido/a \"GanadoMayor object\" ganado mayor. Añadido/a \"PrincipalesFuentes object\" principales fuentes. Añadido/a \"CultivosIPeriodos object\" cultivos i periodos. Añadido/a \"OtrosIngresos object\" otros ingresos. Añadido/a \"OtrosIngresos object\" otros ingresos. Añadido/a \"OtrosIngresos object\" otros ingresos. Añadido/a \"PrincipalForma object\" principal forma. Añadido/a \"VendeProducto object\" vende producto. Añadido/a \"VendeProducto object\" vende producto. Añadido/a \"VendeProducto object\" vende producto. Añadido/a \"VendeProducto object\" vende producto. Añadido/a \"VendeProducto object\" vende producto. Añadido/a \"VendeProducto object\" vende producto. Añadido/a \"VendeProducto object\" vende producto. Añadido/a \"VendeProducto object\" vende producto. Añadido/a \"VendeProducto object\" vende producto. Añadido/a \"VendeProducto object\" vende producto. Añadido/a \"VendeProducto object\" vende producto. Añadido/a \"VendeProducto object\" vende producto. Añadido/a \"VendeProducto object\" vende producto. Añadido/a \"VendeProducto object\" vende producto. Añadido/a \"VendeProducto object\" vende producto. Añadido/a \"UsoTecnologia object\" uso tecnologia. Añadido/a \"UsoTecnologia object\" uso tecnologia. Añadido/a \"UsoTecnologia object\" uso tecnologia. Añadido/a \"UsoTecnologia object\" uso tecnologia. Añadido/a \"Semilla object\" semilla. Añadido/a \"Diversidad object\" diversidad. Añadido/a \"Diversidad object\" diversidad. Añadido/a \"Diversidad object\" diversidad. Añadido/a \"Diversidad object\" diversidad. Añadido/a \"Diversidad object\" diversidad. Añadido/a \"Diversidad object\" diversidad. Añadido/a \"Diversidad object\" diversidad. Añadido/a \"Diversidad object\" diversidad. Añadido/a \"Diversidad object\" diversidad. Añadido/a \"Crisis object\" crisis. Añadido/a \"AccesoCredito object\" acceso credito. Añadido/a \"Participacion object\" participacion. Añadido/a \"Participacion object\" participacion. Añadido/a \"Genero object\" genero. Añadido/a \"Genero object\" genero. Añadido/a \"Genero object\" genero. Añadido/a \"Genero object\" genero. Añadido/a \"Genero object\" genero. Añadido/a \"Genero object\" genero. Añadido/a \"TomaDecicion object\" toma decicion. Añadido/a \"TomaDecicion object\" toma decicion. Añadido/a \"TomaDecicion object\" toma decicion. Añadido/a \"TomaDecicion object\" toma decicion. Añadido/a \"TomaDecicion object\" toma decicion. Añadido/a \"TomaDecicion object\" toma decicion.'),(275,'2011-05-28 11:59:19',2,58,'12','Timoteo Sanchez Aguilar',1,''),(276,'2011-05-28 12:00:34',2,55,'10','Carpas Nº 1',1,''),(277,'2011-05-28 12:00:36',3,56,'9','Indiana Baquedano Espinoza',1,''),(278,'2011-05-28 12:02:23',2,56,'10','Niel Peterson Martinez',1,''),(279,'2011-05-28 12:09:36',4,58,'13','Cayetano Alberto Montenegro',1,''),(280,'2011-05-28 12:12:18',4,56,'8','Roberto Escorcia M',2,'Modificado/a nombre.'),(281,'2011-05-28 12:15:25',2,58,'14','Reina Isabel Hernandez Garcia',1,''),(282,'2011-05-28 12:23:28',3,58,'15','Gerson Arien Sánchez López',1,''),(283,'2011-05-28 12:26:40',2,58,'14','Reina Isabel Hernandez Garcia',2,'Añadido/a \"CultivosIPermanentes object\" cultivos i permanentes. Modificados cuanto y precio para \"CultivosIPermanentes object\" cultivos i permanentes. Añadido/a \"OtrosIngresos object\" otros ingresos. Añadido/a \"PrincipalForma object\" principal forma. Añadido/a \"VendeProducto object\" vende producto. Añadido/a \"VendeProducto object\" vende producto. Añadido/a \"VendeProducto object\" vende producto. Añadido/a \"UsoTecnologia object\" uso tecnologia. Añadido/a \"UsoTecnologia object\" uso tecnologia. Añadido/a \"UsoTecnologia object\" uso tecnologia. Añadido/a \"UsoTecnologia object\" uso tecnologia. Añadido/a \"Semilla object\" semilla. Añadido/a \"Diversidad object\" diversidad. Añadido/a \"Diversidad object\" diversidad. Añadido/a \"Diversidad object\" diversidad. Añadido/a \"Diversidad object\" diversidad. Añadido/a \"Diversidad object\" diversidad. Añadido/a \"Diversidad object\" diversidad. Añadido/a \"Diversidad object\" diversidad. Añadido/a \"AccesoCredito object\" acceso credito. Añadido/a \"Participacion object\" participacion. Añadido/a \"Participacion object\" participacion. Añadido/a \"ParticipacionCPC object\" participacion cpc. Añadido/a \"ParticipacionCPC object\" participacion cpc. Añadido/a \"Frecuencia object\" frecuencia. Añadido/a \"Frecuencia object\" frecuencia. Añadido/a \"Genero object\" genero. Añadido/a \"Genero object\" genero. Añadido/a \"Genero object\" genero. Añadido/a \"Genero object\" genero. Añadido/a \"Genero object\" genero. Añadido/a \"Genero object\" genero. Añadido/a \"TomaDecicion object\" toma decicion. Añadido/a \"TomaDecicion object\" toma decicion. Añadido/a \"TomaDecicion object\" toma decicion. Añadido/a \"TomaDecicion object\" toma decicion. Añadido/a \"TomaDecicion object\" toma decicion. Añadido/a \"TomaDecicion object\" toma decicion.'),(284,'2011-05-28 12:36:23',3,58,'16','Emilia Estrada López',1,''),(285,'2011-05-28 12:40:48',3,58,'16','Emilia Estrada López',2,'Añadido/a \"Semilla object\" semilla. Añadido/a \"Diversidad object\" diversidad. Añadido/a \"Diversidad object\" diversidad. Añadido/a \"Crisis object\" crisis. Añadido/a \"Participacion object\" participacion. Añadido/a \"Frecuencia object\" frecuencia. Añadido/a \"Genero object\" genero. Añadido/a \"Genero object\" genero. Añadido/a \"Genero object\" genero. Añadido/a \"Genero object\" genero. Añadido/a \"Genero object\" genero. Añadido/a \"Genero object\" genero. Añadido/a \"TomaDecicion object\" toma decicion. Añadido/a \"TomaDecicion object\" toma decicion. Añadido/a \"TomaDecicion object\" toma decicion. Añadido/a \"TomaDecicion object\" toma decicion. Añadido/a \"TomaDecicion object\" toma decicion. Añadido/a \"TomaDecicion object\" toma decicion.'),(286,'2011-05-28 13:05:55',2,58,'17','Francisco Torrez Gutierrez',1,''),(287,'2011-05-28 13:22:24',4,58,'18','Rosa Lidia Tinoco Hernández ',1,''),(288,'2011-05-28 13:22:51',2,58,'17','Francisco Torrez Gutierrez',2,'Añadido/a \"Lactios object\" lactios. Añadido/a \"PrincipalForma object\" principal forma. Añadido/a \"VendeProducto object\" vende producto. Añadido/a \"VendeProducto object\" vende producto. Añadido/a \"VendeProducto object\" vende producto. Añadido/a \"VendeProducto object\" vende producto. Añadido/a \"UsoTecnologia object\" uso tecnologia. Añadido/a \"UsoTecnologia object\" uso tecnologia. Añadido/a \"UsoTecnologia object\" uso tecnologia. Añadido/a \"UsoTecnologia object\" uso tecnologia. Añadido/a \"Semilla object\" semilla. Añadido/a \"Diversidad object\" diversidad. Añadido/a \"Diversidad object\" diversidad. Añadido/a \"Diversidad object\" diversidad. Añadido/a \"Diversidad object\" diversidad. Añadido/a \"Diversidad object\" diversidad. Añadido/a \"Diversidad object\" diversidad. Añadido/a \"Diversidad object\" diversidad. Añadido/a \"Crisis object\" crisis. Añadido/a \"AccesoCredito object\" acceso credito. Añadido/a \"Participacion object\" participacion. Añadido/a \"Participacion object\" participacion. Añadido/a \"ParticipacionCPC object\" participacion cpc. Añadido/a \"Frecuencia object\" frecuencia. Añadido/a \"Frecuencia object\" frecuencia. Añadido/a \"Genero object\" genero. Añadido/a \"Genero object\" genero. Añadido/a \"Genero object\" genero. Añadido/a \"Genero object\" genero. Añadido/a \"Genero object\" genero. Añadido/a \"Genero object\" genero. Añadido/a \"TomaDecicion object\" toma decicion. Añadido/a \"TomaDecicion object\" toma decicion. Añadido/a \"TomaDecicion object\" toma decicion. Añadido/a \"TomaDecicion object\" toma decicion. Añadido/a \"TomaDecicion object\" toma decicion. Añadido/a \"TomaDecicion object\" toma decicion.'),(289,'2011-05-28 13:34:49',3,58,'19','Ayda Luz Castro Lagos',1,''),(290,'2011-05-28 13:45:12',3,58,'20','Juana Bautista Rivera Zepeda',1,''),(291,'2011-05-28 14:00:46',4,58,'21','Maria Agustina Coyado Hernandez ',1,''),(292,'2011-05-28 14:01:36',4,55,'11','La Inmaculada',1,''),(293,'2011-05-28 14:10:09',3,58,'22','Floricelda Baquedano Espinoza',1,''),(294,'2011-05-28 14:11:36',3,56,'11','Bernardo Palma M.',1,''),(295,'2011-05-28 14:15:45',2,58,'23','Ramon Otoniel Mayorga Aguinasa',1,''),(296,'2011-05-28 14:17:02',2,55,'12','El Cacao',1,''),(297,'2011-05-28 14:18:14',2,56,'12','Edwin Valle Martinez',1,''),(298,'2011-05-28 14:26:36',4,58,'24','Juana Maria Blandón Gutiérrez',1,''),(299,'2011-05-28 14:32:39',4,55,'13','Rancho Alegre',1,''),(300,'2011-05-28 14:32:41',3,58,'25','Byron Edonel Teran Castro',1,''),(301,'2011-05-28 14:34:30',3,56,'13','Willian Sánchez Sánchez',1,''),(302,'2011-05-28 14:48:25',3,58,'26','Armando Willian Sánchez',1,''),(303,'2011-05-28 14:59:45',4,58,'27','Francisco Noel Castillo Aguini',1,''),(304,'2011-05-28 14:59:49',2,58,'28','Jose Guillermo Zamora Garcia',1,''),(305,'2011-05-28 15:07:56',3,58,'29','Betulia Escalante Arevalo',1,''),(306,'2011-05-28 15:15:52',1,71,'12','12. No aplica',1,''),(307,'2011-05-28 15:30:23',3,58,'30','Nieves Castro Soriano',1,''),(308,'2011-05-28 15:51:04',3,58,'31','Eber Martinez Izaguirrez',1,''),(309,'2011-05-28 15:53:22',3,56,'14','Osmin Rocha Vallecillo',1,''),(310,'2011-05-28 16:10:58',3,58,'32','Carlos Aguilar',1,''),(311,'2011-05-29 08:08:29',3,58,'33','Edy Fanor Teran',1,''),(312,'2011-05-29 08:09:39',2,58,'17','Francisco Torrez Gutierrez',2,'No ha cambiado ningún campo.'),(313,'2011-05-29 08:12:43',2,58,'28','Jose Guillermo Zamora Garcia',2,'Modificados conyugue para \"Escolaridad object\" escolaridad. Modificados opcion3 para \"PrincipalLimitacion object\" principal limitacion.'),(314,'2011-05-29 08:18:41',3,58,'34','Oscar Antonio Escalante',1,''),(315,'2011-05-29 08:24:58',4,58,'35','José Alberto Martinez Jarquín ',1,''),(316,'2011-05-29 08:30:33',3,58,'34','Oscar Antonio Escalante',2,'Añadido/a \"CalidadPatio object\" calidad patio. Añadido/a \"GanadoMayor object\" ganado mayor. Añadido/a \"GanadoMayor object\" ganado mayor. Añadido/a \"GanadoMayor object\" ganado mayor. Añadido/a \"GanadoMayor object\" ganado mayor. Añadido/a \"PrincipalesFuentes object\" principales fuentes. Añadido/a \"CultivosIPeriodos object\" cultivos i periodos. Añadido/a \"PrincipalForma object\" principal forma. Añadido/a \"VendeProducto object\" vende producto. Añadido/a \"VendeProducto object\" vende producto. Añadido/a \"VendeProducto object\" vende producto. Añadido/a \"VendeProducto object\" vende producto. Añadido/a \"VendeProducto object\" vende producto. Añadido/a \"VendeProducto object\" vende producto. Añadido/a \"VendeProducto object\" vende producto. Añadido/a \"VendeProducto object\" vende producto. Añadido/a \"VendeProducto object\" vende producto. Añadido/a \"VendeProducto object\" vende producto. Añadido/a \"VendeProducto object\" vende producto. Añadido/a \"VendeProducto object\" vende producto. Añadido/a \"VendeProducto object\" vende producto. Añadido/a \"VendeProducto object\" vende producto. Añadido/a \"VendeProducto object\" vende producto. Añadido/a \"AreaProtegida object\" area protegida. Añadido/a \"UsoTecnologia object\" uso tecnologia. Añadido/a \"UsoTecnologia object\" uso tecnologia. Añadido/a \"UsoTecnologia object\" uso tecnologia. Añadido/a \"UsoTecnologia object\" uso tecnologia. Añadido/a \"Semilla object\" semilla. Añadido/a \"Diversidad object\" diversidad. Añadido/a \"Diversidad object\" diversidad. Añadido/a \"Diversidad object\" diversidad. Añadido/a \"Diversidad object\" diversidad. Añadido/a \"Diversidad object\" diversidad. Añadido/a \"Crisis object\" crisis. Añadido/a \"AccesoCredito object\" acceso credito. Añadido/a \"Participacion object\" participacion. Añadido/a \"Frecuencia object\" frecuencia. Añadido/a \"Frecuencia object\" frecuencia. Añadido/a \"Genero object\" genero. Añadido/a \"Genero object\" genero. Añadido/a \"Genero object\" genero. Añadido/a \"Genero object\" genero. Añadido/a \"Genero object\" genero. Añadido/a \"Genero object\" genero. Añadido/a \"TomaDecicion object\" toma decicion. Añadido/a \"TomaDecicion object\" toma decicion. Añadido/a \"TomaDecicion object\" toma decicion. Añadido/a \"TomaDecicion object\" toma decicion. Añadido/a \"TomaDecicion object\" toma decicion. Añadido/a \"TomaDecicion object\" toma decicion.'),(317,'2011-05-29 08:32:37',3,58,'36','Albertina Rivera',1,''),(318,'2011-05-29 08:35:43',2,58,'37','Virginia Martinez Perez',1,''),(319,'2011-05-29 08:47:21',2,58,'37','Virginia Martinez Perez',2,'Añadido/a \"Participacion object\" participacion. Añadido/a \"Participacion object\" participacion. Modificados organismo y ambos para \"ParticipacionCPC object\" participacion cpc. Añadido/a \"Frecuencia object\" frecuencia. Añadido/a \"Frecuencia object\" frecuencia. Añadido/a \"Genero object\" genero. Añadido/a \"Genero object\" genero. Añadido/a \"Genero object\" genero. Añadido/a \"Genero object\" genero. Añadido/a \"Genero object\" genero. Añadido/a \"Genero object\" genero. Añadido/a \"TomaDecicion object\" toma decicion. Añadido/a \"TomaDecicion object\" toma decicion. Añadido/a \"TomaDecicion object\" toma decicion. Añadido/a \"TomaDecicion object\" toma decicion. Añadido/a \"TomaDecicion object\" toma decicion. Añadido/a \"TomaDecicion object\" toma decicion.'),(320,'2011-05-29 08:54:03',3,58,'36','Albertina Rivera',2,'Añadido/a \"Composicion object\" composicion. Añadido/a \"Descripcion object\" descripcion. Añadido/a \"Escolaridad object\" escolaridad.'),(321,'2011-05-29 08:55:45',2,55,'14','El Comejen',1,''),(322,'2011-05-29 08:56:31',2,56,'15','Antonio Rueda Pereira',1,''),(323,'2011-05-29 08:57:50',3,58,'36','Albertina Rivera',2,'Añadido/a \"Agua object\" agua. Añadido/a \"Tierra object\" tierra. Añadido/a \"Tierra object\" tierra. Añadido/a \"Propiedad object\" propiedad. Añadido/a \"ConsumoDiario object\" consumo diario. Añadido/a \"PrincipalLimitacion object\" principal limitacion. Añadido/a \"Arboles object\" arboles. Añadido/a \"CalidadPatio object\" calidad patio.'),(324,'2011-05-29 09:07:03',3,58,'36','Albertina Rivera',2,'Añadido/a \"GanadoMayor object\" ganado mayor. Añadido/a \"GanadoMayor object\" ganado mayor. Añadido/a \"PrincipalesFuentes object\" principales fuentes. Añadido/a \"IngresoGanado object\" ingreso ganado. Añadido/a \"Lactios object\" lactios. Añadido/a \"VendeProducto object\" vende producto. Añadido/a \"VendeProducto object\" vende producto. Añadido/a \"VendeProducto object\" vende producto. Añadido/a \"VendeProducto object\" vende producto. Añadido/a \"VendeProducto object\" vende producto. Añadido/a \"VendeProducto object\" vende producto. Añadido/a \"VendeProducto object\" vende producto. Añadido/a \"VendeProducto object\" vende producto. Añadido/a \"VendeProducto object\" vende producto. Añadido/a \"VendeProducto object\" vende producto. Añadido/a \"VendeProducto object\" vende producto. Añadido/a \"VendeProducto object\" vende producto. Añadido/a \"VendeProducto object\" vende producto. Añadido/a \"VendeProducto object\" vende producto. Añadido/a \"VendeProducto object\" vende producto. Añadido/a \"UsoTecnologia object\" uso tecnologia. Añadido/a \"UsoTecnologia object\" uso tecnologia. Añadido/a \"UsoTecnologia object\" uso tecnologia. Añadido/a \"UsoTecnologia object\" uso tecnologia. Añadido/a \"Semilla object\" semilla. Añadido/a \"Diversidad object\" diversidad. Añadido/a \"Diversidad object\" diversidad. Añadido/a \"Diversidad object\" diversidad. Añadido/a \"AccesoCredito object\" acceso credito. Añadido/a \"Participacion object\" participacion. Añadido/a \"Genero object\" genero. Añadido/a \"Genero object\" genero. Añadido/a \"Genero object\" genero. Añadido/a \"Genero object\" genero. Añadido/a \"Genero object\" genero. Añadido/a \"Genero object\" genero. Añadido/a \"TomaDecicion object\" toma decicion. Añadido/a \"TomaDecicion object\" toma decicion. Añadido/a \"TomaDecicion object\" toma decicion. Añadido/a \"TomaDecicion object\" toma decicion. Añadido/a \"TomaDecicion object\" toma decicion. Añadido/a \"TomaDecicion object\" toma decicion.'),(325,'2011-05-29 09:13:41',4,58,'38','Jacinto Barrera González ',1,''),(326,'2011-05-29 09:16:40',4,55,'15','Lana Arriba',1,''),(327,'2011-05-29 09:24:02',3,58,'39','Maria Cruz Gómez',1,''),(328,'2011-05-29 09:36:23',3,58,'40','Nuris Adilsa Moreno',1,''),(329,'2011-05-29 09:37:40',2,58,'41','Lucia Gonzalez Polanco',1,''),(330,'2011-05-29 09:38:34',2,55,'16','Manceras',1,''),(331,'2011-05-29 09:39:28',3,55,'17','Ceiba Herrada',1,''),(332,'2011-05-29 09:40:37',3,56,'16','Francisco Palma M. ',1,''),(333,'2011-05-29 09:45:16',4,58,'42','Napolión Centeno Murrillo',1,''),(334,'2011-05-29 09:56:40',3,58,'43','Eduardo Sánchez Trujillo',1,''),(335,'2011-05-29 10:04:44',4,58,'44','Ramón Gonzalez Maldonado',1,''),(336,'2011-05-29 10:05:10',4,58,'44','Ramón Gonzalez Maldonado',2,'No ha cambiado ningún campo.'),(337,'2011-05-29 10:07:38',4,56,'17','Marlón Miranda',1,''),(338,'2011-05-29 10:13:07',2,58,'45','German Mendez Martinez',1,''),(339,'2011-05-29 10:17:45',3,58,'46','Guillermo Soriano',1,''),(340,'2011-05-29 10:32:06',3,58,'47','José Dolores Sánchez Trujillo',1,''),(341,'2011-05-29 10:37:36',4,58,'48','Juan Francisco Cruz López',1,''),(342,'2011-05-29 10:40:44',3,58,'47','José Dolores Sánchez Trujillo',2,'Añadido/a \"UsoTecnologia object\" uso tecnologia. Añadido/a \"UsoTecnologia object\" uso tecnologia. Añadido/a \"UsoTecnologia object\" uso tecnologia. Añadido/a \"UsoTecnologia object\" uso tecnologia. Añadido/a \"Semilla object\" semilla. Añadido/a \"Diversidad object\" diversidad. Añadido/a \"Diversidad object\" diversidad. Añadido/a \"Diversidad object\" diversidad. Añadido/a \"Diversidad object\" diversidad. Añadido/a \"Diversidad object\" diversidad. Añadido/a \"Diversidad object\" diversidad. Añadido/a \"Crisis object\" crisis. Añadido/a \"AccesoCredito object\" acceso credito. Añadido/a \"Participacion object\" participacion. Añadido/a \"ParticipacionCPC object\" participacion cpc. Añadido/a \"Frecuencia object\" frecuencia. Añadido/a \"Genero object\" genero. Añadido/a \"Genero object\" genero. Añadido/a \"Genero object\" genero. Añadido/a \"Genero object\" genero. Añadido/a \"Genero object\" genero. Añadido/a \"Genero object\" genero. Añadido/a \"TomaDecicion object\" toma decicion. Añadido/a \"TomaDecicion object\" toma decicion. Añadido/a \"TomaDecicion object\" toma decicion. Añadido/a \"TomaDecicion object\" toma decicion. Añadido/a \"TomaDecicion object\" toma decicion. Añadido/a \"TomaDecicion object\" toma decicion.'),(343,'2011-05-29 10:43:09',3,55,'18','El Carrizal',1,''),(344,'2011-05-29 10:53:30',2,58,'49','Espectación Castellon Luquez',1,''),(345,'2011-05-29 10:57:17',3,58,'50','Arsenio Rivera Pérez',1,''),(346,'2011-05-29 11:09:42',3,58,'50','Arsenio Rivera Pérez',2,'Añadido/a \"VendeProducto object\" vende producto. Añadido/a \"VendeProducto object\" vende producto. Añadido/a \"VendeProducto object\" vende producto. Añadido/a \"VendeProducto object\" vende producto. Añadido/a \"VendeProducto object\" vende producto. Añadido/a \"VendeProducto object\" vende producto. Añadido/a \"VendeProducto object\" vende producto. Añadido/a \"VendeProducto object\" vende producto. Añadido/a \"VendeProducto object\" vende producto. Añadido/a \"VendeProducto object\" vende producto. Añadido/a \"VendeProducto object\" vende producto. Añadido/a \"VendeProducto object\" vende producto. Añadido/a \"VendeProducto object\" vende producto. Añadido/a \"VendeProducto object\" vende producto. Añadido/a \"VendeProducto object\" vende producto. Añadido/a \"UsoTecnologia object\" uso tecnologia. Añadido/a \"UsoTecnologia object\" uso tecnologia. Añadido/a \"UsoTecnologia object\" uso tecnologia. Añadido/a \"UsoTecnologia object\" uso tecnologia. Añadido/a \"Semilla object\" semilla. Añadido/a \"Diversidad object\" diversidad. Añadido/a \"Diversidad object\" diversidad. Añadido/a \"Diversidad object\" diversidad. Añadido/a \"Crisis object\" crisis. Añadido/a \"AccesoCredito object\" acceso credito. Añadido/a \"Participacion object\" participacion. Añadido/a \"Genero object\" genero. Añadido/a \"Genero object\" genero. Añadido/a \"Genero object\" genero. Añadido/a \"Genero object\" genero. Añadido/a \"Genero object\" genero. Añadido/a \"Genero object\" genero. Añadido/a \"TomaDecicion object\" toma decicion. Añadido/a \"TomaDecicion object\" toma decicion. Añadido/a \"TomaDecicion object\" toma decicion. Añadido/a \"TomaDecicion object\" toma decicion. Añadido/a \"TomaDecicion object\" toma decicion. Añadido/a \"TomaDecicion object\" toma decicion.'),(347,'2011-05-29 11:16:39',4,58,'51','Lucrecia López Hernández',1,''),(348,'2011-05-29 11:18:05',4,55,'19','Carpas No. 3',1,''),(349,'2011-05-29 11:19:59',3,58,'43','Eduardo Sánchez Trujillo',2,'Modificado/a municipio.'),(350,'2011-05-29 11:20:48',3,58,'46','Guillermo Soriano',2,'Modificado/a municipio.'),(351,'2011-05-29 11:21:16',3,58,'47','José Dolores Sánchez Trujillo',2,'Modificado/a municipio.'),(352,'2011-05-29 11:22:16',3,58,'50','Arsenio Rivera Pérez',2,'Modificado/a municipio.'),(353,'2011-05-29 11:28:00',3,58,'33','Edy Fanor Teran',2,'Modificado/a municipio.'),(354,'2011-05-29 11:28:19',2,58,'52','Benigno Loasiga Miranda',1,''),(355,'2011-05-29 11:28:36',3,58,'34','Oscar Antonio Escalante',2,'Modificado/a municipio.'),(356,'2011-05-29 11:29:14',3,58,'36','Albertina Rivera',2,'Modificado/a municipio.'),(357,'2011-05-29 11:29:43',3,58,'39','Maria Cruz Gómez',2,'Modificado/a municipio.'),(358,'2011-05-29 11:30:10',3,58,'40','Nuris Adilsa Moreno',2,'Modificado/a municipio.'),(359,'2011-05-29 11:38:08',3,55,'17','Ceiba Herrada',2,'Modificado/a municipio.'),(360,'2011-05-29 11:38:50',3,55,'18','El Carrizal',2,'Modificado/a municipio.'),(361,'2011-05-29 11:43:41',4,58,'53','Adalis Rodrigez Ortega',1,''),(362,'2011-05-29 11:51:05',2,58,'54','Rafael Antonio Osorio Loasiga',1,''),(363,'2011-05-29 11:53:07',2,58,'49','Espectación Castellon Luquez',2,'Modificados manzana para \"CultivosAnuales object\" cultivos anuales.'),(364,'2011-05-29 12:02:28',3,58,'55','Herminio Arce',1,''),(365,'2011-05-29 12:04:09',3,58,'55','Herminio Arce',2,'Añadido/a \"AreaProtegida object\" area protegida. Modificados cantidad para \"AreaProtegida object\" area protegida.'),(366,'2011-05-29 12:04:17',4,58,'56','Francisco Carasolio López Flores ',1,''),(367,'2011-05-29 12:07:08',2,58,'57','Florencia Espinoza Matmorros',1,''),(368,'2011-05-29 12:10:04',3,58,'55','Herminio Arce',2,'Añadido/a \"UsoTecnologia object\" uso tecnologia. Añadido/a \"UsoTecnologia object\" uso tecnologia. Añadido/a \"UsoTecnologia object\" uso tecnologia. Añadido/a \"UsoTecnologia object\" uso tecnologia. Añadido/a \"Semilla object\" semilla. Añadido/a \"Diversidad object\" diversidad. Añadido/a \"Diversidad object\" diversidad. Añadido/a \"Diversidad object\" diversidad. Añadido/a \"Diversidad object\" diversidad. Añadido/a \"Diversidad object\" diversidad. Añadido/a \"Diversidad object\" diversidad. Añadido/a \"Diversidad object\" diversidad. Añadido/a \"Diversidad object\" diversidad. Añadido/a \"Diversidad object\" diversidad. Añadido/a \"AccesoCredito object\" acceso credito. Añadido/a \"Participacion object\" participacion. Añadido/a \"Genero object\" genero. Añadido/a \"Genero object\" genero. Añadido/a \"Genero object\" genero. Añadido/a \"Genero object\" genero. Añadido/a \"Genero object\" genero. Añadido/a \"Genero object\" genero. Añadido/a \"TomaDecicion object\" toma decicion. Añadido/a \"TomaDecicion object\" toma decicion. Añadido/a \"TomaDecicion object\" toma decicion. Añadido/a \"TomaDecicion object\" toma decicion. Añadido/a \"TomaDecicion object\" toma decicion. Añadido/a \"TomaDecicion object\" toma decicion.'),(369,'2011-05-29 12:16:58',2,58,'57','Florencia Espinoza Matmorros',2,'Añadido/a \"ProductosProcesado object\" productos procesado. Añadido/a \"PrincipalForma object\" principal forma. Añadido/a \"VendeProducto object\" vende producto. Añadido/a \"VendeProducto object\" vende producto. Añadido/a \"VendeProducto object\" vende producto. Añadido/a \"VendeProducto object\" vende producto. Añadido/a \"Riego object\" riego. Añadido/a \"AreaProtegida object\" area protegida. Añadido/a \"UsoTecnologia object\" uso tecnologia. Añadido/a \"UsoTecnologia object\" uso tecnologia. Añadido/a \"UsoTecnologia object\" uso tecnologia. Añadido/a \"UsoTecnologia object\" uso tecnologia. Añadido/a \"Semilla object\" semilla. Añadido/a \"Diversidad object\" diversidad. Añadido/a \"Diversidad object\" diversidad. Añadido/a \"Diversidad object\" diversidad. Añadido/a \"Diversidad object\" diversidad. Añadido/a \"Diversidad object\" diversidad. Añadido/a \"Diversidad object\" diversidad. Añadido/a \"Diversidad object\" diversidad. Añadido/a \"Diversidad object\" diversidad. Añadido/a \"Diversidad object\" diversidad. Añadido/a \"Diversidad object\" diversidad. Añadido/a \"Diversidad object\" diversidad. Añadido/a \"Diversidad object\" diversidad. Añadido/a \"Crisis object\" crisis. Añadido/a \"AccesoCredito object\" acceso credito. Añadido/a \"Participacion object\" participacion. Añadido/a \"Participacion object\" participacion. Añadido/a \"ParticipacionCPC object\" participacion cpc. Añadido/a \"Frecuencia object\" frecuencia. Añadido/a \"Frecuencia object\" frecuencia. Añadido/a \"Genero object\" genero. Añadido/a \"Genero object\" genero. Añadido/a \"Genero object\" genero. Añadido/a \"Genero object\" genero. Añadido/a \"Genero object\" genero. Añadido/a \"Genero object\" genero. Añadido/a \"TomaDecicion object\" toma decicion. Añadido/a \"TomaDecicion object\" toma decicion. Añadido/a \"TomaDecicion object\" toma decicion. Añadido/a \"TomaDecicion object\" toma decicion. Añadido/a \"TomaDecicion object\" toma decicion. Añadido/a \"TomaDecicion object\" toma decicion.'),(370,'2011-05-29 12:25:32',3,58,'58','Zenovia Rivera Pérez',1,''),(371,'2011-05-29 12:42:56',3,58,'59','Arnulfo Rivera Pérez',1,''),(372,'2011-05-29 12:53:36',4,58,'60','José Pantaleón Peréz',1,''),(373,'2011-05-29 12:53:57',2,58,'61','Eufemia Guerrero Bucardo',1,''),(374,'2011-05-29 12:56:30',3,58,'62','Yesica Milady Martinez Mondragon',1,''),(375,'2011-05-29 12:57:14',4,56,'18','Margina E. Flores',1,''),(376,'2011-05-29 13:09:31',2,58,'63','Roger Antonio Blandon Sovalbarro',1,''),(377,'2011-05-29 13:10:42',3,58,'64','Fidencia Soriano',1,''),(378,'2011-05-29 13:11:37',4,58,'65','Francis Martinez Zelaya ',1,''),(379,'2011-05-29 13:14:38',4,56,'18','Margiana E. Flores',2,'Modificado/a nombre.'),(380,'2011-05-29 13:26:53',2,58,'66','Boanerge Blandon Castellon',1,''),(381,'2011-05-29 13:32:14',3,58,'67','Edamiro Espinal',1,''),(382,'2011-05-29 13:33:38',4,58,'68','Blanca Estela Peréz Flores',1,''),(383,'2011-05-29 18:33:19',2,58,'69','Alfredo Perez Hernandez',1,''),(384,'2011-05-29 18:55:26',2,58,'70','Jesus Daniel Lopez Castro',1,''),(385,'2011-05-29 19:13:15',2,58,'71','Juan Hernandez Chavarria',1,''),(386,'2011-05-29 19:32:54',2,58,'72','Lucrecia Gonzalez Vivas',1,''),(387,'2011-05-29 19:54:03',2,58,'73','Leonel Centeno Herrera',1,''),(388,'2011-05-29 20:35:11',2,58,'74','Martin Garcia Tremino',1,''),(389,'2011-05-29 20:51:41',2,58,'75','Teodoro Alaniz Cerrato',1,''),(390,'2011-05-29 21:10:24',2,58,'76','Meyling del Carmen Blandon Lorios',1,''),(391,'2011-05-29 21:27:01',2,58,'77','Enoc Gutierrez Arauz',1,''),(392,'2011-05-29 21:50:52',2,58,'78','Felix Marlon Rodriguez Ortega',1,''),(393,'2011-05-29 22:09:06',2,58,'79','Mauricio José Masis',1,''),(394,'2011-05-30 07:47:41',2,56,'19','Margarita Cerrato Ordoñez',1,''),(395,'2011-05-30 07:53:35',3,56,'20','Esteban Rodríguez',1,''),(396,'2011-05-30 08:07:05',3,58,'80','Rita Clementina Ramirez',1,''),(397,'2011-05-30 08:17:59',2,58,'81','NIcanora Rodriguez Hernandez',1,''),(398,'2011-05-30 08:19:11',3,58,'82','Auxiliadora Varela López',1,''),(399,'2011-05-30 08:29:08',3,58,'83','Carmela Vásquez',1,''),(400,'2011-05-30 08:30:42',3,55,'20','El Jicaro',1,''),(401,'2011-05-30 08:38:03',2,58,'84','Jayra Edelma Tinoco Hernandez',1,''),(402,'2011-05-30 08:38:37',4,58,'85','José Esteban Blandon Mendoza',1,''),(403,'2011-05-30 08:39:51',4,58,'5','Epifania Sobeyda Tinoco Hernandez',2,'No ha cambiado ningún campo.'),(404,'2011-05-30 08:40:32',4,58,'7','Thelma Rivera Guido ',2,'No ha cambiado ningún campo.'),(405,'2011-05-30 08:41:52',4,58,'27','Francisco Noel Castillo Aguini',2,'Añadido/a \"Tierra object\" tierra.'),(406,'2011-05-30 08:42:47',4,58,'24','Juana Maria Blandón Gutiérrez',2,'Añadido/a \"Tierra object\" tierra.'),(407,'2011-05-30 08:43:37',4,58,'21','Maria Agustina Coyado Hernandez ',2,'Añadido/a \"Tierra object\" tierra.'),(408,'2011-05-30 08:44:42',4,58,'18','Rosa Lidia Tinoco Hernández ',2,'Añadido/a \"Tierra object\" tierra.'),(409,'2011-05-30 08:45:46',4,58,'13','Cayetano Alberto Montenegro',2,'Añadido/a \"Tierra object\" tierra. Añadido/a \"Tierra object\" tierra. Modificados area, mujer, hombre y ambos para \"Tierra object\" tierra.'),(410,'2011-05-30 08:46:23',4,58,'10','Maria Azucena Tercero González',2,'Añadido/a \"Tierra object\" tierra.'),(411,'2011-05-30 08:46:59',4,58,'35','José Alberto Martinez Jarquín ',2,'Modificados hombre para \"Tierra object\" tierra.'),(412,'2011-05-30 08:48:19',4,58,'38','Jacinto Barrera González ',2,'Añadido/a \"Tierra object\" tierra.'),(413,'2011-05-30 08:48:57',4,58,'42','Napolión Centeno Murrillo',2,'No ha cambiado ningún campo.'),(414,'2011-05-30 08:49:42',4,58,'44','Ramón Gonzalez Maldonado',2,'Añadido/a \"Tierra object\" tierra.'),(415,'2011-05-30 08:50:52',4,58,'53','Adalides Rodrigez Ortega',2,'Modificado/a beneficiario. Añadido/a \"Tierra object\" tierra.'),(416,'2011-05-30 08:51:17',3,58,'86','Luis Alberto Martínez',1,''),(417,'2011-05-30 08:51:31',4,58,'56','Francisco Carasolio López Flores ',2,'Añadido/a \"Tierra object\" tierra.'),(418,'2011-05-30 09:04:45',3,58,'87','Osmin Martínez Ordoñez',1,''),(419,'2011-05-30 09:18:44',2,58,'88','Maria Nelly Mendiola Polanco',1,''),(420,'2011-05-30 09:23:04',4,58,'89','Juan Blas Urbina Pineda',1,''),(421,'2011-05-30 09:36:58',3,58,'90','Antonio Elias Garcia Osorto',1,''),(422,'2011-05-30 09:50:18',4,58,'91','Graciela Hernández Dávila ',1,''),(423,'2011-05-30 09:52:31',2,58,'92','Fatima del Socorro Mejia Valdivia',1,''),(424,'2011-05-30 10:04:28',3,58,'93','Jorge Grinera',1,''),(425,'2011-05-30 10:23:10',3,58,'94','Nelson Gutiérrez Espino',1,''),(426,'2011-05-30 10:37:40',3,58,'95','Santiago Olivas',1,''),(427,'2011-05-30 10:38:33',3,55,'21','El Pavon',1,''),(428,'2011-05-30 10:52:51',3,58,'96','Precentaciom Quiroz Pavon',1,''),(429,'2011-05-30 11:02:32',4,58,'97','Wilmer Antonio Pérez Hernández',1,''),(430,'2011-05-30 11:22:54',3,58,'98','Luis Herrera Vallejos',1,''),(431,'2011-05-30 11:33:34',3,58,'99','Santos Tercero',1,''),(432,'2011-05-30 11:34:55',2,58,'100','Alba Luz Calero Herrera',1,''),(433,'2011-05-30 11:35:12',3,56,'21','Yessenia Del C. Cadeno M.',1,''),(434,'2011-05-30 11:41:01',4,58,'101','Pastora Díaz López',1,''),(435,'2011-05-30 11:46:28',3,58,'102','Gertrudiz Tercero',1,''),(436,'2011-05-30 11:57:36',3,58,'103','Luis Zepeda',1,''),(437,'2011-05-30 12:02:40',2,58,'104','Efrain Rodriguez Aguilar',1,''),(438,'2011-05-30 12:10:08',3,58,'105','Bernardo Tercero ',1,''),(439,'2011-05-30 12:14:19',4,58,'106','Silverio Ochoa',1,''),(440,'2011-05-30 12:18:17',3,58,'107','Luis Alfredo Varela Aguilar',1,''),(441,'2011-05-30 12:29:34',2,58,'108','Gloria Esperanza Castro Martinez',1,''),(442,'2011-05-30 12:31:32',3,58,'109','Adonis Soriano',1,''),(443,'2011-05-30 12:49:03',3,58,'110','Carlos Tercero',1,''),(444,'2011-05-30 13:09:54',3,58,'111','Reynaldo Espinoza',1,''),(445,'2011-05-30 13:15:11',4,58,'112','Dora Martinez',1,''),(446,'2011-05-30 13:21:47',2,58,'113','Pedro Castillo Chavarria',1,''),(447,'2011-05-30 13:24:58',3,58,'114','Juana del Socorro Padilla',1,''),(448,'2011-05-30 13:31:25',4,58,'115','Ervin Ariel Torrez',1,''),(449,'2011-05-30 13:36:25',3,58,'116','Agustina Mejia González',1,''),(450,'2011-05-30 13:49:07',3,58,'117','Martha Alicia Padilla Castro',1,''),(451,'2011-05-30 14:12:08',4,58,'118','Ana Maria Olivas Rivera ',1,''),(452,'2011-05-30 14:22:41',2,58,'119','Omar Valle Orozco',1,''),(453,'2011-05-30 14:27:44',3,55,'22','Cusmaji',1,''),(454,'2011-05-30 14:45:38',4,58,'120','Leyla Toruño Cruz',1,''),(455,'2011-05-30 14:51:22',2,58,'121','Florentina del Socorro Chavarria',1,''),(456,'2011-05-30 15:05:00',4,58,'122','Lionel Delgadillo',1,''),(457,'2011-05-30 15:09:05',2,58,'123','Alejandra Gonzalez Ruiz',1,''),(458,'2011-05-30 15:11:38',2,55,'23','Cerro Verde',1,''),(459,'2011-05-30 15:26:41',4,58,'124','Seydi del Carmen Baldizón López',1,''),(460,'2011-05-30 15:32:53',2,58,'125','Bernardino Avilez',1,''),(461,'2011-05-30 15:50:01',4,58,'126','Agustin Rugama Castro',1,''),(462,'2011-05-30 15:54:58',2,58,'127','Zenon Ramon Gonzalez Hernandez',1,''),(463,'2011-05-30 16:04:44',4,58,'128','Domingo Picado Garcia',1,''),(464,'2011-05-30 16:15:35',2,58,'129','Francisco Rivas Orozco',1,''),(465,'2011-05-30 16:31:29',2,58,'130','Jose Mercedes Suazo Arbizu',1,''),(466,'2011-05-30 20:04:51',2,58,'131','Miguel Angel Herrera',1,''),(467,'2011-05-30 20:25:48',2,58,'132','Maria Epifania Diaz  l',1,''),(468,'2011-05-30 20:52:14',2,58,'133','Estela Cruz',1,''),(469,'2011-05-30 21:06:49',2,58,'134','Israel Fuente Tercero',1,''),(470,'2011-05-30 21:23:39',2,58,'135','Reynaldo Alberto Barrera Hernandez',1,''),(471,'2011-05-30 21:46:03',2,58,'136','Silvia Elena Lopez Flores',1,''),(472,'2011-05-30 21:49:53',2,58,'136','Silvia Elena Lopez Flores',2,'No ha cambiado ningún campo.'),(473,'2011-05-30 21:51:09',2,58,'137','Euseco Salomon Pineda Hernandez',1,''),(474,'2011-05-30 22:07:07',2,58,'137','Euseco Salomon Pineda Hernandez',2,'Añadido/a \"Composicion object\" composicion. Añadido/a \"Descripcion object\" descripcion. Añadido/a \"Descripcion object\" descripcion. Añadido/a \"Descripcion object\" descripcion. Añadido/a \"Descripcion object\" descripcion. Añadido/a \"Escolaridad object\" escolaridad. Añadido/a \"Agua object\" agua. Añadido/a \"Tierra object\" tierra. Añadido/a \"Tierra object\" tierra. Añadido/a \"Propiedad object\" propiedad. Añadido/a \"CultivosPeriodos object\" cultivos periodos. Añadido/a \"CultivosPeriodos object\" cultivos periodos. Añadido/a \"CultivosPermanentes object\" cultivos permanentes. Añadido/a \"CultivosPermanentes object\" cultivos permanentes. Añadido/a \"CultivosAnuales object\" cultivos anuales. Añadido/a \"CultivosAnuales object\" cultivos anuales. Añadido/a \"ConsumoDiario object\" consumo diario. Añadido/a \"PrincipalLimitacion object\" principal limitacion. Añadido/a \"PatioCultivada object\" patio cultivada. Añadido/a \"Arboles object\" arboles. Añadido/a \"CalidadPatio object\" calidad patio. Añadido/a \"GanadoMayor object\" ganado mayor. Añadido/a \"GanadoMayor object\" ganado mayor. Añadido/a \"GanadoMayor object\" ganado mayor. Añadido/a \"PrincipalesFuentes object\" principales fuentes. Añadido/a \"CultivosIPeriodos object\" cultivos i periodos. Añadido/a \"CultivosIPermanentes object\" cultivos i permanentes. Añadido/a \"CultivosIPermanentes object\" cultivos i permanentes. Añadido/a \"CultivosIEstacionales object\" cultivos i estacionales. Añadido/a \"CultivosIEstacionales object\" cultivos i estacionales. Añadido/a \"IngresoGanado object\" ingreso ganado. Añadido/a \"OtrosIngresos object\" otros ingresos. Añadido/a \"PrincipalForma object\" principal forma. Añadido/a \"VendeProducto object\" vende producto. Añadido/a \"VendeProducto object\" vende producto. Añadido/a \"VendeProducto object\" vende producto. Añadido/a \"VendeProducto object\" vende producto. Añadido/a \"VendeProducto object\" vende producto. Añadido/a \"Riego object\" riego. Añadido/a \"AreaProtegida object\" area protegida. Añadido/a \"UsoTecnologia object\" uso tecnologia. Añadido/a \"UsoTecnologia object\" uso tecnologia. Añadido/a \"UsoTecnologia object\" uso tecnologia. Añadido/a \"UsoTecnologia object\" uso tecnologia. Añadido/a \"Semilla object\" semilla. Añadido/a \"Diversidad object\" diversidad. Añadido/a \"Diversidad object\" diversidad. Añadido/a \"Diversidad object\" diversidad. Añadido/a \"Diversidad object\" diversidad. Añadido/a \"Diversidad object\" diversidad. Añadido/a \"Diversidad object\" diversidad. Añadido/a \"Diversidad object\" diversidad. Añadido/a \"Diversidad object\" diversidad. Añadido/a \"Crisis object\" crisis. Añadido/a \"AccesoCredito object\" acceso credito. Añadido/a \"Participacion object\" participacion. Añadido/a \"Participacion object\" participacion. Añadido/a \"ParticipacionCPC object\" participacion cpc. Añadido/a \"ParticipacionCPC object\" participacion cpc. Añadido/a \"Frecuencia object\" frecuencia. Añadido/a \"Frecuencia object\" frecuencia. Añadido/a \"Genero object\" genero. Añadido/a \"Genero object\" genero. Añadido/a \"Genero object\" genero. Añadido/a \"Genero object\" genero. Añadido/a \"Genero object\" genero. Añadido/a \"Genero object\" genero. Añadido/a \"TomaDecicion object\" toma decicion. Añadido/a \"TomaDecicion object\" toma decicion. Añadido/a \"TomaDecicion object\" toma decicion. Añadido/a \"TomaDecicion object\" toma decicion. Añadido/a \"TomaDecicion object\" toma decicion. Añadido/a \"TomaDecicion object\" toma decicion.'),(475,'2011-05-30 22:23:17',2,58,'138','Teodoro Ronadre Suarez',1,''),(476,'2011-05-30 22:39:05',2,58,'139','Oscar Perez Estrada',1,''),(477,'2011-05-30 22:55:49',2,58,'140','Santiago Gutiérrez López',1,''),(478,'2011-05-30 23:09:52',2,58,'141','Francisca Perez Hernandez',1,''),(479,'2011-05-30 23:23:08',2,58,'142','Ariel Vallecillo',1,''),(480,'2011-05-31 16:55:39',3,56,'22','Jairo Palma Muñoz',1,''),(481,'2011-05-31 17:10:15',4,55,'24','Las Vueltas',1,''),(482,'2011-05-31 17:11:37',4,56,'23','Naun Carrasco Romero ',1,''),(483,'2011-05-31 17:11:49',3,58,'143','Eduardo Escalante',1,''),(484,'2011-05-31 17:14:33',2,58,'144','Guadalupe Tercero Martinez',1,''),(485,'2011-05-31 17:27:56',3,58,'145','Modesta Hernández',1,''),(486,'2011-05-31 17:31:32',2,58,'146','Maria Elsa Martinez',1,''),(487,'2011-05-31 17:37:17',4,58,'147','Nubia Mercedes Gómez Ortiz ',1,''),(488,'2011-05-31 17:42:58',3,58,'148','Aristides Hernández Arce',1,''),(489,'2011-05-31 17:48:32',2,58,'149','Tomas Balladares',1,''),(490,'2011-05-31 17:49:09',3,58,'150','Rigoberto Macareño',1,''),(491,'2011-05-31 20:28:29',2,58,'151','Marvin José Reyes Barrera',1,''),(492,'2011-05-31 20:45:17',2,58,'152','Wilfredo Perez mendoza',1,''),(493,'2011-05-31 21:00:14',2,58,'153','Fermin Martinez Paiz',1,''),(494,'2011-05-31 21:18:20',2,58,'154','José Miguel Montoya Rostran',1,''),(495,'2011-05-31 21:30:50',2,58,'155','Maria Montenegro Velazquez',1,''),(496,'2011-05-31 21:44:44',2,58,'156','Cruz Vallecillo Rivas',1,''),(497,'2011-05-31 22:02:08',2,58,'157','Angel Flores Gutierrez',1,''),(498,'2011-05-31 22:15:48',2,58,'158','Henry Antonio Valdivia Mendoza',1,''),(499,'2011-05-31 22:29:55',2,58,'159','Tomas Ebil Garcia Dormuz',1,''),(500,'2011-05-31 22:51:19',2,58,'160','Francisco Lopez Gonzalez',1,''),(501,'2011-05-31 23:03:17',2,58,'161','Maria Cristina Perez Murillo',1,''),(502,'2011-05-31 23:16:10',2,58,'162','Maximo Dionisio laguna Martinez',1,''),(503,'2011-06-01 07:13:50',4,58,'163','Juana Maria Herrera Rugama ',1,''),(504,'2011-06-01 07:31:23',4,58,'164','Verinis del Carmen Galindo R',1,''),(505,'2011-06-01 07:54:14',4,58,'165','Ada Luz Cerna Peréz',1,''),(506,'2011-06-01 07:56:04',3,58,'150','Rigoberto Macareño',2,'Añadido/a \"GanadoMayor object\" ganado mayor. Añadido/a \"GanadoMayor object\" ganado mayor. Añadido/a \"GanadoMayor object\" ganado mayor. Añadido/a \"GanadoMayor object\" ganado mayor. Añadido/a \"GanadoMayor object\" ganado mayor. Añadido/a \"PrincipalesFuentes object\" principales fuentes. Añadido/a \"VendeProducto object\" vende producto. Añadido/a \"VendeProducto object\" vende producto. Añadido/a \"VendeProducto object\" vende producto. Añadido/a \"VendeProducto object\" vende producto. Añadido/a \"VendeProducto object\" vende producto. Añadido/a \"VendeProducto object\" vende producto. Añadido/a \"VendeProducto object\" vende producto. Añadido/a \"VendeProducto object\" vende producto. Añadido/a \"VendeProducto object\" vende producto. Añadido/a \"VendeProducto object\" vende producto. Añadido/a \"VendeProducto object\" vende producto. Añadido/a \"VendeProducto object\" vende producto. Añadido/a \"VendeProducto object\" vende producto. Añadido/a \"VendeProducto object\" vende producto. Añadido/a \"Riego object\" riego. Añadido/a \"AreaProtegida object\" area protegida. Añadido/a \"UsoTecnologia object\" uso tecnologia. Añadido/a \"Semilla object\" semilla. Añadido/a \"Diversidad object\" diversidad. Añadido/a \"Diversidad object\" diversidad. Añadido/a \"Diversidad object\" diversidad. Añadido/a \"Diversidad object\" diversidad. Añadido/a \"Diversidad object\" diversidad. Añadido/a \"Diversidad object\" diversidad. Añadido/a \"Diversidad object\" diversidad. Añadido/a \"Diversidad object\" diversidad. Añadido/a \"Diversidad object\" diversidad. Añadido/a \"Diversidad object\" diversidad. Añadido/a \"Diversidad object\" diversidad. Añadido/a \"Participacion object\" participacion. Añadido/a \"Participacion object\" participacion. Añadido/a \"Frecuencia object\" frecuencia. Añadido/a \"Frecuencia object\" frecuencia. Añadido/a \"Genero object\" genero. Añadido/a \"Genero object\" genero. Añadido/a \"Genero object\" genero. Añadido/a \"Genero object\" genero. Añadido/a \"Genero object\" genero. Añadido/a \"Genero object\" genero. Añadido/a \"TomaDecicion object\" toma decicion. Añadido/a \"TomaDecicion object\" toma decicion. Añadido/a \"TomaDecicion object\" toma decicion. Añadido/a \"TomaDecicion object\" toma decicion.'),(507,'2011-06-01 17:29:58',3,58,'166','Vilma Vílchez',1,''),(508,'2011-06-01 17:37:17',3,58,'167','Javier Castro Rodríguez',1,''),(509,'2011-06-01 19:55:28',2,58,'168','Julio Ramon Siles Rayte',1,''),(510,'2011-06-01 20:14:22',2,58,'169','Adrian Antonio Rizo Quintero',1,''),(511,'2011-06-01 20:32:22',2,58,'170','Eusebio Suazo Chavarria',1,''),(512,'2011-06-01 20:46:40',2,58,'171','José Javier Lopéz M',1,''),(513,'2011-06-01 20:52:47',2,55,'25','El Rosario',1,''),(514,'2011-06-01 21:10:46',2,58,'172','Ernesto Larios',1,''),(515,'2011-06-01 21:25:36',2,58,'173','Tito Diomedes Rodriguez Ortega',1,''),(516,'2011-06-01 21:40:02',2,58,'174','Santos Morales Lopez',1,''),(517,'2011-06-01 21:51:48',2,58,'175','Erminia Hernandez Gomez',1,''),(518,'2011-06-01 22:07:06',2,58,'176','Victorina Dormus Aguilar',1,''),(519,'2011-06-01 22:10:11',2,55,'26','Quilile',1,''),(520,'2011-06-01 22:22:00',2,58,'177','Denis Centeno Hernandez',1,''),(521,'2011-06-01 22:22:57',2,55,'27','Yale Nº 2',1,''),(522,'2011-06-01 22:39:17',2,58,'178','Juan Ramon Ochoa Martinez',1,''),(523,'2011-06-01 22:40:14',2,55,'28','Guasaca Abajo',1,''),(524,'2011-06-01 22:50:58',2,58,'179','Narciso Hernandez Díaz',1,''),(525,'2011-06-01 22:52:15',2,55,'29','Yale Nº 1',1,''),(526,'2011-06-01 23:03:43',2,58,'180','Lilliam Leyva Zamora',1,''),(527,'2011-06-01 23:04:41',2,55,'30','Ronca',1,''),(528,'2011-06-01 23:14:56',2,58,'181','Moises Mayorga Cordero',1,''),(529,'2011-06-01 23:16:34',2,55,'31','La Pita',1,''),(530,'2011-06-01 23:28:43',2,58,'182','Maria Felia Picado Lopez',1,''),(531,'2011-06-02 07:45:17',3,58,'167','Javier Castro Rodríguez',2,'Añadido/a \"ConsumoDiario object\" consumo diario. Añadido/a \"PrincipalLimitacion object\" principal limitacion. Añadido/a \"Arboles object\" arboles. Añadido/a \"CalidadPatio object\" calidad patio. Añadido/a \"GanadoMayor object\" ganado mayor. Añadido/a \"GanadoMayor object\" ganado mayor. Añadido/a \"GanadoMayor object\" ganado mayor. Añadido/a \"GanadoMayor object\" ganado mayor. Añadido/a \"PrincipalesFuentes object\" principales fuentes. Añadido/a \"CultivosIPeriodos object\" cultivos i periodos. Añadido/a \"CultivosIPeriodos object\" cultivos i periodos. Añadido/a \"IngresoGanado object\" ingreso ganado. Añadido/a \"IngresoGanado object\" ingreso ganado. Añadido/a \"Lactios object\" lactios. Añadido/a \"OtrosIngresos object\" otros ingresos. Añadido/a \"VendeProducto object\" vende producto. Añadido/a \"VendeProducto object\" vende producto. Añadido/a \"VendeProducto object\" vende producto. Añadido/a \"VendeProducto object\" vende producto. Añadido/a \"UsoTecnologia object\" uso tecnologia. Añadido/a \"UsoTecnologia object\" uso tecnologia. Añadido/a \"UsoTecnologia object\" uso tecnologia. Añadido/a \"UsoTecnologia object\" uso tecnologia. Añadido/a \"Semilla object\" semilla. Añadido/a \"Diversidad object\" diversidad. Añadido/a \"Diversidad object\" diversidad. Añadido/a \"Diversidad object\" diversidad. Añadido/a \"Diversidad object\" diversidad. Añadido/a \"Diversidad object\" diversidad. Añadido/a \"AccesoCredito object\" acceso credito. Añadido/a \"Participacion object\" participacion. Añadido/a \"Genero object\" genero. Añadido/a \"Genero object\" genero. Añadido/a \"Genero object\" genero. Añadido/a \"Genero object\" genero. Añadido/a \"Genero object\" genero. Añadido/a \"Genero object\" genero. Añadido/a \"TomaDecicion object\" toma decicion. Añadido/a \"TomaDecicion object\" toma decicion. Añadido/a \"TomaDecicion object\" toma decicion. Añadido/a \"TomaDecicion object\" toma decicion. Añadido/a \"TomaDecicion object\" toma decicion. Añadido/a \"TomaDecicion object\" toma decicion.'),(532,'2011-06-02 07:56:13',3,58,'183','Candida Aurora Mondragon',1,''),(533,'2011-06-02 08:05:03',3,58,'184','Dania Lizeth Aguilar',1,''),(534,'2011-06-02 16:48:11',2,55,'32','Quilile',1,''),(535,'2011-06-02 16:56:53',3,58,'185','Norma Sánchez Aguilar',1,''),(536,'2011-06-02 16:57:32',4,55,'33','San Juaquin',1,''),(537,'2011-06-02 17:08:33',2,58,'186','Jesus Precioso Rodriguez Garit',1,''),(538,'2011-06-02 17:09:43',4,58,'187','Claudio Gonzales O.',1,''),(539,'2011-06-02 17:09:55',2,55,'34','La Tronca',1,''),(540,'2011-06-02 17:11:33',4,55,'35','Wasaka Sureste',1,''),(541,'2011-06-02 17:12:19',3,58,'188','Rosibel Sánchez Serrato',1,''),(542,'2011-06-02 17:23:24',3,58,'189','Mario Zeron Castro',1,''),(543,'2011-06-02 17:24:56',2,58,'190','Mario Ramon Pineda Blandon',1,''),(544,'2011-06-02 17:28:34',4,58,'191','Victor Manuel Gutierrez Rugama',1,''),(545,'2011-06-02 17:29:51',4,55,'36','Granadillo No. 1',1,''),(546,'2011-06-02 17:34:55',3,58,'192','Elba Rodriguez Vildel',1,''),(547,'2011-06-02 17:41:41',4,58,'193','Nora Valiente',1,''),(548,'2011-06-02 17:41:46',2,58,'194','Luz Marina Cruz Gutierrez',1,''),(549,'2011-06-02 17:43:05',4,55,'37','Embuelo',1,''),(550,'2011-06-02 17:47:37',3,58,'195','Adali Sánchez Hernández',1,''),(551,'2011-06-02 17:52:53',4,58,'196','Julio Lopez Perez',1,''),(552,'2011-06-02 21:08:14',2,55,'38','Wasaka Abajo',1,''),(553,'2011-06-02 21:24:52',2,58,'197','Javier A Morales Gonzalez',1,''),(554,'2011-06-02 21:41:44',2,58,'198','Ivania Valiente Amador',1,''),(555,'2011-06-02 21:42:43',2,55,'39','Yale Nº 3',1,''),(556,'2011-06-02 22:04:55',2,58,'199','Jose Adan Torrez Baldelomar',1,''),(557,'2011-06-02 22:17:06',2,58,'200','Miriam Gonzalez Chavarria',1,''),(558,'2011-06-02 22:29:43',2,58,'201','Benigno Hernandez',1,''),(559,'2011-06-02 22:41:58',2,58,'202','Cruz Centeno',1,''),(560,'2011-06-02 22:54:59',2,58,'203','Vidal Suenz',1,''),(561,'2011-06-02 22:55:57',2,55,'40','Granadillo Nº 2',1,''),(562,'2011-06-02 23:04:40',2,58,'204','Orlando Calero',1,''),(563,'2011-06-02 23:05:26',2,55,'41','Tigre',1,''),(564,'2011-06-02 23:15:55',2,58,'205','Ignacia Maya Martinez',1,''),(565,'2011-06-02 23:25:54',2,58,'206','Rosa Nelly Herrera Gomez',1,''),(566,'2011-06-02 23:42:07',2,58,'207','Marvin Rafael Pineda Blandon',1,''),(567,'2011-06-02 23:54:23',2,58,'208','Porfirio Vargas Mendoza',1,''),(568,'2011-06-03 00:08:16',2,58,'209','Mayra del Carmen Chavarria Blancher',1,''),(569,'2011-06-03 07:00:50',4,55,'37','Embudo',2,'Modificado/a nombre.'),(570,'2011-06-03 07:11:03',4,58,'210','Silverio Ramos',1,''),(571,'2011-06-03 07:21:31',4,58,'211','Janeth Rayo',1,''),(572,'2011-06-03 07:33:28',4,58,'212','Gloria Gonzales Castellón',1,''),(573,'2011-06-03 07:44:34',4,58,'213','Marlón Sotelo',1,''),(574,'2011-06-03 07:57:17',4,58,'214','Edelma Montenegro',1,''),(575,'2011-06-03 16:58:44',3,58,'215','Magda Luz Zerón Castro',1,''),(576,'2011-06-04 07:42:23',3,58,'216','Wiston Cañada Ochoa',1,''),(577,'2011-06-04 07:43:13',3,55,'42','Zacaton',1,''),(578,'2011-06-04 08:04:35',4,58,'217','Fanor Perez Perez',1,''),(579,'2011-06-04 08:05:44',3,58,'218','Rodolfo Soriano',1,''),(580,'2011-06-04 08:17:40',3,58,'219','Ruperto Mondragon',1,''),(581,'2011-06-04 08:18:37',4,58,'220','José Alfredo Aguilar Morán',1,''),(582,'2011-06-04 08:30:03',3,58,'221','Olga Maria Mondragon',1,''),(583,'2011-06-04 08:35:09',4,58,'222','José Antonio Sánchez Paíz',1,''),(584,'2011-06-04 08:39:10',3,58,'223','Asuncion Betancaurth ',1,''),(585,'2011-06-04 08:46:06',4,58,'224','Hipolita Sánchez Martínez',1,''),(586,'2011-06-04 08:51:07',3,58,'225','Maria de los Angeles Soriano',1,''),(587,'2011-06-04 08:58:57',4,58,'226','Fusto Eduardo Sánchez',1,''),(588,'2011-06-04 09:03:08',3,58,'227','Humberto Soriano Laínez',1,''),(589,'2011-06-04 09:10:00',4,58,'228','Marcos Gonzales Ochoa',1,''),(590,'2011-06-04 09:13:44',3,58,'229','Mireya Ramona Mondragon López',1,''),(591,'2011-06-04 09:20:28',3,58,'230','Erlin José Espinal',1,''),(592,'2011-06-04 09:22:51',4,58,'231','José Miguel Real Matamoros',1,''),(593,'2011-06-04 09:30:28',3,58,'232','Rodolfo Muñoz Escalante',1,''),(594,'2011-06-04 12:31:09',3,58,'233','Lucinda Casco',1,''),(595,'2011-06-04 12:32:13',4,58,'234','Israel Castro Gonzales',1,''),(596,'2011-06-04 12:32:14',3,55,'43','La Montaña',1,''),(597,'2011-06-04 12:33:28',4,56,'24','Manuel Rivera',1,''),(598,'2011-06-04 12:45:20',3,58,'235','Bayardo López Izaguirre',1,''),(599,'2011-06-04 12:46:59',4,58,'236','Carlos Castro Rocha',1,''),(600,'2011-06-04 12:54:24',3,58,'237','Bismark Martínez Escalante',1,''),(601,'2011-06-04 13:07:05',4,58,'238','Victorino Marcial Manzanares Aguinaga',1,''),(602,'2011-06-04 13:07:44',3,58,'239','Mariluz Arce Agular',1,''),(603,'2011-06-04 13:19:13',3,58,'240','Andrea Reyes Garache',1,''),(604,'2011-06-04 13:27:22',4,58,'241','Francisco Bermudez',1,''),(605,'2011-06-04 13:31:18',3,58,'242','Marlene Ponce Lainez',1,''),(606,'2011-06-04 13:32:20',3,55,'44','Las Pozas',1,''),(607,'2011-06-04 13:42:30',3,58,'243','Buena Bentura Tercero',1,''),(608,'2011-06-04 13:48:15',4,58,'244','Carlos Ramón Díaz Castro',1,''),(609,'2011-06-04 13:52:12',3,58,'245','Lino Calix',1,''),(610,'2011-06-04 14:02:11',4,58,'246','Francisco Espinoza',1,''),(611,'2011-06-04 14:04:39',3,58,'247','Manuel Martínez',1,''),(612,'2011-06-04 14:14:44',3,58,'248','Ramon Moreno Ochoa',1,''),(613,'2011-06-04 14:16:22',4,58,'249','Juaquin López Arauz',1,''),(614,'2011-06-04 14:22:52',2,58,'250','Flora Hernanez',1,''),(615,'2011-06-04 14:24:32',3,58,'251','Ramon Martínez Espinal',1,''),(616,'2011-06-04 14:32:17',3,58,'252','Wilmer Mondragon',1,''),(617,'2011-06-04 14:38:27',3,58,'253','Ayda Luz Alvarez Sánchez',1,''),(618,'2011-06-04 14:39:54',2,58,'254','Silvio Lionel Davila Picado',1,''),(619,'2011-06-04 14:41:16',2,58,'255','Reyna Isabel Barrera',1,''),(620,'2011-06-04 14:43:30',4,58,'256','Maria de los Angeles Gonzalez Mendoza',1,''),(621,'2011-06-04 14:46:11',3,58,'257','Eneida Pineda Aguilar',1,''),(622,'2011-06-04 14:47:53',3,55,'45','Peri Urbano',1,''),(623,'2011-06-04 14:57:35',3,58,'258','Leonso Oviedo',1,''),(624,'2011-06-04 14:57:53',4,58,'259','Rufino González',1,''),(625,'2011-06-04 15:02:30',2,58,'255','Reyna Isabel Barrera',2,'Añadido/a \"Composicion object\" composicion. Añadido/a \"Descripcion object\" descripcion. Añadido/a \"Descripcion object\" descripcion. Añadido/a \"Descripcion object\" descripcion. Añadido/a \"Escolaridad object\" escolaridad. Añadido/a \"Inmigracion object\" inmigracion. Añadido/a \"AccesoEscuela object\" acceso escuela. Añadido/a \"AccesoEscuela object\" acceso escuela. Añadido/a \"RazonesNoEstudia object\" razones no estudia. Añadido/a \"Agua object\" agua. Añadido/a \"Propiedad object\" propiedad. Añadido/a \"CultivosPeriodos object\" cultivos periodos. Añadido/a \"CultivosPeriodos object\" cultivos periodos. Añadido/a \"CultivosPermanentes object\" cultivos permanentes. Añadido/a \"ConsumoDiario object\" consumo diario. Añadido/a \"PrincipalLimitacion object\" principal limitacion. Añadido/a \"PatioCultivada object\" patio cultivada. Añadido/a \"Arboles object\" arboles. Añadido/a \"GanadoMayor object\" ganado mayor. Añadido/a \"GanadoMayor object\" ganado mayor. Añadido/a \"GanadoMayor object\" ganado mayor. Añadido/a \"GanadoMayor object\" ganado mayor. Añadido/a \"GanadoMayor object\" ganado mayor. Añadido/a \"GanadoMayor object\" ganado mayor. Añadido/a \"PrincipalesFuentes object\" principales fuentes. Añadido/a \"CultivosIPeriodos object\" cultivos i periodos. Añadido/a \"CultivosIPeriodos object\" cultivos i periodos. Añadido/a \"IngresoGanado object\" ingreso ganado. Añadido/a \"IngresoGanado object\" ingreso ganado. Añadido/a \"IngresoGanado object\" ingreso ganado. Añadido/a \"IngresoGanado object\" ingreso ganado. Añadido/a \"Lactios object\" lactios. Añadido/a \"OtrosIngresos object\" otros ingresos. Añadido/a \"OtrosIngresos object\" otros ingresos. Añadido/a \"PrincipalForma object\" principal forma. Añadido/a \"VendeProducto object\" vende producto. Añadido/a \"VendeProducto object\" vende producto. Añadido/a \"VendeProducto object\" vende producto. Añadido/a \"VendeProducto object\" vende producto. Añadido/a \"Riego object\" riego. Añadido/a \"AreaProtegida object\" area protegida. Añadido/a \"UsoTecnologia object\" uso tecnologia. Añadido/a \"UsoTecnologia object\" uso tecnologia. Añadido/a \"UsoTecnologia object\" uso tecnologia. Añadido/a \"UsoTecnologia object\" uso tecnologia. Añadido/a \"Semilla object\" semilla. Añadido/a \"Diversidad object\" diversidad. Añadido/a \"Diversidad object\" diversidad. Añadido/a \"Diversidad object\" diversidad. Añadido/a \"Diversidad object\" diversidad. Añadido/a \"Diversidad object\" diversidad. Añadido/a \"Diversidad object\" diversidad. Añadido/a \"Crisis object\" crisis. Añadido/a \"AccesoCredito object\" acceso credito. Añadido/a \"Participacion object\" participacion. Añadido/a \"Participacion object\" participacion. Añadido/a \"ParticipacionCPC object\" participacion cpc. Añadido/a \"ParticipacionCPC object\" participacion cpc. Añadido/a \"Frecuencia object\" frecuencia. Añadido/a \"Frecuencia object\" frecuencia. Añadido/a \"Genero object\" genero. Añadido/a \"Genero object\" genero. Añadido/a \"Genero object\" genero. Añadido/a \"Genero object\" genero. Añadido/a \"Genero object\" genero. Añadido/a \"Genero object\" genero. Añadido/a \"TomaDecicion object\" toma decicion. Añadido/a \"TomaDecicion object\" toma decicion. Añadido/a \"TomaDecicion object\" toma decicion.'),(626,'2011-06-04 15:07:29',3,58,'260','Rufina del Carmen Betancourth',1,''),(627,'2011-06-04 15:17:44',4,58,'261','Alba Luz Sevilla Alvarado',1,''),(628,'2011-06-04 15:19:05',3,58,'262','Nerling Gaspar Rodríguez',1,''),(629,'2011-06-04 15:29:14',3,58,'263','Reyna Isabel Oseda Mondragon',1,''),(630,'2011-06-04 15:34:10',2,58,'264','Maria Isabel Hernandez',1,''),(631,'2011-06-04 15:35:24',4,58,'265','Juan Ramón González Grando',1,''),(632,'2011-06-04 15:38:04',3,58,'266','Maria Elena Sánchez Erazo',1,''),(633,'2011-06-04 15:48:30',3,58,'267','Martha Maradiaga Rivera',1,''),(634,'2011-06-04 15:50:07',4,58,'268','Julio López Perez',1,''),(635,'2011-06-04 15:52:38',2,58,'269','Juana Lidia Davila Picado',1,''),(636,'2011-06-04 16:06:44',3,58,'270','Maria Cecilia Sánchez',1,''),(637,'2011-06-04 16:10:42',4,58,'271','Miguel Angel Altamirano Picado',1,''),(638,'2011-06-04 16:11:23',2,58,'272','Maria Emilia Escorcia Hernandez',1,''),(639,'2011-06-04 16:16:23',3,58,'273','Miriam del Socorro Sánchez',1,''),(640,'2011-06-04 16:27:09',3,58,'274','Ana Dilia Montoya Oviedo',1,''),(641,'2011-06-04 16:27:11',2,58,'275','Juan Martinez',1,''),(642,'2011-06-04 16:32:46',4,58,'276','Enrrique Picado',1,''),(643,'2011-06-04 16:35:45',3,58,'277','Candida Herrera Ordoñes',1,''),(644,'2011-06-04 16:46:26',2,58,'278','Santos Isabel Figueroa Rivera',1,''),(645,'2011-06-04 16:46:27',3,58,'279','Lorena del Carmen Vásquez',1,''),(646,'2011-06-04 16:47:26',4,58,'280','Benjamin Herrera',1,''),(647,'2011-06-04 16:54:59',3,58,'281','Martha Lizeth Espinoza Aguilera',1,''),(648,'2011-06-04 16:59:29',4,58,'282','Harvy Rodriguez Castro',1,''),(649,'2011-06-04 17:01:28',2,58,'283','Hector Antonio Centeno morales',1,''),(650,'2011-06-04 17:02:00',3,58,'284','Bertha Lidia Maradiaga',1,''),(651,'2011-06-04 17:15:33',4,58,'285','Pascula  Castro Garcia',1,''),(652,'2011-06-05 07:33:25',4,58,'286','Javier Adrian Blandón',1,''),(653,'2011-06-05 07:44:51',3,58,'287','Martha Mirian Rodríguez',1,''),(654,'2011-06-05 07:45:47',3,55,'46','Loma de Piedra',1,''),(655,'2011-06-05 07:53:59',4,58,'288','Juan Francisco Guido Rizo',1,''),(656,'2011-06-05 08:01:04',3,58,'289','Alejandro Rivas Briceño',1,''),(657,'2011-06-05 08:13:54',3,58,'290','Darwin Briceño Soriano',1,''),(658,'2011-06-05 08:13:58',4,58,'291','Jorge A. Mairena Hernández',1,''),(659,'2011-06-05 08:14:56',3,55,'47','El Zamorano',1,''),(660,'2011-06-05 08:15:55',4,56,'25','Lilliana Rubio',1,''),(661,'2011-06-05 08:19:17',2,58,'292','Leandra Ramona Mendoza Martinez',1,''),(662,'2011-06-05 08:30:06',3,58,'293','Arnoldo Baquedano Espinales',1,''),(663,'2011-06-05 08:33:05',4,58,'294','Francisca Carrasco Tercero',1,''),(664,'2011-06-05 08:41:11',3,58,'295','José Maria Sánchez',1,''),(665,'2011-06-05 08:46:52',4,58,'296','Sonia Matute Espinoza',1,''),(666,'2011-06-05 08:46:57',2,58,'297','Ivania Vanega Lopez',1,''),(667,'2011-06-05 09:04:02',4,58,'298','Ines Antonio Garcia Castillo',1,''),(668,'2011-06-05 09:11:08',3,58,'299','Israel Garcia López',1,''),(669,'2011-06-05 09:12:38',2,58,'300','Santos Sixto Zamora Teriero',1,''),(670,'2011-06-05 09:27:48',3,58,'301','Mario de Jesus González Montenegro',1,''),(671,'2011-06-05 09:40:48',4,58,'302','Calixta Calderón Calderon',1,''),(672,'2011-06-05 09:41:42',3,58,'303','Flora Peralta Tobargo',1,''),(673,'2011-06-05 09:57:54',3,58,'304','Cristobal fFederico García',1,''),(674,'2011-06-05 10:00:41',2,58,'305','Juana Rosa Valle Laos',1,''),(675,'2011-06-05 10:02:43',4,58,'306','Maria del Carmen González Garcia',1,''),(676,'2011-06-05 10:04:53',4,56,'26','Wilmer Olivas',1,''),(677,'2011-06-05 10:12:34',3,58,'307','Manuel García',1,''),(678,'2011-06-05 10:18:29',2,58,'308','Juan Ramon Castro',1,''),(679,'2011-06-05 10:21:28',4,58,'309','Aurora Delfina González Gutierrez',1,''),(680,'2011-06-05 10:25:34',3,58,'310','Enma Granado Hernández',1,''),(681,'2011-06-05 10:30:31',2,58,'311','Francisco Zamora',1,''),(682,'2011-06-05 10:35:47',4,58,'312','Leonardo López Martinez',1,''),(683,'2011-06-05 10:40:57',2,58,'313','Melba Hurtado',1,''),(684,'2011-06-05 10:41:07',3,58,'314','Noel Rodríguez Chavarria',1,''),(685,'2011-06-05 10:59:03',3,58,'315','Yadira del Carmen Truin Soto',1,''),(686,'2011-06-05 10:59:36',4,58,'316','Marcelino Garcia Alfaro',1,''),(687,'2011-06-05 11:00:50',2,58,'317','Francisco Molinares Salgado',1,''),(688,'2011-06-05 11:11:25',2,58,'318','Marvin Martinez',1,''),(689,'2011-06-05 11:15:44',3,58,'319','Martin Rayo Chavarria',1,''),(690,'2011-06-05 11:16:49',4,58,'320','Maria Esther Ruíz Garcia ',1,''),(691,'2011-06-05 11:17:13',4,58,'321','Maria Esther Ruíz Garcia ',1,''),(692,'2011-06-05 11:26:12',2,58,'322','Jeaneth Kuant centeno',1,''),(693,'2011-06-05 11:37:48',3,58,'323','Bonifacio Garcia',1,''),(694,'2011-06-05 11:47:06',4,58,'324','Juana Francisca Gutierrez Matay',1,''),(695,'2011-06-05 11:52:15',3,58,'325','Maria Magdalena Luna Martínez',1,''),(696,'2011-06-05 11:52:18',4,55,'48','Las Marias',1,''),(697,'2011-06-05 11:53:11',4,56,'27','Josué Herrera',1,''),(698,'2011-06-05 12:05:14',3,58,'326','Juana Hernández Chavarria',1,''),(699,'2011-06-05 12:16:48',4,58,'327','Ciriaco Muñoz',1,''),(700,'2011-06-05 12:17:40',3,58,'328','Isidio Martínez Luna',1,''),(701,'2011-06-05 12:21:41',2,58,'329','Genaro Sanchez Flores',1,''),(702,'2011-06-05 12:28:47',3,58,'330','Miguel Angel Aguirre B.',1,''),(703,'2011-06-05 12:41:23',2,58,'331','Maribel Castro Herrera',1,''),(704,'2011-06-05 19:47:47',2,58,'332','Ernesto Pineda Matamoros',1,''),(705,'2011-06-05 19:59:41',2,58,'333','Eliseo Gonzalez Elhter',1,''),(706,'2011-06-05 20:31:51',2,58,'333','Eliseo Gonzalez Elhter',2,'Añadido/a \"Tierra object\" tierra. Añadido/a \"Tierra object\" tierra. Añadido/a \"Propiedad object\" propiedad. Añadido/a \"CultivosPeriodos object\" cultivos periodos. Añadido/a \"CultivosPeriodos object\" cultivos periodos. Añadido/a \"CultivosPermanentes object\" cultivos permanentes. Añadido/a \"CultivosPermanentes object\" cultivos permanentes. Añadido/a \"ConsumoDiario object\" consumo diario. Añadido/a \"PrincipalLimitacion object\" principal limitacion. Añadido/a \"PatioCultivada object\" patio cultivada. Añadido/a \"Arboles object\" arboles. Añadido/a \"GanadoMayor object\" ganado mayor. Añadido/a \"GanadoMayor object\" ganado mayor. Añadido/a \"PrincipalesFuentes object\" principales fuentes. Añadido/a \"CultivosIPeriodos object\" cultivos i periodos. Añadido/a \"CultivosIPermanentes object\" cultivos i permanentes. Añadido/a \"OtrosIngresos object\" otros ingresos. Añadido/a \"PrincipalForma object\" principal forma. Añadido/a \"VendeProducto object\" vende producto. Añadido/a \"VendeProducto object\" vende producto. Añadido/a \"Riego object\" riego. Añadido/a \"AreaProtegida object\" area protegida. Añadido/a \"UsoTecnologia object\" uso tecnologia. Añadido/a \"UsoTecnologia object\" uso tecnologia. Añadido/a \"UsoTecnologia object\" uso tecnologia. Añadido/a \"UsoTecnologia object\" uso tecnologia. Añadido/a \"Semilla object\" semilla. Añadido/a \"Diversidad object\" diversidad. Añadido/a \"Diversidad object\" diversidad. Añadido/a \"Diversidad object\" diversidad. Añadido/a \"Diversidad object\" diversidad. Añadido/a \"Diversidad object\" diversidad. Añadido/a \"Diversidad object\" diversidad. Añadido/a \"Crisis object\" crisis. Añadido/a \"AccesoCredito object\" acceso credito. Añadido/a \"Participacion object\" participacion. Añadido/a \"Participacion object\" participacion. Añadido/a \"ParticipacionCPC object\" participacion cpc. Añadido/a \"ParticipacionCPC object\" participacion cpc. Añadido/a \"Frecuencia object\" frecuencia. Añadido/a \"Frecuencia object\" frecuencia. Añadido/a \"Genero object\" genero. Añadido/a \"Genero object\" genero. Añadido/a \"Genero object\" genero. Añadido/a \"Genero object\" genero. Añadido/a \"Genero object\" genero. Añadido/a \"Genero object\" genero. Añadido/a \"TomaDecicion object\" toma decicion. Añadido/a \"TomaDecicion object\" toma decicion. Añadido/a \"TomaDecicion object\" toma decicion.'),(707,'2011-06-05 20:47:11',2,58,'334','Apolinar Gonzalez Ochoa',1,''),(708,'2011-06-05 21:00:23',2,58,'335','Jamilet Castro ordoñez',1,''),(709,'2011-06-05 21:01:52',2,58,'334','Apolinar Gonzalez Ochoa',2,'Añadido/a \"AreaProtegida object\" area protegida. Modificados cantidad para \"AreaProtegida object\" area protegida.'),(710,'2011-06-05 21:12:23',2,58,'336','Wilfredo Chavarria Rodriguez',1,''),(711,'2011-06-05 21:26:31',2,58,'337','Carmen Vanessa Zeledon Rivera',1,''),(712,'2011-06-05 21:40:37',2,58,'338','Ciriaco Rodriguez Martinez',1,''),(713,'2011-06-05 21:43:25',2,58,'338','Ciriaco Rodriguez Martinez',2,'No ha cambiado ningún campo.'),(714,'2011-06-05 21:58:09',2,58,'339','Laura Calero',1,''),(715,'2011-06-06 07:26:46',4,58,'340','Lilliam López González',1,''),(716,'2011-06-06 07:38:56',4,58,'341','Maria Leonarda Dávila González',1,''),(717,'2011-06-06 07:50:48',4,58,'342','Fernando Muñoz Gómez',1,''),(718,'2011-06-06 07:53:59',3,58,'343','Margarita López Blandón',1,''),(719,'2011-06-06 17:13:35',3,58,'344','Wilfredo Chavarria Blaucher',1,''),(720,'2011-06-06 17:24:06',2,58,'345','Gery Jack Hurtado Castro',1,''),(721,'2011-06-06 17:24:59',3,58,'346','Felipe Flores Zeas',1,''),(722,'2011-06-06 17:37:36',3,58,'347','Alvaro Castro Herrera',1,''),(723,'2011-06-06 17:44:07',2,58,'348','Alejandro zamora',1,''),(724,'2011-06-06 17:49:54',2,58,'349','Felipa Lopez Soza',1,''),(725,'2011-06-06 17:50:12',3,58,'350','Sixta Mendoza Blanhes',1,''),(726,'2011-06-06 17:53:40',3,55,'49','La Concepción',1,''),(727,'2011-06-06 17:55:08',3,56,'28','Nolan Olivas',1,''),(728,'2011-06-06 18:05:15',2,58,'349','Felipa Lopez Soza',2,'Añadido/a \"ConsumoDiario object\" consumo diario. Añadido/a \"PrincipalLimitacion object\" principal limitacion. Añadido/a \"PatioCultivada object\" patio cultivada. Añadido/a \"Arboles object\" arboles. Añadido/a \"GanadoMayor object\" ganado mayor. Añadido/a \"GanadoMayor object\" ganado mayor. Añadido/a \"GanadoMayor object\" ganado mayor. Añadido/a \"GanadoMayor object\" ganado mayor. Añadido/a \"GanadoMayor object\" ganado mayor. Añadido/a \"PrincipalesFuentes object\" principales fuentes. Añadido/a \"CultivosIPeriodos object\" cultivos i periodos. Añadido/a \"CultivosIPeriodos object\" cultivos i periodos. Añadido/a \"IngresoGanado object\" ingreso ganado. Añadido/a \"IngresoGanado object\" ingreso ganado. Añadido/a \"Lactios object\" lactios. Añadido/a \"PrincipalForma object\" principal forma. Añadido/a \"VendeProducto object\" vende producto. Añadido/a \"VendeProducto object\" vende producto. Añadido/a \"VendeProducto object\" vende producto. Añadido/a \"VendeProducto object\" vende producto. Añadido/a \"VendeProducto object\" vende producto. Añadido/a \"VendeProducto object\" vende producto. Añadido/a \"UsoTecnologia object\" uso tecnologia. Añadido/a \"UsoTecnologia object\" uso tecnologia. Añadido/a \"UsoTecnologia object\" uso tecnologia. Añadido/a \"UsoTecnologia object\" uso tecnologia. Añadido/a \"Semilla object\" semilla. Añadido/a \"Diversidad object\" diversidad. Añadido/a \"Diversidad object\" diversidad. Añadido/a \"Diversidad object\" diversidad. Añadido/a \"Diversidad object\" diversidad. Añadido/a \"Diversidad object\" diversidad. Añadido/a \"Diversidad object\" diversidad. Añadido/a \"Diversidad object\" diversidad. Añadido/a \"Diversidad object\" diversidad. Añadido/a \"Diversidad object\" diversidad. Añadido/a \"Diversidad object\" diversidad. Añadido/a \"Diversidad object\" diversidad. Añadido/a \"Diversidad object\" diversidad. Añadido/a \"Diversidad object\" diversidad.'),(729,'2011-06-06 18:07:52',3,58,'351','Lilliam Reyes González',1,''),(730,'2011-06-06 20:25:36',2,58,'349','Felipa Lopez Soza',2,'Añadido/a \"Crisis object\" crisis. Añadido/a \"AccesoCredito object\" acceso credito. Añadido/a \"Participacion object\" participacion. Añadido/a \"Participacion object\" participacion. Añadido/a \"Frecuencia object\" frecuencia. Añadido/a \"Frecuencia object\" frecuencia. Añadido/a \"Genero object\" genero. Añadido/a \"Genero object\" genero. Añadido/a \"Genero object\" genero. Añadido/a \"Genero object\" genero. Añadido/a \"Genero object\" genero. Añadido/a \"Genero object\" genero. Añadido/a \"TomaDecicion object\" toma decicion. Añadido/a \"TomaDecicion object\" toma decicion. Añadido/a \"TomaDecicion object\" toma decicion. Añadido/a \"TomaDecicion object\" toma decicion. Añadido/a \"TomaDecicion object\" toma decicion. Añadido/a \"TomaDecicion object\" toma decicion.'),(731,'2011-06-06 20:39:16',2,58,'352','Lesther thomas Gutierrez Kuant',1,''),(732,'2011-06-06 21:05:39',2,58,'353','Gladys Del Socorro Arauz Otero',1,''),(733,'2011-06-06 21:20:02',2,58,'354','Martha Lorena Altamirano Picado',1,''),(734,'2011-06-06 21:33:46',2,58,'355','Dora Lopez Paez',1,''),(735,'2011-06-06 21:35:27',2,56,'29','Elias Antonio Cruz centeno',1,''),(736,'2011-06-06 21:46:37',2,58,'356','Francisco centeno Hernandez',1,''),(737,'2011-06-06 21:57:22',2,58,'357','Jose Alfredo centeno Hernandez',1,''),(738,'2011-06-06 22:08:09',2,58,'358','Lucas Dormuz Potoy',1,''),(739,'2011-06-07 08:34:26',2,58,'358','Lucas Dormuz Potoy',2,'No ha cambiado ningún campo.'),(740,'2011-06-07 17:03:34',3,55,'50','El Jocote',1,''),(741,'2011-06-07 17:17:57',3,58,'359','Santos Danelia López González',1,''),(742,'2011-06-07 17:29:42',3,58,'360','Lidia del Carmen López Vallecillo',1,''),(743,'2011-06-07 17:31:02',3,56,'30','Nelson Martínez',1,''),(744,'2011-06-07 17:42:44',3,58,'361','Kenia Maria López Prado',1,''),(745,'2011-06-07 17:56:26',3,58,'362','Gregorio Martínez López',1,''),(746,'2011-06-07 18:09:47',3,58,'363','Damaris Lilliana Glez López',1,''),(747,'2011-06-08 17:06:32',3,58,'364','Juan Alberto Florian Vallecillo',1,''),(748,'2011-06-08 17:18:35',4,58,'365','Paulina Aguilar López',1,''),(749,'2011-06-08 17:20:49',3,58,'366','Carmen Evangelina González Florián',1,''),(750,'2011-06-08 17:34:24',3,58,'367','Maria Teresa Florián Vallecillo',1,''),(751,'2011-06-08 17:45:03',4,58,'368','Valeria López Davila',1,''),(752,'2011-06-08 17:50:07',3,58,'369','Wilmer Antonio Pérez Prado',1,''),(753,'2011-06-08 18:04:27',3,58,'370','Cándida Rosa Alvarado González',1,''),(754,'2011-06-08 18:31:24',4,58,'371','Josefina Gonzáles Muñoz',1,''),(755,'2011-06-08 20:55:13',2,58,'372','Joel Gutierrez',1,''),(756,'2011-06-08 21:12:14',2,58,'373','Mayra Castro Perez',1,''),(757,'2011-06-08 21:26:06',2,58,'374','Crecencio Castro Garcia',1,''),(758,'2011-06-08 21:36:42',2,58,'375','Santos Díaz Garcia',1,''),(759,'2011-06-08 21:48:51',2,58,'376','Emilio Hernandez Aguirre',1,''),(760,'2011-06-08 22:03:21',2,58,'377','Domingo Arauz Hernandez',1,''),(761,'2011-06-08 22:20:07',2,58,'378','Esperanza Melendez',1,''),(762,'2011-06-08 22:37:21',2,58,'379','Mayra Ortega Elsther',1,''),(763,'2011-06-08 22:49:28',2,58,'380','Pedro Rayo Leiva',1,''),(764,'2011-06-08 23:11:38',2,58,'381','Marlene Rogriguez',1,''),(765,'2011-06-08 23:23:35',2,58,'382','Benito Escoto Moreno',1,''),(766,'2011-06-08 23:34:19',2,58,'383','Cristino Salomon Gonzalez Rodriguez',1,''),(767,'2011-06-08 23:44:13',2,58,'384','Zacaria Morgonto',1,''),(768,'2011-06-08 23:53:31',2,58,'385','Antonia Rivera',1,''),(769,'2011-06-09 00:03:57',2,58,'386','Raul Sevilla Altamirano',1,''),(770,'2011-06-09 07:10:40',4,58,'387','Martha Flora López',1,''),(771,'2011-06-09 07:23:52',4,58,'388','Juan Antonio Pineda',1,''),(772,'2011-06-09 07:39:14',4,58,'389','Silvestre Dávila López',1,''),(773,'2011-06-09 07:54:02',4,58,'390','Irrielda González Dávila',1,''),(774,'2011-06-09 15:48:11',2,58,'391','Guillermo A Hernandez',1,''),(775,'2011-06-09 17:16:02',4,58,'392','Mariano Dávila López',1,''),(776,'2011-06-09 17:35:28',4,58,'393','Maria Salomé Garcia P',1,''),(777,'2011-06-09 17:50:41',4,58,'394','Ana Rosa Córdoba Herrera',1,''),(778,'2011-06-09 21:12:59',2,58,'395','Antonia Guillen',1,''),(779,'2011-06-09 21:22:54',2,58,'396','Hilder Martinez',1,''),(780,'2011-06-09 21:39:02',2,58,'397','Concepción Gonzalez Ochoa',1,''),(781,'2011-06-09 21:49:06',2,58,'398','Marvin Antonio Sevilla Lopez',1,''),(782,'2011-06-09 22:04:20',2,58,'399','Guadalupe Cruz Mairena',1,''),(783,'2011-06-09 22:19:21',2,58,'400','Daniel Escorcia Martinez',1,''),(784,'2011-06-09 22:24:10',2,58,'401','Pablo A Rogdriguez',1,''),(785,'2011-06-09 22:35:12',2,58,'401','Pablo A Rogdriguez',2,'Añadido/a \"Agua object\" agua. Añadido/a \"Tierra object\" tierra. Añadido/a \"Tierra object\" tierra. Añadido/a \"Propiedad object\" propiedad. Añadido/a \"CultivosPeriodos object\" cultivos periodos. Añadido/a \"CultivosPeriodos object\" cultivos periodos. Añadido/a \"CultivosPermanentes object\" cultivos permanentes. Añadido/a \"ConsumoDiario object\" consumo diario. Añadido/a \"PrincipalLimitacion object\" principal limitacion. Añadido/a \"PatioCultivada object\" patio cultivada. Añadido/a \"Arboles object\" arboles. Añadido/a \"GanadoMayor object\" ganado mayor. Añadido/a \"GanadoMayor object\" ganado mayor. Añadido/a \"GanadoMayor object\" ganado mayor. Añadido/a \"GanadoMayor object\" ganado mayor. Añadido/a \"GanadoMayor object\" ganado mayor. Añadido/a \"PrincipalesFuentes object\" principales fuentes. Añadido/a \"CultivosIPeriodos object\" cultivos i periodos. Añadido/a \"CultivosIPeriodos object\" cultivos i periodos. Añadido/a \"CultivosIPermanentes object\" cultivos i permanentes. Añadido/a \"IngresoGanado object\" ingreso ganado. Añadido/a \"IngresoGanado object\" ingreso ganado. Añadido/a \"PrincipalForma object\" principal forma. Añadido/a \"VendeProducto object\" vende producto. Añadido/a \"VendeProducto object\" vende producto. Añadido/a \"VendeProducto object\" vende producto. Añadido/a \"Riego object\" riego. Añadido/a \"AreaProtegida object\" area protegida. Añadido/a \"UsoTecnologia object\" uso tecnologia. Añadido/a \"UsoTecnologia object\" uso tecnologia. Añadido/a \"Semilla object\" semilla. Añadido/a \"Diversidad object\" diversidad. Añadido/a \"Diversidad object\" diversidad. Añadido/a \"Diversidad object\" diversidad. Añadido/a \"Diversidad object\" diversidad. Añadido/a \"Diversidad object\" diversidad. Añadido/a \"Diversidad object\" diversidad. Añadido/a \"Diversidad object\" diversidad. Añadido/a \"Diversidad object\" diversidad. Añadido/a \"Crisis object\" crisis. Añadido/a \"AccesoCredito object\" acceso credito. Añadido/a \"Participacion object\" participacion. Añadido/a \"Participacion object\" participacion. Añadido/a \"ParticipacionCPC object\" participacion cpc. Añadido/a \"Frecuencia object\" frecuencia. Añadido/a \"Genero object\" genero. Añadido/a \"Genero object\" genero. Añadido/a \"Genero object\" genero. Añadido/a \"Genero object\" genero. Añadido/a \"Genero object\" genero. Añadido/a \"TomaDecicion object\" toma decicion. Añadido/a \"TomaDecicion object\" toma decicion. Añadido/a \"TomaDecicion object\" toma decicion. Añadido/a \"TomaDecicion object\" toma decicion. Añadido/a \"TomaDecicion object\" toma decicion. Añadido/a \"TomaDecicion object\" toma decicion.'),(786,'2011-06-09 22:49:49',2,58,'402','Douglas Lopez Montenegro',1,''),(787,'2011-06-09 22:59:20',2,58,'403','Victorino Montenegro Rodriguez',1,''),(788,'2011-06-10 07:24:55',4,58,'404','Miltón Ariel Poveda ',1,''),(789,'2011-06-10 07:38:25',4,58,'405','Suyapa del Rosario Garcia ',1,''),(790,'2011-06-10 08:00:42',4,58,'406','Rosa Maria Córdoba González',1,''),(791,'2011-06-10 08:03:49',3,58,'407','Imelda de Jesús López López',1,''),(792,'2011-06-10 13:56:11',3,58,'408','Manuel Antonio López González',1,''),(793,'2011-06-10 14:08:35',3,58,'409','Francisco López Vallecillo',1,''),(794,'2011-06-10 14:10:37',4,58,'410','Miguelina Muñoz Talavera ',1,''),(795,'2011-06-10 14:13:51',2,58,'411','Wilmer Zamora',1,''),(796,'2011-06-10 14:20:21',3,58,'412','Maritza Zeneyda González',1,''),(797,'2011-06-10 14:30:48',4,58,'413','Pablo José Pineda Espino',1,''),(798,'2011-06-10 14:33:57',3,58,'414','Olga Maria López Pineda',1,''),(799,'2011-06-10 14:35:32',2,58,'415','Genara Flores Hernandez',1,''),(800,'2011-06-10 14:35:36',3,55,'51','Sawaska',1,''),(801,'2011-06-10 14:45:52',4,58,'416','Yanina del Socorro Andón Olivas',1,''),(802,'2011-06-10 14:53:00',3,58,'417','Pedro José Vallecillo Martínez',1,''),(803,'2011-06-10 14:59:03',2,58,'418','Rogelio Espinoza',1,''),(804,'2011-06-10 15:06:15',4,58,'419','Carlos Alberto González Garcia',1,''),(805,'2011-06-10 15:07:33',3,58,'420','Pedro Pablo Vallecillo González',1,''),(806,'2011-06-10 15:20:26',3,58,'421','José Alejandro Vallecillo Olivas',1,''),(807,'2011-06-10 15:24:55',4,58,'422','Sandra Espinoza Córdoba ',1,''),(808,'2011-06-10 15:28:34',2,58,'423','Sandra Elena Ochoa T',1,''),(809,'2011-06-10 15:34:09',3,58,'424','Justo Elias Martínez García',1,''),(810,'2011-06-10 15:41:44',4,58,'425','Mónico Antonio Córdoba.',1,''),(811,'2011-06-10 15:46:58',3,58,'426','José Gabriel Vallecillo ',1,''),(812,'2011-06-10 15:48:36',2,58,'427','Abel Martinez Mendoza',1,''),(813,'2011-06-10 16:02:54',3,58,'428','Rafaela del Carmen Vallecillo Pérez',1,''),(814,'2011-06-10 16:07:25',4,58,'429','Elia Maria Córdoba Garcia',1,''),(815,'2011-06-10 16:12:23',2,58,'430','Juan Pablo Rayo Torrez',1,''),(816,'2011-06-10 16:15:07',3,58,'431','Gregoria de Jesus Vallecillo',1,''),(817,'2011-06-10 16:22:59',4,58,'432','Cleotilde Soto Vargas',1,''),(818,'2011-06-10 16:26:53',3,58,'433','Ignacio de Loyola Vallecillo Pérez',1,''),(819,'2011-06-10 16:31:02',2,58,'434','Elias Zeledon Roa',1,''),(820,'2011-06-10 16:36:31',3,58,'433','Ignacio de Loyola Vallecillo Pérez',2,'Añadido/a \"Diversidad object\" diversidad. Añadido/a \"Diversidad object\" diversidad. Añadido/a \"Diversidad object\" diversidad. Añadido/a \"Diversidad object\" diversidad. Añadido/a \"Diversidad object\" diversidad. Añadido/a \"Diversidad object\" diversidad. Añadido/a \"Crisis object\" crisis. Añadido/a \"AccesoCredito object\" acceso credito. Añadido/a \"Participacion object\" participacion. Añadido/a \"Participacion object\" participacion. Añadido/a \"ParticipacionCPC object\" participacion cpc. Añadido/a \"Frecuencia object\" frecuencia. Añadido/a \"Frecuencia object\" frecuencia. Añadido/a \"Genero object\" genero. Añadido/a \"Genero object\" genero. Añadido/a \"Genero object\" genero. Añadido/a \"Genero object\" genero. Añadido/a \"Genero object\" genero. Añadido/a \"TomaDecicion object\" toma decicion. Añadido/a \"TomaDecicion object\" toma decicion. Añadido/a \"TomaDecicion object\" toma decicion. Añadido/a \"TomaDecicion object\" toma decicion. Añadido/a \"TomaDecicion object\" toma decicion. Añadido/a \"TomaDecicion object\" toma decicion.'),(821,'2011-06-10 16:49:33',3,58,'435','Maria Emilia González Muñoz',1,''),(822,'2011-06-10 17:02:15',3,58,'436','José Ramón Olivas López',1,''),(823,'2011-06-10 17:13:20',3,58,'437','Pascual González González',1,''),(824,'2011-06-10 18:29:03',2,58,'438','Juana Aguilar Cruz',1,''),(825,'2011-06-10 19:12:41',2,58,'439','Nolvia Azucena Aguilar orozco',1,''),(826,'2011-06-10 19:27:56',2,58,'440','Juana Aguilar Cruz',1,''),(827,'2011-06-10 19:29:43',2,58,'441','Benito Gonzalez Vanega',1,''),(828,'2011-06-10 19:46:15',2,58,'441','Benito Gonzalez Vanega',2,'Añadido/a \"Composicion object\" composicion. Añadido/a \"Descripcion object\" descripcion. Añadido/a \"Descripcion object\" descripcion. Añadido/a \"Descripcion object\" descripcion. Añadido/a \"Escolaridad object\" escolaridad. Añadido/a \"Inmigracion object\" inmigracion. Añadido/a \"AccesoEscuela object\" acceso escuela. Añadido/a \"Agua object\" agua. Añadido/a \"Tierra object\" tierra. Añadido/a \"Tierra object\" tierra. Añadido/a \"Propiedad object\" propiedad. Añadido/a \"CultivosPeriodos object\" cultivos periodos. Añadido/a \"CultivosPeriodos object\" cultivos periodos. Añadido/a \"CultivosPermanentes object\" cultivos permanentes. Añadido/a \"CultivosPermanentes object\" cultivos permanentes. Añadido/a \"CultivosPermanentes object\" cultivos permanentes. Añadido/a \"CultivosAnuales object\" cultivos anuales. Añadido/a \"CultivosAnuales object\" cultivos anuales. Añadido/a \"ConsumoDiario object\" consumo diario. Añadido/a \"PrincipalLimitacion object\" principal limitacion. Añadido/a \"PatioCultivada object\" patio cultivada. Añadido/a \"Arboles object\" arboles. Añadido/a \"CalidadPatio object\" calidad patio. Añadido/a \"GanadoMayor object\" ganado mayor. Añadido/a \"GanadoMayor object\" ganado mayor. Añadido/a \"GanadoMayor object\" ganado mayor. Añadido/a \"PrincipalesFuentes object\" principales fuentes. Añadido/a \"CultivosIPeriodos object\" cultivos i periodos. Añadido/a \"Lactios object\" lactios. Añadido/a \"PrincipalForma object\" principal forma. Añadido/a \"VendeProducto object\" vende producto. Añadido/a \"VendeProducto object\" vende producto. Añadido/a \"VendeProducto object\" vende producto. Añadido/a \"VendeProducto object\" vende producto. Añadido/a \"Riego object\" riego. Añadido/a \"AreaProtegida object\" area protegida. Añadido/a \"UsoTecnologia object\" uso tecnologia. Añadido/a \"UsoTecnologia object\" uso tecnologia. Añadido/a \"UsoTecnologia object\" uso tecnologia. Añadido/a \"UsoTecnologia object\" uso tecnologia. Añadido/a \"Semilla object\" semilla. Añadido/a \"Diversidad object\" diversidad. Añadido/a \"Diversidad object\" diversidad. Añadido/a \"Diversidad object\" diversidad. Añadido/a \"Diversidad object\" diversidad. Añadido/a \"Diversidad object\" diversidad. Añadido/a \"Diversidad object\" diversidad. Añadido/a \"Diversidad object\" diversidad. Añadido/a \"Crisis object\" crisis. Añadido/a \"AccesoCredito object\" acceso credito. Añadido/a \"Participacion object\" participacion. Añadido/a \"Participacion object\" participacion. Añadido/a \"Frecuencia object\" frecuencia. Añadido/a \"Frecuencia object\" frecuencia. Añadido/a \"Genero object\" genero. Añadido/a \"Genero object\" genero. Añadido/a \"Genero object\" genero. Añadido/a \"Genero object\" genero. Añadido/a \"Genero object\" genero. Añadido/a \"Genero object\" genero. Añadido/a \"TomaDecicion object\" toma decicion. Añadido/a \"TomaDecicion object\" toma decicion. Añadido/a \"TomaDecicion object\" toma decicion. Añadido/a \"TomaDecicion object\" toma decicion. Añadido/a \"TomaDecicion object\" toma decicion. Añadido/a \"TomaDecicion object\" toma decicion.'),(829,'2011-06-11 07:52:12',3,58,'408','Manuel Antonio López González',2,'Modificados otra para \"Arboles object\" arboles.'),(830,'2011-06-11 07:53:34',3,58,'409','Francisco López Vallecillo',2,'Modificados mujer para \"Tierra object\" tierra.'),(831,'2011-06-11 07:55:16',4,55,'52','Aurora Sarantes Cruz',1,''),(832,'2011-06-11 07:55:44',4,55,'52','La Piedra',2,'Modificado/a nombre.'),(833,'2011-06-11 07:56:32',3,58,'414','Olga Maria López Pineda',2,'Añadido/a \"CultivosPeriodos object\" cultivos periodos. Añadido/a \"CultivosPeriodos object\" cultivos periodos. Modificados patio para \"Arboles object\" arboles.'),(834,'2011-06-11 07:57:44',4,56,'31','Celso Cerna',1,''),(835,'2011-06-11 08:06:53',3,58,'417','Pedro José Vallecillo Martínez',2,'Modificados manzana para \"Hortalizas object\" hortalizas. Modificados manzana para \"Hortalizas object\" hortalizas. Modificados manzana para \"Hortalizas object\" hortalizas. Modificados manzana para \"Hortalizas object\" hortalizas. Modificados invierno y verano para \"PatioCultivada object\" patio cultivada.'),(836,'2011-06-11 08:08:00',3,58,'420','Pedro Pablo Vallecillo González',2,'Modificados mujer para \"Tierra object\" tierra.'),(837,'2011-06-11 08:08:42',3,58,'421','José Alejandro Vallecillo Olivas',2,'Modificados mujer para \"Tierra object\" tierra.'),(838,'2011-06-11 08:09:44',3,58,'424','Justo Elias Martínez García',2,'Modificados invierno para \"PatioCultivada object\" patio cultivada.'),(839,'2011-06-11 08:10:41',3,58,'428','Rafaela del Carmen Vallecillo Pérez',2,'Modificados mujer para \"Tierra object\" tierra.'),(840,'2011-06-11 08:12:56',3,58,'433','Ignacio de Loyola Vallecillo Pérez',2,'Modificados manzana para \"CultivosAnuales object\" cultivos anuales. Modificados manzana para \"CultivosAnuales object\" cultivos anuales.'),(841,'2011-06-11 08:18:00',4,58,'442','Aurora Sarantes Cruz',1,''),(842,'2011-06-11 08:23:25',2,58,'439','Nolvia Azucena Aguilar orozco',2,'No ha cambiado ningún campo.'),(843,'2011-06-11 08:23:55',4,55,'53','Susucayan',1,''),(844,'2011-06-11 08:27:41',3,58,'443','Edgar Antonio Udiel Vallecillo',1,''),(845,'2011-06-11 08:40:09',3,58,'444','Asunción del Rosario López Cardenas',1,''),(846,'2011-06-11 09:03:52',3,55,'54','La Plazuela',1,''),(847,'2011-06-11 09:09:12',4,58,'445','Jovania del Socorro Sarantes López',1,''),(848,'2011-06-11 09:10:41',4,55,'55','Sabana Grande',1,''),(849,'2011-06-11 09:15:25',3,58,'446','Francisco Méndez González',1,''),(850,'2011-06-11 09:21:56',2,58,'17','Francisco Torrez Gutierrez',2,'Añadido/a \"Lactios object\" lactios.'),(851,'2011-06-11 09:25:44',4,58,'447','Elda Maria Sarantes López',1,''),(852,'2011-06-11 09:30:25',3,58,'448','Elias Maria Matey Gadea',1,''),(853,'2011-06-11 09:38:23',4,58,'449','Jaciela Nohemi Gutierrez López',1,''),(854,'2011-06-11 09:40:12',4,55,'56','Mina Plata',1,''),(855,'2011-06-11 09:41:23',3,58,'450','Milcen Yunieth Matey Iglesias',1,''),(856,'2011-06-11 09:53:52',4,58,'451','Mayra de Carmen Izaguire Guerrero',1,''),(857,'2011-06-11 09:57:34',3,58,'452','Rosa Argentina Rodríguez',1,''),(858,'2011-06-11 10:00:13',2,58,'113','Pedro Castillo Chavarria',2,'No ha cambiado ningún campo.'),(859,'2011-06-11 10:06:37',2,58,'127','Zenon Ramon Gonzalez Hernandez',2,'No ha cambiado ningún campo.'),(860,'2011-06-11 10:10:49',4,58,'453','Luis Eduardo Barahona Palma ',1,''),(861,'2011-06-11 10:11:17',3,58,'454','Carlos Ivan López Córdobas',1,''),(862,'2011-06-11 10:19:49',2,58,'129','Francisco Rivas Orozco',2,'Añadido/a \"Lactios object\" lactios.'),(863,'2011-06-11 10:21:57',2,58,'6','Arnulfo Josè Torrez Gutierrez',2,'No ha cambiado ningún campo.'),(864,'2011-06-11 10:23:31',2,58,'17','Francisco Torrez Gutierrez',2,'No ha cambiado ningún campo.'),(865,'2011-06-11 10:24:51',3,58,'455','Flavio Méndez González',1,''),(866,'2011-06-11 10:29:53',4,58,'456','Octavio Cruz Cerna',1,''),(867,'2011-06-11 10:37:32',3,58,'457','Mario Matey Gadea',1,''),(868,'2011-06-11 10:49:14',2,58,'23','Ramon Otoniel Mayorga Aguinasa',2,'No ha cambiado ningún campo.'),(869,'2011-06-11 10:51:41',3,58,'458','José Antonio Matey Iglesias',1,''),(870,'2011-06-11 10:54:43',2,58,'49','Espectación Castellon Luquez',2,'Modificados manzana para \"CultivosAnuales object\" cultivos anuales.'),(871,'2011-06-11 11:03:33',4,58,'459','Herlinda Damaris Herrera',1,''),(872,'2011-06-11 11:06:36',2,58,'57','Florencia Espinoza Matmorros',2,'No ha cambiado ningún campo.'),(873,'2011-06-11 11:08:27',3,58,'460','Natividad Matey Iglesias',1,''),(874,'2011-06-11 11:18:27',4,58,'461','Iris Yolanda Siles',1,''),(875,'2011-06-11 11:19:59',3,58,'462','Maria Antonia Córdobas',1,''),(876,'2011-06-11 11:29:51',3,58,'463','Enrique López Gutiérrez',1,''),(877,'2011-06-11 11:31:13',2,58,'78','Felix Marlon Rodriguez Ortega',2,'Añadido/a \"Lactios object\" lactios.'),(878,'2011-06-11 11:31:26',4,58,'464','Candida Cruz Espinales',1,''),(879,'2011-06-11 11:33:15',4,55,'57','Campo Hermoso',1,''),(880,'2011-06-11 11:42:55',4,58,'465','José Angel Matute',1,''),(881,'2011-06-11 11:42:59',3,58,'466','Maria Alicia Matey Martínez',1,''),(882,'2011-06-11 11:52:56',4,58,'467','Sonia Mariana Ramirez Acevedo',1,''),(883,'2011-06-11 11:54:48',3,58,'468','Maria Magdalena Mathey Talavera',1,''),(884,'2011-06-11 12:07:07',3,58,'469','Gonzalo Cardenas Rosales',1,''),(885,'2011-06-11 12:16:54',3,58,'470','Flora Matey Matey',1,''),(886,'2011-06-11 13:08:59',3,58,'471','Abel López Guerrero',1,''),(887,'2011-06-11 13:09:31',4,58,'472','Lyding Libeth Oyes',1,''),(888,'2011-06-11 13:15:06',4,55,'58','Ocote Seco',1,''),(889,'2011-06-11 13:18:54',3,58,'473','Erlinda Matey López',1,''),(890,'2011-06-11 13:25:26',4,58,'474','Maria  Isabel Sandoval Sandoval',1,''),(891,'2011-06-11 13:29:57',3,58,'475','Concepción del Rosario Ruíz Ruíz',1,''),(892,'2011-06-11 13:35:49',4,58,'476','Gloria Rodriguez Romero',1,''),(893,'2011-06-11 13:41:23',3,58,'477','Griselda del Carmen Calderón Córdobas',1,''),(894,'2011-06-11 13:47:29',4,58,'478','Digna Rubenia Sevilla Lira',1,''),(895,'2011-06-11 13:53:04',3,58,'479','Fidel López Melgara',1,''),(896,'2011-06-11 14:01:38',4,58,'480','Marcia Osorio Reyes',1,''),(897,'2011-06-11 14:03:21',4,55,'59','Paraiisito',1,''),(898,'2011-06-11 14:03:43',4,55,'59','Paraisito',2,'Modificado/a nombre.'),(899,'2011-06-11 14:14:17',4,58,'481','Prudencia del Carmen Herrera S',1,''),(900,'2011-06-11 14:16:00',4,55,'60','Cerro Grande',1,''),(901,'2011-06-11 14:17:16',2,58,'186','Jesus Precioso Rodriguez Garit',2,'Añadido/a \"Lactios object\" lactios.'),(902,'2011-06-11 14:25:41',4,58,'482','Joselino Guerrero Melgara',1,''),(903,'2011-06-11 14:35:49',2,58,'14','Reina Isabel Hernandez Garcia',2,'No ha cambiado ningún campo.'),(904,'2011-06-11 14:36:55',2,58,'255','Reyna Isabel Barrera',2,'Añadido/a \"Lactios object\" lactios.'),(905,'2011-06-11 14:38:36',4,58,'483','Edwin Ali Barahona Palma',1,''),(906,'2011-06-11 14:53:57',4,58,'484','Gertrudiz Guzmán',1,''),(907,'2011-06-11 15:04:17',2,58,'337','Carmen Vanessa Zeledon Rivera',2,'Añadido/a \"Lactios object\" lactios.'),(908,'2011-06-11 15:08:39',2,58,'349','Felipa Lopez Soza',2,'Añadido/a \"Lactios object\" lactios. Añadido/a \"Lactios object\" lactios.'),(909,'2011-06-11 15:09:39',2,58,'352','Lesther thomas Gutierrez Kuant',2,'Añadido/a \"Lactios object\" lactios.'),(910,'2011-06-11 15:11:57',4,58,'485','Evarista Calderón Garcia',1,''),(911,'2011-06-11 15:16:08',3,58,'2','Lucia Romana Casco Carrazco',2,'Modificados conyugue para \"Escolaridad object\" escolaridad.'),(912,'2011-06-11 15:19:46',3,58,'8','Nelson José Sánchez',2,'Añadido/a \"Tierra object\" tierra. Modificados permanentes y pastos para \"UsoTecnologia object\" uso tecnologia. Modificados permanentes y pastos para \"UsoTecnologia object\" uso tecnologia. Modificados anuales, permanentes y pastos para \"UsoTecnologia object\" uso tecnologia. Modificados anuales, permanentes y pastos para \"UsoTecnologia object\" uso tecnologia.'),(913,'2011-06-11 15:20:45',3,58,'2','Lucia Romana Casco Carrazco',2,'Modificados anuales, permanentes y pastos para \"UsoTecnologia object\" uso tecnologia. Modificados anuales, permanentes y pastos para \"UsoTecnologia object\" uso tecnologia. Modificados anuales, permanentes y pastos para \"UsoTecnologia object\" uso tecnologia. Modificados anuales, permanentes y pastos para \"UsoTecnologia object\" uso tecnologia.'),(914,'2011-06-11 15:21:34',3,58,'4','Flor de Maria Zeron',2,'Modificados anuales, permanentes y pastos para \"UsoTecnologia object\" uso tecnologia. Modificados anuales, permanentes y pastos para \"UsoTecnologia object\" uso tecnologia. Modificados anuales, permanentes y pastos para \"UsoTecnologia object\" uso tecnologia. Modificados anuales, permanentes y pastos para \"UsoTecnologia object\" uso tecnologia.'),(915,'2011-06-11 15:22:22',4,58,'486','Martin Martinez Alvarado ',1,''),(916,'2011-06-11 15:25:01',3,58,'11','Yader Paul Vílchez',2,'Modificados permanentes y pastos para \"UsoTecnologia object\" uso tecnologia. Modificados permanentes y pastos para \"UsoTecnologia object\" uso tecnologia. Modificados anuales, permanentes y pastos para \"UsoTecnologia object\" uso tecnologia. Modificados anuales, permanentes y pastos para \"UsoTecnologia object\" uso tecnologia.'),(917,'2011-06-11 15:28:02',3,58,'15','Gerson Arien Sánchez López',2,'Modificados anuales, permanentes y pastos para \"UsoTecnologia object\" uso tecnologia. Modificados anuales, permanentes y pastos para \"UsoTecnologia object\" uso tecnologia. Modificados granos, anuales, permanentes y pastos para \"UsoTecnologia object\" uso tecnologia. Modificados anuales, permanentes y pastos para \"UsoTecnologia object\" uso tecnologia.'),(918,'2011-06-11 15:29:30',3,58,'16','Emilia Estrada López',2,'Modificados permanentes y pastos para \"UsoTecnologia object\" uso tecnologia. Modificados permanentes y pastos para \"UsoTecnologia object\" uso tecnologia. Modificados permanentes y pastos para \"UsoTecnologia object\" uso tecnologia. Modificados permanentes y pastos para \"UsoTecnologia object\" uso tecnologia.'),(919,'2011-06-11 15:30:59',3,58,'19','Ayda Luz Castro Lagos',2,'Modificados anuales, permanentes y pastos para \"UsoTecnologia object\" uso tecnologia. Modificados anuales, permanentes y pastos para \"UsoTecnologia object\" uso tecnologia. Modificados anuales, permanentes y pastos para \"UsoTecnologia object\" uso tecnologia. Modificados anuales, permanentes y pastos para \"UsoTecnologia object\" uso tecnologia.'),(920,'2011-06-11 15:31:40',2,58,'379','Mayra Ortega Elsther',2,'No ha cambiado ningún campo.'),(921,'2011-06-11 15:33:17',3,58,'20','Juana Bautista Rivera Zepeda',2,'Modificados conyugue para \"Escolaridad object\" escolaridad. Añadido/a \"UsoTecnologia object\" uso tecnologia. Añadido/a \"UsoTecnologia object\" uso tecnologia. Añadido/a \"UsoTecnologia object\" uso tecnologia. Añadido/a \"UsoTecnologia object\" uso tecnologia.'),(922,'2011-06-11 15:34:43',3,58,'22','Floricelda Baquedano Espinoza',2,'Modificados anuales, permanentes y pastos para \"UsoTecnologia object\" uso tecnologia. Modificados anuales, permanentes y pastos para \"UsoTecnologia object\" uso tecnologia. Modificados anuales, permanentes y pastos para \"UsoTecnologia object\" uso tecnologia. Modificados anuales, permanentes y pastos para \"UsoTecnologia object\" uso tecnologia.'),(923,'2011-06-11 15:35:40',4,58,'487','Santos Andres Guerrero',1,''),(924,'2011-06-11 15:35:48',3,58,'25','Byron Edonel Teran Castro',2,'Modificados anuales, permanentes y pastos para \"UsoTecnologia object\" uso tecnologia. Modificados anuales, permanentes y pastos para \"UsoTecnologia object\" uso tecnologia. Modificados anuales, permanentes y pastos para \"UsoTecnologia object\" uso tecnologia. Modificados anuales, permanentes y pastos para \"UsoTecnologia object\" uso tecnologia.'),(925,'2011-06-11 15:38:41',3,58,'29','Betulia Escalante Arevalo',2,'Modificados conyugue para \"Escolaridad object\" escolaridad. Modificados anuales, permanentes y pastos para \"UsoTecnologia object\" uso tecnologia. Modificados anuales, permanentes y pastos para \"UsoTecnologia object\" uso tecnologia. Modificados anuales, permanentes y pastos para \"UsoTecnologia object\" uso tecnologia. Modificados anuales, permanentes y pastos para \"UsoTecnologia object\" uso tecnologia.'),(926,'2011-06-11 17:23:10',4,55,'61','Puntualito',1,''),(927,'2011-06-11 17:43:16',4,58,'488','Merys Elena González Herrera',1,''),(928,'2011-06-11 17:48:17',2,58,'489','Yelba Maria Ruiz Olivera',1,''),(929,'2011-06-11 17:51:20',2,55,'62','Las Vegas',1,''),(930,'2011-06-11 18:02:46',4,58,'490','Mirea Lisseth López ',1,''),(931,'2011-06-11 18:04:34',4,55,'63','Las Garcias',1,''),(932,'2011-06-11 18:08:12',2,58,'491','Angelica Sevilla Zamora',1,''),(933,'2011-06-11 18:16:37',4,58,'492','José Silvano Gutierrez López',1,''),(934,'2011-06-11 18:23:27',2,58,'493','Rufino Adrian Rodriguez Rivera',1,''),(935,'2011-06-11 18:33:05',4,58,'494','Petronila Cardenas ',1,''),(936,'2011-06-11 18:37:18',2,58,'495','Eulofio Muñoz Melgara',1,''),(937,'2011-06-11 18:55:38',2,58,'496','Graciela del Carmen Gonzalez',1,''),(938,'2011-06-11 18:56:51',4,58,'497','Pastora Gutierrez Perez',1,''),(939,'2011-06-11 18:58:43',4,55,'64','El Limón',1,''),(940,'2011-06-11 19:13:43',4,58,'498','Natividad de Jesús Ramirez Reyes',1,''),(941,'2011-06-11 19:17:35',2,58,'499','Lucas Antonio Almendarez Hernandez',1,''),(942,'2011-06-11 19:30:48',4,58,'500','Blanca Nidia Maradiaga Gradiz',1,''),(943,'2011-06-11 19:48:16',4,58,'501','Juana Francisca Talavera Melgara ',1,''),(944,'2011-06-11 19:55:58',2,58,'502','Maxima Mendoza Sarantes',1,''),(945,'2011-06-11 20:06:12',4,58,'503','Santos Eulogio Guerrero Martinez',1,''),(946,'2011-06-11 20:16:41',2,58,'504','Liana Maritza Rueda Lopez',1,''),(947,'2011-06-11 20:18:08',2,55,'65','San Barbara',1,''),(948,'2011-06-11 20:21:36',4,58,'505','Juana Martines Cardenas ',1,''),(949,'2011-06-11 20:34:30',2,58,'506','Bertha Adilia Peralta Olivera',1,''),(950,'2011-06-11 20:42:09',4,58,'507','Esperanza del Carmen Perez Morales',1,''),(951,'2011-06-11 20:45:46',2,58,'508','Maria Tereza Soto landero',1,''),(952,'2011-06-11 20:55:58',4,58,'509','Elsa del Carmen Bustamante Espinoza',1,''),(953,'2011-06-11 21:14:09',4,58,'510','Rosa Amelia Ortiz Espinoza',1,''),(954,'2011-06-12 06:47:06',4,58,'511','Santos Gerbacio Pineda Perez',1,''),(955,'2011-06-12 06:48:52',4,56,'23','Anaun Carrasco Romero ',2,'Modificado/a nombre.'),(956,'2011-06-12 07:02:14',4,58,'512','Dania Antonia Jarquin Molina ',1,''),(957,'2011-06-12 07:13:37',4,58,'513','Sulema de Jesús González',1,''),(958,'2011-06-12 07:15:38',4,58,'514','Sulema de Jesús González',1,''),(959,'2011-06-12 07:16:55',4,58,'514','Sulema de Jesús González',3,''),(960,'2011-06-12 07:19:23',4,58,'513','Sulema de Jesús González',2,'Añadido/a \"Genero object\" genero. Añadido/a \"Genero object\" genero. Añadido/a \"Genero object\" genero. Añadido/a \"Genero object\" genero. Añadido/a \"Genero object\" genero. Añadido/a \"TomaDecicion object\" toma decicion. Añadido/a \"TomaDecicion object\" toma decicion. Añadido/a \"TomaDecicion object\" toma decicion. Añadido/a \"TomaDecicion object\" toma decicion. Añadido/a \"TomaDecicion object\" toma decicion.'),(961,'2011-06-12 07:32:24',4,58,'515','Angelina Sarantes Cruz',1,''),(962,'2011-06-12 08:03:56',4,58,'516','Rosa Oliva Martinez Laguna ',1,''),(963,'2011-06-12 08:43:51',4,58,'517','Juana Maria González',1,''),(964,'2011-06-12 08:57:37',4,58,'518','Freddy Centeno Balladares',1,''),(965,'2011-06-12 09:12:47',4,58,'519','Maria Estela Gonzales Rocha ',1,''),(966,'2011-06-12 09:29:13',4,58,'520','Maria Rufina Martinez',1,''),(967,'2011-06-12 09:42:49',4,58,'521','Maria de los Angeles Reyes Alfaro ',1,''),(968,'2011-06-12 09:53:26',4,58,'522','Bianey del Carmen López Reyes',1,''),(969,'2011-06-12 10:01:05',4,58,'523','Maritza Olivas Benavidez',1,''),(970,'2011-06-12 10:10:37',4,58,'524','Socorro del Carmen Cardenas Gutierrez',1,''),(971,'2011-06-12 10:19:25',4,58,'525','Guilllermina Martinez Mario ',1,''),(972,'2011-06-12 10:28:01',4,58,'526','Maria Antonia Zelaya Maradiaga',1,''),(973,'2011-06-12 10:36:55',4,58,'527','Sonia Janeth Sevilla',1,''),(974,'2011-06-12 10:48:25',4,58,'528','Haydee Garcia Palma ',1,''),(975,'2011-06-12 10:59:20',4,58,'529','Azucena del Socorro Martinez R',1,''),(976,'2011-06-13 12:48:43',3,58,'30','Nieves Castro Soriano',2,'Modificados anuales, permanentes y pastos para \"UsoTecnologia object\" uso tecnologia. Modificados anuales, permanentes y pastos para \"UsoTecnologia object\" uso tecnologia. Modificados anuales, permanentes y pastos para \"UsoTecnologia object\" uso tecnologia. Modificados anuales, permanentes y pastos para \"UsoTecnologia object\" uso tecnologia.'),(977,'2011-06-13 12:55:31',3,58,'34','Oscar Antonio Escalante',2,'Modificados permanentes y pastos para \"UsoTecnologia object\" uso tecnologia. Modificados permanentes y pastos para \"UsoTecnologia object\" uso tecnologia. Modificados granos, anuales, permanentes y pastos para \"UsoTecnologia object\" uso tecnologia. Modificados granos, anuales, permanentes y pastos para \"UsoTecnologia object\" uso tecnologia.'),(978,'2011-06-13 13:14:00',3,58,'40','Nuris Adilsa Moreno',2,'Modificados anuales, permanentes y pastos para \"UsoTecnologia object\" uso tecnologia. Modificados anuales, permanentes y pastos para \"UsoTecnologia object\" uso tecnologia. Modificados anuales, permanentes y pastos para \"UsoTecnologia object\" uso tecnologia. Modificados anuales, permanentes y pastos para \"UsoTecnologia object\" uso tecnologia.'),(979,'2011-06-13 13:21:20',3,58,'62','Yesica Milady Martinez Mondragon',2,'Añadido/a \"UsoTecnologia object\" uso tecnologia. Añadido/a \"UsoTecnologia object\" uso tecnologia. Añadido/a \"UsoTecnologia object\" uso tecnologia. Añadido/a \"UsoTecnologia object\" uso tecnologia.'),(980,'2011-06-13 13:22:16',3,58,'64','Fidencia Soriano',2,'Modificados permanentes y pastos para \"UsoTecnologia object\" uso tecnologia. Modificados permanentes y pastos para \"UsoTecnologia object\" uso tecnologia. Modificados anuales, permanentes y pastos para \"UsoTecnologia object\" uso tecnologia. Modificados anuales, permanentes y pastos para \"UsoTecnologia object\" uso tecnologia.'),(981,'2011-06-13 13:25:19',3,58,'86','Luis Alberto Martínez',2,'Modificados pastos para \"UsoTecnologia object\" uso tecnologia. Modificados pastos para \"UsoTecnologia object\" uso tecnologia. Modificados pastos para \"UsoTecnologia object\" uso tecnologia. Modificados pastos para \"UsoTecnologia object\" uso tecnologia.'),(982,'2011-06-13 13:26:19',3,58,'87','Osmin Martínez Ordoñez',2,'Modificados pastos para \"UsoTecnologia object\" uso tecnologia. Modificados pastos para \"UsoTecnologia object\" uso tecnologia. Modificados anuales, permanentes y pastos para \"UsoTecnologia object\" uso tecnologia. Modificados anuales, permanentes y pastos para \"UsoTecnologia object\" uso tecnologia.'),(983,'2011-06-13 13:27:42',3,58,'90','Antonio Elias Garcia Osorto',2,'Añadido/a \"Lactios object\" lactios. Modificados pastos para \"UsoTecnologia object\" uso tecnologia. Modificados pastos para \"UsoTecnologia object\" uso tecnologia. Modificados pastos para \"UsoTecnologia object\" uso tecnologia. Modificados pastos para \"UsoTecnologia object\" uso tecnologia.'),(984,'2011-06-13 13:29:17',3,58,'93','Jorge Grinera',2,'Añadido/a \"Lactios object\" lactios. Añadido/a \"Lactios object\" lactios. Modificados pastos para \"UsoTecnologia object\" uso tecnologia. Modificados pastos para \"UsoTecnologia object\" uso tecnologia. Modificados pastos para \"UsoTecnologia object\" uso tecnologia. Modificados granos, anuales, permanentes y pastos para \"UsoTecnologia object\" uso tecnologia.'),(985,'2011-06-13 13:30:34',3,58,'94','Nelson Gutiérrez Espino',2,'Añadido/a \"Lactios object\" lactios. Añadido/a \"Lactios object\" lactios. Modificados pastos para \"UsoTecnologia object\" uso tecnologia. Modificados pastos para \"UsoTecnologia object\" uso tecnologia. Modificados pastos para \"UsoTecnologia object\" uso tecnologia. Modificados pastos para \"UsoTecnologia object\" uso tecnologia.'),(986,'2011-06-13 13:31:34',3,58,'95','Santiago Olivas',2,'Modificados pastos para \"UsoTecnologia object\" uso tecnologia. Modificados pastos para \"UsoTecnologia object\" uso tecnologia. Modificados pastos para \"UsoTecnologia object\" uso tecnologia. Modificados pastos para \"UsoTecnologia object\" uso tecnologia.'),(987,'2011-06-13 16:47:31',3,58,'110','Carlos Tercero',2,'Modificados pastos para \"UsoTecnologia object\" uso tecnologia. Modificados pastos para \"UsoTecnologia object\" uso tecnologia. Modificados pastos para \"UsoTecnologia object\" uso tecnologia. Modificados pastos para \"UsoTecnologia object\" uso tecnologia.'),(988,'2011-06-13 16:50:48',3,58,'145','Modesta Hernández',2,'Añadido/a \"UsoTecnologia object\" uso tecnologia. Añadido/a \"UsoTecnologia object\" uso tecnologia.'),(989,'2011-06-13 16:51:39',3,58,'145','Modesta Hernández',2,'Añadido/a \"Lactios object\" lactios.'),(990,'2011-06-13 16:52:55',3,58,'148','Aristides Hernández Arce',2,'Añadido/a \"Lactios object\" lactios.'),(991,'2011-06-14 12:33:31',4,58,'53','Adalides Rodriguez Ortega',2,'Modificado/a beneficiario. Modificados precio para \"CultivosIEstacionales object\" cultivos i estacionales.'),(992,'2011-06-14 12:37:42',4,58,'53','Adalides Rodriguez Ortega',2,'No ha cambiado ningún campo.'),(993,'2011-06-14 15:01:03',4,58,'517','Juana Maria González',2,'No ha cambiado ningún campo.'),(994,'2011-06-14 15:19:23',2,58,'504','Liana Maritza Rueda Lopez',2,'No ha cambiado ningún campo.'),(995,'2011-06-14 15:27:19',2,58,'373','Mayra Castro Perez',2,'Modificados vendidos para \"IngresoGanado object\" ingreso ganado.'),(996,'2011-06-14 15:57:19',3,58,'218','Rodolfo Soriano',2,'Modificados produccion para \"CultivosPermanentes object\" cultivos permanentes. Modificados produccion para \"CultivosPermanentes object\" cultivos permanentes.'),(997,'2011-06-14 16:53:33',4,58,'517','Juana Maria González',2,'Modificados precio_postrera para \"CultivosIPeriodos object\" cultivos i periodos.'),(998,'2011-06-16 17:07:41',4,57,'3','oCTUPA',1,''),(999,'2011-06-16 17:08:17',4,57,'4','OCTUPAN',1,''),(1000,'2011-06-16 17:09:01',4,58,'371','Josefina Gonzáles Muñoz',2,'Modificado/a contraparte.'),(1001,'2011-06-16 17:09:35',4,57,'3','oCTUPA',3,''),(1002,'2011-06-16 17:10:26',3,58,'351','Lilliam Reyes González',2,'Modificado/a contraparte.'),(1003,'2011-06-16 17:11:16',4,58,'393','Maria Salomé Garcia P',2,'Modificado/a contraparte.'),(1004,'2011-06-16 17:11:56',3,58,'359','Santos Danelia López González',2,'Modificado/a contraparte.'),(1005,'2011-06-16 17:12:58',3,58,'360','Lidia del Carmen López Vallecillo',2,'Modificado/a contraparte.'),(1006,'2011-06-16 17:13:12',4,58,'392','Mariano Dávila López',2,'Modificado/a contraparte.'),(1007,'2011-06-16 17:16:50',3,58,'361','Kenia Maria López Prado',2,'Modificado/a contraparte.'),(1008,'2011-06-16 17:18:23',4,58,'388','Juan Antonio Pineda',2,'Modificado/a contraparte.'),(1009,'2011-06-16 17:18:26',3,58,'362','Gregorio Martínez López',2,'Modificado/a contraparte.'),(1010,'2011-06-16 17:19:19',3,58,'363','Damaris Lilliana Glez López',2,'Modificado/a contraparte.'),(1011,'2011-06-16 17:20:09',4,58,'387','Martha Flora López',2,'Modificado/a contraparte.'),(1012,'2011-06-16 17:20:46',3,58,'364','Juan Alberto Florian Vallecillo',2,'Modificado/a contraparte.'),(1013,'2011-06-16 17:22:18',4,58,'368','Valeria López Davila',2,'Modificado/a contraparte.'),(1014,'2011-06-16 17:23:14',3,58,'366','Carmen Evangelina González Florián',2,'Modificado/a contraparte.'),(1015,'2011-06-16 17:23:51',4,58,'389','Silvestre Dávila López',2,'Modificado/a contraparte.'),(1016,'2011-06-16 17:24:00',3,58,'367','Maria Teresa Florián Vallecillo',2,'Modificado/a contraparte.'),(1017,'2011-06-16 17:24:46',3,58,'369','Wilmer Antonio Pérez Prado',2,'Modificado/a contraparte.'),(1018,'2011-06-16 17:25:21',4,58,'404','Miltón Ariel Poveda ',2,'Modificado/a contraparte.'),(1019,'2011-06-16 17:26:25',3,58,'370','Cándida Rosa Alvarado González',2,'Modificado/a contraparte.'),(1020,'2011-06-16 17:27:06',4,58,'422','Sandra Espinoza Córdoba ',2,'Modificado/a contraparte.'),(1021,'2011-06-16 17:28:24',3,58,'407','Imelda de Jesús López López',2,'Modificado/a contraparte.'),(1022,'2011-06-16 17:29:28',3,58,'408','Manuel Antonio López González',2,'Modificado/a contraparte.'),(1023,'2011-06-16 17:29:50',4,58,'419','Carlos Alberto González Garcia',2,'Modificado/a contraparte.'),(1024,'2011-06-16 17:30:29',3,58,'409','Francisco López Vallecillo',2,'Modificado/a contraparte.'),(1025,'2011-06-16 17:31:19',3,58,'412','Maritza Zeneyda González',2,'Modificado/a contraparte.'),(1026,'2011-06-16 17:32:29',3,58,'414','Olga Maria López Pineda',2,'Modificado/a contraparte.'),(1027,'2011-06-16 17:32:59',4,58,'416','Yanina del Socorro Andón Olivas',2,'Modificado/a contraparte.'),(1028,'2011-06-16 17:33:25',3,58,'417','Pedro José Vallecillo Martínez',2,'Modificado/a contraparte.'),(1029,'2011-06-16 17:34:06',3,58,'420','Pedro Pablo Vallecillo González',2,'Modificado/a contraparte.'),(1030,'2011-06-16 17:34:18',4,58,'413','Pablo José Pineda Espino',2,'Modificado/a contraparte.'),(1031,'2011-06-16 17:34:39',3,58,'421','José Alejandro Vallecillo Olivas',2,'Modificado/a contraparte.'),(1032,'2011-06-16 17:35:14',3,58,'424','Justo Elias Martínez García',2,'Modificado/a contraparte.'),(1033,'2011-06-16 17:36:01',4,58,'410','Miguelina Muñoz Talavera ',2,'Modificado/a contraparte.'),(1034,'2011-06-16 17:36:07',3,58,'426','José Gabriel Vallecillo ',2,'Modificado/a contraparte.'),(1035,'2011-06-16 17:36:57',3,58,'428','Rafaela del C. Vallecillo Pérez',2,'Modificado/a beneficiario y contraparte.'),(1036,'2011-06-16 17:37:35',3,58,'431','Gregoria de Jesus Vallecillo',2,'Modificado/a contraparte.'),(1037,'2011-06-16 17:37:59',4,58,'406','Rosa Maria Córdoba González',2,'Modificado/a contraparte.'),(1038,'2011-06-16 17:38:10',3,58,'433','Ignacio de Loyola Vallecillo Pérez',2,'Modificado/a contraparte.'),(1039,'2011-06-16 17:39:03',3,58,'435','Maria Emilia González Muñoz',2,'Modificado/a contraparte.'),(1040,'2011-06-16 17:39:47',3,58,'436','José Ramón Olivas López',2,'Modificado/a contraparte.'),(1041,'2011-06-16 17:39:47',4,58,'309','Aurora Delfina González Gutierrez',2,'Modificado/a contraparte.'),(1042,'2011-06-16 17:40:19',3,58,'437','Pascual González González',2,'Modificado/a contraparte.'),(1043,'2011-06-16 17:42:02',4,58,'306','Maria del Carmen González Garcia',2,'Modificado/a contraparte.'),(1044,'2011-06-16 17:42:50',3,58,'443','Edgar Antonio Udiel Vallecillo',2,'Modificado/a contraparte.'),(1045,'2011-06-16 17:43:00',4,58,'302','Calixta Calderón Calderon',2,'Modificado/a contraparte.'),(1046,'2011-06-16 17:43:23',3,58,'444','Asunción del Rosario López Cardenas',2,'Modificado/a contraparte.'),(1047,'2011-06-16 17:43:53',3,58,'446','Francisco Méndez González',2,'Modificado/a contraparte.'),(1048,'2011-06-16 17:44:06',4,58,'298','Ines Antonio Garcia Castillo',2,'Modificado/a contraparte.'),(1049,'2011-06-16 17:44:29',3,58,'448','Elia Maria Matey Gadea',2,'Modificado/a beneficiario y contraparte.'),(1050,'2011-06-16 17:44:51',4,58,'296','Sonia Matute Espinoza',2,'Modificado/a contraparte.'),(1051,'2011-06-16 17:45:10',3,58,'450','Milcen Yunieth Matey Iglesias',2,'Modificado/a contraparte.'),(1052,'2011-06-16 17:45:47',3,58,'452','Rosa Argentina Rodríguez',2,'Modificado/a contraparte.'),(1053,'2011-06-16 17:46:31',3,58,'454','Carlos Ivan López Córdoba',2,'Modificado/a beneficiario y contraparte.'),(1054,'2011-06-16 17:47:17',4,58,'342','Fernando Muñoz Gómez',2,'Modificado/a contraparte.'),(1055,'2011-06-16 17:47:21',3,58,'455','Flavio Méndez González',2,'Modificado/a contraparte.'),(1056,'2011-06-16 17:48:16',3,58,'457','Mario Matey Gadea',2,'Modificado/a contraparte.'),(1057,'2011-06-16 17:48:53',3,58,'458','José Antonio Matey Iglesias',2,'Modificado/a contraparte.'),(1058,'2011-06-16 17:50:01',4,58,'341','Maria Leonarda Dávila González',2,'Modificado/a contraparte.'),(1059,'2011-06-16 17:50:10',3,58,'460','Natividad Matey Iglesias',2,'Modificado/a contraparte.'),(1060,'2011-06-16 17:50:53',3,58,'462','Maria Antonia Córdoba',2,'Modificado/a beneficiario y contraparte.'),(1061,'2011-06-16 17:52:14',3,58,'463','Enrique López Gutiérrez',2,'Modificado/a contraparte.'),(1062,'2011-06-16 17:52:26',4,58,'327','Ciriaco Muñoz',2,'Modificado/a contraparte.'),(1063,'2011-06-16 17:53:23',3,58,'466','Marta Alicia Matey Martínez',2,'Modificado/a beneficiario y contraparte.'),(1064,'2011-06-16 17:54:18',4,58,'324','Juana Francisca Gutierrez Matay',2,'Modificado/a contraparte.'),(1065,'2011-06-16 17:54:22',3,58,'468','Ma. Magdalena Mathey Talavera',2,'Modificado/a beneficiario y contraparte.'),(1066,'2011-06-16 17:55:05',3,58,'469','Gonzalo Cardenas Rosales',2,'Modificado/a contraparte.'),(1067,'2011-06-16 17:56:03',3,58,'470','Flora Matey Matey',2,'Modificado/a contraparte.'),(1068,'2011-06-16 17:57:54',3,58,'471','Abel López Guerrero',2,'Modificado/a contraparte.'),(1069,'2011-06-16 17:59:14',3,58,'473','Erlinda Matey López',2,'Modificado/a contraparte.'),(1070,'2011-06-16 17:59:49',3,58,'475','Concepción del Rosario Ruíz Ruíz',2,'Modificado/a contraparte.'),(1071,'2011-06-16 18:00:47',3,58,'477','Griselda del Carmen Calderón Córdoba',2,'Modificado/a beneficiario y contraparte.'),(1072,'2011-06-16 18:01:53',3,58,'479','Fidel López Melgara',2,'Modificado/a contraparte.'),(1073,'2011-06-16 20:32:19',2,57,'5','Coacov',1,''),(1074,'2011-06-16 20:46:21',2,58,'530','Leana Francisca García Rodriguez',1,''),(1075,'2011-06-16 21:08:47',2,58,'531','Calixta Hernandez Herrera',1,''),(1076,'2011-06-16 21:25:18',2,58,'532','Blanca Azucena Lopez',1,''),(1077,'2011-06-16 21:47:47',2,58,'533','Dina del Carmen Hernandez Zelaya',1,''),(1078,'2011-06-16 22:05:59',2,58,'534','Juana Leonor Sandoval',1,''),(1079,'2011-06-16 22:17:29',2,58,'535','Keyla Osorio Suarez',1,''),(1080,'2011-06-16 22:38:52',2,58,'536','Rosa Adilia Caceres Sanchez',1,''),(1081,'2011-06-17 09:10:00',4,58,'320','Maria Esther Ruíz Garcia ',3,''),(1082,'2011-06-17 09:10:20',4,58,'321','Maria Esther Ruíz Garcia ',2,'Modificado/a contraparte.'),(1083,'2011-06-17 09:11:00',4,58,'316','Marcelino Garcia Alfaro',2,'Modificado/a contraparte.'),(1084,'2011-06-17 09:11:29',4,58,'405','Suyapa del Rosario Garcia ',2,'Modificado/a contraparte.'),(1085,'2011-06-17 09:15:04',4,58,'394','Ana Rosa Córdoba Herrera',2,'Modificado/a contraparte.'),(1086,'2011-06-17 09:16:06',4,58,'425','Mónico Antonio Córdoba.',2,'Modificado/a contraparte.'),(1087,'2011-06-17 09:17:54',4,58,'371','Josefina Gonzáles Muñoz',2,'No ha cambiado ningún campo.'),(1088,'2011-06-17 09:18:23',4,58,'432','Cleotilde Soto Vargas',2,'Modificado/a contraparte.'),(1089,'2011-06-17 09:19:44',4,58,'340','Lilliam López González',2,'Modificado/a contraparte.'),(1090,'2011-06-17 09:20:08',4,58,'429','Elia Maria Córdoba Garcia',2,'Modificado/a contraparte.'),(1091,'2011-06-17 09:22:32',4,58,'294','Francisca Carrasco Tercero',2,'Modificado/a contraparte.'),(1092,'2011-06-17 09:24:47',4,58,'390','Irrielda González Dávila',2,'Modificado/a contraparte.'),(1093,'2011-06-17 09:25:15',4,58,'390','Imelda González Dávila',2,'Modificado/a beneficiario.'),(1094,'2011-06-17 14:22:25',4,55,'66','Brujil',1,''),(1095,'2011-06-17 14:49:38',4,58,'537','Silvia Benigna Hernandez Gaitan',1,''),(1096,'2011-06-17 14:51:07',4,55,'67','Santa Barbara',1,''),(1097,'2011-06-17 15:37:21',4,58,'538','Erminda de los Angeles Gomez Ortiz',1,''),(1098,'2011-06-17 15:55:44',3,55,'68','Las Cañas 2',1,''),(1099,'2011-06-17 16:14:26',3,58,'539','Carla Baneza Caseres',1,''),(1100,'2011-06-17 16:30:22',3,58,'540','Julia Esther Salgado Sandoval',1,''),(1101,'2011-06-17 16:30:54',3,58,'540','Julia Esther Salgado Sandoval',2,'No ha cambiado ningún campo.'),(1102,'2011-06-17 16:46:49',3,58,'541','Rosa Eudomilia Maradiaga Caceres',1,''),(1103,'2011-06-17 16:50:08',3,56,'32','Anain Carrasco',1,''),(1104,'2011-06-18 08:57:32',3,58,'539','Carla Baneza Caseres',2,'Modificados invierno para \"PatioCultivada object\" patio cultivada.'),(1105,'2011-06-18 09:06:04',2,58,'536','Rosa Adilia Caceres Sanchez',2,'No ha cambiado ningún campo.'),(1106,'2011-06-18 09:15:20',3,58,'542','Ignacia del Carmen Martínez R.',1,''),(1107,'2011-06-18 09:22:06',2,58,'508','Maria Tereza Soto landero',2,'Modificado/a contraparte.'),(1108,'2011-06-18 09:24:29',2,57,'5','COAVOV',2,'Modificado/a nombre.'),(1109,'2011-06-18 09:25:59',3,58,'543','Miguel Montano Duarte',1,''),(1110,'2011-06-18 09:28:10',2,58,'506','Bertha Adilia Peralta Olivera',2,'Modificado/a contraparte.'),(1111,'2011-06-18 09:30:42',2,58,'504','Liana Maritza Rueda Lopez',2,'Modificado/a contraparte.'),(1112,'2011-06-18 09:32:05',2,58,'502','Maxima Mendoza Sarantes',2,'Modificado/a contraparte.'),(1113,'2011-06-18 09:33:16',2,58,'499','Lucas Antonio Almendarez Hernandez',2,'Modificado/a contraparte.'),(1114,'2011-06-18 09:34:30',2,58,'496','Graciela del Carmen Gonzalez',2,'Modificado/a contraparte.'),(1115,'2011-06-18 09:35:46',2,58,'495','Eulofio Muñoz Melgara',2,'Modificado/a contraparte.'),(1116,'2011-06-18 09:36:05',2,57,'5','COACOV',2,'Modificado/a nombre.'),(1117,'2011-06-18 09:37:20',2,58,'493','Rufino Adrian Rodriguez Rivera',2,'Modificado/a contraparte.'),(1118,'2011-06-18 09:38:32',2,58,'491','Angelica Sevilla Zamora',2,'Modificado/a contraparte.'),(1119,'2011-06-18 09:40:29',2,58,'489','Yelba Maria Ruiz Olivera',2,'Modificado/a contraparte.'),(1120,'2011-06-18 09:40:52',4,58,'544','Maria Julia Morales Benavidez',1,''),(1121,'2011-06-18 09:41:34',3,58,'545','Camilo Antonio Maradiaga Montano',1,''),(1122,'2011-06-18 09:45:51',2,58,'84','Jayra Edelma Tinoco Hernandez',2,'Modificado/a contraparte.'),(1123,'2011-06-18 09:52:34',3,58,'546','Santos Isac Duarte López',1,''),(1124,'2011-06-18 10:03:53',3,58,'547','Luis Alfredo Andrade Lago',1,''),(1125,'2011-06-18 10:05:06',2,58,'548','Julia Martinez Marin',1,''),(1126,'2011-06-18 10:15:39',4,58,'549','Sayda Delmin Mejia',1,''),(1127,'2011-06-18 10:18:38',3,58,'550','Melania Hernández Vallecillo',1,''),(1128,'2011-06-18 10:19:05',2,58,'551','Angelica Maria Vazquez',1,''),(1129,'2011-06-18 10:27:26',4,58,'552','Bemilda del Socorro Corrales',1,''),(1130,'2011-06-18 10:27:37',3,58,'553','Martha Maria Hernández Sánchez',1,''),(1131,'2011-06-18 10:30:51',3,55,'69','Puntalito',1,''),(1132,'2011-06-18 10:32:24',3,55,'69','Puntalito',3,''),(1133,'2011-06-18 10:32:52',3,55,'61','Puntalito',2,'Modificado/a nombre.'),(1134,'2011-06-18 10:46:56',3,58,'554','Reyna Esperanza Jimenez',1,''),(1135,'2011-06-18 10:51:51',4,58,'555','Felicita del Socorro ',1,''),(1136,'2011-06-18 11:02:02',4,58,'556','Santos Sabina Estrada Iglesia',1,''),(1137,'2011-06-18 11:04:49',2,58,'557','Trinidad de Jesus Castellon Gonzalez',1,''),(1138,'2011-06-18 11:32:31',3,55,'70','San Bartolo',1,''),(1139,'2011-06-18 11:33:25',3,56,'33','Francisco Calderon',1,''),(1140,'2011-06-18 11:33:47',3,57,'6','UGAQ',1,''),(1141,'2011-06-18 11:53:08',2,58,'558','Dinora Mariela Sandoval',1,''),(1142,'2011-06-18 12:03:27',3,58,'559','Julio Trujillo',1,''),(1143,'2011-06-18 12:14:53',3,58,'560','Juan Garcia Maradiaga',1,''),(1144,'2011-06-18 12:21:17',4,58,'561','Yenis Lorena Caceres Herrera',1,''),(1145,'2011-06-18 12:22:35',2,56,'34','Gloria Gonzalez',1,''),(1146,'2011-06-18 12:25:55',3,58,'562','Gladys del Carmen Zeledon Rodriguez',1,''),(1147,'2011-06-18 12:27:28',3,55,'71','Vigia Norte',1,''),(1148,'2011-06-18 12:28:13',3,56,'35','Lexania Vigia',1,''),(1149,'2011-06-18 12:28:45',3,58,'563','Silvia Fajardo Herrera',1,''),(1150,'2011-06-18 12:29:43',3,58,'563','Silvia Fajardo Herrera',2,'Modificados edad para \"Composicion object\" composicion.'),(1151,'2011-06-18 12:30:06',4,58,'564','Martha Mejia Vanegas',1,''),(1152,'2011-06-18 12:32:50',4,55,'65','San Barbara',3,''),(1153,'2011-06-18 12:38:12',3,58,'563','Silvia Fajardo Herrera',2,'Añadido/a \"Descripcion object\" descripcion. Añadido/a \"Descripcion object\" descripcion. Añadido/a \"Descripcion object\" descripcion. Añadido/a \"Escolaridad object\" escolaridad. Añadido/a \"AccesoEscuela object\" acceso escuela. Añadido/a \"AccesoEscuela object\" acceso escuela. Añadido/a \"RazonesNoEstudia object\" razones no estudia. Añadido/a \"Agua object\" agua. Añadido/a \"Tierra object\" tierra. Añadido/a \"Tierra object\" tierra. Añadido/a \"Propiedad object\" propiedad. Añadido/a \"CultivosPeriodos object\" cultivos periodos. Añadido/a \"ConsumoDiario object\" consumo diario. Añadido/a \"PrincipalLimitacion object\" principal limitacion. Añadido/a \"CalidadPatio object\" calidad patio. Añadido/a \"GanadoMayor object\" ganado mayor. Añadido/a \"GanadoMayor object\" ganado mayor. Añadido/a \"GanadoMayor object\" ganado mayor. Añadido/a \"GanadoMayor object\" ganado mayor. Añadido/a \"PrincipalesFuentes object\" principales fuentes. Añadido/a \"CultivosIPeriodos object\" cultivos i periodos. Añadido/a \"IngresoGanado object\" ingreso ganado. Añadido/a \"PrincipalForma object\" principal forma. Añadido/a \"VendeProducto object\" vende producto. Añadido/a \"UsoTecnologia object\" uso tecnologia. Añadido/a \"UsoTecnologia object\" uso tecnologia. Añadido/a \"UsoTecnologia object\" uso tecnologia. Añadido/a \"UsoTecnologia object\" uso tecnologia. Añadido/a \"Semilla object\" semilla. Añadido/a \"Diversidad object\" diversidad. Añadido/a \"Diversidad object\" diversidad. Añadido/a \"Diversidad object\" diversidad. Añadido/a \"Diversidad object\" diversidad. Añadido/a \"Diversidad object\" diversidad. Añadido/a \"AccesoCredito object\" acceso credito. Añadido/a \"Participacion object\" participacion. Añadido/a \"Participacion object\" participacion. Añadido/a \"Genero object\" genero. Añadido/a \"Genero object\" genero. Añadido/a \"Genero object\" genero. Añadido/a \"Genero object\" genero. Añadido/a \"Genero object\" genero. Añadido/a \"Genero object\" genero. Añadido/a \"TomaDecicion object\" toma decicion. Añadido/a \"TomaDecicion object\" toma decicion. Añadido/a \"TomaDecicion object\" toma decicion. Añadido/a \"TomaDecicion object\" toma decicion. Añadido/a \"TomaDecicion object\" toma decicion. Añadido/a \"TomaDecicion object\" toma decicion.'),(1154,'2011-06-18 12:48:18',3,58,'565','Santos Everling Mezas González',1,''),(1155,'2011-06-18 12:49:50',3,56,'36','Lazaro Diaz Guzman',1,''),(1156,'2011-06-18 12:51:02',4,58,'566','Juana del Carmen Herrera Poza',1,''),(1157,'2011-06-18 12:58:15',2,58,'567','Aquilino Florian Herrera',1,''),(1158,'2011-06-18 13:01:03',3,58,'568','Lazaro Herrera Florian ',1,''),(1159,'2011-06-18 13:10:13',3,58,'569','Dagoberto Rojas Pérez',1,''),(1160,'2011-06-18 13:11:18',3,55,'72','Zapotillal',1,''),(1161,'2011-06-18 13:13:59',4,58,'529','Azucena del Socorro Martinez R',2,'Modificado/a contraparte.'),(1162,'2011-06-18 13:14:45',4,58,'528','Haydee Garcia Palma ',2,'Modificado/a contraparte.'),(1163,'2011-06-18 13:15:55',4,58,'517','Juana Maria González',2,'Modificado/a contraparte.'),(1164,'2011-06-18 13:18:08',4,58,'501','Juana Francisca Talavera Melgara ',2,'Modificado/a contraparte.'),(1165,'2011-06-18 13:20:08',4,58,'500','Blanca Nidia Maradiaga Gradiz',2,'Modificado/a contraparte.'),(1166,'2011-06-18 13:21:33',3,58,'570','Dorlan Augusto Padilla González',1,''),(1167,'2011-06-18 13:23:13',2,58,'571','Eva Elia Aguilera Herrera',1,''),(1168,'2011-06-18 13:24:36',4,58,'163','Juana Maria Herrera Rugama ',2,'Modificado/a contraparte.'),(1169,'2011-06-18 13:26:25',4,58,'164','Berenice del Carmen Galindo R',2,'Modificado/a beneficiario.'),(1170,'2011-06-18 13:27:22',4,58,'165','Ada Luz Cerna Peréz',2,'Modificado/a contraparte.'),(1171,'2011-06-18 13:29:02',4,58,'459','Herlinda Damaris Herrera',2,'Modificado/a contraparte.'),(1172,'2011-06-18 13:29:46',4,58,'461','Iris Yolanda Siles',2,'Modificado/a contraparte.'),(1173,'2011-06-18 13:30:19',4,58,'464','Candida Cruz Espinales',2,'Modificado/a contraparte.'),(1174,'2011-06-18 13:30:53',4,58,'465','José Angel Matute',2,'Modificado/a contraparte.'),(1175,'2011-06-18 13:31:53',4,58,'467','Sonia Mariana Ramirez Acevedo',2,'Modificado/a contraparte.'),(1176,'2011-06-18 13:32:22',3,58,'572','Bladimir Gutiérrez Moreno',1,''),(1177,'2011-06-18 13:32:56',4,58,'472','Leyding Libeth Oyes',2,'Modificado/a beneficiario y contraparte.'),(1178,'2011-06-18 13:36:19',4,58,'476','Gloria Rodriguez Romero',2,'Modificado/a contraparte.'),(1179,'2011-06-18 13:36:53',4,58,'478','Digna Rubenia Sevilla Lira',2,'Modificado/a contraparte.'),(1180,'2011-06-18 13:40:29',4,58,'480','Marcia Osorio Reyes',2,'Modificado/a contraparte.'),(1181,'2011-06-18 13:41:16',4,58,'481','Prudencia del Carmen Herrera S',2,'Modificado/a contraparte.'),(1182,'2011-06-18 13:42:49',3,58,'573','Alcides Ruiz González',1,''),(1183,'2011-06-18 13:43:54',4,58,'482','Joselino Guerrero Melgara',2,'Modificado/a contraparte.'),(1184,'2011-06-18 13:44:00',2,58,'574','Lidia  de los A Herrera Arauz',1,''),(1185,'2011-06-18 13:44:47',4,58,'483','Edwin Ali Barahona Palma',2,'Modificado/a contraparte.'),(1186,'2011-06-18 13:45:35',4,58,'484','Gertrudiz Guzmán',2,'Modificado/a contraparte.'),(1187,'2011-06-18 13:47:40',4,58,'485','Evarista Calderón Garcia',2,'Modificado/a contraparte.'),(1188,'2011-06-18 13:48:25',4,58,'486','Martin Martinez Alvarado ',2,'Modificado/a contraparte.'),(1189,'2011-06-18 13:50:17',4,58,'487','Santos Andres Guerrero',2,'Modificado/a contraparte.'),(1190,'2011-06-18 13:51:31',4,58,'511','Santos Gerbacio Pineda Perez',2,'Modificado/a contraparte.'),(1191,'2011-06-18 13:52:06',4,58,'518','Freddy Centeno Balladares',2,'Modificado/a contraparte.'),(1192,'2011-06-18 13:52:47',4,58,'519','Maria Estela Gonzales Rocha ',2,'Modificado/a contraparte.'),(1193,'2011-06-18 13:53:26',4,58,'520','Maria Rufina Martinez',2,'Modificado/a contraparte.'),(1194,'2011-06-18 13:53:40',3,58,'575','Circunsicion de Jesus Bucardo González',1,''),(1195,'2011-06-18 13:54:11',4,58,'521','Maria de los Angeles Reyes Alfaro ',2,'Modificado/a contraparte.'),(1196,'2011-06-18 13:54:37',3,55,'73','Arenale',1,''),(1197,'2011-06-18 13:54:44',4,58,'522','Bianey del Carmen López Reyes',2,'Modificado/a contraparte.'),(1198,'2011-06-18 13:55:19',4,58,'523','Maritza Olivas Benavidez',2,'Modificado/a contraparte.'),(1199,'2011-06-18 13:56:08',3,56,'37','Gloria Vasquez',1,''),(1200,'2011-06-18 13:56:09',4,58,'524','Socorro del Carmen Cardenas Gutierrez',2,'Modificado/a contraparte.'),(1201,'2011-06-18 13:58:19',4,58,'525','Guillermina Martinez Mario ',2,'Modificado/a beneficiario y contraparte.'),(1202,'2011-06-18 13:59:45',4,58,'512','Dania Antonia Jarquin Molina ',2,'Modificado/a contraparte.'),(1203,'2011-06-18 14:01:23',4,58,'513','Zulema de Jesús González',2,'Modificado/a beneficiario y contraparte.'),(1204,'2011-06-18 14:04:38',4,58,'515','Angelina Sarantes Cruz',2,'Modificado/a contraparte.'),(1205,'2011-06-18 14:05:51',4,58,'516','Rosa Olivia Martinez Laguna ',2,'Modificado/a beneficiario y contraparte.'),(1206,'2011-06-18 14:06:41',4,58,'442','Aurora Sarantes Cruz',2,'Modificado/a contraparte.'),(1207,'2011-06-18 14:08:06',4,58,'445','Jovania del Socorro Sarantes López',2,'Modificado/a contraparte.'),(1208,'2011-06-18 14:08:29',3,58,'576','Paula Jamileth Ruiz Zeledon',1,''),(1209,'2011-06-18 14:09:02',4,58,'447','Elda Maria Sarantes López',2,'Modificado/a contraparte.'),(1210,'2011-06-18 14:10:52',3,55,'74','El Coco',1,''),(1211,'2011-06-18 14:11:01',4,58,'449','Jaciela Nohemi Gutierrez López',2,'Modificado/a contraparte.'),(1212,'2011-06-18 14:12:13',3,56,'38','Wilber Antonio Torrez Tercero',1,''),(1213,'2011-06-18 14:12:23',4,58,'451','Mayra de Carmen Izaguire Guerrero',2,'Modificado/a contraparte.'),(1214,'2011-06-18 14:13:05',4,58,'453','Luis Eduardo Barahona Palma ',2,'Modificado/a contraparte.'),(1215,'2011-06-18 14:13:37',4,58,'456','Octavio Cruz Cerna',2,'Modificado/a contraparte.'),(1216,'2011-06-18 14:15:27',4,58,'526','Maria Antonia Zelaya Maradiaga',2,'Modificado/a contraparte.'),(1217,'2011-06-18 14:16:47',4,58,'527','Senia Janeth Sevilla',2,'Modificado/a beneficiario y contraparte.'),(1218,'2011-06-18 14:17:31',4,58,'488','Nerys Elena González Herrera',2,'Modificado/a beneficiario y contraparte.'),(1219,'2011-06-18 14:18:29',4,58,'490','Mirena Lisseth López ',2,'Modificado/a beneficiario y contraparte.'),(1220,'2011-06-18 14:18:50',2,58,'577','Francisco Herrera Arauz',1,''),(1221,'2011-06-18 14:19:18',4,58,'492','José Silvano Gutierrez López',2,'Modificado/a contraparte.'),(1222,'2011-06-18 14:19:51',4,58,'494','Petronila Cardenas ',2,'Modificado/a contraparte.'),(1223,'2011-06-18 14:20:20',3,58,'578','Terencio Ortuño Arcia',1,''),(1224,'2011-06-18 14:21:11',4,58,'497','Pastora Gutierrez Perez',2,'Modificado/a contraparte.'),(1225,'2011-06-18 14:21:56',4,58,'498','Natividad de Jesús Ramirez Reyes',2,'Modificado/a contraparte.'),(1226,'2011-06-18 14:25:01',4,58,'503','Santos Eulogio Guerrero Martinez',2,'Modificado/a contraparte.'),(1227,'2011-06-18 14:26:21',4,58,'505','Juana Martines Cardenas ',2,'Modificado/a contraparte.'),(1228,'2011-06-18 14:27:02',4,58,'507','Esperanza del Carmen Perez Morales',2,'Modificado/a contraparte.'),(1229,'2011-06-18 14:28:39',4,58,'509','Elsa del Carmen Bustamante Espinoza',2,'No ha cambiado ningún campo.'),(1230,'2011-06-18 14:28:48',2,58,'579','Marizol Herrera Arauz',1,''),(1231,'2011-06-18 14:29:27',3,58,'580','Felicita Rodriguez Corrales',1,''),(1232,'2011-06-18 14:29:33',4,58,'510','Rosa Amelia Ortiz Espinoza',2,'Modificado/a contraparte.'),(1233,'2011-06-18 14:30:30',3,56,'39','Lexania Palacios',1,''),(1234,'2011-06-18 14:30:58',4,58,'474','Maria  Isabel Sandoval Sandoval',2,'Modificado/a contraparte.'),(1235,'2011-06-18 14:38:30',3,58,'581','Geronima Rivera Jarquin',1,''),(1236,'2011-06-18 14:51:06',3,58,'582','Julia Ibarra Bellorin',1,''),(1237,'2011-06-18 14:53:53',2,58,'583','Rene Venavidez Aguilera',1,''),(1238,'2011-06-18 14:59:21',3,58,'584','José Enrique Marin Herrera',1,''),(1239,'2011-06-18 15:07:33',2,58,'583','Rene Venavidez Aguilera',2,'Añadido/a \"Arboles object\" arboles. Añadido/a \"CalidadPatio object\" calidad patio. Añadido/a \"GanadoMayor object\" ganado mayor. Añadido/a \"GanadoMayor object\" ganado mayor. Añadido/a \"GanadoMayor object\" ganado mayor. Añadido/a \"GanadoMayor object\" ganado mayor. Añadido/a \"GanadoMayor object\" ganado mayor. Añadido/a \"GanadoMayor object\" ganado mayor. Añadido/a \"GanadoMayor object\" ganado mayor. Añadido/a \"GanadoMayor object\" ganado mayor. Añadido/a \"PrincipalesFuentes object\" principales fuentes. Añadido/a \"CultivosIPeriodos object\" cultivos i periodos. Añadido/a \"OtrosIngresos object\" otros ingresos. Añadido/a \"PrincipalForma object\" principal forma. Añadido/a \"VendeProducto object\" vende producto. Añadido/a \"Riego object\" riego. Añadido/a \"AreaProtegida object\" area protegida. Añadido/a \"UsoTecnologia object\" uso tecnologia. Añadido/a \"UsoTecnologia object\" uso tecnologia. Añadido/a \"UsoTecnologia object\" uso tecnologia. Añadido/a \"UsoTecnologia object\" uso tecnologia. Añadido/a \"Semilla object\" semilla. Añadido/a \"Diversidad object\" diversidad. Añadido/a \"Diversidad object\" diversidad. Añadido/a \"Diversidad object\" diversidad. Añadido/a \"Diversidad object\" diversidad. Añadido/a \"Diversidad object\" diversidad. Añadido/a \"Diversidad object\" diversidad. Añadido/a \"Diversidad object\" diversidad. Añadido/a \"Diversidad object\" diversidad. Añadido/a \"Diversidad object\" diversidad. Añadido/a \"Crisis object\" crisis. Añadido/a \"AccesoCredito object\" acceso credito. Añadido/a \"Participacion object\" participacion. Añadido/a \"Participacion object\" participacion. Añadido/a \"Genero object\" genero. Añadido/a \"Genero object\" genero. Añadido/a \"Genero object\" genero. Añadido/a \"Genero object\" genero. Añadido/a \"Genero object\" genero. Añadido/a \"Genero object\" genero. Añadido/a \"TomaDecicion object\" toma decicion. Añadido/a \"TomaDecicion object\" toma decicion. Añadido/a \"TomaDecicion object\" toma decicion. Añadido/a \"TomaDecicion object\" toma decicion. Añadido/a \"TomaDecicion object\" toma decicion. Añadido/a \"TomaDecicion object\" toma decicion.'),(1240,'2011-06-18 15:11:36',3,58,'585','Pablo A. Trujillo',1,''),(1241,'2011-06-18 15:21:45',2,58,'586','Juana Ediza Zavala Gonzalez',1,''),(1242,'2011-06-18 15:21:56',3,58,'587','Denis Javier Bellorin Castro',1,''),(1243,'2011-06-18 15:27:24',2,58,'586','Juana Ediza Zavala Gonzalez',2,'Añadido/a \"OtrosIngresos object\" otros ingresos. Añadido/a \"UsoTecnologia object\" uso tecnologia. Añadido/a \"UsoTecnologia object\" uso tecnologia. Añadido/a \"UsoTecnologia object\" uso tecnologia. Añadido/a \"UsoTecnologia object\" uso tecnologia. Añadido/a \"Diversidad object\" diversidad. Añadido/a \"Diversidad object\" diversidad. Añadido/a \"Diversidad object\" diversidad. Añadido/a \"Diversidad object\" diversidad. Añadido/a \"Diversidad object\" diversidad. Añadido/a \"Diversidad object\" diversidad. Añadido/a \"Diversidad object\" diversidad. Añadido/a \"Diversidad object\" diversidad. Añadido/a \"Crisis object\" crisis. Añadido/a \"AccesoCredito object\" acceso credito. Añadido/a \"Participacion object\" participacion. Añadido/a \"Participacion object\" participacion. Añadido/a \"ParticipacionCPC object\" participacion cpc. Añadido/a \"Frecuencia object\" frecuencia. Añadido/a \"Genero object\" genero. Añadido/a \"Genero object\" genero. Añadido/a \"Genero object\" genero. Añadido/a \"TomaDecicion object\" toma decicion. Añadido/a \"TomaDecicion object\" toma decicion. Añadido/a \"TomaDecicion object\" toma decicion. Añadido/a \"TomaDecicion object\" toma decicion. Añadido/a \"TomaDecicion object\" toma decicion. Añadido/a \"TomaDecicion object\" toma decicion.'),(1244,'2011-06-18 15:36:23',3,58,'588','Luis Reynaldo Sandoval Altamirano',1,''),(1245,'2011-06-18 15:38:59',2,58,'589','Eva Elia Meza Salgado',1,''),(1246,'2011-06-18 15:43:50',3,58,'590','Cruz Gutiérrez Polanco',1,''),(1247,'2011-06-18 15:55:29',3,58,'591','Rosa Emilia Espinales Garcia',1,''),(1248,'2011-06-18 15:56:43',4,58,'592','Rosario Benavidez Benavidez',1,''),(1249,'2011-06-18 16:04:46',3,58,'593','Karlota Peralta Chavarria',1,''),(1250,'2011-06-18 16:07:37',2,58,'594','Angela Azucena Benanvidez',1,''),(1251,'2011-06-18 16:14:22',4,58,'595','Adela Maradiaga Garcia',1,''),(1252,'2011-06-18 16:16:32',3,58,'596','Benjamin Lumbi Rugama',1,''),(1253,'2011-06-18 16:18:38',3,55,'75','Panalí',1,''),(1254,'2011-06-18 16:26:59',3,58,'597','Isidro Ubeda Montalvan',1,''),(1255,'2011-06-18 16:32:38',2,58,'598','Estelvina  Centeno Gonzalez',1,''),(1256,'2011-06-18 16:37:03',3,58,'599','Santos Ramiro Matey López',1,''),(1257,'2011-06-18 16:38:27',4,58,'600','Lidia Gonzalez Cornejo ',1,''),(1258,'2011-06-18 16:49:07',3,58,'601','Juan Agustin Moreno Castellon',1,''),(1259,'2011-06-19 16:14:06',2,58,'602','Rosa María Matey Perez',1,''),(1260,'2011-06-19 16:27:58',2,58,'603','Hilario Gonzalez',1,''),(1261,'2011-06-19 16:50:24',2,58,'604','Ricardo Alegria Hernandez',1,''),(1262,'2011-06-19 16:52:09',2,55,'76','Los Olivos',1,''),(1263,'2011-06-19 18:24:28',2,58,'605','Ramona Cordobas Gonzalez',1,''),(1264,'2011-06-19 18:54:55',2,58,'606','Maura Gutierrez centeno',1,''),(1265,'2011-06-19 19:29:45',2,58,'607','Ulices Ramiro Espinoza Torrez',1,''),(1266,'2011-06-19 20:07:32',2,58,'608','Francisca Trujillo Velazquez',1,''),(1267,'2011-06-19 20:53:16',2,58,'609','Vicenta Alaniz Martinez',1,''),(1268,'2011-06-19 20:54:44',2,55,'77','Caulatú',1,''),(1269,'2011-06-19 21:11:06',2,58,'610','Neftali Perez Sevilla',1,''),(1270,'2011-06-19 21:27:15',2,58,'611','Hernaldo Miguel Bellorin R',1,''),(1271,'2011-06-19 21:50:31',2,58,'612','Miguel Angel Bellorin Rodriguez',1,''),(1272,'2011-06-19 22:02:09',2,58,'613','Pedro Antonio Matey Lopez',1,''),(1273,'2011-06-19 22:20:32',2,58,'614','Faustino Bacilo Castellon',1,''),(1274,'2011-06-19 22:33:45',2,58,'615','Santos Mendez mejia',1,''),(1275,'2011-06-19 22:44:41',2,58,'616','Juan Alberto Martinez Perez',1,''),(1276,'2011-06-19 22:56:39',2,58,'617','Agustin Irene Moreno Castellon',1,''),(1277,'2011-06-19 23:07:56',2,58,'618','Oscar Primitivo Zamora Morales',1,''),(1278,'2011-06-19 23:17:12',2,58,'619','Margarita de los A Aguilera H',1,''),(1279,'2011-06-20 12:17:19',4,58,'620','Maria Julia Saurez Espinoza',1,''),(1280,'2011-06-20 12:28:56',4,58,'621','Francisco Castro Baquedano',1,''),(1281,'2011-06-20 12:38:13',4,58,'600','Lidia Gonzalez Cornejo ',2,'Añadido/a \"CultivosIPeriodos object\" cultivos i periodos. Añadido/a \"ProductosProcesado object\" productos procesado. Añadido/a \"ProductosProcesado object\" productos procesado. Añadido/a \"VendeProducto object\" vende producto. Añadido/a \"VendeProducto object\" vende producto. Añadido/a \"UsoTecnologia object\" uso tecnologia. Añadido/a \"UsoTecnologia object\" uso tecnologia. Añadido/a \"Semilla object\" semilla. Añadido/a \"Diversidad object\" diversidad. Añadido/a \"Diversidad object\" diversidad. Añadido/a \"Diversidad object\" diversidad. Añadido/a \"Diversidad object\" diversidad. Añadido/a \"Diversidad object\" diversidad. Añadido/a \"Diversidad object\" diversidad. Añadido/a \"Diversidad object\" diversidad. Añadido/a \"Diversidad object\" diversidad. Añadido/a \"Diversidad object\" diversidad. Añadido/a \"AccesoCredito object\" acceso credito. Añadido/a \"Participacion object\" participacion. Añadido/a \"ParticipacionCPC object\" participacion cpc. Añadido/a \"Frecuencia object\" frecuencia. Añadido/a \"Genero object\" genero. Añadido/a \"Genero object\" genero. Añadido/a \"Genero object\" genero. Añadido/a \"Genero object\" genero. Añadido/a \"Genero object\" genero. Añadido/a \"Genero object\" genero. Añadido/a \"TomaDecicion object\" toma decicion. Añadido/a \"TomaDecicion object\" toma decicion. Añadido/a \"TomaDecicion object\" toma decicion. Añadido/a \"TomaDecicion object\" toma decicion. Añadido/a \"TomaDecicion object\" toma decicion. Añadido/a \"TomaDecicion object\" toma decicion.'),(1282,'2011-06-20 13:00:49',4,58,'600','Lidia Gonzalez Cornejo ',2,'Añadido/a \"IngresoGanado object\" ingreso ganado. Añadido/a \"IngresoGanado object\" ingreso ganado.'),(1283,'2011-06-20 13:11:38',4,58,'622','Dionicio Blandón Dávila',1,''),(1284,'2011-06-20 13:20:27',4,58,'623','Mayel Antonio Vásquez González',1,''),(1285,'2011-06-20 13:33:21',4,58,'624','Eudoro Vásquez Bellorin',1,''),(1286,'2011-06-20 13:50:20',4,58,'625','José Francisco Torez',1,''),(1287,'2011-06-20 13:50:28',4,58,'626','José Francisco Torez',1,''),(1288,'2011-06-20 14:20:00',4,58,'625','José Francisco Torez',3,''),(1289,'2011-06-20 17:09:53',4,58,'627','Melba Maria Meneses Benavides ',1,''),(1290,'2011-06-20 17:24:54',4,58,'628','Margarita Zambrano González',1,''),(1291,'2011-06-20 17:26:26',2,58,'586','Juana Ediza Zavala Gonzalez',2,'Modificados mujer, hombre y ambos para \"Tierra object\" tierra. Modificados mujer, hombre y ambos para \"Tierra object\" tierra.'),(1292,'2011-06-20 17:37:16',4,58,'629','Samuel Danilo López Landero',1,''),(1293,'2011-06-20 17:37:30',4,58,'629','Samuel Danilo López Landero',2,'No ha cambiado ningún campo.'),(1294,'2011-06-20 17:42:33',2,58,'574','Lidia  de los A Herrera Arauz',2,'No ha cambiado ningún campo.'),(1295,'2011-06-20 17:46:50',4,58,'630','Gumercindo Aguilar Bellorin',1,''),(1296,'2011-06-20 17:55:51',4,58,'631','  Rafael Bellorin Corea                             ',1,''),(1297,'2011-06-20 17:58:44',2,58,'557','Trinidad de Jesus Castellon Gonzalez',2,'Modificados cantidad y monto para \"ProductosProcesado object\" productos procesado.'),(1298,'2011-06-21 07:08:35',4,58,'632','Juan Francisco Mendez Cruz',1,''),(1299,'2011-06-21 07:16:37',4,58,'633','Eusebio Arostegui Rayo',1,''),(1300,'2011-06-21 07:26:58',4,58,'634','Cristobal Lovo',1,''),(1301,'2011-06-21 07:36:06',4,58,'635','Concepción Gutierrez Polanco ',1,''),(1302,'2011-06-21 07:43:43',4,58,'636','Elvira Garcia Castillo',1,''),(1303,'2011-06-21 13:05:32',4,58,'637','Migdalia del Socorro Florian',1,''),(1304,'2011-06-21 13:14:33',4,58,'638','Juan Jairo Perez',1,''),(1305,'2011-06-21 13:24:47',4,58,'639','Rosibel Ramirez Acuña',1,''),(1306,'2011-06-21 13:38:40',4,58,'640','Natalia Castro Landero ',1,''),(1307,'2011-06-21 13:48:34',4,58,'641','Maria Luisa Zamora Morales',1,''),(1308,'2011-06-21 17:00:07',3,58,'11','Yader Paul Vílchez',2,'Modificados mayo, junio, julio, agosto, septiembre, octubre, enero, febrero, marzo y abril para \"OtrosIngresos object\" otros ingresos.'),(1309,'2011-06-21 17:04:48',3,58,'25','Byron Edonel Teran Castro',2,'Modificados marzo y abril para \"OtrosIngresos object\" otros ingresos.'),(1310,'2011-06-21 17:06:40',4,58,'642','Cruz Adelina',1,''),(1311,'2011-06-21 17:12:03',3,58,'32','Carlos Aguilar',2,'Modificados valor para \"IngresoGanado object\" ingreso ganado.'),(1312,'2011-06-21 17:16:16',4,58,'643','Teofila Melgara Cornejo ',1,''),(1313,'2011-06-21 17:20:17',2,58,'73','Leonel Centeno Herrera',2,'No ha cambiado ningún campo.'),(1314,'2011-06-21 17:21:08',3,58,'50','Arsenio Rivera Pérez',2,'Modificados mayo, junio, julio, agosto, septiembre, octubre, noviembre, diciembre, enero, febrero, marzo y abril para \"OtrosIngresos object\" otros ingresos.'),(1315,'2011-06-21 17:22:46',2,58,'72','Lucrecia Gonzalez Vivas',2,'No ha cambiado ningún campo.'),(1316,'2011-06-21 17:26:08',4,58,'644','Raúl Martinez Acuña',1,''),(1317,'2011-06-21 17:26:38',2,58,'71','Juan Hernandez Chavarria',2,'No ha cambiado ningún campo.'),(1318,'2011-06-21 17:30:32',3,58,'86','Luis Alberto Martínez',2,'Añadido/a \"CultivosPermanentes object\" cultivos permanentes. Añadido/a \"CultivosAnuales object\" cultivos anuales. Añadido/a \"CultivosAnuales object\" cultivos anuales. Añadido/a \"CultivosAnuales object\" cultivos anuales. Añadido/a \"CultivosAnuales object\" cultivos anuales.'),(1319,'2011-06-21 17:30:59',4,58,'390','Imelda González Dávila',2,'Añadido/a \"Semilla object\" semilla.'),(1320,'2011-06-21 17:31:09',4,58,'390','Imelda González Dávila',2,'Añadido/a \"Semilla object\" semilla.'),(1321,'2011-06-21 17:31:18',2,58,'70','Jesus Daniel Lopez Castro',2,'No ha cambiado ningún campo.'),(1322,'2011-06-21 17:33:40',2,58,'69','Alfredo Perez Hernandez',2,'No ha cambiado ningún campo.'),(1323,'2011-06-21 17:34:43',4,58,'294','Francisca Carrasco Tercero',2,'Añadido/a \"Tierra object\" tierra.'),(1324,'2011-06-21 17:34:51',3,58,'90','Antonio Elias Garcia Osorto',2,'Añadido/a \"CultivosAnuales object\" cultivos anuales. Añadido/a \"CultivosAnuales object\" cultivos anuales. Modificados cultivos, manzana y produccion para \"CultivosAnuales object\" cultivos anuales.'),(1325,'2011-06-21 17:36:25',2,58,'66','Boanerge Blandon Castellon',2,'No ha cambiado ningún campo.'),(1326,'2011-06-21 17:38:46',2,58,'63','Roger Antonio Blandon Sovalbarro',2,'No ha cambiado ningún campo.'),(1327,'2011-06-21 17:41:40',4,58,'429','Elia Maria Córdoba Garcia',2,'Modificados area para \"Riego object\" riego. Modificados cantidad para \"AreaProtegida object\" area protegida.'),(1328,'2011-06-21 17:44:37',2,58,'61','Eufemia Guerrero Bucardo',2,'No ha cambiado ningún campo.'),(1329,'2011-06-21 17:46:06',4,58,'340','Lilliam López González',2,'Modificados hombre para \"Tierra object\" tierra. Modificados mujer para \"Tierra object\" tierra. Modificados ganado para \"GanadoMayor object\" ganado mayor. Modificados organismo para \"Frecuencia object\" frecuencia.'),(1330,'2011-06-21 17:49:47',2,58,'57','Florencia Espinoza Matmorros',2,'Modificados precio para \"CultivosIEstacionales object\" cultivos i estacionales.'),(1331,'2011-06-21 17:51:50',2,58,'54','Rafael Antonio Osorio Loasiga',2,'No ha cambiado ningún campo.'),(1332,'2011-06-21 17:54:30',4,58,'312','Leonardo López Martinez',2,'Modificado/a contraparte. Modificados forma para \"VendeProducto object\" vende producto. Modificados forma para \"VendeProducto object\" vende producto. Modificados tecnologia y granos para \"UsoTecnologia object\" uso tecnologia.'),(1333,'2011-06-21 17:56:36',2,58,'49','Espectación Castellon Luquez',2,'Modificados produccion para \"CultivosPermanentes object\" cultivos permanentes. Modificados precio para \"CultivosIEstacionales object\" cultivos i estacionales.'),(1334,'2011-06-21 18:00:58',3,58,'188','Rosibel Sánchez Serrato',2,'Añadido/a \"IngresoGanado object\" ingreso ganado. Modificados ganado, vendidos y valor para \"IngresoGanado object\" ingreso ganado.'),(1335,'2011-06-21 18:03:36',2,58,'52','Benigno Loasiga Miranda',2,'No ha cambiado ningún campo.');
/*!40000 ALTER TABLE `django_admin_log` ENABLE KEYS */;
UNLOCK TABLES;

--
-- Table structure for table `django_content_type`
--

DROP TABLE IF EXISTS `django_content_type`;
/*!40101 SET @saved_cs_client     = @@character_set_client */;
/*!40101 SET character_set_client = utf8 */;
CREATE TABLE `django_content_type` (
  `id` int(11) NOT NULL AUTO_INCREMENT,
  `name` varchar(100) NOT NULL,
  `app_label` varchar(100) NOT NULL,
  `model` varchar(100) NOT NULL,
  PRIMARY KEY (`id`),
  UNIQUE KEY `app_label` (`app_label`,`model`)
) ENGINE=MyISAM AUTO_INCREMENT=83 DEFAULT CHARSET=latin1;
/*!40101 SET character_set_client = @saved_cs_client */;

--
-- Dumping data for table `django_content_type`
--

LOCK TABLES `django_content_type` WRITE;
/*!40000 ALTER TABLE `django_content_type` DISABLE KEYS */;
INSERT INTO `django_content_type` VALUES (1,'permission','auth','permission'),(2,'group','auth','group'),(3,'user','auth','user'),(4,'message','auth','message'),(5,'content type','contenttypes','contenttype'),(6,'session','sessions','session'),(7,'site','sites','site'),(8,'log entry','admin','logentry'),(9,'migration history','south','migrationhistory'),(10,'inmigracion','calidad_vida','inmigracion'),(11,'codigo','calidad_vida','codigo'),(12,'acceso escuela','calidad_vida','accesoescuela'),(13,'razones no estudia','calidad_vida','razonesnoestudia'),(14,'abastece','calidad_vida','abastece'),(15,'agua','calidad_vida','agua'),(16,'estrategia crisis','crisis_alimentaria','estrategiacrisis'),(17,'crisis','crisis_alimentaria','crisis'),(18,'acceso credito','crisis_alimentaria','accesocredito'),(19,'alimentos','diversidad_alimentaria','alimentos'),(20,'diversidad','diversidad_alimentaria','diversidad'),(21,'composicion','familia','composicion'),(22,'descripcion','familia','descripcion'),(23,'escolaridad','familia','escolaridad'),(24,'tierra','formas_propiedad','tierra'),(25,'ciclo','formas_propiedad','ciclo'),(26,'riegos','formas_propiedad','riegos'),(27,'propiedad','formas_propiedad','propiedad'),(28,'genero','genero','genero'),(29,'toma decicion','genero','tomadecicion'),(30,'fuentes','ingresos','fuentes'),(31,'principales fuentes','ingresos','principalesfuentes'),(32,'ci periodos','ingresos','ciperiodos'),(33,'ci permanentes','ingresos','cipermanentes'),(34,'ci estacionales','ingresos','ciestacionales'),(35,'ci hortalizas','ingresos','cihortalizas'),(36,'cultivos i periodos','ingresos','cultivosiperiodos'),(37,'cultivos i permanentes','ingresos','cultivosipermanentes'),(38,'cultivos i estacionales','ingresos','cultivosiestacionales'),(39,'i hortalizas','ingresos','ihortalizas'),(40,'ingreso patio','ingresos','ingresopatio'),(41,'ganados','ingresos','ganados'),(42,'ingreso ganado','ingresos','ingresoganado'),(43,'productos','ingresos','productos'),(44,'lactios','ingresos','lactios'),(45,'p procesado','ingresos','pprocesado'),(46,'productos procesado','ingresos','productosprocesado'),(47,'otras actividades','ingresos','otrasactividades'),(48,'otros ingresos','ingresos','otrosingresos'),(49,'principal forma','ingresos','principalforma'),(50,'productos principales','ingresos','productosprincipales'),(51,'vende producto','ingresos','vendeproducto'),(52,'departamento','lugar','departamento'),(53,'municipio','lugar','municipio'),(54,'comunidad','lugar','comunidad'),(55,'comarca','lugar','comarca'),(56,'recolector','medios','recolector'),(57,'contraparte','medios','contraparte'),(58,'encuesta','medios','encuesta'),(59,'participacion','participacion_ciudadana','participacion'),(60,'participacion cpc','participacion_ciudadana','participacioncpc'),(61,'frecuencia','participacion_ciudadana','frecuencia'),(62,'c periodos','produccion','cperiodos'),(63,'c permanentes','produccion','cpermanentes'),(64,'c anuales','produccion','canuales'),(65,'c hortalizas','produccion','chortalizas'),(66,'cultivos periodos','produccion','cultivosperiodos'),(67,'cultivos permanentes','produccion','cultivospermanentes'),(68,'cultivos anuales','produccion','cultivosanuales'),(69,'hortalizas','produccion','hortalizas'),(70,'consumo diario','produccion','consumodiario'),(71,'limitaciones','produccion','limitaciones'),(72,'principal limitacion','produccion','principallimitacion'),(73,'patio cultivada','produccion','patiocultivada'),(74,'arboles','produccion','arboles'),(75,'calidad patio','produccion','calidadpatio'),(76,'ganado','produccion','ganado'),(77,'ganado mayor','produccion','ganadomayor'),(78,'riego','tecnologia','riego'),(79,'area protegida','tecnologia','areaprotegida'),(80,'uso tecnologia','tecnologia','usotecnologia'),(81,'semilla','tecnologia','semilla'),(82,'credito','crisis_alimentaria','credito');
/*!40000 ALTER TABLE `django_content_type` ENABLE KEYS */;
UNLOCK TABLES;

--
-- Table structure for table `django_session`
--

DROP TABLE IF EXISTS `django_session`;
/*!40101 SET @saved_cs_client     = @@character_set_client */;
/*!40101 SET character_set_client = utf8 */;
CREATE TABLE `django_session` (
  `session_key` varchar(40) NOT NULL,
  `session_data` longtext NOT NULL,
  `expire_date` datetime NOT NULL,
  PRIMARY KEY (`session_key`),
  KEY `django_session_c25c2c28` (`expire_date`)
) ENGINE=MyISAM DEFAULT CHARSET=latin1;
/*!40101 SET character_set_client = @saved_cs_client */;

--
-- Dumping data for table `django_session`
--

LOCK TABLES `django_session` WRITE;
/*!40000 ALTER TABLE `django_session` DISABLE KEYS */;
INSERT INTO `django_session` VALUES ('b2addfadd51dbe3922877d5262ca5e53','ZTFlNjM1MGY5ZmMxNDUxODZmM2ZhY2YwZGI5NmQxN2U2YmZmNjFmMDqAAn1xAShVEl9hdXRoX3Vz\nZXJfYmFja2VuZHECVSlkamFuZ28uY29udHJpYi5hdXRoLmJhY2tlbmRzLk1vZGVsQmFja2VuZHED\nVQ1fYXV0aF91c2VyX2lkcQSKAQF1Lg==\n','2011-06-10 16:33:36'),('a413a67d4bd4383bf4d6281a897da0f2','ZTFlNjM1MGY5ZmMxNDUxODZmM2ZhY2YwZGI5NmQxN2U2YmZmNjFmMDqAAn1xAShVEl9hdXRoX3Vz\nZXJfYmFja2VuZHECVSlkamFuZ28uY29udHJpYi5hdXRoLmJhY2tlbmRzLk1vZGVsQmFja2VuZHED\nVQ1fYXV0aF91c2VyX2lkcQSKAQF1Lg==\n','2011-06-10 15:12:28'),('64711ef1e589e623ec6aa10db9f052b3','ZTFlNjM1MGY5ZmMxNDUxODZmM2ZhY2YwZGI5NmQxN2U2YmZmNjFmMDqAAn1xAShVEl9hdXRoX3Vz\nZXJfYmFja2VuZHECVSlkamFuZ28uY29udHJpYi5hdXRoLmJhY2tlbmRzLk1vZGVsQmFja2VuZHED\nVQ1fYXV0aF91c2VyX2lkcQSKAQF1Lg==\n','2011-06-11 09:06:58'),('8e6937efa7e06b8d8e372865c7ca1625','ZDgyMTQwNjEyYjE0YWY5ZjRhNzVmZjM4NmM2MDE0OWZkYjQxNGJjMDqAAn1xAS4=\n','2011-06-13 16:29:59'),('b0d148ddcca20030357025f2efa93cc0','ZDgyMTQwNjEyYjE0YWY5ZjRhNzVmZjM4NmM2MDE0OWZkYjQxNGJjMDqAAn1xAS4=\n','2011-06-14 17:49:24'),('1230dfbf2891390511c44efbfcb21cee','ZDgyMTQwNjEyYjE0YWY5ZjRhNzVmZjM4NmM2MDE0OWZkYjQxNGJjMDqAAn1xAS4=\n','2011-06-11 15:04:16'),('e59ea4711e36827c07e061448272cebb','ZDgyMTQwNjEyYjE0YWY5ZjRhNzVmZjM4NmM2MDE0OWZkYjQxNGJjMDqAAn1xAS4=\n','2011-06-15 08:01:18'),('9d8977557d5f4565afccdfd9c57d0f6c','NDY0ZTJiYjViNDE3NTU1ZjM3ZTUzOTI3N2Q0ZDhhYmQ5Y2UxZWIxOTqAAn1xAShVEl9hdXRoX3Vz\nZXJfYmFja2VuZHECVSlkamFuZ28uY29udHJpYi5hdXRoLmJhY2tlbmRzLk1vZGVsQmFja2VuZHED\nVQ1fYXV0aF91c2VyX2lkcQSKAQN1Lg==\n','2011-06-11 08:05:45'),('9d003745840ed2d9d852f9383aa26ddb','ZDgyMTQwNjEyYjE0YWY5ZjRhNzVmZjM4NmM2MDE0OWZkYjQxNGJjMDqAAn1xAS4=\n','2011-06-11 15:09:23'),('ee055f3d574a01ed558656e89880827f','ZDgyMTQwNjEyYjE0YWY5ZjRhNzVmZjM4NmM2MDE0OWZkYjQxNGJjMDqAAn1xAS4=\n','2011-06-11 16:11:28'),('410da667a1328a6e4e1325e65539120e','ZDgyMTQwNjEyYjE0YWY5ZjRhNzVmZjM4NmM2MDE0OWZkYjQxNGJjMDqAAn1xAS4=\n','2011-06-12 11:31:59'),('8d7127e571d70cbdece047426d602760','ZDgyMTQwNjEyYjE0YWY5ZjRhNzVmZjM4NmM2MDE0OWZkYjQxNGJjMDqAAn1xAS4=\n','2011-06-12 13:33:53'),('0b6cf76e66c0ea2d114e4b5521877697','ZDgyMTQwNjEyYjE0YWY5ZjRhNzVmZjM4NmM2MDE0OWZkYjQxNGJjMDqAAn1xAS4=\n','2011-06-15 07:54:19'),('ce3262e8fe0595c5098d0531de333620','ZDgyMTQwNjEyYjE0YWY5ZjRhNzVmZjM4NmM2MDE0OWZkYjQxNGJjMDqAAn1xAS4=\n','2011-06-12 13:32:30'),('517cb5d7f561ffbe3c45c6a6062c98a4','ZDgyMTQwNjEyYjE0YWY5ZjRhNzVmZjM4NmM2MDE0OWZkYjQxNGJjMDqAAn1xAS4=\n','2011-06-24 16:23:34'),('6c6be10764d79b8deceb6a395849aad7','ZDgyMTQwNjEyYjE0YWY5ZjRhNzVmZjM4NmM2MDE0OWZkYjQxNGJjMDqAAn1xAS4=\n','2011-06-13 10:53:14'),('b97107aacf491426a7fe0420eaac9a96','ZDgyMTQwNjEyYjE0YWY5ZjRhNzVmZjM4NmM2MDE0OWZkYjQxNGJjMDqAAn1xAS4=\n','2011-06-17 07:57:43'),('2dfe6665b83cbebec942a9059ec528b0','ZDgyMTQwNjEyYjE0YWY5ZjRhNzVmZjM4NmM2MDE0OWZkYjQxNGJjMDqAAn1xAS4=\n','2011-06-13 13:49:36'),('a2895d49b5dc49b958bf04cb21146e79','ZDgyMTQwNjEyYjE0YWY5ZjRhNzVmZjM4NmM2MDE0OWZkYjQxNGJjMDqAAn1xAS4=\n','2011-06-13 14:29:08'),('aa0be523dd3586e8de784f315276f86c','ZDgyMTQwNjEyYjE0YWY5ZjRhNzVmZjM4NmM2MDE0OWZkYjQxNGJjMDqAAn1xAS4=\n','2011-06-14 17:41:00'),('16cb82b00cecd7fa1bf0b70bd5337f64','ZDgyMTQwNjEyYjE0YWY5ZjRhNzVmZjM4NmM2MDE0OWZkYjQxNGJjMDqAAn1xAS4=\n','2011-06-15 07:56:28'),('8d7854483abe307a1683f0fe5051c5a9','ZDgyMTQwNjEyYjE0YWY5ZjRhNzVmZjM4NmM2MDE0OWZkYjQxNGJjMDqAAn1xAS4=\n','2011-06-15 17:07:30'),('fd182f8e200388c240b44e7a479e1bff','ZDgyMTQwNjEyYjE0YWY5ZjRhNzVmZjM4NmM2MDE0OWZkYjQxNGJjMDqAAn1xAS4=\n','2011-06-15 17:37:25'),('026e9bee52fac433e752579fef4fa7a0','ZDgyMTQwNjEyYjE0YWY5ZjRhNzVmZjM4NmM2MDE0OWZkYjQxNGJjMDqAAn1xAS4=\n','2011-06-17 16:59:01'),('ce2cf1cce22a85885553162ecf04a37d','ZDgyMTQwNjEyYjE0YWY5ZjRhNzVmZjM4NmM2MDE0OWZkYjQxNGJjMDqAAn1xAS4=\n','2011-06-16 08:05:19'),('0596aaef917d42dfddaada9f2e079756','ZDgyMTQwNjEyYjE0YWY5ZjRhNzVmZjM4NmM2MDE0OWZkYjQxNGJjMDqAAn1xAS4=\n','2011-06-16 17:49:31'),('fc81ef563946d5e90ce862e46af9ae63','ZDgyMTQwNjEyYjE0YWY5ZjRhNzVmZjM4NmM2MDE0OWZkYjQxNGJjMDqAAn1xAS4=\n','2011-06-16 17:52:59'),('4f52c71b91715e86d2266a0ceb32854c','ZDgyMTQwNjEyYjE0YWY5ZjRhNzVmZjM4NmM2MDE0OWZkYjQxNGJjMDqAAn1xAS4=\n','2011-06-24 08:00:59'),('84483c9246c538f9e3c2ed2c7b49d684','ZDgyMTQwNjEyYjE0YWY5ZjRhNzVmZjM4NmM2MDE0OWZkYjQxNGJjMDqAAn1xAS4=\n','2011-06-18 17:15:43'),('d2c0596f3136bc74cd7d2269ec32ca1b','ZDgyMTQwNjEyYjE0YWY5ZjRhNzVmZjM4NmM2MDE0OWZkYjQxNGJjMDqAAn1xAS4=\n','2011-06-18 17:03:06'),('8d1743ff60c8190409737f259cbdbe34','ZDgyMTQwNjEyYjE0YWY5ZjRhNzVmZjM4NmM2MDE0OWZkYjQxNGJjMDqAAn1xAS4=\n','2011-06-19 12:29:04'),('c21444d891ed5a62fa68ea83a687bc66','ZDgyMTQwNjEyYjE0YWY5ZjRhNzVmZjM4NmM2MDE0OWZkYjQxNGJjMDqAAn1xAS4=\n','2011-06-23 17:50:55'),('00aa6bf8a7d81243c2fbf26ce0e7b09c','ZDgyMTQwNjEyYjE0YWY5ZjRhNzVmZjM4NmM2MDE0OWZkYjQxNGJjMDqAAn1xAS4=\n','2011-06-19 12:44:35'),('c011e65ad374e869db80c4d83291ab00','ZDgyMTQwNjEyYjE0YWY5ZjRhNzVmZjM4NmM2MDE0OWZkYjQxNGJjMDqAAn1xAS4=\n','2011-06-20 08:06:17'),('c5a3ceeef24cedd2ca51f2470b1c6dc3','ZDgyMTQwNjEyYjE0YWY5ZjRhNzVmZjM4NmM2MDE0OWZkYjQxNGJjMDqAAn1xAS4=\n','2011-06-22 18:31:58'),('e329d68bbff8fb9e6abb5fec932f084e','ZDgyMTQwNjEyYjE0YWY5ZjRhNzVmZjM4NmM2MDE0OWZkYjQxNGJjMDqAAn1xAS4=\n','2011-06-20 07:55:02'),('bdad3ff5dff99844154a3c40e41341bf','ZDgyMTQwNjEyYjE0YWY5ZjRhNzVmZjM4NmM2MDE0OWZkYjQxNGJjMDqAAn1xAS4=\n','2011-06-20 18:08:01'),('edea8e544e356c8e398d7c3e18f3d104','ZDgyMTQwNjEyYjE0YWY5ZjRhNzVmZjM4NmM2MDE0OWZkYjQxNGJjMDqAAn1xAS4=\n','2011-06-21 18:10:10'),('e35bc970f071e31c8c847d571f6b9062','ZDgyMTQwNjEyYjE0YWY5ZjRhNzVmZjM4NmM2MDE0OWZkYjQxNGJjMDqAAn1xAS4=\n','2011-06-22 18:04:52'),('9681d6a28e93cfc8a3fc297bddf59533','ZDgyMTQwNjEyYjE0YWY5ZjRhNzVmZjM4NmM2MDE0OWZkYjQxNGJjMDqAAn1xAS4=\n','2011-06-23 08:12:20'),('34cc187432870f4c538d9f838bf2f740','M2IyNWRiMGViNmY0MjM4ZDRlM2RkNjFmZWVmOTQzZjg5ODY2M2EzYzqAAn1xAVUKdGVzdGNvb2tp\nZXECVQZ3b3JrZWRxA3Mu\n','2011-07-03 23:17:40'),('34204ac91969149a01078fd548b8e8c1','ZDgyMTQwNjEyYjE0YWY5ZjRhNzVmZjM4NmM2MDE0OWZkYjQxNGJjMDqAAn1xAS4=\n','2011-06-24 08:04:04'),('39c28deb6b8b5c0e5e5afde7a8748b95','ZDgyMTQwNjEyYjE0YWY5ZjRhNzVmZjM4NmM2MDE0OWZkYjQxNGJjMDqAAn1xAS4=\n','2011-06-24 13:33:07'),('b988b45f92b7caad687bc5591363bef8','ZDgyMTQwNjEyYjE0YWY5ZjRhNzVmZjM4NmM2MDE0OWZkYjQxNGJjMDqAAn1xAS4=\n','2011-06-24 17:13:59'),('0247883258b1cfbe37d35aa3e76726f5','ZDgyMTQwNjEyYjE0YWY5ZjRhNzVmZjM4NmM2MDE0OWZkYjQxNGJjMDqAAn1xAS4=\n','2011-06-27 13:35:54'),('52331a0492f8cd7ab41a966891364844','ZDgyMTQwNjEyYjE0YWY5ZjRhNzVmZjM4NmM2MDE0OWZkYjQxNGJjMDqAAn1xAS4=\n','2011-06-25 15:36:18'),('3d8d3bb59aeee5824f3c046da5680596','ZDgyMTQwNjEyYjE0YWY5ZjRhNzVmZjM4NmM2MDE0OWZkYjQxNGJjMDqAAn1xAS4=\n','2011-06-27 16:55:19'),('915fcfc5520267d6a8ecc17677e65ea4','ZDgyMTQwNjEyYjE0YWY5ZjRhNzVmZjM4NmM2MDE0OWZkYjQxNGJjMDqAAn1xAS4=\n','2011-06-25 13:54:00'),('e133fc8d5ae24a11bebbf4073bce84ae','ZDgyMTQwNjEyYjE0YWY5ZjRhNzVmZjM4NmM2MDE0OWZkYjQxNGJjMDqAAn1xAS4=\n','2011-07-01 15:37:44'),('edf0de578c6b6207f9cf0d87b784a80f','ZDgyMTQwNjEyYjE0YWY5ZjRhNzVmZjM4NmM2MDE0OWZkYjQxNGJjMDqAAn1xAS4=\n','2011-06-25 14:02:16'),('eb9c167f9bacca3b82aae93477626dac','ZDgyMTQwNjEyYjE0YWY5ZjRhNzVmZjM4NmM2MDE0OWZkYjQxNGJjMDqAAn1xAS4=\n','2011-06-25 15:39:05'),('bb0fb6d95a7ccd85378cdd85a5322304','M2IyNWRiMGViNmY0MjM4ZDRlM2RkNjFmZWVmOTQzZjg5ODY2M2EzYzqAAn1xAVUKdGVzdGNvb2tp\nZXECVQZ3b3JrZWRxA3Mu\n','2011-06-25 20:48:28'),('9fc78f99f6da63eae4158ca3929e5ad1','ZDgyMTQwNjEyYjE0YWY5ZjRhNzVmZjM4NmM2MDE0OWZkYjQxNGJjMDqAAn1xAS4=\n','2011-06-28 16:54:02'),('d6fe21eeb2649d78b1179bb5078b881d','ZDgyMTQwNjEyYjE0YWY5ZjRhNzVmZjM4NmM2MDE0OWZkYjQxNGJjMDqAAn1xAS4=\n','2011-06-28 15:36:21'),('080fa5965cfd7449b1f9988b7c0fcfb0','ZDgyMTQwNjEyYjE0YWY5ZjRhNzVmZjM4NmM2MDE0OWZkYjQxNGJjMDqAAn1xAS4=\n','2011-06-28 16:05:43'),('f5ea4cc5c3f150b86030ce1c60127e99','ZDgyMTQwNjEyYjE0YWY5ZjRhNzVmZjM4NmM2MDE0OWZkYjQxNGJjMDqAAn1xAS4=\n','2011-06-30 18:04:10'),('21b41b4f7a0719ddea7212eab7c88ad1','ZDgyMTQwNjEyYjE0YWY5ZjRhNzVmZjM4NmM2MDE0OWZkYjQxNGJjMDqAAn1xAS4=\n','2011-06-30 18:02:20'),('5d758b7bb6b36348ef148337a9cd31bf','ZDgyMTQwNjEyYjE0YWY5ZjRhNzVmZjM4NmM2MDE0OWZkYjQxNGJjMDqAAn1xAS4=\n','2011-07-01 10:03:24'),('2870600b2a1b87c01ed978ad027a9ee4','NDY0ZTJiYjViNDE3NTU1ZjM3ZTUzOTI3N2Q0ZDhhYmQ5Y2UxZWIxOTqAAn1xAShVEl9hdXRoX3Vz\nZXJfYmFja2VuZHECVSlkamFuZ28uY29udHJpYi5hdXRoLmJhY2tlbmRzLk1vZGVsQmFja2VuZHED\nVQ1fYXV0aF91c2VyX2lkcQSKAQN1Lg==\n','2011-07-01 16:15:07'),('70a4fdad823c0037b4e00de6bed856cb','ZDgyMTQwNjEyYjE0YWY5ZjRhNzVmZjM4NmM2MDE0OWZkYjQxNGJjMDqAAn1xAS4=\n','2011-07-04 17:14:51'),('dce493449b1f120803e8b5a27776f007','ZjViMzM5NTYwYTcyNmJjOGI3MjllNjc0ODQ3MWNkNzJiNmMwNWY3MTqAAn1xAShVEl9hdXRoX3Vz\nZXJfYmFja2VuZHECVSlkamFuZ28uY29udHJpYi5hdXRoLmJhY2tlbmRzLk1vZGVsQmFja2VuZHED\nVQ1fYXV0aF91c2VyX2lkcQSKAQR1Lg==\n','2011-07-02 08:53:53'),('04edbad6f475c456999d1b01558dc507','ZDgyMTQwNjEyYjE0YWY5ZjRhNzVmZjM4NmM2MDE0OWZkYjQxNGJjMDqAAn1xAS4=\n','2011-07-02 10:48:40'),('f11a32b7ee0e7da14a727ec01b6dddec','ZDgyMTQwNjEyYjE0YWY5ZjRhNzVmZjM4NmM2MDE0OWZkYjQxNGJjMDqAAn1xAS4=\n','2011-07-02 16:49:15'),('d24f421fdbdae8d099454f1d5ec26d61','ZDgyMTQwNjEyYjE0YWY5ZjRhNzVmZjM4NmM2MDE0OWZkYjQxNGJjMDqAAn1xAS4=\n','2011-07-02 10:26:48'),('e1c931a1b6fc240a9dc2fd78d2cd329f','ZDgyMTQwNjEyYjE0YWY5ZjRhNzVmZjM4NmM2MDE0OWZkYjQxNGJjMDqAAn1xAS4=\n','2011-07-02 16:38:38'),('15a39d5fdc5c92e876036e6da1fc6a20','ZDgyMTQwNjEyYjE0YWY5ZjRhNzVmZjM4NmM2MDE0OWZkYjQxNGJjMDqAAn1xAS4=\n','2011-07-04 17:57:19'),('bda277f0e74451da0428916374b743b4','ZDgyMTQwNjEyYjE0YWY5ZjRhNzVmZjM4NmM2MDE0OWZkYjQxNGJjMDqAAn1xAS4=\n','2011-07-05 17:55:29'),('62502b5f1e491d444f81d41fce9f1cc1','ZDgyMTQwNjEyYjE0YWY5ZjRhNzVmZjM4NmM2MDE0OWZkYjQxNGJjMDqAAn1xAS4=\n','2011-07-05 18:03:40'),('3761abf50482fb0492e803b35c4a3d46','ZDgyMTQwNjEyYjE0YWY5ZjRhNzVmZjM4NmM2MDE0OWZkYjQxNGJjMDqAAn1xAS4=\n','2011-07-05 18:02:53');
/*!40000 ALTER TABLE `django_session` ENABLE KEYS */;
UNLOCK TABLES;

--
-- Table structure for table `django_site`
--

DROP TABLE IF EXISTS `django_site`;
/*!40101 SET @saved_cs_client     = @@character_set_client */;
/*!40101 SET character_set_client = utf8 */;
CREATE TABLE `django_site` (
  `id` int(11) NOT NULL AUTO_INCREMENT,
  `domain` varchar(100) NOT NULL,
  `name` varchar(50) NOT NULL,
  PRIMARY KEY (`id`)
) ENGINE=MyISAM AUTO_INCREMENT=2 DEFAULT CHARSET=latin1;
/*!40101 SET character_set_client = @saved_cs_client */;

--
-- Dumping data for table `django_site`
--

LOCK TABLES `django_site` WRITE;
/*!40000 ALTER TABLE `django_site` DISABLE KEYS */;
INSERT INTO `django_site` VALUES (1,'example.com','example.com');
/*!40000 ALTER TABLE `django_site` ENABLE KEYS */;
UNLOCK TABLES;

--
-- Table structure for table `familia_composicion`
--

DROP TABLE IF EXISTS `familia_composicion`;
/*!40101 SET @saved_cs_client     = @@character_set_client */;
/*!40101 SET character_set_client = utf8 */;
CREATE TABLE `familia_composicion` (
  `id` int(11) NOT NULL AUTO_INCREMENT,
  `sexo` int(11) NOT NULL,
  `edad` int(11) NOT NULL,
  `estado` int(11) NOT NULL,
  `beneficio` int(11) NOT NULL,
  `relacion` int(11) NOT NULL,
  `sexo_jefe` int(11) NOT NULL,
  `num_familia` int(11) NOT NULL,
  `encuesta_id` int(11) NOT NULL,
  PRIMARY KEY (`id`),
  KEY `familia_composicion_1de70ac4` (`encuesta_id`)
) ENGINE=MyISAM AUTO_INCREMENT=645 DEFAULT CHARSET=latin1;
/*!40101 SET character_set_client = @saved_cs_client */;

--
-- Dumping data for table `familia_composicion`
--

LOCK TABLES `familia_composicion` WRITE;
/*!40000 ALTER TABLE `familia_composicion` DISABLE KEYS */;
INSERT INTO `familia_composicion` VALUES (1,1,33,1,1,5,3,1,1),(2,2,55,2,1,5,3,1,2),(3,1,22,2,2,2,1,1,3),(4,2,33,1,1,5,3,1,4),(5,2,43,2,1,5,3,1,5),(6,1,44,1,1,5,3,1,6),(7,2,31,2,2,2,1,2,7),(8,1,29,1,1,5,3,1,8),(9,2,42,1,2,1,1,1,9),(10,2,42,1,1,5,3,1,10),(11,1,33,1,1,5,3,1,11),(12,1,51,1,3,5,3,1,12),(13,1,43,1,1,5,3,8,13),(14,2,32,2,1,5,3,2,14),(15,1,23,1,1,5,3,1,15),(16,2,52,1,3,5,1,1,16),(17,1,36,1,1,5,3,1,17),(18,2,2,2,3,5,3,2,18),(19,2,30,1,1,5,1,1,19),(20,2,92,3,1,5,2,1,20),(21,2,55,3,1,5,3,1,21),(22,2,40,1,1,5,1,1,22),(23,1,47,1,1,5,3,1,23),(24,2,52,2,1,5,3,1,24),(25,1,28,1,3,1,2,3,25),(26,1,46,1,3,1,1,3,26),(27,1,48,1,1,5,3,1,27),(28,1,21,2,2,3,2,2,28),(29,2,58,3,1,5,1,5,29),(30,1,80,1,1,5,2,1,30),(31,1,42,1,1,5,3,1,31),(32,1,60,1,1,5,3,1,32),(33,1,35,1,1,5,3,1,33),(34,1,38,1,1,5,3,1,34),(35,1,23,1,1,5,3,1,35),(36,2,41,1,3,5,3,7,37),(37,1,6,3,1,5,3,1,36),(38,1,45,1,1,5,3,1,38),(39,2,39,1,1,5,3,1,39),(40,2,32,1,3,2,3,4,40),(41,2,52,1,2,1,1,1,41),(42,1,58,1,1,5,3,2,42),(43,1,33,1,1,5,3,1,43),(44,1,55,1,1,5,3,1,44),(45,1,50,1,1,5,3,1,45),(46,1,41,1,1,5,3,1,46),(47,1,38,1,1,5,3,1,47),(48,1,37,1,3,5,3,3,48),(49,1,45,1,1,5,3,3,49),(50,1,64,2,1,5,3,1,50),(51,2,57,3,1,5,3,2,51),(52,1,56,1,1,5,3,1,52),(53,1,35,1,1,5,3,1,53),(54,1,19,2,2,2,1,2,54),(55,1,73,1,1,5,3,2,55),(56,1,64,1,1,5,3,1,56),(57,2,52,1,3,5,3,1,57),(58,2,65,3,1,5,3,2,58),(59,1,68,2,2,4,1,1,59),(60,1,52,1,3,5,3,1,60),(61,2,48,3,1,5,3,1,61),(62,2,25,1,2,1,1,1,62),(63,1,27,1,1,5,3,1,63),(64,2,58,1,2,1,1,1,64),(65,2,30,1,2,1,1,1,65),(66,1,32,1,1,5,3,1,66),(67,1,55,1,1,1,3,1,67),(68,2,46,1,2,1,1,1,68),(69,1,29,2,2,2,2,2,69),(70,1,39,1,1,5,3,1,70),(71,1,42,1,1,5,3,1,71),(72,2,36,1,2,1,1,1,72),(73,1,32,1,1,5,3,1,73),(74,1,35,1,1,5,3,1,74),(75,1,66,1,1,5,3,1,75),(76,2,29,1,3,5,3,1,76),(77,1,24,2,2,2,2,1,77),(78,1,22,1,2,2,1,2,78),(79,1,46,1,1,5,3,3,79),(80,1,44,1,2,1,1,1,80),(81,2,36,1,3,5,3,2,81),(82,2,30,1,2,1,1,1,82),(83,2,48,3,1,5,2,1,83),(84,2,38,1,1,5,3,1,84),(85,1,25,2,2,2,2,2,85),(86,1,68,1,1,5,2,2,86),(87,1,26,1,1,5,2,1,87),(88,2,47,1,2,1,1,2,88),(89,1,50,1,1,5,3,8,89),(90,1,42,1,1,5,2,1,90),(91,2,35,1,2,1,1,1,91),(92,2,39,1,3,5,3,2,92),(93,1,56,1,1,5,2,1,93),(94,1,34,1,1,5,2,1,94),(95,1,58,1,1,5,2,2,95),(96,1,67,1,1,5,1,1,96),(97,1,29,2,2,2,2,2,97),(98,1,50,1,1,5,1,1,98),(99,1,45,1,2,1,2,1,99),(100,2,42,1,2,1,1,1,100),(101,2,44,2,2,1,1,1,101),(102,2,54,1,1,5,3,1,102),(103,1,47,1,1,5,1,1,103),(104,1,27,1,3,5,3,1,104),(105,1,45,1,1,5,3,1,105),(106,1,47,1,1,5,3,1,106),(107,1,38,1,1,5,3,1,107),(108,2,43,1,2,1,1,1,108),(109,1,26,2,2,2,1,2,109),(110,1,74,1,1,5,3,1,110),(111,1,87,1,1,5,3,1,111),(112,1,54,1,3,5,3,1,112),(113,1,50,1,3,5,3,2,113),(114,2,31,1,3,5,2,1,114),(115,1,27,1,1,5,3,1,115),(116,2,44,1,2,1,1,1,116),(117,2,33,1,2,1,1,1,117),(118,2,46,1,3,5,3,1,118),(119,1,28,1,1,5,3,1,119),(120,2,44,1,2,1,1,1,120),(121,2,39,1,3,5,3,2,121),(122,1,39,1,1,5,3,1,122),(123,2,55,3,1,5,3,2,123),(124,2,23,2,2,2,1,1,124),(125,1,47,1,1,5,3,1,125),(126,1,60,1,3,1,2,1,126),(127,1,42,1,1,5,3,1,127),(128,1,46,1,1,5,3,3,128),(129,1,32,1,1,5,3,1,129),(130,1,33,1,1,5,3,1,130),(131,1,40,1,1,5,3,1,131),(132,2,50,1,1,5,3,2,132),(133,2,37,1,2,1,1,1,133),(134,1,27,1,1,5,3,1,134),(135,1,34,1,1,5,3,1,135),(136,2,45,2,1,5,3,1,136),(137,1,36,2,1,5,3,1,137),(138,1,46,1,1,5,3,1,138),(139,1,28,1,1,5,3,1,139),(140,1,38,1,1,5,3,1,140),(141,2,41,2,3,5,3,1,141),(142,1,19,2,2,2,1,1,142),(143,1,42,1,1,5,3,1,143),(144,1,75,1,1,5,3,1,144),(145,2,80,3,3,3,2,1,145),(146,2,30,1,2,1,1,1,146),(147,2,36,1,3,5,3,1,147),(148,1,65,1,1,5,3,1,148),(149,1,66,1,1,5,3,3,149),(150,1,46,1,3,1,3,1,150),(151,1,23,1,2,2,1,2,151),(152,1,49,1,1,5,3,1,152),(153,1,43,1,1,5,3,1,153),(154,1,28,1,1,5,3,1,154),(155,2,62,3,1,5,3,4,155),(156,1,64,1,1,5,3,1,156),(157,1,37,1,1,5,3,1,157),(158,1,42,1,1,5,3,1,158),(159,1,40,1,1,5,3,1,159),(160,1,60,1,1,5,3,1,160),(161,2,40,2,1,5,3,1,161),(162,1,32,1,1,5,3,1,162),(163,2,33,1,3,5,3,1,163),(164,2,38,1,3,5,3,1,164),(165,2,36,1,3,5,3,1,165),(166,2,48,2,1,5,3,1,166),(167,1,32,2,1,5,3,1,167),(168,1,55,1,3,5,3,1,168),(169,1,44,1,1,5,3,1,169),(170,1,55,1,1,5,3,3,170),(171,1,28,1,1,5,3,1,171),(172,1,38,1,3,5,3,1,172),(173,1,43,1,1,5,3,1,173),(174,1,34,1,1,5,3,2,174),(175,2,55,1,2,1,1,1,175),(176,2,45,1,2,1,1,2,176),(177,1,27,1,1,5,3,1,177),(178,1,36,1,1,5,3,2,178),(179,1,68,1,1,5,3,1,179),(180,2,66,3,1,5,3,1,180),(181,1,40,1,1,5,3,1,181),(182,2,53,1,2,1,1,2,182),(183,2,70,3,1,5,3,1,183),(184,2,26,1,3,5,3,1,184),(185,2,74,3,1,5,3,1,185),(186,1,40,1,1,5,3,2,186),(187,1,45,1,1,5,3,1,187),(188,2,57,1,1,2,3,1,188),(189,1,41,1,1,5,2,1,189),(190,1,55,1,3,5,3,2,190),(191,1,41,1,1,5,3,1,191),(192,2,76,1,1,2,2,1,192),(193,1,29,1,1,5,1,1,193),(194,2,56,1,2,1,1,2,194),(195,1,51,1,1,2,1,1,195),(196,1,35,1,1,5,3,1,196),(197,1,43,1,1,5,3,1,197),(198,1,23,1,1,5,3,1,198),(199,1,45,1,1,5,3,1,199),(200,2,33,1,3,5,3,1,200),(201,1,40,1,1,5,3,1,201),(202,1,42,1,1,5,3,1,202),(203,1,32,1,1,5,3,1,203),(204,1,36,1,1,5,3,1,204),(205,2,58,1,2,1,1,1,205),(206,2,32,1,2,1,1,1,206),(207,1,40,1,2,3,1,2,207),(208,1,32,1,3,5,3,1,208),(209,2,30,1,3,5,3,1,209),(210,1,38,1,1,5,3,1,210),(211,2,35,1,3,5,3,1,211),(212,2,40,1,2,1,1,1,212),(213,1,22,1,1,5,3,1,213),(214,2,23,1,2,1,1,1,214),(215,2,31,1,1,5,3,1,215),(216,1,31,1,1,5,3,1,216),(217,1,49,1,1,5,3,1,217),(218,1,40,1,1,5,3,1,218),(219,1,76,1,1,5,3,1,219),(220,1,26,1,1,5,1,1,220),(221,2,47,1,2,1,1,1,221),(222,1,42,1,1,5,3,1,222),(223,1,51,2,1,5,3,3,223),(224,2,37,1,2,1,1,1,224),(225,2,23,1,3,1,1,1,225),(226,1,32,1,1,5,3,1,226),(227,1,38,2,1,5,3,1,227),(228,1,22,2,2,2,2,1,228),(229,2,38,2,1,5,3,1,229),(230,1,26,1,1,5,3,1,230),(231,1,35,1,1,5,3,1,231),(232,1,18,2,3,2,3,2,232),(233,2,77,3,1,5,3,1,233),(234,1,40,1,1,5,3,1,234),(235,1,32,1,1,5,3,1,235),(236,1,35,1,1,5,3,1,236),(237,1,38,1,3,1,3,1,237),(238,2,26,1,3,5,3,1,238),(239,2,32,1,2,1,1,1,239),(240,2,64,1,2,1,1,1,240),(241,1,33,1,1,5,3,1,241),(242,2,38,1,2,1,1,1,242),(243,1,72,1,1,5,3,1,243),(244,1,27,1,1,5,3,1,244),(245,1,53,2,1,5,3,1,245),(246,1,69,1,1,5,3,1,246),(247,1,74,1,1,5,3,3,247),(248,1,45,1,1,1,3,3,248),(249,1,40,1,1,5,3,1,249),(250,2,49,2,1,5,3,3,250),(251,1,48,1,1,5,3,1,251),(252,1,35,1,3,2,3,1,252),(253,2,33,1,3,1,3,1,253),(254,1,39,1,1,5,1,1,254),(255,2,25,1,2,1,1,1,256),(256,2,40,1,3,1,3,1,257),(257,1,83,1,1,5,3,1,258),(258,1,34,1,1,5,3,1,259),(259,2,33,1,2,1,1,2,255),(260,2,47,1,1,1,2,1,260),(261,2,20,2,2,2,1,3,261),(262,1,26,1,1,1,1,1,262),(263,2,42,1,1,1,2,1,263),(264,2,25,1,2,2,2,2,264),(265,1,34,1,3,5,3,1,265),(266,2,78,2,1,2,2,1,266),(267,2,44,1,2,1,1,3,267),(268,1,49,1,1,5,3,1,268),(269,2,38,1,2,2,2,1,269),(270,2,43,1,2,1,1,1,270),(271,1,34,2,1,5,3,1,271),(272,2,30,1,3,5,3,1,272),(273,2,25,1,1,5,2,1,273),(274,2,38,1,2,1,1,1,274),(275,1,33,1,1,5,3,1,275),(276,1,61,1,1,5,1,1,276),(277,1,42,2,3,5,3,0,277),(278,2,33,1,3,5,3,1,278),(279,2,26,1,2,1,1,1,279),(280,1,44,1,1,5,3,1,280),(281,2,26,1,2,1,1,1,281),(282,1,32,1,1,4,3,1,282),(283,1,24,1,1,5,1,0,283),(284,2,28,2,1,5,3,1,284),(285,2,43,1,1,5,3,1,285),(286,1,31,1,1,5,3,1,286),(287,1,59,1,1,5,3,1,287),(288,1,53,1,1,5,3,1,288),(289,1,56,1,1,5,3,2,289),(290,1,44,1,1,5,3,1,290),(291,1,41,1,3,5,3,1,291),(292,2,60,1,1,5,3,1,292),(293,1,59,1,1,5,3,2,293),(294,2,42,1,1,5,3,1,294),(295,1,62,1,1,5,3,1,295),(296,2,49,2,1,5,3,1,296),(297,2,33,1,2,1,1,1,297),(298,1,44,2,1,5,3,1,298),(299,1,33,1,1,5,3,1,299),(300,1,56,1,3,5,3,1,300),(301,1,59,1,3,5,3,1,301),(302,2,58,1,1,5,3,1,302),(303,2,62,1,3,5,3,3,303),(304,1,40,1,1,5,3,1,304),(305,2,46,1,3,5,3,2,305),(306,2,50,1,2,1,1,1,306),(307,1,39,1,1,5,3,1,307),(308,1,47,1,1,5,3,1,308),(309,2,50,1,3,5,3,1,309),(310,2,47,1,1,5,3,1,310),(311,1,43,1,1,5,3,1,311),(312,2,67,1,3,5,3,2,312),(313,2,39,2,1,5,3,1,313),(314,1,42,1,1,5,3,1,314),(315,2,38,1,1,5,3,1,315),(316,1,38,2,2,3,1,2,316),(317,1,64,1,1,5,3,1,317),(318,1,39,1,1,5,2,1,318),(319,1,40,1,1,5,3,1,319),(537,2,35,1,3,5,3,1,537),(321,2,36,1,3,5,3,2,321),(322,2,38,1,3,5,3,1,322),(323,1,60,1,1,5,3,1,323),(324,2,54,1,3,5,3,1,324),(325,2,46,1,1,5,3,1,325),(326,2,34,1,3,5,3,1,326),(327,1,68,1,1,5,3,2,327),(328,1,38,1,3,5,3,1,328),(329,1,55,1,1,5,3,1,329),(330,1,21,2,1,5,3,1,330),(331,1,36,1,2,1,1,1,331),(332,1,52,1,1,5,3,1,332),(333,1,61,1,1,5,3,1,333),(334,1,60,1,1,5,3,1,334),(335,2,34,1,1,5,3,1,335),(336,1,33,1,1,5,3,1,336),(337,1,30,1,3,5,3,1,337),(338,1,64,1,1,5,3,1,338),(339,2,41,1,3,5,3,1,339),(340,2,1,1,3,5,3,1,340),(341,2,38,1,3,5,3,1,341),(342,1,42,1,1,5,3,1,342),(343,1,36,2,1,5,3,1,343),(344,1,33,1,2,3,1,2,344),(345,2,25,1,2,1,3,1,345),(346,2,60,1,1,5,3,1,346),(347,1,29,1,1,5,3,1,347),(348,1,50,1,1,5,3,1,348),(349,2,56,1,2,1,1,1,349),(350,2,59,3,1,5,3,1,350),(351,1,32,1,2,1,1,1,351),(352,1,19,1,2,2,1,2,352),(353,2,51,2,2,1,1,2,353),(354,2,37,1,3,5,3,1,354),(355,2,47,1,2,1,1,2,355),(356,1,20,2,2,3,1,1,356),(357,1,33,1,1,5,3,1,357),(358,1,54,1,1,5,3,1,358),(359,2,32,1,2,1,1,4,359),(360,2,53,2,1,5,3,2,360),(361,2,23,1,2,1,1,1,361),(362,1,66,1,1,5,3,1,362),(363,1,30,1,2,1,1,1,363),(364,1,60,1,1,5,3,2,364),(365,2,35,1,3,5,3,1,365),(366,2,30,1,2,1,1,1,366),(367,2,53,1,2,1,1,1,367),(368,2,64,1,2,1,1,1,368),(369,1,19,2,2,3,1,1,369),(370,2,42,2,3,1,1,1,370),(371,2,44,1,2,1,1,1,371),(372,1,28,1,2,2,1,1,372),(373,2,35,1,3,5,3,1,373),(374,1,56,1,1,5,3,2,374),(375,1,72,1,1,5,3,1,375),(376,1,65,1,1,5,3,2,376),(377,1,56,1,3,5,3,1,377),(378,2,60,1,1,5,3,1,378),(379,2,28,2,2,3,1,2,379),(380,1,58,1,1,5,3,1,380),(381,1,30,1,2,1,1,1,381),(382,2,32,1,1,5,3,1,382),(383,1,62,1,1,5,3,1,383),(384,1,45,1,1,5,3,1,384),(385,2,32,1,1,5,3,1,385),(386,1,40,1,1,5,3,1,386),(387,2,44,1,3,1,3,1,387),(388,1,41,1,3,5,3,2,388),(389,1,64,1,1,5,3,1,389),(390,2,44,1,3,1,3,2,390),(391,1,59,1,1,5,3,1,391),(392,1,58,1,1,5,3,1,392),(393,2,52,1,3,5,3,3,393),(394,2,28,1,3,5,3,1,394),(395,2,58,3,1,5,3,1,395),(396,1,27,2,1,5,3,1,396),(397,1,54,1,1,5,3,2,397),(398,1,31,1,1,5,3,1,398),(399,1,71,1,1,5,3,1,399),(400,1,41,1,1,5,3,1,400),(401,1,39,1,1,5,3,1,401),(402,1,42,1,1,5,3,1,402),(403,1,35,1,1,5,3,1,403),(404,1,30,1,1,5,3,1,404),(405,2,38,1,2,1,1,1,405),(406,2,32,1,1,1,1,2,406),(407,2,45,2,1,5,3,2,407),(408,1,40,1,1,5,3,1,408),(409,1,58,2,1,5,3,2,409),(410,2,36,1,2,4,2,2,410),(411,1,28,2,1,5,3,1,411),(412,2,27,1,2,1,1,1,412),(413,1,67,1,1,5,3,1,413),(414,2,27,1,2,1,1,1,414),(415,2,52,1,2,1,1,1,415),(416,2,35,2,1,5,3,1,416),(417,1,45,2,1,5,3,1,417),(418,1,57,1,1,5,3,2,418),(419,1,48,1,1,5,3,1,419),(420,1,22,2,1,5,3,1,420),(421,1,30,2,1,5,3,1,421),(422,2,39,1,3,3,3,1,422),(423,2,24,1,3,5,3,1,423),(424,1,60,1,1,5,3,2,424),(425,1,50,1,1,5,3,1,425),(426,1,67,1,3,5,3,2,426),(427,1,24,1,1,5,3,1,427),(428,2,47,2,1,5,3,7,428),(429,2,47,2,1,5,3,1,429),(430,1,66,1,1,5,3,7,430),(431,2,50,1,2,1,1,6,431),(432,2,56,3,1,5,3,2,432),(433,1,66,1,3,5,3,12,433),(434,1,28,1,1,5,3,1,434),(435,2,54,1,2,1,1,3,435),(436,1,40,2,2,3,1,3,436),(437,1,42,1,1,5,3,1,437),(438,2,50,2,1,5,3,1,438),(439,2,22,2,2,3,2,1,439),(440,2,50,2,1,5,3,1,440),(441,1,59,1,3,5,3,1,441),(442,2,52,2,1,5,3,2,442),(443,1,23,1,2,4,1,2,443),(444,2,50,1,3,5,3,2,444),(445,2,41,1,3,5,3,0,445),(446,1,59,1,1,5,3,2,446),(447,2,43,1,2,5,3,1,447),(448,2,32,1,3,5,3,1,448),(449,2,21,1,2,1,1,1,449),(450,2,20,1,2,1,1,2,450),(451,2,36,1,2,1,1,1,451),(452,2,40,1,3,5,3,1,452),(453,1,28,1,1,5,3,1,453),(454,1,30,2,3,5,3,1,454),(455,1,45,1,1,5,3,2,455),(456,1,39,1,1,5,3,1,456),(457,1,41,2,2,3,1,4,457),(458,1,52,1,1,5,3,2,458),(459,2,38,1,3,5,3,1,459),(460,1,50,1,1,5,3,1,460),(461,2,34,1,3,5,3,1,461),(462,2,50,1,3,5,3,1,462),(463,1,50,1,1,5,3,0,463),(464,2,40,1,2,1,1,1,464),(465,1,33,1,1,5,3,1,465),(466,2,33,1,3,1,3,1,466),(467,2,39,1,2,1,1,1,467),(468,2,39,1,2,1,1,1,468),(469,1,63,1,1,5,3,2,469),(470,2,34,1,2,4,2,3,470),(471,1,75,1,1,5,3,2,471),(472,2,25,1,2,3,2,3,472),(473,2,28,1,2,1,1,1,473),(474,2,25,1,2,1,1,3,474),(475,2,45,1,3,5,3,2,475),(476,2,50,2,1,5,3,1,476),(477,2,25,1,2,1,1,1,477),(478,2,44,1,2,1,1,1,478),(479,1,35,1,1,5,3,1,479),(480,2,31,1,2,1,1,1,480),(481,2,57,1,3,5,3,1,481),(482,1,39,1,3,5,3,1,482),(483,1,31,1,1,5,3,1,483),(484,2,40,1,1,1,1,1,484),(485,2,54,1,2,1,1,3,485),(486,1,37,1,3,5,3,1,486),(487,1,44,1,3,5,3,1,487),(488,2,39,1,2,1,1,1,488),(489,2,29,1,2,1,1,1,489),(490,2,21,1,2,1,1,1,490),(491,2,42,2,1,5,3,1,491),(492,1,67,3,1,5,3,1,492),(493,1,55,1,1,5,3,1,493),(494,2,31,1,2,1,1,1,494),(495,1,75,1,1,5,3,1,495),(496,2,46,1,3,5,3,1,496),(497,2,51,1,2,1,1,2,497),(498,2,1,2,1,1,1,1,498),(499,1,69,2,1,5,3,3,499),(500,2,47,1,2,1,1,1,500),(501,2,30,1,3,5,3,1,501),(502,2,51,2,1,5,3,1,502),(503,1,50,1,1,5,3,1,503),(504,2,30,1,2,1,1,1,504),(505,2,44,1,3,5,3,1,505),(567,1,63,1,1,5,3,1,567),(507,2,49,1,2,1,1,1,507),(566,2,0,1,1,1,1,1,566),(509,2,35,1,2,1,1,1,509),(510,2,72,1,3,5,3,1,510),(511,1,44,2,3,5,3,1,511),(512,2,41,1,3,5,3,1,512),(513,2,25,1,3,5,3,0,513),(515,2,45,1,3,5,3,1,515),(516,2,28,1,1,5,3,1,516),(517,2,36,1,2,1,1,0,517),(518,1,34,1,1,5,3,1,518),(519,2,43,1,2,1,1,1,519),(520,2,51,1,1,5,3,1,520),(521,2,47,1,2,1,1,2,521),(522,2,28,1,3,5,3,1,522),(523,2,34,1,3,5,3,1,523),(524,2,33,2,3,5,3,1,524),(525,2,46,1,1,5,3,1,525),(526,2,44,1,1,5,3,1,526),(527,2,28,1,2,1,1,1,527),(528,2,27,1,2,1,1,1,528),(529,2,46,1,3,5,3,1,529),(530,2,26,1,3,5,3,1,530),(531,2,62,1,2,1,1,1,531),(532,2,44,1,2,1,1,1,532),(533,2,33,1,3,3,3,1,533),(534,2,39,1,3,5,3,2,534),(565,1,28,1,1,5,3,1,565),(536,2,29,1,3,5,3,1,536),(538,2,39,1,3,5,3,1,538),(539,2,25,2,2,2,1,2,539),(540,2,48,1,3,5,3,1,540),(541,2,32,1,2,1,1,1,541),(542,2,58,1,1,5,3,1,542),(543,1,55,1,1,5,3,1,543),(544,2,64,2,1,4,3,3,544),(545,1,65,1,1,5,3,1,545),(546,1,34,1,1,5,3,1,546),(547,1,26,1,1,5,3,1,547),(548,2,59,1,2,1,1,2,548),(549,2,37,1,3,5,3,1,549),(550,2,46,3,2,2,1,1,550),(551,2,21,1,2,1,1,1,551),(552,2,32,1,2,1,1,1,552),(553,2,30,1,2,1,1,1,553),(554,2,54,1,2,1,1,2,554),(555,2,42,1,2,1,1,2,555),(556,2,40,1,1,5,3,1,556),(557,2,25,1,2,1,1,1,557),(558,2,34,1,2,1,1,1,558),(559,1,43,1,1,5,3,1,559),(560,1,29,1,1,5,3,1,560),(561,2,35,1,3,5,3,2,561),(562,2,32,1,2,1,1,1,562),(563,2,35,1,3,5,3,1,563),(564,2,0,1,3,4,3,1,564),(568,1,70,1,1,5,3,1,568),(569,1,39,2,2,2,1,1,569),(570,1,36,1,1,5,3,1,570),(571,2,38,1,2,1,1,1,571),(572,1,38,1,1,5,3,1,572),(573,1,56,1,1,5,3,1,573),(574,2,38,2,1,5,3,1,574),(575,2,53,1,1,5,3,1,575),(576,2,40,1,2,1,1,1,576),(577,1,50,1,1,5,3,1,577),(578,1,72,1,1,5,3,1,578),(579,2,39,2,1,5,3,1,579),(580,2,40,1,2,1,1,1,580),(581,2,55,1,2,1,1,1,581),(582,2,52,2,1,5,3,1,582),(583,1,68,1,1,5,3,1,583),(584,1,36,1,1,5,3,1,584),(585,1,45,1,1,5,3,1,585),(586,2,38,2,1,5,3,1,586),(587,1,34,1,1,5,3,1,587),(588,1,49,1,1,5,3,1,588),(589,2,44,1,2,1,1,1,589),(590,1,40,1,1,5,3,1,590),(591,2,48,2,1,5,3,2,591),(592,2,55,1,3,5,3,1,592),(593,2,39,1,2,1,1,1,593),(594,2,42,2,2,3,2,1,594),(595,2,33,1,3,5,3,1,595),(596,1,28,1,3,5,3,1,596),(597,1,50,1,1,5,3,1,597),(598,2,52,3,1,5,3,1,598),(599,1,32,2,2,3,1,1,599),(600,2,46,1,3,5,3,1,600),(601,1,55,1,1,5,3,1,601),(602,2,49,2,1,5,3,1,602),(603,1,53,1,1,5,3,1,603),(604,1,58,1,1,5,3,1,604),(605,2,50,1,1,5,3,1,605),(606,2,40,1,1,5,3,2,606),(607,1,31,1,1,5,3,1,607),(608,2,46,2,1,5,3,2,608),(609,2,40,2,1,5,3,1,609),(610,1,55,1,1,5,3,2,610),(611,1,61,1,1,5,3,1,611),(612,1,50,1,1,5,3,2,612),(613,1,36,1,1,5,3,1,613),(614,1,35,1,1,5,3,1,614),(615,1,50,1,1,5,3,1,615),(616,1,70,1,1,5,3,1,616),(617,1,60,1,1,5,3,1,617),(618,2,50,1,2,1,2,1,618),(619,2,24,1,1,5,3,1,619),(620,2,35,2,2,1,1,1,620),(621,1,57,2,1,5,3,1,621),(622,1,0,1,2,5,3,1,622),(623,1,21,1,1,5,3,1,623),(624,1,53,1,1,4,3,1,624),(627,2,0,1,2,1,1,1,627),(626,1,50,1,1,4,3,1,626),(628,2,50,1,2,1,1,1,628),(629,1,27,1,1,5,3,1,629),(630,2,69,2,1,5,3,1,630),(631,1,63,1,1,5,3,1,631),(632,1,54,1,1,5,3,1,632),(633,1,46,1,1,5,3,1,633),(634,1,62,1,1,5,3,1,634),(635,1,0,1,1,5,3,1,635),(636,2,48,1,2,1,1,1,636),(637,2,38,1,3,5,3,1,637),(638,1,41,1,1,5,3,1,638),(639,2,38,1,3,5,3,1,639),(640,2,60,2,1,5,3,1,640),(641,2,1,1,1,5,3,1,641),(642,2,48,2,1,5,2,1,642),(643,2,65,1,3,5,3,1,643),(644,1,29,1,1,5,3,1,644);
/*!40000 ALTER TABLE `familia_composicion` ENABLE KEYS */;
UNLOCK TABLES;

--
-- Table structure for table `familia_descripcion`
--

DROP TABLE IF EXISTS `familia_descripcion`;
/*!40101 SET @saved_cs_client     = @@character_set_client */;
/*!40101 SET character_set_client = utf8 */;
CREATE TABLE `familia_descripcion` (
  `id` int(11) NOT NULL AUTO_INCREMENT,
  `descripcion` int(11) NOT NULL,
  `femenino` int(11) NOT NULL,
  `masculino` int(11) NOT NULL,
  `encuesta_id` int(11) NOT NULL,
  PRIMARY KEY (`id`),
  KEY `familia_descripcion_1de70ac4` (`encuesta_id`)
) ENGINE=MyISAM AUTO_INCREMENT=1979 DEFAULT CHARSET=latin1;
/*!40101 SET character_set_client = @saved_cs_client */;

--
-- Dumping data for table `familia_descripcion`
--

LOCK TABLES `familia_descripcion` WRITE;
/*!40000 ALTER TABLE `familia_descripcion` DISABLE KEYS */;
INSERT INTO `familia_descripcion` VALUES (1,1,3,3,1),(2,2,2,2,1),(3,3,1,1,1),(4,1,2,3,3),(5,2,1,1,3),(6,3,1,2,3),(7,1,2,2,4),(8,2,1,1,4),(9,3,1,1,4),(10,1,2,3,5),(11,2,0,2,5),(12,3,2,1,5),(13,1,2,1,2),(14,2,1,1,2),(15,3,1,0,2),(16,1,3,2,6),(17,2,2,1,6),(18,3,1,1,6),(19,1,3,7,7),(20,2,1,3,7),(21,3,2,3,7),(22,1,3,1,8),(23,2,2,0,8),(24,3,1,1,8),(25,1,2,1,10),(26,2,1,0,10),(27,3,1,1,10),(28,1,4,2,9),(29,2,1,0,9),(30,3,3,2,9),(31,1,2,2,11),(32,2,0,2,11),(33,3,1,1,11),(34,1,6,2,12),(35,2,1,0,12),(36,3,5,2,12),(37,1,3,5,13),(38,2,2,2,13),(39,3,2,2,13),(40,1,3,3,14),(41,2,1,1,14),(42,3,2,2,14),(43,1,2,1,15),(44,2,1,0,15),(45,3,1,1,15),(46,1,2,3,16),(47,2,1,0,16),(48,3,1,3,16),(49,1,3,3,17),(50,2,2,1,17),(51,3,1,1,17),(52,5,0,1,17),(53,1,5,1,18),(54,2,3,0,18),(55,3,2,1,18),(56,1,2,2,19),(57,2,1,1,19),(58,3,1,1,19),(59,1,1,0,20),(60,4,1,0,20),(61,1,4,3,21),(62,2,1,2,21),(63,3,3,1,21),(64,1,3,3,22),(65,2,2,2,22),(66,3,1,1,22),(67,1,2,7,23),(68,2,2,4,23),(69,3,1,2,23),(70,1,5,1,24),(71,2,3,0,24),(72,3,2,1,24),(73,1,2,1,25),(74,2,1,0,25),(75,3,1,1,25),(76,1,1,2,26),(77,2,0,1,26),(78,3,1,1,26),(79,1,2,3,27),(80,2,0,1,27),(81,3,2,2,27),(82,1,6,7,28),(83,2,3,4,28),(84,3,3,3,28),(85,1,1,4,29),(86,2,0,2,29),(87,3,1,0,29),(88,5,0,2,29),(89,1,4,3,30),(90,2,1,0,30),(91,3,1,1,30),(92,4,1,1,30),(93,5,1,1,30),(94,1,3,5,31),(95,2,2,4,31),(96,3,1,1,31),(97,1,5,2,32),(98,2,1,1,32),(99,3,4,1,32),(100,1,1,3,33),(101,2,0,2,33),(102,3,1,1,33),(103,1,5,2,34),(104,2,4,0,34),(105,3,0,3,34),(106,1,1,2,35),(107,1,2,6,37),(108,2,0,3,37),(109,3,2,3,37),(110,1,1,0,36),(111,1,2,5,38),(112,2,1,4,38),(113,3,1,1,38),(114,1,2,3,39),(115,2,1,2,39),(116,3,1,1,39),(117,1,3,1,40),(118,2,2,0,40),(119,3,1,1,40),(120,1,1,3,41),(121,3,1,3,41),(122,1,3,3,42),(123,2,1,1,42),(124,3,2,2,42),(125,1,3,2,43),(126,2,2,1,43),(127,3,1,1,43),(128,1,4,8,44),(129,2,2,6,44),(130,3,2,2,44),(131,1,3,4,45),(132,2,2,1,45),(133,3,2,2,45),(134,1,3,2,46),(135,2,1,1,46),(136,3,2,1,46),(137,1,1,4,47),(138,2,0,3,47),(139,3,1,1,47),(140,1,3,3,48),(141,2,2,2,48),(142,3,1,1,48),(143,1,3,4,49),(144,2,1,1,49),(145,3,2,3,49),(146,1,0,2,50),(147,4,0,2,50),(148,1,2,6,51),(149,2,0,4,51),(150,3,2,2,51),(151,1,3,3,52),(152,2,2,0,52),(153,3,1,3,52),(154,1,3,3,53),(155,2,2,2,53),(156,3,1,1,53),(157,1,3,4,54),(158,2,1,2,54),(159,3,2,2,54),(160,1,2,4,55),(161,2,0,1,55),(162,3,1,2,55),(163,4,1,1,55),(164,1,3,2,56),(165,3,3,2,56),(166,1,3,2,57),(167,3,3,2,57),(168,1,3,6,58),(169,2,0,2,58),(170,3,2,4,58),(171,4,1,0,58),(172,1,0,2,59),(173,4,0,2,59),(174,1,2,5,60),(175,2,0,1,60),(176,3,2,4,60),(177,1,3,4,61),(178,2,0,2,61),(179,3,3,2,61),(180,1,2,2,62),(181,2,1,1,62),(182,3,1,1,62),(183,1,1,2,63),(184,2,0,1,63),(185,3,1,1,63),(186,1,4,1,64),(187,2,2,0,64),(188,3,2,1,64),(189,1,2,6,65),(190,2,1,4,65),(191,3,1,2,65),(192,1,2,4,66),(193,2,1,3,66),(194,3,1,1,66),(195,2,1,0,67),(196,3,2,4,67),(197,4,0,1,67),(198,1,3,2,68),(199,2,0,1,68),(200,3,3,1,68),(201,1,3,4,69),(202,2,1,2,69),(203,3,1,1,69),(204,4,1,1,69),(205,1,3,2,70),(206,2,2,1,70),(207,3,1,1,70),(208,1,6,5,71),(209,2,5,3,71),(210,3,1,2,71),(211,1,5,4,72),(212,2,4,3,72),(213,3,1,1,72),(214,1,2,3,73),(215,2,1,1,73),(216,3,1,2,73),(217,1,2,3,74),(218,2,1,2,74),(219,3,1,1,74),(220,1,1,3,75),(221,2,0,2,75),(222,3,1,0,75),(223,4,0,1,75),(224,1,3,3,76),(225,2,2,2,76),(226,3,1,1,76),(227,1,3,3,77),(228,2,1,1,77),(229,3,2,2,77),(230,1,2,2,78),(231,3,1,1,78),(232,4,1,1,78),(233,1,7,4,79),(234,2,3,2,79),(235,3,4,2,79),(236,2,3,0,80),(237,3,3,1,80),(238,1,7,3,81),(239,2,6,1,81),(240,3,1,2,81),(241,2,1,3,82),(242,3,1,1,82),(243,2,1,1,83),(244,3,3,2,83),(245,1,4,2,84),(246,2,3,1,84),(247,3,1,1,84),(248,1,4,2,85),(249,2,2,0,85),(250,3,2,2,85),(251,1,2,2,86),(252,2,0,1,86),(253,3,2,0,86),(254,4,0,1,86),(255,1,1,2,87),(256,2,0,1,87),(257,3,1,1,87),(258,1,5,6,88),(259,2,3,1,88),(260,3,2,5,88),(261,1,3,5,89),(262,2,2,2,89),(263,3,1,3,89),(264,1,3,2,90),(265,2,2,1,90),(266,3,1,1,90),(267,1,2,3,91),(268,2,1,2,91),(269,3,1,1,91),(270,1,5,6,92),(271,2,3,3,92),(272,3,2,3,92),(273,1,2,3,93),(274,3,2,3,93),(275,1,2,1,94),(276,2,1,0,94),(277,3,1,1,94),(278,1,4,3,95),(279,2,0,1,95),(280,3,3,2,95),(281,4,1,0,95),(282,1,6,1,96),(283,2,1,0,96),(284,3,5,0,96),(285,4,0,1,96),(286,1,4,2,97),(287,2,2,1,97),(288,3,1,1,97),(289,4,1,0,97),(290,1,1,2,98),(291,2,0,1,98),(292,3,1,1,98),(293,1,2,4,99),(294,2,1,3,99),(295,3,1,1,99),(296,1,7,6,100),(297,2,5,4,100),(298,3,2,2,100),(299,1,6,2,101),(300,2,4,1,101),(301,3,2,1,101),(302,1,5,4,102),(303,2,1,1,102),(304,3,4,3,102),(305,1,3,3,103),(306,2,1,1,103),(307,3,2,2,103),(308,1,2,3,104),(309,2,1,2,104),(310,2,1,1,104),(311,1,3,4,105),(312,2,2,2,105),(313,3,1,2,105),(314,1,3,4,106),(315,2,2,1,106),(316,3,1,3,106),(317,1,2,1,107),(318,2,1,0,107),(319,3,1,1,107),(320,1,3,2,108),(321,2,2,1,108),(322,2,1,1,108),(323,1,2,2,109),(324,2,0,1,109),(325,3,2,1,109),(326,1,5,4,110),(327,2,0,3,110),(328,3,4,0,110),(329,4,1,1,110),(330,1,2,1,111),(331,3,1,0,111),(332,4,1,1,111),(333,1,2,2,112),(334,3,2,2,112),(335,1,5,3,113),(336,2,3,1,113),(337,3,2,2,113),(338,1,4,3,114),(339,2,3,2,114),(340,3,1,1,114),(341,1,1,1,115),(342,3,1,1,115),(343,1,3,1,116),(344,2,2,0,116),(345,3,1,1,116),(346,1,3,4,117),(347,2,2,3,117),(348,3,1,1,117),(349,1,4,4,118),(350,2,1,2,118),(351,3,3,2,118),(352,1,2,1,119),(353,2,1,0,119),(354,2,1,1,119),(355,1,1,2,120),(356,2,0,1,120),(357,3,1,1,120),(358,1,5,4,121),(359,2,3,2,121),(360,3,2,2,121),(361,1,3,8,122),(362,2,2,4,122),(363,3,1,4,122),(364,1,3,2,123),(365,2,2,1,123),(366,3,1,1,123),(367,1,2,1,124),(368,2,1,0,124),(369,3,1,1,124),(370,1,3,2,125),(371,2,2,1,125),(372,3,1,1,125),(373,1,7,5,126),(374,2,3,1,126),(375,3,4,4,126),(376,1,2,6,127),(377,2,1,5,127),(378,3,1,1,127),(379,1,2,2,128),(380,3,2,2,128),(381,1,2,1,129),(382,2,1,0,129),(383,3,1,1,129),(384,1,3,3,130),(385,2,2,2,130),(386,3,1,1,130),(387,1,1,3,131),(388,2,0,2,131),(389,3,1,1,131),(390,1,4,2,132),(391,2,2,1,132),(392,3,2,1,132),(393,1,5,1,133),(394,2,3,0,133),(395,3,1,1,133),(396,5,1,0,133),(397,1,2,4,134),(398,2,1,3,134),(399,3,1,1,134),(400,1,4,2,135),(401,2,3,1,135),(402,3,1,1,135),(403,1,4,3,136),(404,2,1,1,136),(405,3,3,2,136),(406,1,2,3,137),(407,2,0,1,137),(408,3,1,2,137),(409,4,1,0,137),(410,1,4,2,138),(411,2,2,0,138),(412,3,2,2,138),(413,1,3,1,139),(414,2,1,0,139),(415,3,2,1,139),(416,1,4,4,140),(417,2,3,3,140),(418,3,1,1,140),(419,1,3,4,141),(420,3,3,3,141),(421,4,0,1,141),(422,1,3,4,142),(423,2,2,2,142),(424,3,1,2,142),(425,1,1,3,143),(426,2,0,2,143),(427,3,1,1,143),(428,1,3,3,144),(429,2,1,1,144),(430,3,2,2,144),(431,1,5,3,145),(432,2,2,0,145),(433,3,2,3,145),(434,4,1,0,145),(435,1,3,4,146),(436,2,1,2,146),(437,2,2,2,146),(438,1,2,3,147),(439,2,1,0,147),(440,3,1,2,147),(441,5,0,1,147),(442,1,1,2,148),(443,3,1,1,148),(444,4,0,1,148),(445,1,3,4,149),(446,2,2,1,149),(447,3,1,3,149),(448,1,2,2,150),(449,2,1,1,150),(450,3,1,1,150),(451,1,3,3,151),(452,2,0,1,151),(453,3,3,2,151),(454,1,5,7,152),(455,2,2,2,152),(456,3,3,5,152),(457,1,4,4,153),(458,2,3,2,153),(459,3,1,2,153),(460,1,1,3,154),(461,2,0,2,154),(462,3,1,1,154),(463,1,2,2,155),(464,2,1,1,155),(465,3,1,1,155),(466,1,6,4,156),(467,2,2,1,156),(468,3,4,3,156),(469,1,2,5,157),(470,2,1,3,157),(471,3,1,2,157),(472,1,6,4,158),(473,2,0,2,158),(474,3,6,2,158),(475,1,3,2,159),(476,2,2,0,159),(477,3,1,2,159),(478,1,1,2,160),(479,3,1,2,160),(480,1,4,5,161),(481,2,1,3,161),(482,3,3,2,161),(483,1,1,2,162),(484,2,0,1,162),(485,3,1,1,162),(486,1,3,1,163),(487,2,2,0,163),(488,3,1,1,163),(489,1,2,3,164),(490,2,0,1,164),(491,3,1,2,164),(492,1,4,3,165),(493,2,2,2,165),(494,3,2,1,165),(495,1,4,2,166),(496,2,1,1,166),(497,3,3,1,166),(498,1,2,5,167),(499,2,0,2,167),(500,3,1,3,167),(501,4,1,0,167),(502,1,2,5,168),(503,2,1,1,168),(504,3,1,4,168),(505,1,3,2,169),(506,2,2,1,169),(507,3,1,1,169),(508,1,5,4,170),(509,2,3,1,170),(510,3,2,3,170),(511,1,2,2,171),(512,2,1,1,171),(513,3,1,1,171),(514,1,4,1,172),(515,2,3,0,172),(516,3,1,1,172),(517,1,6,3,173),(518,2,4,1,173),(519,3,1,3,173),(520,1,5,3,174),(521,2,3,2,174),(522,3,2,1,174),(523,1,4,3,175),(524,2,2,1,175),(525,3,2,2,175),(526,1,8,5,176),(527,2,6,2,176),(528,3,2,3,176),(529,1,3,1,177),(530,2,2,0,177),(531,3,0,1,177),(532,1,7,3,178),(533,2,4,2,178),(534,3,2,1,178),(535,1,4,3,179),(536,3,4,2,179),(537,4,0,1,179),(538,1,2,2,180),(539,2,1,1,180),(540,3,1,1,180),(541,1,3,2,181),(542,2,2,1,181),(543,3,1,1,181),(544,1,3,2,182),(545,2,1,0,182),(546,3,2,1,182),(547,4,0,1,182),(548,1,4,0,183),(549,2,2,0,183),(550,3,1,0,183),(551,4,1,0,183),(552,1,1,3,184),(553,2,0,2,184),(554,3,1,1,184),(555,1,1,1,185),(556,2,0,1,185),(557,4,1,0,185),(558,1,4,3,186),(559,2,1,0,186),(560,3,2,2,186),(561,4,1,1,186),(562,1,3,3,187),(563,2,1,1,187),(564,3,2,2,187),(565,1,1,1,188),(566,2,1,1,188),(567,3,3,2,188),(568,1,1,4,189),(569,2,0,2,189),(570,3,1,2,189),(571,1,2,4,190),(572,2,0,1,190),(573,3,2,3,190),(574,1,5,4,191),(575,2,3,3,191),(576,3,2,1,191),(577,1,1,4,192),(578,3,0,2,192),(579,4,1,1,192),(580,1,2,2,193),(581,2,2,2,193),(582,1,3,6,194),(583,2,0,3,194),(584,3,3,2,194),(585,4,0,1,194),(586,1,3,2,195),(587,2,1,1,195),(588,3,2,1,195),(589,1,2,2,196),(590,2,1,1,196),(591,3,1,1,196),(592,1,3,4,197),(593,2,2,3,197),(594,3,1,1,197),(595,1,1,3,198),(596,2,0,2,198),(597,3,1,1,198),(598,1,3,5,199),(599,2,2,2,199),(600,3,1,3,199),(601,1,2,3,200),(602,2,1,2,200),(603,3,1,1,200),(604,1,4,4,201),(605,2,1,3,201),(606,3,2,1,201),(607,1,2,4,202),(608,2,0,2,202),(609,3,2,2,202),(610,1,2,3,203),(611,2,1,2,203),(612,3,1,1,203),(613,1,1,1,204),(614,3,1,1,204),(615,1,4,3,205),(616,2,2,2,205),(617,3,2,1,205),(618,1,1,4,206),(619,2,0,3,206),(620,3,1,1,206),(621,1,3,5,207),(622,2,0,2,207),(623,3,2,2,207),(624,4,1,1,207),(625,1,2,3,208),(626,2,1,2,208),(627,3,1,1,208),(628,1,5,2,209),(629,2,4,1,209),(630,3,1,1,209),(631,1,2,4,210),(632,2,1,1,210),(633,3,1,3,210),(634,1,3,2,211),(635,2,2,1,211),(636,3,1,1,211),(637,1,3,1,212),(638,2,2,0,212),(639,3,1,1,212),(640,1,2,1,213),(641,2,1,0,213),(642,3,1,1,213),(643,1,1,2,214),(644,2,0,1,214),(645,3,1,1,214),(646,1,2,1,215),(647,2,1,0,215),(648,3,1,1,215),(649,1,3,1,216),(650,2,2,0,216),(651,3,1,1,216),(652,1,4,5,217),(653,2,2,3,217),(654,3,2,1,217),(655,5,0,1,217),(656,1,3,2,218),(657,2,2,1,218),(658,3,1,1,218),(659,1,1,1,219),(660,4,1,1,219),(661,1,2,2,220),(662,2,1,1,220),(663,3,1,1,220),(664,1,4,4,221),(665,2,2,1,221),(666,3,2,3,221),(667,1,4,3,222),(668,2,2,1,222),(669,3,2,0,222),(670,5,3,1,222),(671,1,4,4,223),(672,2,2,1,223),(673,3,1,3,223),(674,4,1,0,223),(675,1,3,4,224),(676,2,2,3,224),(677,3,1,1,224),(678,1,1,1,225),(679,3,1,1,225),(680,1,3,2,226),(681,2,1,1,226),(682,3,2,1,226),(683,1,3,2,227),(684,2,2,1,227),(685,3,1,1,227),(686,1,4,3,228),(687,2,1,1,228),(688,3,3,2,228),(689,1,2,1,229),(690,2,1,1,229),(691,1,1,1,230),(692,3,1,1,230),(693,1,4,2,231),(694,2,3,1,231),(695,3,1,1,231),(696,1,4,3,232),(697,2,1,2,232),(698,3,3,1,232),(699,1,2,2,233),(700,2,0,1,233),(701,3,1,1,233),(702,4,1,0,233),(703,5,1,1,233),(704,1,2,2,234),(705,2,1,1,234),(706,3,1,1,234),(707,1,1,6,235),(708,2,0,4,235),(709,3,1,2,235),(710,1,3,2,236),(711,2,2,1,236),(712,3,1,1,236),(713,1,1,3,237),(714,2,0,2,237),(715,3,1,1,237),(716,1,1,3,238),(717,2,0,2,238),(718,3,1,1,238),(719,1,1,5,239),(720,2,0,4,239),(721,3,1,1,239),(722,1,1,3,240),(723,3,0,2,240),(724,4,1,1,240),(725,1,1,2,241),(726,2,0,1,241),(727,3,1,1,241),(728,1,5,3,242),(729,2,3,2,242),(730,3,2,1,242),(731,1,2,3,243),(732,2,1,2,243),(733,3,1,1,243),(734,1,1,4,244),(735,2,0,3,244),(736,3,1,1,244),(737,1,4,2,245),(738,2,0,2,245),(739,3,1,2,245),(740,4,1,0,245),(741,1,6,2,246),(742,2,4,0,246),(743,3,1,0,246),(744,4,1,0,246),(745,5,1,1,246),(746,1,5,7,247),(747,2,0,3,247),(748,3,5,3,247),(749,4,0,1,247),(750,1,4,3,248),(751,2,1,0,248),(752,3,3,3,248),(753,1,3,3,249),(754,2,2,2,249),(755,3,1,1,249),(756,1,5,4,250),(757,1,0,1,250),(758,3,4,4,250),(759,1,3,3,251),(760,2,2,1,251),(761,3,1,2,251),(762,1,1,2,252),(763,3,0,1,252),(764,4,1,1,252),(765,1,2,1,253),(766,2,1,0,253),(767,3,1,1,253),(768,1,4,9,254),(769,2,2,5,254),(770,3,2,4,254),(771,1,1,2,256),(772,2,0,1,256),(773,3,1,1,256),(774,1,3,2,257),(775,2,1,1,257),(776,3,1,1,257),(777,5,0,1,257),(778,1,1,2,258),(779,3,0,1,258),(780,4,1,1,258),(781,1,3,1,259),(782,2,2,0,259),(783,3,1,1,259),(784,1,7,9,255),(785,2,5,6,255),(786,3,2,3,255),(787,1,3,9,260),(788,2,1,2,260),(789,3,2,7,260),(790,1,6,8,261),(791,2,3,2,261),(792,3,3,4,261),(793,4,0,1,261),(794,1,1,3,262),(795,2,0,2,262),(796,3,1,1,262),(797,1,2,3,263),(798,2,0,1,263),(799,3,2,2,263),(800,1,7,2,264),(801,2,2,1,264),(802,3,3,1,264),(803,4,1,0,264),(804,4,1,0,264),(805,1,6,3,265),(806,2,5,2,265),(807,3,1,1,265),(808,1,1,4,266),(809,2,0,1,266),(810,3,0,3,266),(811,4,1,0,266),(812,1,4,5,267),(813,2,1,1,267),(814,3,4,3,267),(815,1,4,3,268),(816,2,2,1,268),(817,3,2,2,268),(818,1,5,4,269),(819,2,3,2,269),(820,2,2,2,269),(821,1,2,6,270),(822,2,0,3,270),(823,3,2,3,270),(824,1,2,4,271),(825,2,1,3,271),(826,3,1,1,271),(827,1,2,3,272),(828,2,1,2,272),(829,3,1,1,272),(830,1,3,1,273),(831,2,2,0,273),(832,3,1,1,273),(833,1,4,6,274),(834,2,2,3,274),(835,3,2,3,274),(836,1,2,4,275),(837,2,1,3,275),(838,3,1,1,275),(839,1,3,2,276),(840,2,3,2,276),(841,1,4,3,277),(842,2,3,1,277),(843,1,4,2,278),(844,2,3,1,278),(845,3,1,1,278),(846,1,3,1,279),(847,2,2,0,279),(848,3,1,1,279),(849,1,4,2,280),(850,2,2,0,280),(851,3,2,2,280),(852,1,2,2,281),(853,2,1,1,281),(854,3,1,1,281),(855,1,2,3,282),(856,2,1,2,282),(857,3,1,1,282),(858,1,2,1,283),(859,2,1,0,283),(860,3,1,1,283),(861,1,2,0,284),(862,2,1,0,284),(863,3,1,0,284),(864,1,7,5,285),(865,2,2,3,285),(866,3,5,1,285),(867,5,0,1,285),(868,1,1,3,286),(869,2,0,2,286),(870,3,1,1,286),(871,1,2,0,287),(872,2,1,0,287),(873,3,1,0,287),(874,1,2,4,288),(875,2,1,1,288),(876,3,1,3,288),(877,1,4,2,289),(878,2,2,0,289),(879,3,2,2,289),(880,1,3,1,290),(881,2,2,0,290),(882,3,1,1,290),(883,1,1,2,291),(884,3,1,2,291),(885,1,2,4,292),(886,2,0,2,292),(887,3,2,1,292),(888,5,0,1,292),(889,1,4,5,293),(890,2,1,1,293),(891,3,3,4,293),(892,1,5,1,294),(893,2,4,0,294),(894,3,1,1,294),(895,1,0,2,295),(896,3,0,2,295),(897,1,4,3,296),(898,2,2,0,296),(899,3,2,3,296),(900,1,2,4,297),(901,2,1,3,297),(902,3,1,1,297),(903,1,0,4,298),(904,2,0,3,298),(905,3,0,1,298),(906,1,3,3,299),(907,2,2,2,299),(908,3,1,1,299),(909,1,2,5,300),(910,2,0,4,300),(911,3,2,1,300),(912,1,6,5,301),(913,2,4,2,301),(914,3,2,3,301),(915,1,1,2,302),(916,3,1,2,302),(917,1,4,5,303),(918,2,1,1,303),(919,3,2,3,303),(920,4,1,1,303),(921,1,5,1,304),(922,2,2,0,304),(923,3,3,1,304),(924,1,4,6,305),(925,2,0,3,305),(926,3,4,3,305),(927,1,4,3,306),(928,2,0,1,306),(929,3,4,1,306),(930,4,0,1,306),(931,1,1,4,307),(932,2,0,1,307),(933,3,1,2,307),(934,4,0,1,307),(935,1,3,7,308),(936,2,1,3,308),(937,3,2,4,308),(938,1,1,2,309),(939,3,1,2,309),(940,1,4,3,310),(941,2,3,1,310),(942,3,1,2,310),(943,1,2,3,311),(944,2,1,1,311),(945,3,1,2,311),(946,1,4,1,312),(947,2,2,0,312),(948,3,1,0,312),(949,4,1,1,312),(950,1,4,3,313),(951,2,1,1,313),(952,3,3,2,313),(953,1,3,7,314),(954,2,2,4,314),(955,3,1,3,314),(956,1,6,3,315),(957,2,5,2,315),(958,3,1,1,315),(959,1,1,5,316),(960,2,0,2,316),(961,3,0,2,316),(962,4,1,1,316),(963,1,2,3,317),(964,2,1,1,317),(965,3,1,2,317),(966,1,3,1,318),(967,2,1,0,318),(968,3,2,1,318),(969,1,4,4,319),(970,2,3,3,319),(971,3,1,1,319),(1631,3,1,1,537),(1630,2,2,2,537),(1629,1,3,3,537),(975,1,3,6,321),(976,2,2,5,321),(977,3,1,1,321),(978,1,1,4,322),(979,2,0,2,322),(980,3,1,2,322),(981,1,2,6,323),(982,2,1,0,323),(983,3,1,6,323),(984,1,3,2,324),(985,2,1,1,324),(986,3,2,1,324),(987,1,3,3,325),(988,2,1,1,325),(989,3,1,3,325),(990,1,4,2,326),(991,2,3,1,326),(992,3,1,1,326),(993,1,2,5,327),(994,2,0,4,327),(995,3,1,0,327),(996,4,1,1,327),(997,1,2,4,328),(998,2,1,2,328),(999,3,1,2,328),(1000,1,1,1,329),(1001,3,1,1,329),(1002,1,2,3,330),(1003,2,1,0,330),(1004,3,1,2,330),(1005,4,0,1,330),(1006,1,5,1,331),(1007,2,2,0,331),(1008,3,3,1,331),(1009,1,3,3,332),(1010,2,2,2,332),(1011,3,1,0,332),(1012,5,0,1,332),(1013,1,6,4,333),(1014,2,4,3,333),(1015,3,2,1,333),(1016,1,4,2,334),(1017,2,1,0,334),(1018,3,3,2,334),(1019,1,3,4,335),(1020,2,2,3,335),(1021,3,1,1,335),(1022,1,2,2,336),(1023,2,1,1,336),(1024,3,1,1,336),(1025,1,3,3,337),(1026,2,2,2,337),(1027,3,1,1,337),(1028,1,1,3,338),(1029,2,0,2,338),(1030,4,1,1,338),(1031,1,1,5,339),(1032,2,0,1,339),(1033,3,1,4,339),(1034,1,1,2,340),(1035,2,1,0,340),(1036,3,1,1,340),(1037,1,5,2,341),(1038,2,3,1,341),(1039,3,2,1,341),(1040,1,4,4,342),(1041,2,2,3,342),(1042,3,2,1,342),(1043,1,1,1,343),(1044,3,1,1,343),(1045,1,4,4,344),(1046,2,1,1,344),(1047,3,3,2,344),(1048,1,1,4,345),(1049,2,0,3,345),(1050,3,1,1,345),(1051,1,3,1,346),(1052,2,2,0,346),(1053,3,1,1,346),(1054,2,0,2,347),(1055,3,1,1,347),(1056,1,5,3,348),(1057,2,2,1,348),(1058,3,3,2,348),(1059,1,2,6,349),(1060,2,0,1,349),(1061,3,2,4,349),(1062,4,0,1,349),(1063,5,0,1,349),(1064,1,3,1,350),(1065,2,1,1,350),(1066,3,1,0,350),(1067,5,2,0,350),(1068,1,3,2,351),(1069,2,2,1,351),(1070,3,1,1,351),(1071,1,2,4,352),(1072,2,1,2,352),(1073,3,2,1,352),(1074,1,4,3,353),(1075,2,3,1,353),(1076,3,1,2,353),(1077,1,1,3,354),(1078,2,0,2,354),(1079,3,1,1,354),(1080,1,5,2,355),(1081,2,4,0,355),(1082,3,1,1,355),(1083,5,0,1,355),(1084,1,2,2,356),(1085,3,2,2,356),(1086,1,2,1,357),(1087,2,1,0,357),(1088,3,1,1,357),(1089,1,10,5,358),(1090,2,4,2,358),(1091,3,6,3,358),(1092,1,2,2,359),(1093,2,1,1,359),(1094,3,1,1,359),(1095,1,2,4,360),(1096,2,0,3,360),(1097,3,2,1,360),(1098,1,2,1,361),(1099,2,1,0,361),(1100,3,1,1,361),(1101,1,2,3,362),(1102,2,1,0,362),(1103,3,1,2,362),(1104,4,0,1,362),(1105,1,3,1,363),(1106,2,2,0,363),(1107,3,1,1,363),(1108,1,5,5,364),(1109,2,2,1,364),(1110,3,3,4,364),(1111,1,4,3,365),(1112,2,3,1,365),(1113,3,1,2,365),(1114,1,1,2,366),(1115,2,0,1,366),(1116,3,1,1,366),(1117,1,1,1,367),(1118,1,1,2,368),(1119,3,1,2,368),(1120,1,2,4,369),(1121,2,1,1,369),(1122,3,1,3,369),(1123,1,2,4,370),(1124,2,0,2,370),(1125,3,2,2,370),(1126,1,2,4,371),(1127,2,1,2,371),(1128,3,1,2,371),(1129,1,6,3,372),(1130,2,2,1,372),(1131,3,4,2,372),(1132,1,4,2,373),(1133,2,3,1,373),(1134,3,1,1,373),(1135,1,9,2,374),(1136,2,5,0,374),(1137,3,4,2,374),(1138,1,1,1,375),(1139,3,1,0,375),(1140,4,0,1,375),(1141,1,2,3,376),(1142,2,1,0,376),(1143,3,1,2,376),(1144,4,0,1,376),(1145,1,5,5,377),(1146,2,3,2,377),(1147,3,2,3,377),(1148,1,3,4,378),(1149,2,1,3,378),(1150,3,2,1,378),(1151,1,4,4,379),(1152,2,2,2,379),(1153,3,2,2,379),(1154,1,1,2,380),(1155,3,1,2,380),(1156,1,3,3,381),(1157,2,2,2,381),(1158,3,1,1,381),(1159,1,2,1,382),(1160,2,1,0,382),(1161,3,1,1,382),(1162,1,2,2,383),(1163,2,1,1,383),(1164,3,1,0,383),(1165,4,0,1,383),(1166,1,3,5,384),(1167,2,0,2,384),(1168,3,3,3,384),(1169,1,2,1,385),(1170,2,1,0,385),(1171,3,1,1,385),(1172,1,3,6,386),(1173,2,2,2,386),(1174,3,1,4,386),(1175,1,1,1,387),(1176,3,1,1,387),(1177,1,3,3,388),(1178,2,2,1,388),(1179,3,1,2,388),(1180,1,1,4,389),(1181,3,1,3,389),(1182,4,0,1,389),(1183,5,0,3,389),(1184,1,2,5,390),(1185,2,0,3,390),(1186,3,2,2,390),(1187,1,3,4,391),(1188,2,3,2,391),(1189,3,1,1,391),(1190,1,3,4,392),(1191,2,2,2,392),(1192,3,1,2,392),(1193,1,5,4,393),(1194,2,2,1,393),(1195,3,3,3,393),(1196,1,2,2,394),(1197,2,1,1,394),(1198,3,1,1,394),(1199,1,2,5,395),(1200,2,1,1,395),(1201,3,1,4,395),(1202,1,0,1,396),(1203,3,0,1,396),(1204,1,6,7,397),(1205,2,4,5,397),(1206,3,1,2,397),(1207,1,2,3,398),(1208,2,1,2,398),(1209,3,1,1,398),(1210,1,1,1,399),(1211,3,1,1,399),(1212,1,1,3,400),(1213,2,0,1,400),(1214,3,1,2,400),(1215,1,2,4,401),(1216,2,1,2,401),(1217,3,1,2,401),(1218,1,3,3,402),(1219,2,2,2,402),(1220,3,1,1,402),(1221,1,3,3,403),(1222,2,2,2,403),(1223,3,1,1,403),(1224,1,3,1,404),(1225,2,2,0,404),(1226,3,1,1,404),(1227,1,3,2,405),(1228,2,2,1,405),(1229,3,1,1,405),(1230,1,3,5,406),(1231,2,1,2,406),(1232,3,2,2,406),(1233,4,0,1,406),(1234,1,3,4,407),(1235,2,1,1,407),(1236,3,1,3,407),(1237,1,2,3,408),(1238,2,1,2,408),(1239,3,1,1,408),(1240,1,1,1,409),(1241,1,3,3,410),(1242,2,1,1,410),(1243,3,1,1,410),(1244,4,1,1,410),(1245,1,1,2,412),(1246,2,0,1,412),(1247,3,1,1,412),(1248,1,3,3,413),(1249,2,1,0,413),(1250,3,1,1,413),(1251,4,1,1,413),(1252,5,0,1,413),(1253,1,2,2,414),(1254,2,1,1,414),(1255,3,1,1,414),(1256,1,6,1,415),(1257,2,3,0,415),(1258,3,3,1,415),(1259,1,3,0,416),(1260,2,2,0,416),(1261,3,1,0,416),(1262,1,2,4,417),(1263,2,1,1,417),(1264,3,1,3,417),(1265,1,4,4,418),(1266,2,2,2,418),(1267,3,2,2,418),(1268,1,1,4,419),(1269,2,0,1,419),(1270,3,1,3,419),(1271,1,3,1,420),(1272,2,2,0,420),(1273,3,1,1,420),(1274,1,4,2,421),(1275,2,3,1,421),(1276,3,1,1,421),(1277,1,3,4,422),(1278,2,1,2,422),(1279,3,2,2,422),(1280,1,1,2,423),(1281,2,1,1,423),(1282,3,1,1,423),(1283,1,5,6,424),(1284,2,4,3,424),(1285,3,1,3,424),(1286,1,6,6,425),(1287,2,2,3,425),(1288,3,4,3,425),(1289,1,5,3,426),(1290,2,3,1,426),(1291,3,2,1,426),(1292,4,0,1,426),(1293,1,1,1,427),(1294,1,5,2,428),(1295,2,1,0,428),(1296,3,3,2,428),(1297,4,1,0,428),(1298,1,3,2,429),(1299,3,3,2,429),(1300,5,0,1,429),(1301,1,6,2,430),(1302,2,1,1,430),(1303,3,5,1,430),(1304,1,3,3,431),(1305,3,3,2,431),(1306,4,0,1,431),(1307,1,5,5,432),(1308,2,0,2,432),(1309,3,5,3,432),(1310,1,4,8,433),(1311,2,2,1,433),(1312,3,1,5,433),(1313,4,1,2,433),(1314,1,2,1,434),(1315,2,1,0,434),(1316,3,1,1,434),(1317,1,4,6,435),(1318,2,1,0,435),(1319,3,3,6,435),(1320,1,1,2,436),(1321,3,0,1,436),(1322,4,1,1,436),(1323,1,1,5,437),(1324,2,0,4,437),(1325,3,1,1,437),(1326,1,1,2,438),(1327,2,0,1,438),(1328,3,1,1,438),(1329,1,4,2,439),(1330,2,3,1,439),(1331,3,1,1,439),(1332,1,1,2,440),(1333,2,0,1,440),(1334,3,1,1,440),(1335,1,2,2,441),(1336,2,1,0,441),(1337,3,1,2,441),(1338,1,3,5,442),(1339,2,1,1,442),(1340,3,2,4,442),(1341,1,3,3,443),(1342,2,1,1,443),(1343,3,1,1,443),(1344,4,1,1,443),(1345,1,4,4,444),(1346,2,1,1,444),(1347,3,3,3,444),(1348,1,2,3,445),(1349,2,0,1,445),(1350,3,2,2,445),(1351,1,5,3,446),(1352,2,1,0,446),(1353,3,4,3,446),(1354,5,1,1,446),(1355,1,3,3,447),(1356,2,1,1,447),(1357,3,2,2,447),(1358,1,2,3,448),(1359,2,1,2,448),(1360,3,1,1,448),(1361,1,2,1,449),(1362,2,0,1,449),(1363,3,1,1,449),(1364,1,3,3,450),(1365,2,1,1,450),(1366,3,2,2,450),(1367,1,3,2,451),(1368,2,2,1,451),(1369,3,1,1,451),(1370,1,3,5,452),(1371,2,2,3,452),(1372,3,1,2,452),(1373,1,2,1,453),(1374,2,1,0,453),(1375,3,1,1,453),(1376,1,3,1,454),(1377,2,2,0,454),(1378,3,1,1,454),(1379,1,4,5,455),(1380,2,1,1,455),(1381,3,2,4,455),(1382,4,1,0,455),(1383,1,2,4,456),(1384,2,1,3,456),(1385,3,1,1,456),(1386,1,2,2,457),(1387,3,1,1,457),(1388,4,1,1,457),(1389,1,3,3,458),(1390,2,0,1,458),(1391,3,3,2,458),(1392,1,3,3,459),(1393,2,1,1,459),(1394,3,2,2,459),(1395,1,2,2,460),(1396,2,1,0,460),(1397,3,1,2,460),(1398,1,3,2,461),(1399,2,2,1,461),(1400,3,1,1,461),(1401,1,3,5,462),(1402,2,0,1,462),(1403,3,3,4,462),(1404,1,5,2,463),(1405,2,2,0,463),(1406,3,3,2,463),(1407,1,2,3,464),(1408,2,1,2,464),(1409,3,1,1,464),(1410,1,3,2,465),(1411,2,2,1,465),(1412,3,1,1,465),(1413,1,3,3,466),(1414,2,2,2,466),(1415,3,1,1,466),(1416,1,1,2,467),(1417,2,0,1,467),(1418,3,1,1,467),(1419,1,2,3,468),(1420,2,1,1,468),(1421,3,1,2,468),(1422,1,5,8,469),(1423,2,3,1,469),(1424,3,1,7,469),(1425,4,1,1,469),(1426,1,4,7,470),(1427,2,0,5,470),(1428,3,3,2,470),(1429,4,1,0,470),(1430,1,4,6,471),(1431,2,2,2,471),(1432,3,1,3,471),(1433,4,1,1,471),(1434,1,3,3,472),(1435,3,2,3,472),(1436,4,1,0,472),(1437,1,2,3,473),(1438,2,1,1,473),(1439,3,1,2,473),(1440,1,1,2,474),(1441,2,0,1,474),(1442,3,1,1,474),(1443,1,4,3,475),(1444,2,2,0,475),(1445,3,2,3,475),(1446,1,2,0,476),(1447,2,2,0,476),(1448,3,1,0,476),(1449,1,2,2,477),(1450,2,1,1,477),(1451,3,1,1,477),(1452,1,5,2,478),(1453,2,2,1,478),(1454,3,3,1,478),(1455,1,3,1,479),(1456,2,2,0,479),(1457,3,1,1,479),(1458,1,1,3,480),(1459,2,0,2,480),(1460,3,1,1,480),(1461,1,1,3,481),(1462,3,0,3,481),(1463,4,0,1,481),(1464,1,2,2,482),(1465,2,0,1,482),(1466,3,1,1,482),(1467,4,1,0,482),(1468,1,2,2,483),(1469,2,1,1,483),(1470,3,1,1,483),(1471,1,4,3,484),(1472,2,2,2,484),(1473,3,1,1,484),(1474,5,1,0,484),(1475,1,3,6,485),(1476,2,1,1,485),(1477,3,2,4,485),(1478,4,0,1,485),(1479,1,3,4,486),(1480,2,2,3,486),(1481,3,1,1,486),(1482,1,4,5,487),(1483,2,2,4,487),(1484,3,2,1,487),(1485,1,3,3,488),(1486,2,1,2,488),(1487,3,2,1,488),(1488,1,2,1,489),(1489,2,1,0,489),(1490,3,1,1,489),(1491,1,2,1,490),(1492,2,1,0,490),(1493,3,1,1,490),(1494,1,4,4,491),(1495,2,1,2,491),(1496,4,3,1,491),(1497,5,0,1,491),(1498,1,1,3,492),(1499,2,1,1,492),(1500,3,0,1,492),(1501,4,0,1,492),(1502,1,1,4,493),(1503,2,1,0,493),(1504,3,0,4,493),(1505,1,4,3,494),(1506,2,3,2,494),(1507,3,1,1,494),(1508,1,4,3,495),(1509,2,0,1,495),(1510,3,4,2,495),(1511,4,0,1,495),(1512,1,4,4,496),(1513,2,3,1,496),(1514,3,1,2,496),(1515,5,0,1,496),(1516,1,4,3,497),(1517,2,1,1,497),(1518,3,3,2,497),(1519,1,1,3,498),(1520,2,0,1,498),(1521,3,1,2,498),(1522,1,6,11,499),(1523,2,3,7,499),(1524,3,3,3,499),(1525,4,0,1,499),(1526,1,4,2,500),(1527,2,0,2,500),(1528,3,4,0,500),(1529,1,1,1,501),(1530,1,2,7,502),(1531,2,0,3,502),(1532,3,2,4,502),(1533,5,2,0,502),(1534,1,4,3,503),(1535,2,2,0,503),(1536,3,2,3,503),(1537,1,1,3,504),(1538,2,0,2,504),(1539,3,1,1,504),(1540,1,3,5,505),(1541,2,2,3,505),(1542,3,1,2,505),(1724,2,1,2,566),(1723,1,2,3,566),(1722,3,1,1,565),(1546,1,2,6,507),(1547,2,0,5,507),(1548,3,2,1,507),(1721,2,2,0,565),(1720,1,3,1,565),(1719,3,1,1,563),(1552,1,1,2,509),(1553,2,0,1,509),(1554,2,1,1,509),(1555,1,2,4,510),(1556,2,0,1,510),(1557,3,0,1,510),(1558,4,1,1,510),(1559,5,0,1,510),(1560,1,3,4,511),(1561,2,1,1,511),(1562,3,2,3,511),(1563,1,3,3,512),(1564,1,3,3,513),(1566,1,4,4,515),(1567,2,1,1,515),(1568,3,3,3,515),(1569,1,2,2,516),(1570,2,1,1,516),(1571,3,1,1,516),(1572,1,5,5,517),(1573,2,1,2,517),(1574,3,3,3,517),(1575,5,1,0,517),(1576,1,4,1,518),(1577,1,4,2,519),(1578,2,3,0,519),(1579,3,1,2,519),(1580,1,4,4,520),(1581,2,1,1,520),(1582,3,1,2,520),(1583,4,1,1,520),(1584,5,1,0,520),(1585,1,4,4,521),(1586,2,2,2,521),(1587,3,2,2,521),(1588,1,1,3,522),(1589,2,0,1,522),(1590,3,1,1,522),(1591,3,0,1,522),(1592,1,1,1,523),(1593,3,1,1,523),(1594,1,1,1,524),(1595,2,1,1,524),(1596,1,5,2,525),(1597,2,3,1,525),(1598,3,2,1,525),(1599,1,1,3,526),(1600,3,1,3,526),(1601,1,3,2,527),(1602,2,2,1,527),(1603,3,1,1,527),(1604,2,2,3,528),(1605,2,1,2,528),(1606,3,1,1,528),(1607,1,1,3,529),(1608,3,1,3,529),(1609,1,2,3,530),(1610,2,1,2,530),(1611,3,1,1,530),(1612,1,3,2,531),(1613,2,0,1,531),(1614,3,3,1,531),(1615,1,1,4,532),(1616,2,0,1,532),(1617,3,1,3,532),(1618,1,2,4,533),(1619,2,1,2,533),(1620,3,1,2,533),(1621,1,4,5,534),(1622,2,1,2,534),(1623,3,3,3,534),(1718,2,3,1,563),(1717,1,4,2,563),(1626,1,3,1,536),(1627,2,2,0,536),(1628,3,1,1,536),(1632,1,2,3,538),(1633,2,0,2,538),(1634,3,2,1,538),(1635,1,5,4,539),(1636,2,2,0,539),(1637,3,3,3,539),(1638,4,0,1,539),(1639,1,1,6,540),(1640,2,0,3,540),(1641,3,1,3,540),(1642,1,4,4,541),(1643,2,2,2,541),(1644,3,1,2,541),(1645,4,1,0,541),(1646,1,2,2,542),(1647,2,0,1,542),(1648,3,1,2,542),(1649,1,4,1,543),(1650,2,1,0,543),(1651,3,3,1,543),(1652,1,6,2,544),(1653,2,3,1,544),(1654,3,3,1,544),(1655,1,5,5,545),(1656,2,3,2,545),(1657,3,2,2,545),(1658,4,0,1,545),(1659,1,3,1,546),(1660,2,2,0,546),(1661,3,1,1,546),(1662,1,3,2,547),(1663,2,2,1,547),(1664,3,1,1,547),(1665,1,3,3,548),(1666,2,1,0,548),(1667,3,2,2,548),(1668,4,0,1,548),(1669,1,2,3,549),(1670,2,1,0,549),(1671,3,1,3,549),(1672,1,2,9,550),(1673,3,1,1,550),(1674,4,1,0,550),(1675,1,2,1,551),(1676,2,1,0,551),(1677,3,1,1,551),(1678,1,2,2,552),(1679,2,1,1,552),(1680,3,1,1,552),(1681,1,3,1,553),(1682,2,2,0,553),(1683,3,1,1,553),(1684,1,5,3,554),(1685,2,1,1,554),(1686,3,4,2,554),(1687,1,3,4,555),(1688,2,0,1,555),(1689,2,3,3,555),(1690,1,2,6,556),(1691,2,1,2,556),(1692,3,1,4,556),(1693,1,4,3,557),(1694,2,1,2,557),(1695,3,3,1,557),(1696,1,5,2,558),(1697,2,3,1,558),(1698,3,2,1,558),(1699,1,5,2,559),(1700,2,3,1,559),(1701,3,1,1,559),(1702,4,1,0,559),(1703,1,2,3,560),(1704,2,1,1,560),(1705,3,1,2,560),(1706,1,4,3,561),(1707,2,2,1,561),(1708,3,2,2,561),(1709,1,2,3,562),(1710,2,1,2,562),(1711,3,1,1,562),(1712,1,2,3,564),(1713,2,1,0,564),(1714,3,1,1,564),(1715,4,0,1,564),(1716,5,0,1,564),(1725,3,1,1,566),(1726,1,2,1,567),(1727,2,1,0,567),(1728,3,1,0,567),(1729,4,0,1,567),(1730,1,4,6,568),(1731,2,0,3,568),(1732,3,3,2,568),(1733,4,1,1,568),(1734,1,1,4,569),(1735,3,0,3,569),(1736,4,1,1,569),(1737,1,2,2,570),(1738,2,1,1,570),(1739,3,1,1,570),(1740,1,6,4,571),(1741,2,2,3,571),(1742,3,4,1,571),(1743,1,4,5,572),(1744,2,2,2,572),(1745,3,2,3,572),(1746,1,1,3,573),(1747,2,0,1,573),(1748,3,1,2,573),(1749,1,3,0,574),(1750,2,1,0,574),(1751,3,2,0,574),(1752,1,4,7,575),(1753,2,2,2,575),(1754,3,2,4,575),(1755,4,0,1,575),(1756,1,1,3,576),(1757,2,0,2,576),(1758,3,1,1,576),(1759,1,2,4,577),(1760,2,0,2,577),(1761,3,2,2,577),(1762,1,2,4,578),(1763,2,1,1,578),(1764,3,1,2,578),(1765,4,0,1,578),(1766,1,1,2,579),(1767,2,1,2,579),(1768,3,1,0,579),(1769,1,3,3,580),(1770,2,1,2,580),(1771,3,2,1,580),(1772,1,1,2,581),(1773,2,0,1,581),(1774,3,1,0,581),(1775,4,0,1,581),(1776,1,3,3,582),(1777,2,1,3,582),(1778,3,2,0,582),(1779,1,8,7,583),(1780,2,8,5,583),(1781,4,1,1,583),(1782,1,3,3,584),(1783,2,2,1,584),(1784,3,1,2,584),(1785,1,2,5,585),(1786,2,1,3,585),(1787,3,1,2,585),(1788,1,2,2,586),(1789,2,0,1,586),(1790,3,2,1,586),(1791,1,2,3,587),(1792,2,1,2,587),(1793,3,1,1,587),(1794,1,2,4,588),(1795,2,0,2,588),(1796,3,2,2,588),(1797,1,1,6,589),(1798,2,0,4,589),(1799,3,1,2,589),(1800,1,3,2,590),(1801,2,2,0,590),(1802,3,1,2,590),(1803,1,4,4,591),(1804,2,2,0,591),(1805,3,2,4,591),(1806,1,3,3,592),(1807,2,2,1,592),(1808,3,1,2,592),(1809,1,2,3,593),(1810,2,0,1,593),(1811,3,2,2,593),(1812,1,3,5,594),(1813,2,0,3,594),(1814,3,2,2,594),(1815,4,1,0,594),(1816,1,2,4,595),(1817,2,1,2,595),(1818,3,1,1,595),(1819,4,0,1,595),(1820,1,3,1,596),(1821,2,2,0,596),(1822,3,1,1,596),(1823,1,4,1,597),(1824,2,2,0,597),(1825,3,2,1,597),(1826,1,2,2,598),(1827,2,1,0,598),(1828,3,1,1,598),(1829,4,0,1,598),(1830,5,0,1,598),(1831,1,2,4,599),(1832,2,1,0,599),(1833,3,1,4,599),(1834,1,3,6,600),(1835,2,1,3,600),(1836,3,2,3,600),(1837,1,6,5,601),(1838,2,3,3,601),(1839,3,3,2,601),(1840,1,2,1,602),(1841,2,1,0,602),(1842,3,1,1,602),(1843,1,3,4,603),(1844,2,1,1,603),(1845,3,2,3,603),(1846,1,1,9,604),(1847,2,0,2,604),(1848,3,1,7,604),(1849,1,5,5,605),(1850,2,3,2,605),(1851,3,2,3,605),(1852,5,0,1,605),(1853,1,5,5,606),(1854,2,3,2,606),(1855,3,2,3,606),(1856,1,3,4,607),(1857,2,2,3,607),(1858,3,1,1,607),(1859,5,0,1,607),(1860,1,3,2,608),(1861,2,1,0,608),(1862,3,2,2,608),(1863,1,2,0,609),(1864,2,1,1,609),(1865,3,1,1,609),(1866,1,3,7,610),(1867,2,1,4,610),(1868,3,2,2,610),(1869,4,0,1,610),(1870,1,4,5,611),(1871,2,3,2,611),(1872,3,3,2,611),(1873,4,0,1,611),(1874,1,6,6,612),(1875,2,4,2,612),(1876,3,2,3,612),(1877,4,0,1,612),(1878,1,3,4,613),(1879,2,2,2,613),(1880,3,1,2,613),(1881,1,3,2,614),(1882,2,2,1,614),(1883,3,1,1,614),(1884,1,1,6,615),(1885,2,0,3,615),(1886,3,1,3,615),(1887,1,2,2,616),(1888,3,1,1,616),(1889,4,1,1,616),(1890,1,5,5,617),(1891,2,3,2,617),(1892,3,2,3,617),(1893,5,0,1,617),(1894,1,5,8,618),(1895,2,0,7,618),(1896,3,5,1,618),(1897,1,1,3,619),(1898,2,0,1,619),(1899,3,1,2,619),(1900,1,2,3,620),(1901,2,1,2,620),(1902,3,1,1,620),(1903,1,3,7,621),(1904,2,2,3,621),(1905,3,1,4,621),(1906,1,3,1,622),(1907,2,2,0,622),(1908,4,1,1,622),(1909,1,2,2,623),(1910,2,1,1,623),(1911,3,1,1,623),(1912,1,3,1,624),(1913,2,2,0,624),(1914,3,1,1,624),(1923,3,1,1,627),(1922,2,2,1,627),(1921,1,3,2,627),(1918,1,4,1,626),(1919,2,1,0,626),(1920,3,3,1,626),(1924,1,5,2,628),(1925,2,3,1,628),(1926,3,2,1,628),(1927,1,2,3,629),(1928,2,1,2,629),(1929,3,1,1,629),(1930,1,3,1,630),(1931,2,1,1,630),(1932,3,1,0,630),(1933,4,1,0,630),(1934,1,3,4,631),(1935,2,1,1,631),(1936,3,2,2,631),(1937,4,0,1,631),(1938,1,3,2,632),(1939,2,1,1,632),(1940,3,2,1,632),(1941,1,5,3,633),(1942,2,2,2,633),(1943,3,3,1,633),(1944,1,1,2,634),(1945,2,0,1,634),(1946,3,1,1,634),(1947,1,2,1,635),(1948,2,1,0,635),(1949,3,1,1,635),(1950,1,4,2,636),(1951,2,3,1,636),(1952,3,1,1,636),(1953,1,2,1,637),(1954,2,1,0,637),(1955,3,1,1,637),(1956,1,3,5,638),(1957,2,2,4,638),(1958,3,1,1,638),(1959,1,2,3,639),(1960,2,1,2,639),(1961,3,1,1,639),(1962,1,2,2,640),(1963,2,1,1,640),(1964,3,1,0,640),(1965,4,0,1,640),(1966,1,2,5,641),(1967,2,0,4,641),(1968,3,2,1,641),(1969,1,1,2,642),(1970,2,0,2,642),(1971,3,1,0,642),(1972,1,4,2,643),(1973,2,3,0,643),(1974,3,0,1,643),(1975,4,1,1,643),(1976,1,2,1,644),(1977,2,1,0,644),(1978,3,1,1,644);
/*!40000 ALTER TABLE `familia_descripcion` ENABLE KEYS */;
UNLOCK TABLES;

--
-- Table structure for table `familia_escolaridad`
--

DROP TABLE IF EXISTS `familia_escolaridad`;
/*!40101 SET @saved_cs_client     = @@character_set_client */;
/*!40101 SET character_set_client = utf8 */;
CREATE TABLE `familia_escolaridad` (
  `id` int(11) NOT NULL AUTO_INCREMENT,
  `beneficia` int(11) NOT NULL,
  `conyugue` int(11) NOT NULL,
  `encuesta_id` int(11) NOT NULL,
  PRIMARY KEY (`id`),
  KEY `familia_escolaridad_1de70ac4` (`encuesta_id`)
) ENGINE=MyISAM AUTO_INCREMENT=643 DEFAULT CHARSET=latin1;
/*!40101 SET character_set_client = @saved_cs_client */;

--
-- Dumping data for table `familia_escolaridad`
--

LOCK TABLES `familia_escolaridad` WRITE;
/*!40000 ALTER TABLE `familia_escolaridad` DISABLE KEYS */;
INSERT INTO `familia_escolaridad` VALUES (1,1,1,1),(2,3,3,3),(3,1,1,4),(4,4,1,5),(5,2,6,2),(6,1,2,6),(7,1,1,7),(8,2,1,8),(9,2,1,10),(10,2,2,9),(11,3,2,11),(12,1,1,12),(13,1,2,13),(14,1,1,14),(15,2,2,15),(16,1,1,16),(17,2,1,17),(18,4,1,18),(19,2,3,19),(20,1,6,20),(21,1,1,21),(22,2,1,22),(23,1,2,23),(24,1,1,24),(25,2,5,25),(26,1,1,26),(27,1,1,27),(28,1,6,28),(29,5,6,29),(30,1,1,30),(31,1,1,31),(32,4,4,32),(33,2,4,33),(34,2,2,34),(35,1,1,35),(36,2,1,37),(37,1,6,36),(38,1,1,38),(39,2,1,39),(40,2,2,40),(41,1,1,41),(42,1,1,42),(43,4,2,43),(44,3,1,44),(45,1,1,45),(46,1,2,46),(47,3,2,47),(48,1,1,48),(49,1,1,49),(50,4,6,50),(51,1,6,51),(52,1,1,52),(53,1,2,53),(54,3,3,54),(55,1,2,55),(56,2,1,56),(57,1,2,57),(58,1,6,58),(59,1,6,59),(60,1,1,60),(61,1,6,61),(62,4,3,62),(63,2,2,63),(64,1,1,64),(65,3,2,65),(66,2,2,66),(67,2,2,67),(68,4,1,68),(69,3,6,69),(70,1,1,70),(71,1,1,71),(72,1,1,72),(73,2,2,73),(74,2,1,74),(75,1,1,75),(76,1,1,76),(77,2,6,77),(78,3,3,78),(79,2,4,79),(80,2,1,80),(81,1,2,81),(82,2,1,82),(83,1,6,83),(84,2,1,84),(85,2,6,85),(86,2,2,86),(87,5,3,87),(88,1,1,88),(89,1,1,89),(90,3,3,90),(91,2,1,91),(92,2,1,92),(93,1,1,93),(94,1,3,94),(95,1,1,95),(96,1,1,96),(97,3,1,97),(98,1,1,98),(99,1,1,99),(100,3,4,100),(101,1,1,101),(102,1,1,102),(103,2,3,103),(104,2,2,104),(105,2,1,105),(106,1,1,106),(107,4,4,107),(108,1,1,108),(109,4,6,109),(110,1,1,110),(111,1,1,111),(112,1,1,112),(113,1,1,113),(114,2,2,114),(115,2,2,115),(116,2,2,116),(117,1,1,117),(118,1,1,118),(119,2,3,119),(120,3,5,120),(121,1,1,121),(122,1,1,122),(123,1,6,123),(124,4,6,124),(125,1,1,125),(126,2,1,126),(127,3,1,127),(128,1,2,128),(129,1,1,129),(130,2,3,130),(131,3,2,131),(132,1,1,132),(133,2,2,133),(134,1,1,134),(135,2,1,135),(136,1,6,136),(137,1,6,137),(138,1,1,138),(139,3,3,139),(140,2,2,140),(141,2,3,141),(142,3,6,142),(143,4,6,143),(144,2,2,144),(145,2,6,145),(146,1,2,146),(147,2,2,147),(148,1,6,148),(149,1,2,149),(150,4,3,150),(151,3,1,151),(152,2,1,152),(153,1,1,153),(154,3,2,154),(155,1,6,155),(156,1,1,156),(157,1,1,157),(158,1,1,158),(159,1,1,159),(160,1,1,160),(161,1,6,161),(162,1,3,162),(163,1,2,163),(164,1,1,164),(165,2,3,165),(166,5,6,166),(167,2,6,167),(168,1,1,168),(169,2,2,169),(170,1,1,170),(171,2,3,171),(172,1,3,172),(173,1,1,173),(174,3,2,174),(175,1,1,175),(176,1,1,176),(177,1,1,177),(178,2,1,178),(179,1,1,179),(180,2,6,180),(181,1,4,181),(182,1,2,182),(183,2,6,183),(184,2,2,184),(185,1,6,185),(186,1,2,186),(187,1,1,187),(188,1,1,188),(189,2,2,189),(190,2,1,190),(191,2,2,191),(192,1,1,192),(193,2,2,193),(194,1,1,194),(195,5,4,195),(196,1,1,196),(197,2,2,197),(198,3,2,198),(199,1,2,199),(200,1,1,200),(201,1,1,201),(202,2,2,202),(203,1,1,203),(204,2,1,204),(205,1,1,205),(206,1,1,206),(207,1,2,207),(208,1,1,208),(209,2,3,209),(210,1,1,210),(211,2,2,211),(212,2,2,212),(213,3,4,213),(214,2,2,214),(215,2,4,215),(216,2,3,216),(217,1,1,217),(218,1,2,218),(219,1,1,219),(220,2,4,220),(221,1,2,221),(222,2,2,222),(223,2,6,223),(224,1,2,224),(225,2,3,225),(226,2,1,226),(227,4,4,227),(228,1,1,228),(229,3,6,229),(230,4,5,230),(231,3,1,231),(232,4,3,232),(233,1,1,234),(234,1,1,235),(235,1,1,236),(236,4,4,237),(237,3,2,238),(238,1,1,239),(239,1,1,240),(240,2,2,241),(241,2,2,242),(242,1,1,243),(243,1,2,244),(244,1,2,245),(245,1,1,246),(246,2,2,247),(247,2,3,248),(248,2,2,249),(249,1,6,250),(250,4,2,251),(251,4,6,252),(252,4,1,253),(253,2,1,254),(254,2,3,256),(255,2,1,257),(256,1,1,258),(257,1,3,259),(258,1,2,255),(259,1,2,260),(260,3,6,261),(261,4,5,262),(262,2,1,263),(263,1,1,264),(264,1,1,265),(265,1,6,266),(266,3,1,267),(267,1,1,268),(268,1,1,269),(269,2,1,270),(270,3,1,271),(271,1,2,272),(272,3,3,273),(273,1,2,274),(274,2,2,275),(275,1,1,276),(276,1,1,277),(277,1,1,278),(278,1,4,279),(279,1,1,280),(280,2,1,281),(281,1,2,282),(282,2,2,283),(283,1,6,284),(284,1,1,285),(285,1,2,286),(286,2,6,287),(287,1,1,288),(288,1,1,289),(289,5,5,290),(290,2,5,291),(291,1,1,292),(292,3,3,293),(293,2,1,294),(294,2,3,295),(295,1,6,296),(296,1,1,297),(297,1,6,298),(298,1,1,299),(299,2,1,300),(300,1,1,301),(301,1,1,302),(302,1,1,303),(303,2,2,304),(304,1,3,305),(305,1,1,306),(306,3,1,307),(307,1,2,308),(308,1,1,309),(309,1,1,310),(310,2,2,311),(311,1,2,312),(312,1,6,313),(313,2,2,314),(314,3,2,315),(315,2,6,316),(316,1,1,317),(317,1,2,318),(318,1,2,319),(535,2,2,537),(320,2,2,321),(321,2,1,322),(322,1,1,323),(323,1,1,324),(324,1,1,325),(325,1,2,326),(326,1,1,327),(327,1,1,328),(328,2,2,329),(329,1,2,330),(330,3,2,331),(331,2,1,332),(332,2,1,333),(333,2,1,334),(334,2,1,335),(335,1,1,336),(336,3,4,337),(337,2,1,338),(338,2,1,339),(339,2,1,340),(340,1,1,341),(341,1,1,342),(342,1,6,343),(343,1,6,344),(344,2,2,345),(345,2,1,346),(346,3,4,347),(347,2,2,348),(348,1,1,349),(349,1,6,350),(350,4,1,351),(351,4,4,352),(352,1,1,353),(353,2,1,354),(354,1,2,355),(355,3,6,356),(356,1,2,357),(357,1,1,358),(358,2,2,359),(359,2,6,360),(360,2,2,361),(361,4,1,362),(362,2,1,363),(363,1,1,364),(364,2,1,365),(365,3,1,366),(366,4,1,367),(367,1,1,368),(368,3,6,369),(369,4,3,370),(370,1,1,371),(371,3,4,372),(372,2,2,373),(373,1,1,374),(374,1,1,375),(375,1,1,376),(376,1,1,377),(377,4,6,378),(378,4,6,379),(379,1,1,380),(380,1,1,381),(381,4,1,382),(382,1,1,383),(383,2,2,384),(384,1,6,385),(385,2,2,386),(386,2,2,387),(387,1,1,388),(388,1,1,389),(389,1,1,390),(390,1,2,391),(391,1,1,392),(392,2,1,393),(393,1,1,394),(394,1,1,395),(395,5,6,396),(396,1,1,397),(397,2,2,398),(398,1,1,399),(399,1,1,400),(400,1,2,401),(401,1,2,402),(402,1,1,403),(403,1,2,404),(404,2,2,405),(405,3,2,406),(406,2,6,407),(407,2,1,408),(408,2,6,409),(409,2,2,410),(410,6,6,411),(411,3,1,412),(412,1,1,413),(413,2,2,414),(414,1,1,415),(415,3,6,416),(416,1,1,417),(417,1,1,418),(418,1,1,419),(419,2,3,420),(420,1,3,421),(421,5,4,423),(422,1,1,424),(423,1,2,425),(424,1,1,426),(425,4,3,427),(426,2,6,428),(427,2,6,429),(428,1,2,430),(429,1,1,431),(430,2,6,432),(431,2,1,433),(432,3,3,434),(433,2,2,435),(434,1,6,436),(435,1,3,437),(436,1,6,438),(437,4,6,439),(438,1,6,440),(439,1,1,441),(440,2,6,442),(441,2,2,443),(442,2,1,444),(443,2,1,445),(444,2,1,446),(445,1,1,447),(446,2,1,448),(447,2,2,449),(448,2,1,450),(449,2,1,451),(450,2,1,452),(451,4,4,453),(452,1,1,454),(453,2,1,455),(454,2,4,456),(455,2,6,457),(456,1,1,458),(457,3,2,459),(458,1,1,460),(459,3,2,461),(460,1,1,462),(461,1,1,463),(462,1,1,464),(463,2,2,465),(464,1,1,466),(465,1,2,467),(466,2,1,468),(467,1,1,469),(468,1,2,470),(469,1,1,471),(470,2,1,472),(471,1,1,473),(472,1,1,474),(473,1,1,475),(474,1,6,476),(475,2,1,477),(476,1,3,478),(477,1,1,479),(478,1,1,480),(479,1,2,481),(480,1,1,482),(481,2,3,483),(482,1,2,484),(483,2,1,485),(484,1,1,486),(485,2,1,487),(486,3,2,488),(487,4,2,489),(488,2,2,490),(489,1,6,491),(490,1,6,492),(491,1,1,493),(492,1,1,494),(493,1,1,495),(494,1,1,496),(495,1,1,497),(496,1,2,498),(497,1,1,499),(498,2,2,500),(499,2,1,501),(500,1,6,502),(501,1,1,503),(502,2,2,504),(503,1,2,505),(564,2,1,566),(505,2,1,507),(563,3,2,565),(507,3,1,509),(508,2,1,510),(509,1,1,511),(510,3,2,512),(511,2,1,513),(513,2,4,515),(514,2,2,516),(515,2,2,517),(516,1,1,518),(517,1,2,519),(518,1,1,520),(519,1,2,521),(520,2,2,522),(521,4,2,523),(522,3,3,524),(523,1,1,525),(524,1,6,526),(525,1,3,527),(526,1,3,528),(527,1,1,529),(528,2,1,530),(529,1,1,531),(530,1,2,532),(531,2,1,533),(532,1,1,534),(562,1,1,563),(534,2,1,536),(536,2,2,538),(537,1,6,539),(538,1,1,540),(539,2,4,541),(540,1,1,542),(541,1,1,543),(542,1,6,544),(543,2,2,545),(544,1,2,546),(545,2,2,547),(546,1,1,548),(547,3,3,549),(548,1,6,550),(549,1,1,551),(550,2,2,552),(551,2,1,553),(552,1,1,554),(553,2,2,555),(554,1,1,556),(555,2,2,557),(556,2,1,558),(557,1,1,559),(558,1,1,560),(559,1,3,561),(560,1,1,562),(561,1,1,564),(565,1,1,567),(566,1,1,568),(567,2,6,569),(568,1,2,570),(569,5,4,571),(570,1,1,572),(571,1,1,573),(572,5,6,574),(573,1,1,575),(574,1,3,576),(575,3,3,577),(576,1,1,578),(577,4,6,579),(578,2,1,580),(579,1,1,581),(580,1,6,582),(581,1,1,583),(582,1,1,584),(583,1,1,585),(584,2,6,586),(585,1,1,587),(586,1,1,588),(587,1,2,589),(588,1,1,590),(589,2,6,591),(590,1,1,592),(591,1,1,593),(592,2,6,594),(593,2,1,595),(594,2,2,596),(595,2,2,597),(596,1,6,598),(597,3,6,599),(598,3,1,600),(599,1,1,601),(600,1,6,602),(601,1,1,603),(602,1,1,604),(603,1,2,605),(604,1,1,606),(605,3,1,607),(606,2,6,608),(607,2,6,609),(608,1,1,610),(609,3,3,611),(610,2,2,612),(611,2,1,613),(612,3,1,614),(613,1,1,615),(614,1,1,616),(615,1,1,617),(616,1,1,618),(617,5,5,619),(618,2,2,620),(619,2,1,621),(620,1,2,622),(621,2,2,623),(622,3,2,624),(625,2,1,627),(624,2,3,626),(626,2,1,628),(627,1,1,629),(628,1,6,630),(629,1,1,631),(630,1,1,632),(631,1,1,633),(632,1,1,634),(633,1,1,635),(634,1,1,636),(635,2,2,637),(636,1,1,638),(637,1,2,639),(638,1,6,640),(639,2,1,641),(640,1,6,642),(641,1,1,643),(642,3,2,644);
/*!40000 ALTER TABLE `familia_escolaridad` ENABLE KEYS */;
UNLOCK TABLES;

--
-- Table structure for table `formas_propiedad_ciclo`
--

DROP TABLE IF EXISTS `formas_propiedad_ciclo`;
/*!40101 SET @saved_cs_client     = @@character_set_client */;
/*!40101 SET character_set_client = utf8 */;
CREATE TABLE `formas_propiedad_ciclo` (
  `id` int(11) NOT NULL AUTO_INCREMENT,
  `nombre` varchar(200) NOT NULL,
  PRIMARY KEY (`id`)
) ENGINE=MyISAM AUTO_INCREMENT=5 DEFAULT CHARSET=latin1;
/*!40101 SET character_set_client = @saved_cs_client */;

--
-- Dumping data for table `formas_propiedad_ciclo`
--

LOCK TABLES `formas_propiedad_ciclo` WRITE;
/*!40000 ALTER TABLE `formas_propiedad_ciclo` DISABLE KEYS */;
INSERT INTO `formas_propiedad_ciclo` VALUES (1,'1) Alquila'),(2,'2) Mediería'),(3,'3) Prestada'),(4,'4) No aplica');
/*!40000 ALTER TABLE `formas_propiedad_ciclo` ENABLE KEYS */;
UNLOCK TABLES;

--
-- Table structure for table `formas_propiedad_propiedad`
--

DROP TABLE IF EXISTS `formas_propiedad_propiedad`;
/*!40101 SET @saved_cs_client     = @@character_set_client */;
/*!40101 SET character_set_client = utf8 */;
CREATE TABLE `formas_propiedad_propiedad` (
  `id` int(11) NOT NULL AUTO_INCREMENT,
  `conflicto` int(11) NOT NULL,
  `encuesta_id` int(11) NOT NULL,
  PRIMARY KEY (`id`),
  KEY `formas_propiedad_propiedad_1de70ac4` (`encuesta_id`)
) ENGINE=MyISAM AUTO_INCREMENT=645 DEFAULT CHARSET=latin1;
/*!40101 SET character_set_client = @saved_cs_client */;

--
-- Dumping data for table `formas_propiedad_propiedad`
--

LOCK TABLES `formas_propiedad_propiedad` WRITE;
/*!40000 ALTER TABLE `formas_propiedad_propiedad` DISABLE KEYS */;
INSERT INTO `formas_propiedad_propiedad` VALUES (1,2,1),(2,2,3),(3,2,5),(4,2,4),(5,2,2),(6,2,6),(7,2,7),(8,2,8),(9,2,10),(10,1,9),(11,2,11),(12,2,12),(13,2,13),(14,2,14),(15,2,15),(16,2,16),(17,2,17),(18,2,18),(19,2,19),(20,2,20),(21,1,21),(22,2,22),(23,2,23),(24,2,24),(25,2,25),(26,1,26),(27,2,27),(28,2,28),(29,2,29),(30,2,30),(31,2,31),(32,2,32),(33,2,33),(34,2,34),(35,2,35),(36,2,37),(37,2,36),(38,2,38),(39,2,39),(40,2,40),(41,2,41),(42,2,42),(43,2,43),(44,2,44),(45,2,45),(46,1,46),(47,2,47),(48,2,48),(49,2,49),(50,2,50),(51,1,51),(52,2,52),(53,2,53),(54,2,54),(55,2,55),(56,2,56),(57,2,57),(58,2,58),(59,2,59),(60,1,60),(61,2,61),(62,2,62),(63,2,63),(64,2,64),(65,2,65),(66,1,66),(67,2,67),(68,2,68),(69,2,69),(70,2,70),(71,2,71),(72,2,72),(73,2,73),(74,2,74),(75,2,75),(76,2,76),(77,2,77),(78,2,78),(79,2,79),(80,2,80),(81,2,81),(82,1,82),(83,2,83),(84,2,84),(85,2,85),(86,2,86),(87,2,87),(88,2,88),(89,2,89),(90,2,90),(91,2,91),(92,2,92),(93,2,93),(94,2,94),(95,2,95),(96,1,96),(97,2,97),(98,1,98),(99,2,99),(100,2,100),(101,2,101),(102,2,102),(103,2,103),(104,2,104),(105,2,105),(106,2,106),(107,2,107),(108,2,108),(109,2,109),(110,2,110),(111,2,111),(112,2,112),(113,2,113),(114,2,114),(115,2,115),(116,2,116),(117,2,117),(118,2,118),(119,1,119),(120,2,120),(121,2,121),(122,2,122),(123,2,123),(124,2,124),(125,2,125),(126,2,126),(127,2,127),(128,2,128),(129,2,129),(130,2,130),(131,2,131),(132,1,132),(133,2,133),(134,2,134),(135,2,135),(136,2,136),(137,2,137),(138,2,138),(139,2,139),(140,2,140),(141,2,141),(142,2,142),(143,2,143),(144,2,144),(145,3,145),(146,2,146),(147,2,147),(148,2,148),(149,2,149),(150,2,150),(151,2,151),(152,2,152),(153,2,153),(154,2,154),(155,2,155),(156,2,156),(157,2,157),(158,2,158),(159,2,159),(160,2,160),(161,1,161),(162,2,162),(163,2,163),(164,2,164),(165,2,165),(166,2,166),(167,2,167),(168,2,168),(169,2,169),(170,2,170),(171,2,171),(172,2,172),(173,2,173),(174,2,174),(175,2,175),(176,2,176),(177,2,177),(178,2,178),(179,2,179),(180,2,180),(181,2,181),(182,2,182),(183,2,183),(184,2,184),(185,2,185),(186,2,186),(187,2,187),(188,1,188),(189,2,189),(190,2,190),(191,2,191),(192,2,192),(193,2,193),(194,2,194),(195,2,195),(196,2,196),(197,2,197),(198,2,198),(199,2,199),(200,2,200),(201,1,201),(202,2,202),(203,2,203),(204,2,204),(205,2,205),(206,2,206),(207,2,207),(208,2,208),(209,2,209),(210,2,210),(211,2,211),(212,2,212),(213,2,213),(214,2,214),(215,2,215),(216,2,216),(217,2,217),(218,2,218),(219,2,219),(220,1,220),(221,2,221),(222,2,222),(223,2,223),(224,2,224),(225,2,225),(226,2,226),(227,2,227),(228,2,228),(229,2,229),(230,2,230),(231,2,231),(232,2,232),(233,2,233),(234,2,234),(235,2,235),(236,1,236),(237,2,237),(238,2,238),(239,2,239),(240,2,240),(241,2,241),(242,2,242),(243,2,243),(244,2,244),(245,2,245),(246,2,246),(247,1,247),(248,2,248),(249,2,249),(250,2,250),(251,2,251),(252,2,252),(253,2,253),(254,2,254),(255,2,256),(256,2,257),(257,2,258),(258,2,259),(259,3,255),(260,2,260),(261,2,261),(262,2,262),(263,1,263),(264,2,264),(265,2,265),(266,2,266),(267,2,267),(268,2,268),(269,3,269),(270,2,270),(271,2,271),(272,2,272),(273,2,273),(274,2,274),(275,1,275),(276,2,276),(277,2,277),(278,2,278),(279,2,279),(280,2,280),(281,2,281),(282,2,282),(283,2,283),(284,2,284),(285,2,285),(286,2,286),(287,2,287),(288,2,288),(289,2,289),(290,2,290),(291,2,291),(292,2,292),(293,2,293),(294,2,294),(295,2,295),(296,2,296),(297,2,297),(298,2,298),(299,2,299),(300,2,300),(301,2,301),(302,2,302),(303,2,303),(304,2,304),(305,2,305),(306,2,306),(307,2,307),(308,2,308),(309,2,309),(310,2,310),(311,2,311),(312,2,312),(313,2,313),(314,2,314),(315,2,315),(316,2,316),(317,2,317),(318,2,318),(319,2,319),(537,2,537),(321,2,321),(322,2,322),(323,2,323),(324,2,324),(325,2,325),(326,2,326),(327,2,327),(328,2,328),(329,2,329),(330,2,330),(331,2,331),(332,1,332),(333,2,333),(334,2,334),(335,3,335),(336,2,336),(337,1,337),(338,1,338),(339,2,339),(340,2,340),(341,2,341),(342,2,342),(343,2,343),(344,2,344),(345,2,345),(346,2,346),(347,2,347),(348,2,348),(349,2,349),(350,2,350),(351,2,351),(352,2,352),(353,2,353),(354,2,354),(355,2,355),(356,2,356),(357,2,357),(358,2,358),(359,3,359),(360,1,360),(361,2,361),(362,2,362),(363,2,363),(364,2,364),(365,2,365),(366,2,366),(367,2,367),(368,2,368),(369,2,369),(370,2,370),(371,2,371),(372,2,372),(373,2,373),(374,2,374),(375,1,375),(376,2,376),(377,2,377),(378,2,378),(379,2,379),(380,2,380),(381,2,381),(382,2,382),(383,2,383),(384,2,384),(385,2,385),(386,2,386),(387,2,387),(388,1,388),(389,2,389),(390,2,390),(391,2,391),(392,2,392),(393,2,393),(394,2,394),(395,2,395),(396,2,396),(397,2,397),(398,2,398),(399,2,399),(400,2,400),(401,2,401),(402,2,402),(403,2,403),(404,2,404),(405,2,405),(406,2,406),(407,2,407),(408,2,408),(409,1,409),(410,2,410),(411,2,411),(412,2,412),(413,2,413),(414,2,414),(415,2,415),(416,2,416),(417,2,417),(418,2,418),(419,2,419),(420,2,420),(421,2,421),(422,2,422),(423,3,423),(424,2,424),(425,2,425),(426,2,426),(427,2,427),(428,2,428),(429,2,429),(430,2,430),(431,3,431),(432,2,432),(433,1,433),(434,1,434),(435,2,435),(436,2,436),(437,2,437),(438,2,438),(439,2,439),(440,2,440),(441,2,441),(442,2,442),(443,2,443),(444,2,444),(445,2,445),(446,2,446),(447,1,447),(448,2,448),(449,2,449),(450,2,450),(451,2,451),(452,2,452),(453,2,453),(454,2,454),(455,2,455),(456,2,456),(457,2,457),(458,2,458),(459,2,459),(460,2,460),(461,2,461),(462,2,462),(463,2,463),(464,2,464),(465,2,465),(466,2,466),(467,1,467),(468,1,468),(469,2,469),(470,2,470),(471,2,471),(472,2,472),(473,2,473),(474,2,474),(475,2,475),(476,2,476),(477,2,477),(478,2,478),(479,2,479),(480,2,480),(481,2,481),(482,2,482),(483,2,483),(484,2,484),(485,1,485),(486,2,486),(487,2,487),(488,2,488),(489,2,489),(490,2,490),(491,2,491),(492,2,492),(493,2,493),(494,2,494),(495,2,495),(496,2,496),(497,1,497),(498,2,498),(499,2,499),(500,1,500),(501,2,501),(502,2,502),(503,1,503),(504,2,504),(505,2,505),(566,2,566),(507,1,507),(565,2,565),(509,2,509),(510,2,510),(511,2,511),(512,2,512),(513,1,513),(515,2,515),(516,2,516),(517,2,517),(518,2,518),(519,2,519),(520,2,520),(521,1,521),(522,2,522),(523,2,523),(524,2,524),(525,2,525),(526,2,526),(527,2,527),(528,2,528),(529,2,529),(530,2,530),(531,2,531),(532,2,532),(533,2,533),(534,2,534),(564,2,563),(536,2,536),(538,2,538),(539,2,539),(540,2,540),(541,2,541),(542,2,542),(543,2,543),(544,2,544),(545,2,545),(546,2,546),(547,2,547),(548,1,548),(549,2,549),(550,2,550),(551,2,551),(552,2,552),(553,2,553),(554,2,554),(555,2,555),(556,1,556),(557,2,557),(558,2,558),(559,2,559),(560,2,560),(561,2,561),(562,2,562),(563,2,564),(567,1,567),(568,2,568),(569,2,569),(570,2,570),(571,2,571),(572,2,572),(573,2,573),(574,2,574),(575,2,575),(576,2,576),(577,2,577),(578,2,578),(579,2,579),(580,2,580),(581,2,581),(582,2,582),(583,2,583),(584,2,584),(585,2,585),(586,2,586),(587,2,587),(588,2,588),(589,2,589),(590,2,590),(591,2,591),(592,2,592),(593,2,593),(594,2,594),(595,2,595),(596,2,596),(597,2,597),(598,2,598),(599,2,599),(600,2,600),(601,2,601),(602,2,602),(603,2,603),(604,2,604),(605,1,605),(606,1,606),(607,2,607),(608,2,608),(609,2,609),(610,3,610),(611,2,611),(612,2,612),(613,2,613),(614,2,614),(615,2,615),(616,2,616),(617,2,617),(618,2,618),(619,2,619),(620,2,620),(621,2,621),(622,2,622),(623,2,623),(624,2,624),(627,2,627),(626,2,626),(628,2,628),(629,2,629),(630,2,630),(631,2,631),(632,2,632),(633,2,633),(634,2,634),(635,2,635),(636,2,636),(637,2,637),(638,2,638),(639,2,639),(640,2,640),(641,2,641),(642,2,642),(643,2,643),(644,1,644);
/*!40000 ALTER TABLE `formas_propiedad_propiedad` ENABLE KEYS */;
UNLOCK TABLES;

--
-- Table structure for table `formas_propiedad_propiedad_ciclo`
--

DROP TABLE IF EXISTS `formas_propiedad_propiedad_ciclo`;
/*!40101 SET @saved_cs_client     = @@character_set_client */;
/*!40101 SET character_set_client = utf8 */;
CREATE TABLE `formas_propiedad_propiedad_ciclo` (
  `id` int(11) NOT NULL AUTO_INCREMENT,
  `propiedad_id` int(11) NOT NULL,
  `ciclo_id` int(11) NOT NULL,
  PRIMARY KEY (`id`),
  UNIQUE KEY `formas_propiedad_propiedad_ci_propiedad_id_6528f1d90027c37_uniq` (`propiedad_id`,`ciclo_id`),
  KEY `formas_propiedad_propiedad_ciclo_88159443` (`propiedad_id`),
  KEY `formas_propiedad_propiedad_ciclo_c1f7fef3` (`ciclo_id`)
) ENGINE=MyISAM AUTO_INCREMENT=662 DEFAULT CHARSET=latin1;
/*!40101 SET character_set_client = @saved_cs_client */;

--
-- Dumping data for table `formas_propiedad_propiedad_ciclo`
--

LOCK TABLES `formas_propiedad_propiedad_ciclo` WRITE;
/*!40000 ALTER TABLE `formas_propiedad_propiedad_ciclo` DISABLE KEYS */;
INSERT INTO `formas_propiedad_propiedad_ciclo` VALUES (1,1,1),(2,1,4),(3,2,1),(4,3,1),(5,4,4),(6,5,4),(7,6,4),(8,7,1),(9,8,2),(10,9,1),(11,9,2),(12,10,1),(13,11,1),(14,12,1),(15,12,2),(16,13,4),(17,14,4),(18,15,1),(19,16,1),(20,17,4),(21,18,1),(22,19,3),(23,20,4),(24,21,1),(25,22,4),(26,23,4),(27,24,2),(28,25,3),(29,26,1),(30,27,4),(31,28,1),(32,29,4),(33,30,4),(34,31,4),(35,32,1),(36,33,3),(37,34,1),(38,35,2),(39,36,1),(40,37,4),(41,38,4),(42,39,1),(43,40,1),(44,41,4),(45,42,4),(46,43,1),(47,44,2),(48,45,4),(49,46,3),(50,47,1),(51,48,1),(52,49,2),(53,50,4),(54,51,1),(55,52,4),(56,53,4),(57,54,3),(58,55,4),(59,56,1),(60,57,4),(61,58,1),(62,59,4),(63,60,1),(64,60,2),(65,61,4),(66,62,4),(67,63,1),(68,64,4),(69,65,4),(70,66,4),(71,67,4),(72,68,4),(73,69,4),(74,70,2),(75,71,4),(76,72,1),(77,73,3),(78,74,4),(79,75,1),(80,76,4),(81,77,4),(82,78,4),(83,79,1),(84,80,1),(85,81,1),(86,82,1),(87,83,1),(88,84,1),(89,85,4),(90,86,4),(91,87,4),(92,88,4),(93,89,1),(94,90,4),(95,91,1),(96,92,1),(97,93,4),(98,94,1),(99,95,4),(100,96,4),(101,97,2),(102,98,4),(103,99,1),(104,100,4),(105,101,1),(106,102,4),(107,103,4),(108,104,2),(109,105,4),(110,106,4),(111,107,3),(112,108,1),(113,108,2),(114,109,1),(115,110,4),(116,111,4),(117,112,4),(118,113,4),(119,114,1),(120,115,1),(121,116,1),(122,117,3),(123,118,4),(124,119,4),(125,120,4),(126,121,2),(127,122,4),(128,123,1),(129,124,3),(130,125,4),(131,126,4),(132,127,1),(133,127,2),(134,128,2),(135,129,4),(136,130,4),(137,131,4),(138,132,4),(139,133,1),(140,134,4),(141,135,1),(142,136,4),(143,137,4),(144,138,2),(145,139,4),(146,140,2),(147,141,4),(148,142,4),(149,143,1),(150,144,4),(151,145,4),(152,146,4),(153,147,1),(154,148,4),(155,149,4),(156,150,4),(157,151,4),(158,152,4),(159,153,2),(160,154,4),(161,155,1),(162,156,4),(163,157,1),(164,158,3),(165,159,1),(166,160,4),(167,161,1),(168,162,3),(169,163,4),(170,164,4),(171,165,4),(172,166,4),(173,167,4),(174,168,4),(175,169,1),(176,170,4),(177,171,4),(178,172,3),(179,173,4),(180,174,1),(181,175,4),(182,176,4),(183,177,4),(184,178,3),(185,179,3),(186,180,4),(187,181,1),(188,182,4),(189,183,4),(190,184,1),(191,185,3),(192,186,4),(193,187,4),(194,188,2),(195,189,1),(196,190,4),(197,191,4),(198,192,3),(199,193,4),(200,194,4),(201,195,4),(202,196,4),(203,197,1),(204,198,4),(205,199,4),(206,200,4),(207,201,4),(208,202,4),(209,203,4),(210,204,1),(211,205,4),(212,206,4),(213,207,4),(214,208,4),(215,209,1),(216,210,4),(217,211,4),(218,212,1),(219,213,1),(220,214,4),(221,215,4),(222,216,1),(223,217,1),(224,218,4),(225,219,4),(226,220,3),(227,221,4),(228,222,4),(229,223,1),(230,223,2),(231,224,2),(232,225,4),(233,226,4),(234,227,1),(235,228,1),(236,229,3),(237,230,3),(238,231,4),(239,232,3),(240,233,4),(241,234,1),(242,235,4),(243,236,1),(244,237,4),(245,238,1),(246,239,1),(247,240,1),(248,241,4),(249,242,3),(250,243,1),(251,244,1),(252,245,4),(253,246,4),(254,247,4),(255,248,3),(256,249,4),(257,250,4),(258,251,4),(259,252,3),(260,253,3),(261,254,3),(262,255,4),(263,256,4),(264,257,3),(265,258,1),(266,259,1),(267,260,4),(268,261,4),(269,262,4),(270,263,1),(271,264,1),(272,265,4),(273,266,1),(274,267,1),(275,268,4),(276,269,2),(277,270,4),(278,271,1),(279,272,4),(280,273,4),(281,274,1),(282,275,2),(283,276,4),(284,277,3),(285,278,4),(286,279,1),(287,280,1),(288,281,4),(289,282,4),(290,283,4),(291,284,3),(292,285,1),(293,286,4),(294,287,4),(295,288,4),(296,289,4),(297,290,1),(298,291,4),(299,292,4),(300,293,4),(301,294,1),(302,295,1),(303,296,4),(304,297,4),(305,298,1),(306,299,1),(307,299,4),(308,300,1),(309,301,1),(310,302,4),(311,303,4),(312,304,4),(313,305,4),(314,306,4),(315,307,1),(316,307,2),(317,308,4),(318,309,1),(319,310,4),(320,311,4),(321,312,4),(322,313,1),(323,314,1),(324,315,4),(325,316,4),(326,317,4),(327,318,4),(328,319,4),(554,537,4),(330,321,3),(331,322,4),(332,323,4),(333,324,4),(334,325,1),(335,326,3),(336,327,1),(337,328,4),(338,329,1),(339,330,2),(340,331,1),(341,332,4),(342,333,4),(343,334,4),(344,335,4),(345,336,3),(346,337,4),(347,338,4),(348,339,4),(349,340,4),(350,341,4),(351,342,1),(352,343,4),(353,344,4),(354,345,4),(355,346,4),(356,347,4),(357,348,4),(358,349,1),(359,350,4),(360,351,1),(361,352,4),(362,353,4),(363,354,4),(364,355,4),(365,356,4),(366,357,4),(367,358,1),(368,359,1),(369,360,2),(370,361,1),(371,362,4),(372,363,1),(373,364,4),(374,365,4),(375,366,1),(376,367,4),(377,368,1),(378,369,1),(379,370,1),(380,371,1),(381,372,4),(382,373,1),(383,374,4),(384,375,4),(385,376,4),(386,377,1),(387,378,4),(388,379,4),(389,380,2),(390,381,4),(391,382,2),(392,383,4),(393,384,4),(394,385,4),(395,386,4),(396,387,4),(397,388,3),(398,389,4),(399,390,4),(400,391,4),(401,392,4),(402,393,1),(403,394,1),(404,394,2),(405,395,1),(406,396,4),(407,397,4),(408,398,4),(409,399,4),(410,400,4),(411,401,4),(412,402,1),(413,403,4),(414,404,1),(415,405,4),(416,406,4),(417,407,2),(418,408,1),(419,409,4),(420,410,4),(421,411,1),(422,412,1),(423,413,4),(424,414,1),(425,415,1),(426,416,4),(427,417,3),(428,418,1),(429,419,4),(430,420,3),(431,421,1),(432,421,2),(433,421,3),(434,422,1),(435,423,1),(436,424,1),(437,425,1),(438,425,3),(439,426,4),(440,427,2),(441,428,4),(442,429,4),(443,430,4),(444,431,1),(445,431,3),(446,432,4),(447,433,4),(448,434,4),(449,435,1),(450,435,2),(451,436,4),(452,437,1),(453,438,4),(454,439,1),(455,440,4),(456,441,4),(457,442,1),(458,443,2),(459,444,1),(460,445,1),(461,446,4),(462,447,1),(463,448,2),(464,449,3),(465,450,3),(466,451,1),(467,451,2),(468,452,4),(469,453,4),(470,454,3),(471,455,4),(472,456,4),(473,457,4),(474,458,4),(475,459,4),(476,460,4),(477,461,2),(478,462,1),(479,462,2),(480,463,1),(481,464,4),(482,465,4),(483,466,2),(484,467,4),(485,468,1),(486,469,4),(487,470,2),(488,471,1),(489,472,4),(490,473,2),(491,474,4),(492,475,4),(493,476,4),(494,477,3),(495,478,4),(496,479,1),(497,480,1),(498,481,3),(499,482,4),(500,483,3),(501,484,4),(502,485,4),(503,486,4),(504,487,4),(505,488,3),(506,489,4),(507,490,2),(508,491,4),(509,492,4),(510,493,4),(511,494,1),(512,495,4),(513,496,1),(514,497,1),(515,498,1),(516,499,1),(517,500,3),(518,501,3),(519,502,4),(520,503,4),(521,504,1),(522,505,1),(583,566,3),(524,507,1),(582,565,1),(526,509,4),(527,510,1),(528,511,4),(529,512,3),(530,513,2),(532,515,4),(533,516,1),(534,517,1),(535,518,4),(536,519,4),(537,520,3),(538,521,4),(539,522,4),(540,523,3),(541,524,1),(542,525,4),(543,526,1),(544,527,4),(545,528,4),(546,529,4),(547,530,4),(548,531,4),(549,532,4),(550,533,3),(551,534,1),(581,564,4),(553,536,1),(555,538,3),(556,539,3),(557,540,3),(558,541,4),(559,542,4),(560,543,4),(561,544,3),(562,545,4),(563,546,2),(564,547,3),(565,548,1),(566,549,4),(567,550,3),(568,551,3),(569,552,3),(570,553,4),(571,554,1),(572,555,4),(573,556,4),(574,557,2),(575,558,3),(576,559,4),(577,560,1),(578,561,4),(579,562,4),(580,563,4),(584,567,4),(585,568,4),(586,569,4),(587,570,1),(588,571,1),(589,572,4),(590,573,4),(591,574,4),(592,575,1),(593,576,4),(594,577,1),(595,578,2),(596,579,4),(597,580,4),(598,581,4),(599,582,1),(600,583,1),(601,584,1),(602,585,1),(603,586,1),(604,587,4),(605,588,4),(606,589,1),(607,590,4),(608,591,4),(609,592,4),(610,593,4),(611,594,4),(612,595,1),(613,596,1),(614,597,4),(615,598,4),(616,599,3),(617,600,1),(618,601,1),(619,602,1),(620,603,4),(621,604,4),(622,605,4),(623,606,4),(624,607,4),(625,608,4),(626,609,4),(627,610,3),(628,611,4),(629,612,4),(630,613,2),(631,614,3),(632,615,3),(633,616,4),(634,617,3),(635,618,1),(636,619,4),(637,620,3),(638,621,4),(639,622,1),(640,623,1),(641,624,1),(644,627,4),(643,626,1),(645,628,1),(646,629,3),(647,630,4),(648,631,4),(649,632,4),(650,633,1),(651,634,4),(652,635,4),(653,636,4),(654,637,4),(655,638,4),(656,639,4),(657,640,4),(658,641,4),(659,642,1),(660,643,1),(661,644,1);
/*!40000 ALTER TABLE `formas_propiedad_propiedad_ciclo` ENABLE KEYS */;
UNLOCK TABLES;

--
-- Table structure for table `formas_propiedad_propiedad_zonas`
--

DROP TABLE IF EXISTS `formas_propiedad_propiedad_zonas`;
/*!40101 SET @saved_cs_client     = @@character_set_client */;
/*!40101 SET character_set_client = utf8 */;
CREATE TABLE `formas_propiedad_propiedad_zonas` (
  `id` int(11) NOT NULL AUTO_INCREMENT,
  `propiedad_id` int(11) NOT NULL,
  `riegos_id` int(11) NOT NULL,
  PRIMARY KEY (`id`),
  UNIQUE KEY `formas_propiedad_propiedad_zo_propiedad_id_64492a276b75ffe_uniq` (`propiedad_id`,`riegos_id`),
  KEY `formas_propiedad_propiedad_zonas_88159443` (`propiedad_id`),
  KEY `formas_propiedad_propiedad_zonas_2c586165` (`riegos_id`)
) ENGINE=MyISAM AUTO_INCREMENT=671 DEFAULT CHARSET=latin1;
/*!40101 SET character_set_client = @saved_cs_client */;

--
-- Dumping data for table `formas_propiedad_propiedad_zonas`
--

LOCK TABLES `formas_propiedad_propiedad_zonas` WRITE;
/*!40000 ALTER TABLE `formas_propiedad_propiedad_zonas` DISABLE KEYS */;
INSERT INTO `formas_propiedad_propiedad_zonas` VALUES (1,1,5),(2,2,2),(3,3,1),(4,4,5),(5,5,1),(6,6,2),(7,7,2),(8,8,1),(9,9,2),(10,10,2),(11,11,5),(12,12,5),(13,13,2),(14,14,5),(15,15,5),(16,16,2),(17,17,5),(18,18,5),(19,19,5),(20,20,5),(21,21,5),(22,22,5),(23,23,2),(24,24,2),(25,25,2),(26,25,3),(27,26,5),(28,27,2),(29,28,1),(30,29,5),(31,30,1),(32,30,2),(33,30,3),(34,31,5),(35,32,5),(36,33,5),(37,34,5),(38,35,5),(39,36,2),(40,37,2),(41,38,2),(42,39,5),(43,40,5),(44,41,5),(45,42,2),(46,43,1),(47,44,3),(48,45,2),(49,46,5),(50,47,5),(51,48,2),(52,49,5),(53,50,5),(54,51,2),(55,52,2),(56,53,2),(57,54,2),(58,55,5),(59,56,1),(60,57,2),(61,58,5),(62,59,5),(63,60,2),(64,61,5),(65,62,5),(66,63,5),(67,64,2),(68,65,2),(69,66,1),(70,67,5),(71,68,2),(72,69,2),(73,70,2),(74,71,2),(75,72,2),(76,73,5),(77,74,5),(78,75,2),(79,76,2),(80,77,5),(81,78,2),(82,79,2),(83,80,5),(84,81,2),(85,82,5),(86,83,5),(87,84,5),(88,85,2),(89,86,1),(90,87,5),(91,88,2),(92,89,2),(93,90,5),(94,91,5),(95,92,2),(96,93,2),(97,94,5),(98,95,2),(99,96,5),(100,97,2),(101,98,5),(102,99,5),(103,100,2),(104,101,2),(105,102,5),(106,103,2),(107,104,5),(108,105,5),(109,106,2),(110,107,5),(111,108,5),(112,109,2),(113,110,5),(114,111,5),(115,112,5),(116,113,1),(117,114,5),(118,115,2),(119,116,1),(120,116,2),(121,117,1),(122,117,2),(123,118,2),(124,119,2),(125,120,3),(126,121,5),(127,122,5),(128,123,5),(129,124,5),(130,125,2),(131,126,2),(132,127,2),(133,128,5),(134,129,1),(135,129,2),(136,130,5),(137,131,2),(138,132,2),(139,133,2),(140,134,2),(141,135,2),(142,136,5),(143,137,2),(144,138,2),(145,139,5),(146,140,2),(147,141,1),(148,141,2),(149,142,5),(150,143,5),(151,144,2),(152,145,5),(153,146,5),(154,147,5),(155,148,5),(156,149,2),(157,150,5),(158,151,5),(159,152,2),(160,153,5),(161,154,5),(162,155,5),(163,156,2),(164,157,1),(165,157,2),(166,158,1),(167,159,1),(168,160,2),(169,161,2),(170,162,2),(171,163,3),(172,164,3),(173,165,1),(174,166,5),(175,167,2),(176,168,2),(177,169,5),(178,170,5),(179,171,2),(180,172,2),(181,173,2),(182,174,5),(183,175,5),(184,176,2),(185,177,5),(186,178,5),(187,179,5),(188,180,5),(189,181,5),(190,182,5),(191,183,5),(192,184,5),(193,185,5),(194,186,2),(195,187,5),(196,188,2),(197,189,2),(198,190,2),(199,191,2),(200,192,2),(201,193,5),(202,194,5),(203,195,5),(204,196,5),(205,197,5),(206,198,2),(207,199,5),(208,200,5),(209,201,5),(210,202,5),(211,203,5),(212,204,5),(213,205,5),(214,206,5),(215,207,2),(216,208,5),(217,209,2),(218,210,5),(219,211,5),(220,212,5),(221,213,5),(222,214,5),(223,215,5),(224,216,2),(225,217,5),(226,218,5),(227,219,5),(228,220,1),(229,221,1),(230,222,2),(231,223,1),(232,223,2),(233,224,2),(234,225,5),(235,226,2),(236,227,5),(237,228,5),(238,229,5),(239,230,5),(240,231,5),(241,232,5),(242,233,5),(243,234,5),(244,235,2),(245,236,5),(246,237,5),(247,238,5),(248,239,2),(249,240,2),(250,241,2),(251,242,2),(252,243,5),(253,244,5),(254,245,5),(255,246,2),(256,247,5),(257,248,5),(258,249,5),(259,250,2),(260,251,5),(261,252,5),(262,253,5),(263,254,1),(264,254,2),(265,255,5),(266,256,5),(267,257,5),(268,258,5),(269,259,5),(270,260,5),(271,261,2),(272,262,5),(273,263,2),(274,264,5),(275,265,1),(276,265,2),(277,266,2),(278,267,1),(279,268,5),(280,269,5),(281,270,5),(282,271,2),(283,272,5),(284,273,5),(285,274,2),(286,275,5),(287,276,5),(288,277,5),(289,278,2),(290,279,3),(291,280,5),(292,281,5),(293,282,2),(294,283,5),(295,284,5),(296,285,2),(297,286,5),(298,287,2),(299,288,5),(300,289,2),(301,290,2),(302,291,2),(303,292,5),(304,293,2),(305,294,5),(306,295,5),(307,296,5),(308,297,5),(309,298,5),(310,299,5),(311,300,5),(312,301,2),(313,302,5),(314,303,5),(315,304,5),(316,305,1),(317,306,5),(318,307,5),(319,308,1),(320,308,2),(321,309,5),(322,310,2),(323,311,2),(324,312,5),(325,313,5),(326,314,2),(327,315,5),(328,316,5),(329,317,5),(330,318,5),(331,319,5),(563,537,5),(333,321,5),(334,322,5),(335,323,5),(336,324,5),(337,325,2),(338,326,5),(339,327,5),(340,328,1),(341,328,2),(342,329,5),(343,330,2),(344,331,5),(345,332,2),(346,333,5),(347,334,2),(348,335,2),(349,336,5),(350,337,2),(351,338,1),(352,338,2),(353,339,2),(354,340,5),(355,341,5),(356,342,5),(357,343,1),(358,344,1),(359,344,2),(360,345,5),(361,346,5),(362,347,5),(363,348,5),(364,349,2),(365,350,5),(366,351,2),(367,352,2),(368,353,5),(369,354,2),(370,355,5),(371,356,5),(372,357,5),(373,358,2),(374,359,5),(375,360,5),(376,361,2),(377,362,5),(378,363,5),(379,364,2),(380,365,2),(381,366,5),(382,367,2),(383,368,5),(384,369,5),(385,370,5),(386,371,5),(387,372,5),(388,373,5),(389,374,5),(390,375,5),(391,376,5),(392,377,5),(393,378,5),(394,379,5),(395,380,5),(396,381,2),(397,382,5),(398,383,2),(399,384,2),(400,385,5),(401,386,5),(402,387,5),(403,388,5),(404,389,5),(405,390,5),(406,391,5),(407,392,5),(408,393,2),(409,394,5),(410,395,5),(411,396,5),(412,397,5),(413,398,5),(414,399,5),(415,400,5),(416,401,5),(417,402,5),(418,403,5),(419,404,5),(420,405,1),(421,405,2),(422,406,2),(423,407,5),(424,408,2),(425,409,2),(426,410,1),(427,410,2),(428,411,5),(429,412,5),(430,413,2),(431,414,2),(432,415,1),(433,415,2),(434,416,2),(435,417,5),(436,418,5),(437,419,2),(438,420,5),(439,421,5),(440,422,2),(441,423,5),(442,424,5),(443,425,5),(444,426,5),(445,427,5),(446,428,5),(447,429,2),(448,430,5),(449,431,1),(450,431,2),(451,432,2),(452,433,1),(453,434,5),(454,435,2),(455,436,5),(456,437,2),(457,438,5),(458,439,5),(459,440,5),(460,441,1),(461,441,2),(462,442,1),(463,443,2),(464,444,2),(465,445,5),(466,446,5),(467,447,5),(468,448,5),(469,449,4),(470,450,5),(471,451,1),(472,451,2),(473,452,5),(474,453,2),(475,454,5),(476,455,2),(477,456,2),(478,457,5),(479,458,5),(480,459,5),(481,460,5),(482,461,2),(483,462,2),(484,463,5),(485,464,5),(486,465,5),(487,466,5),(488,467,1),(489,468,5),(490,469,5),(491,470,2),(492,471,2),(493,472,5),(494,473,5),(495,474,2),(496,475,2),(497,476,5),(498,477,5),(499,478,5),(500,479,5),(501,480,5),(502,481,5),(503,482,2),(504,483,1),(505,483,2),(506,484,1),(507,484,2),(508,485,1),(509,485,2),(510,486,5),(511,487,3),(512,488,1),(513,489,1),(514,490,2),(515,491,2),(516,492,5),(517,493,2),(518,494,2),(519,495,5),(520,496,1),(521,496,2),(522,497,2),(523,498,1),(524,498,2),(525,499,5),(526,500,5),(527,501,5),(528,502,2),(529,503,2),(530,504,5),(531,505,3),(592,566,5),(533,507,5),(591,565,5),(535,509,2),(536,510,5),(537,511,5),(538,512,5),(539,513,5),(541,515,5),(542,516,2),(543,517,2),(544,518,3),(545,519,5),(546,520,1),(547,521,2),(548,522,2),(549,523,5),(550,524,2),(551,525,5),(552,526,1),(553,527,5),(554,528,5),(555,529,1),(556,530,2),(557,531,5),(558,532,5),(559,533,1),(560,534,2),(590,564,5),(562,536,5),(564,538,1),(565,539,5),(566,540,2),(567,541,5),(568,542,3),(569,543,5),(570,544,5),(571,545,4),(572,546,5),(573,547,5),(574,548,2),(575,549,1),(576,550,3),(577,551,1),(578,552,5),(579,553,5),(580,554,5),(581,555,1),(582,556,5),(583,557,5),(584,558,2),(585,559,1),(586,560,5),(587,561,5),(588,562,1),(589,563,5),(593,567,1),(594,568,1),(595,569,5),(596,570,5),(597,571,1),(598,572,5),(599,573,5),(600,574,2),(601,575,5),(602,576,1),(603,577,5),(604,578,5),(605,579,1),(606,580,2),(607,581,5),(608,582,1),(609,583,5),(610,584,5),(611,585,5),(612,586,5),(613,587,5),(614,588,1),(615,589,2),(616,590,5),(617,591,2),(618,592,5),(619,593,1),(620,594,1),(621,595,5),(622,596,5),(623,597,1),(624,598,5),(625,599,5),(626,600,5),(627,601,1),(628,602,2),(629,603,5),(630,604,2),(631,605,1),(632,606,1),(633,607,1),(634,608,2),(635,609,5),(636,610,3),(637,611,1),(638,612,1),(639,613,1),(640,614,5),(641,615,1),(642,616,1),(643,617,5),(644,618,1),(645,619,1),(646,620,2),(647,621,2),(648,622,5),(649,623,5),(650,624,2),(653,627,2),(652,626,2),(654,628,1),(655,629,5),(656,630,1),(657,631,1),(658,632,2),(659,633,5),(660,634,5),(661,635,1),(662,636,5),(663,637,5),(664,638,1),(665,639,5),(666,640,5),(667,641,1),(668,642,1),(669,643,5),(670,644,2);
/*!40000 ALTER TABLE `formas_propiedad_propiedad_zonas` ENABLE KEYS */;
UNLOCK TABLES;

--
-- Table structure for table `formas_propiedad_riegos`
--

DROP TABLE IF EXISTS `formas_propiedad_riegos`;
/*!40101 SET @saved_cs_client     = @@character_set_client */;
/*!40101 SET character_set_client = utf8 */;
CREATE TABLE `formas_propiedad_riegos` (
  `id` int(11) NOT NULL AUTO_INCREMENT,
  `nombre` varchar(200) NOT NULL,
  PRIMARY KEY (`id`)
) ENGINE=MyISAM AUTO_INCREMENT=6 DEFAULT CHARSET=latin1;
/*!40101 SET character_set_client = @saved_cs_client */;

--
-- Dumping data for table `formas_propiedad_riegos`
--

LOCK TABLES `formas_propiedad_riegos` WRITE;
/*!40000 ALTER TABLE `formas_propiedad_riegos` DISABLE KEYS */;
INSERT INTO `formas_propiedad_riegos` VALUES (1,'1) Inundación'),(2,'2) Deslave'),(3,'3) Incendio forestal'),(4,'4)  Otros. ¿Cuál?'),(5,'5) No hay');
/*!40000 ALTER TABLE `formas_propiedad_riegos` ENABLE KEYS */;
UNLOCK TABLES;

--
-- Table structure for table `formas_propiedad_tierra`
--

DROP TABLE IF EXISTS `formas_propiedad_tierra`;
/*!40101 SET @saved_cs_client     = @@character_set_client */;
/*!40101 SET character_set_client = utf8 */;
CREATE TABLE `formas_propiedad_tierra` (
  `id` int(11) NOT NULL AUTO_INCREMENT,
  `area` int(11) NOT NULL,
  `mujer` double NOT NULL,
  `hombre` double NOT NULL,
  `ambos` double NOT NULL,
  `encuesta_id` int(11) NOT NULL,
  PRIMARY KEY (`id`),
  KEY `formas_propiedad_tierra_1de70ac4` (`encuesta_id`)
) ENGINE=MyISAM AUTO_INCREMENT=1342 DEFAULT CHARSET=latin1;
/*!40101 SET character_set_client = @saved_cs_client */;

--
-- Dumping data for table `formas_propiedad_tierra`
--

LOCK TABLES `formas_propiedad_tierra` WRITE;
/*!40000 ALTER TABLE `formas_propiedad_tierra` DISABLE KEYS */;
INSERT INTO `formas_propiedad_tierra` VALUES (1,1,0,3,0,1),(2,5,0,3,0,1),(3,1,0,1.5,0,3),(4,4,0,1.5,0,3),(5,1,1,0,0,5),(6,4,1,0,0,5),(7,1,0.25,4,0,4),(8,4,0.25,4,0,4),(9,1,0.25,0,0,2),(10,5,0.25,0,0,2),(11,1,0,16.5,0,6),(12,4,0,16.5,0,6),(13,1,0,6,0,7),(14,4,0,6,0,7),(15,1,2,0,0,10),(16,1,0,2,0,9),(17,3,0,2,0,9),(18,1,0,0.5,0,11),(19,5,0,0.5,0,11),(20,1,0,2,0,12),(21,4,0,2,0,12),(22,1,6,0,0,13),(23,3,0,1,0,13),(24,1,4,0,0,14),(25,1,0,0.25,0,15),(26,2,0,0.25,0,15),(27,1,0.25,0,0,16),(28,2,0.25,0,0,16),(29,1,0,12,0,17),(30,4,0,12,0,17),(31,1,0.25,0,0,18),(32,1,0.75,0,0,19),(33,1,0.25,0,0,20),(34,2,0.25,0,0,20),(35,1,0.5,0,0,21),(36,1,0.5,4,0,22),(37,2,0.5,4,0,22),(38,3,0.5,4,0,22),(39,6,0.5,0,0,22),(40,7,0.5,4,0,22),(41,1,0,11,0,23),(42,1,4,0,0,24),(43,1,0,1,0,25),(44,5,0,1,0,25),(45,1,0.5,0,0,26),(46,4,0.5,0,0,26),(47,1,5,0,0,27),(48,1,1.75,0,0,28),(49,2,1.75,0,0,28),(50,6,0.25,0,0,28),(51,7,0.25,0,0,28),(52,1,1,0,0,29),(53,5,1,0,0,29),(54,1,0,0.25,0,30),(55,5,0,0.25,0,30),(56,1,0,7.5,0,31),(57,5,0,7.5,0,31),(58,1,0,0,7,32),(59,4,0,0,7,32),(60,1,0,4.5,0,33),(61,4,0,4.5,0,33),(62,6,0,0.5,0,33),(63,7,0,0.5,0,33),(64,1,3.5,7.5,0,34),(65,5,3.5,7.5,0,34),(66,6,0,16,0,35),(67,7,0,1,0,35),(68,1,0,0,10,37),(69,2,0,0,10,37),(70,6,0.25,0,0,37),(71,7,0.25,0,0,37),(72,1,8,0,0,36),(73,4,8,0,0,36),(74,1,0,12,0,38),(75,1,0.0625,0,0,39),(76,4,0.0625,0,0,39),(77,1,0,0,0.25,40),(78,5,0,0,0.25,40),(79,1,3,4,0,41),(80,1,0,0,100,42),(81,2,0,0,100,42),(82,6,0,0.125,0,43),(83,1,0,7.5,0,44),(84,1,0,10,0,45),(85,4,0,10,0,45),(86,6,0.25,0,0,46),(87,6,0,0.25,0,47),(88,1,5,0,0,48),(89,1,7,0,0,49),(90,2,7,0,0,49),(91,1,0,5,0,50),(92,4,0,3,0,50),(93,5,0,2,0,50),(94,6,0,0.25,0,50),(95,1,0,130,0,52),(96,2,0,130,0,52),(97,6,0,0.25,0,52),(98,1,0,14,0,53),(99,1,0,6,0,54),(100,2,0,6,0,54),(101,1,0,0,13,55),(102,4,0,0,13,55),(103,6,0.5,0,0,55),(104,1,8,0,0,56),(105,1,0,7,0,57),(106,2,0,7,0,57),(107,1,0,2,0,58),(108,4,0,2,0,58),(109,1,0,2,0,59),(110,5,0,2,0,59),(111,6,0,0.25,0,59),(112,1,0,3.5,0,60),(113,4,3.5,3.5,0,60),(114,1,6,0,0,61),(115,4,6,0,0,61),(116,1,0,0.25,0,62),(117,5,0,0.25,0,62),(118,1,0,1,0,63),(119,2,0,1,0,63),(120,1,0,0,5,64),(121,2,0,0,5,64),(122,1,0,4,0,65),(123,2,0,4,0,65),(124,1,0,9,0,66),(125,4,0,9,0,66),(126,1,0,23,0,67),(127,5,0,23,0,67),(128,1,5,0,0,68),(129,2,5,0,0,68),(130,6,0.25,0,0,68),(131,7,0.25,0,0,68),(132,1,0,28,0,69),(133,4,0,28,0,69),(134,1,0,8,0,70),(135,1,0,10,0,71),(136,4,0,10,0,71),(137,1,0,1.5,0,72),(138,4,0,1.5,0,72),(139,1,0,4,0,73),(140,4,0,4,0,73),(141,1,0,2,0,74),(142,2,0,2,0,74),(143,1,16,0,0,75),(144,4,16,0,0,75),(145,1,0,6,0,76),(146,4,0,6,0,76),(147,6,0,0.25,0,76),(148,1,45,0,0,77),(149,4,45,0,0,77),(150,1,0,30,0,78),(151,4,0,30,0,78),(152,1,0,70,0,79),(153,2,0,70,0,79),(154,1,0.75,0,0,80),(155,5,0.75,0,0,80),(156,1,0,7,0,81),(157,2,0,7,0,81),(158,1,0,0.75,0,82),(159,5,0,0.75,0,82),(160,6,0,0.25,0,82),(161,7,0,0.25,0,82),(162,1,0.25,0,0,83),(163,1,0,0,2,84),(164,5,0,0,2,84),(165,6,0,0,0.12,84),(166,1,55,0,0,85),(167,2,1,0,0,85),(168,4,1,0,0,27),(169,4,1,0,0,24),(170,2,1,0,0,21),(171,3,1,0,0,18),(172,6,0.25,0,0,13),(173,7,0,1,0,13),(174,4,1,0,0,10),(175,4,0,1,0,38),(176,4,0,1,0,44),(177,4,0,1,0,53),(178,1,0,40,0,86),(179,3,0,40,0,86),(180,4,1,0,0,56),(181,1,0,2,0,87),(182,4,0,2,0,87),(183,1,0,0.12,0,88),(184,5,0,0.12,0,88),(185,1,0,11,0,89),(186,2,0,1,0,89),(187,1,0,15,0,90),(188,1,0,0,1.025,91),(189,5,0,0,1,91),(190,1,0,0,3.5,92),(191,5,0,0,3.5,92),(192,6,0,0,1.5,92),(193,1,0,37,0,93),(194,1,0,1,0,94),(195,1,0,18,0,95),(196,6,0,0.25,0,95),(197,1,0,20,0,96),(198,5,0,20,0,96),(199,6,0,1,0,96),(200,1,70,0,0,97),(201,2,70,0,0,97),(202,1,0,15,0,98),(203,4,0,15,0,98),(204,6,0,0.25,0,98),(205,1,0.25,0,0,99),(206,4,0.25,0,0,99),(207,1,0,5,0,100),(208,5,0,5,0,100),(209,6,0,0.5,0,100),(210,1,0,4,0,101),(211,4,0,4,0,101),(212,1,0,3,0,102),(213,4,0,3,0,102),(214,6,0,0.75,0,102),(215,1,0,10,0,103),(216,4,0,10,0,103),(217,1,0,3.75,0,104),(218,3,0,3.75,0,104),(219,1,0,15,0,105),(220,4,0,15,0,105),(221,6,0,0.25,0,105),(222,1,0,6,0,106),(223,6,0.25,0,0,107),(224,1,0.5,0,0,108),(225,2,0.5,0,0,108),(226,1,10,0,0,109),(227,4,10,0,0,109),(228,1,0,14,0,110),(229,3,0,14,0,110),(230,1,20,20,0,111),(231,1,0,0,3,112),(232,2,0,0,3,112),(233,1,0,5,0,113),(234,4,0,5,0,113),(235,6,0.25,0,0,114),(236,1,0,12,0,115),(237,2,0,12,0,115),(238,6,0.25,0,0,116),(239,6,0.25,0,0,117),(240,1,9,0,0,118),(241,2,9,0,0,118),(242,1,0,22,0,119),(243,5,0,22,0,119),(244,1,75,0,0,120),(245,2,75,0,0,120),(246,1,0,0.15,0,121),(247,4,0,0.15,0,121),(248,1,0,63,0,122),(249,2,0,63,0,122),(250,1,2,0,0,123),(251,4,2,0,0,123),(252,1,0.25,0,0,124),(253,4,1,0,0,124),(254,1,0,10,0,125),(255,4,0,10,0,125),(256,1,0,24,0,126),(257,4,0,24,0,126),(258,1,3.5,0,0,127),(259,4,3.5,0,0,127),(260,1,0,10,0,128),(261,2,0,10,0,128),(262,1,0,45,0,129),(263,2,0,45,0,129),(264,1,0,4,0,130),(265,4,0,4,0,130),(266,6,0,30,0,130),(267,1,0,11,0,131),(268,4,0,11,0,131),(269,1,10,0,0,132),(270,4,10,0,0,132),(271,1,0,20,0,133),(272,2,0,20,0,133),(273,1,0,40,0,134),(274,4,0,40,0,134),(275,1,0,0,1,135),(276,4,0,0,1,135),(277,1,10,0,0,136),(278,4,10,0,0,136),(279,1,0,5,0,137),(280,2,0,5,0,137),(281,1,0,10,0,138),(282,2,0,10,0,138),(283,1,0,4,0,139),(284,2,0,4,0,139),(285,1,0,14,0,140),(286,4,0,14,0,140),(287,1,0,19,0,141),(288,2,0,19,0,141),(289,1,0,3,0,142),(290,2,0,3,0,142),(291,6,0,7,0,142),(292,7,0,7,0,142),(293,7,0.25,0,0,143),(294,1,0,10,0,144),(295,2,0,10,0,144),(296,1,76,0,0,145),(297,7,0.25,0,0,145),(298,1,0,3.75,0,146),(299,2,0,3,0,146),(300,4,0,0.75,0,146),(301,1,0,0,2.25,147),(302,2,0,0,0,147),(303,3,0,0,0,147),(304,4,0,1,0,147),(305,1,0,15,0,148),(306,4,0,15,0,148),(307,6,0,0.25,0,148),(308,1,0,40,0,149),(309,2,0,40,0,149),(310,1,0,0,20,150),(311,4,0,0,20,150),(312,7,0,0,0.25,150),(313,1,0,25,0,151),(314,2,0,25,0,151),(315,1,0,14,0,152),(316,3,0,14,0,152),(317,1,0,3.5,0,153),(318,4,0,3.5,0,153),(319,1,0,6,0,154),(320,4,0,6,0,154),(321,1,0.25,0,0,155),(322,4,0.25,0,0,155),(323,1,10,8,0,156),(324,2,10,8,0,156),(325,1,0,22,0,157),(326,4,0,22,0,157),(327,1,0,1,0,158),(328,4,0,1,0,158),(329,1,0,15,0,159),(330,2,0,15,0,159),(331,1,0,10,0,160),(332,2,0,10,0,160),(333,1,3,0,0,161),(334,4,3,0,0,161),(335,1,2,0,0,162),(336,4,2,0,0,162),(337,1,0,0,8,163),(338,2,0,0,1,163),(339,6,0,0,0.5,163),(340,7,0,0,1,163),(341,1,0,0,2,164),(342,2,0,0,1,164),(343,3,0,0,1,164),(344,4,0,0,1,164),(345,6,0,0,0.25,164),(346,7,0,0,0,164),(347,1,0,0,5,165),(348,4,0,0,1,165),(349,1,24,0,0,166),(350,4,24,0,0,166),(351,1,0,15,0,167),(352,4,0,15,0,167),(353,6,0,0.5,0,167),(354,1,0,50,0,168),(355,4,0,50,0,168),(356,1,0,2.5,0,169),(357,4,0,2.5,0,169),(358,1,0,31,0,170),(359,3,0,31,0,170),(360,1,0,80,0,171),(361,4,0,80,0,171),(362,6,0,0.25,0,171),(363,1,0,13,0,172),(364,4,0,13,0,172),(365,1,0,7.5,0,173),(366,4,0,7.5,0,173),(367,1,0,1,0,174),(368,4,0,1,0,174),(369,6,0,0.1,0,174),(370,1,0,2.5,0,175),(371,4,0,2.5,0,175),(372,6,0,36,0,175),(373,1,0,3,0,176),(374,4,0,3,0,176),(375,1,0,5,0,177),(376,5,0,5,0,177),(377,1,0,30,0,178),(378,2,0,30,0,178),(379,1,0,4,0,179),(380,2,0,4,0,179),(381,1,3,0,0,180),(382,4,3,0,0,180),(383,1,0,0.25,0,181),(384,5,0,0.25,0,181),(385,1,0,6,0,182),(386,4,0,6,0,182),(387,1,40,0,0,183),(388,7,0.5,0,0,183),(389,1,0,0,1,184),(390,1,0.75,0,0,185),(391,2,0.75,0,0,185),(392,1,0,40,0,186),(393,1,0,40,0,186),(394,1,0,12,0,187),(395,1,3,0,0,188),(396,2,3,0,0,188),(397,6,0.75,0,0,188),(398,1,0,2,0,189),(399,5,0,2,0,189),(400,6,0,0.25,0,189),(401,1,0,70,0,190),(402,2,56,0,0,190),(403,5,14,0,0,190),(404,1,0,12,0,191),(405,2,0,12,0,191),(406,1,7.5,0,0,192),(407,5,7.5,0,0,192),(408,1,10,0,0,193),(409,2,10,0,0,193),(410,1,26,0,0,194),(411,2,26,0,0,194),(412,1,0,3,0,195),(413,5,0,3,0,195),(414,6,0,0.75,0,195),(415,1,0,3,3,196),(416,4,0,3,0,196),(417,1,0,3,0,197),(418,2,0,3,0,197),(419,1,1.5,2,0,198),(420,2,1.5,2,0,198),(421,1,0,10,0,199),(422,2,0,10,0,199),(423,1,0,0,12,200),(424,2,0,0,12,200),(425,1,0,20,0,201),(426,2,0,20,0,201),(427,1,0,10,0,202),(428,2,0,10,0,202),(429,1,0,2,0,204),(430,2,0,2,0,204),(431,1,18,0,0,205),(432,2,18,0,0,205),(433,1,0,7,0,206),(434,2,0,7,0,206),(435,1,0,100,0,207),(436,2,0,100,0,207),(437,1,0,2,0,208),(438,4,0,2,0,208),(439,1,0,0.5,2.5,209),(440,2,0,0,2.5,209),(441,4,0,0.5,0,209),(442,6,0,0.25,0,209),(443,7,0,0.25,0,209),(444,1,0,3,0,210),(445,4,0,3,0,210),(446,1,5,0,0,211),(447,5,5,0,0,211),(448,1,0,3,0,212),(449,2,0,3,0,212),(450,1,0,3,0,213),(451,4,0,3,0,213),(452,1,0,17,0,214),(453,4,0,17,0,214),(454,1,3,0,0,215),(455,4,3,0,0,215),(456,1,0,0.25,0,216),(457,5,0,0.25,0,216),(458,6,0,0.25,0,216),(459,1,0,0.25,0,217),(460,2,0,0.25,0,217),(461,1,0,7,0,218),(462,2,0,7,0,218),(463,6,0,0.125,0,218),(464,7,0,0.125,0,218),(465,1,0,4,0,219),(466,2,0,4,0,219),(467,1,0,0,10,221),(468,2,0,0,10,221),(469,1,10,0,0,222),(470,2,10,0,0,222),(471,6,0,0.25,0,222),(472,7,0.25,0,0,222),(473,6,0.25,0,0,223),(474,1,0,3,0,224),(475,2,0,3,0,224),(476,6,0.25,0,0,224),(477,1,2,2,0,225),(478,2,2,0,0,225),(479,4,2,0,0,225),(480,6,0,0.0625,0,225),(481,7,0,0.0625,0,225),(482,1,0,3,0,226),(483,4,0,3,0,226),(484,6,0,0.25,0,226),(485,7,0,0.25,0,226),(486,1,0,8,0,227),(487,4,0,8,0,227),(488,6,0,0.25,0,227),(489,4,0.5,0,0,229),(490,6,0.5,0,0,229),(491,1,0,5,0,231),(492,2,0,5,0,231),(493,1,8,0,0,233),(494,2,8,0,0,233),(495,1,0,0.0625,0,234),(496,2,0,0.0625,0,234),(497,1,7,0,0,235),(498,2,7,0,0,235),(499,6,0,0.1575,0,235),(500,7,0,0.1575,0,235),(501,1,0,3,0,236),(502,4,0,3,0,236),(503,1,0,2.5,0,237),(504,4,0,2.5,0,237),(505,6,0,0.25,0,237),(506,1,7,0,0,238),(507,2,7,0,0,238),(508,1,1,0,0,239),(509,4,1,0,0,239),(510,1,2.5,0,0,240),(511,4,2.5,0,0,240),(512,6,0,0.25,0,240),(513,1,0,11,0,241),(514,3,0,11,0,241),(515,1,7,1,0,242),(516,4,7,1,0,242),(517,6,0,0.25,0,242),(518,1,0,0,0.25,243),(519,4,0,0,0.25,243),(520,1,0.37,1.5,0,244),(521,4,0,1.5,0,244),(522,5,0.37,0,0,244),(523,1,7,0,0,245),(524,4,7,0,0,245),(525,6,0.25,0,0,245),(526,7,0.25,0,0,245),(527,1,0,10,0,246),(528,3,0,10,0,246),(529,1,0,0,25,247),(530,3,0,0,25,247),(531,6,0,0,0.25,247),(532,1,0,6,0,248),(533,3,0,6,0,248),(534,6,0,0.25,0,248),(535,1,0,6,0,249),(536,2,0,6,0,249),(537,1,4,0,0,250),(538,2,4,0,0,250),(539,1,0,8,0,251),(540,4,0,8,0,251),(541,6,0,0.5,0,251),(542,1,0,15,0,252),(543,4,0,15,0,252),(544,6,0,0.25,0,252),(545,6,9,0,0,253),(546,1,0,1.5,0,256),(547,5,0,1.5,0,256),(548,6,0,0.25,0,256),(549,7,0,0.25,0,256),(550,1,4,0,0,257),(551,4,4,0,0,257),(552,6,0.25,0,0,257),(553,1,0,10,0,258),(554,4,0,10,0,258),(555,6,0,0.625,0,258),(556,1,0,0.25,0,259),(557,5,0,0.25,0,259),(558,1,0,4,0,261),(559,4,0,1,0,261),(560,6,0,0.25,0,261),(561,1,0,5,0,262),(562,4,0,5,0,262),(563,6,0,0.25,0,262),(564,1,0.0625,0,0,263),(565,4,0.0625,0,0,263),(566,1,1,0,0,264),(567,1,1,0,0,264),(568,1,1,3,0,265),(569,5,1,3,0,265),(570,1,0.25,0,0,266),(571,4,0.25,0,0,266),(572,6,0.25,0,0,267),(573,1,0,3,0,268),(574,3,0,3,0,268),(575,1,0,2,0,270),(576,2,0,2,0,270),(577,6,0,0.25,0,270),(578,1,0,0,7.5,271),(579,2,0,0,7.5,271),(580,6,0,1.5,0,271),(581,1,0,0,7,272),(582,2,0,0,5.5,272),(583,4,0,0,1.5,272),(584,1,1,0,0,273),(585,5,1,0,0,273),(586,6,0.25,0,0,273),(587,6,0,0.5,0,274),(588,1,0,4,0,275),(589,5,0,4,0,275),(590,1,0,6,0,276),(591,2,0,6,0,276),(592,6,0,0.25,0,277),(593,1,0,1,0,278),(594,4,0,1,0,278),(595,6,0,0.25,0,279),(596,1,0,1,0,280),(597,2,0,1,0,280),(598,1,0,1.5,0,281),(599,6,0,0.25,0,281),(600,1,0,10,0,282),(601,4,0,10,0,282),(602,1,0,1.5,0,283),(603,6,0.25,0,0,284),(604,1,0,0.25,0,285),(605,4,0,0.25,0,285),(606,1,0,40,0,286),(607,4,0,40,0,286),(608,6,0,0.25,0,287),(609,1,0,9,0,288),(610,2,0,9,0,288),(611,6,0,0.0625,0,288),(612,7,0,0.0625,0,288),(613,1,0,32,0,289),(614,4,0,32,0,289),(615,6,0,0.0625,0,289),(616,1,0,70,0,291),(617,2,0,70,0,291),(618,1,0,7,0,292),(619,2,0,7,0,292),(620,1,0,17.75,0,293),(621,6,0,0,0.25,293),(622,6,0.25,0,0,294),(623,6,0,0.0625,0,295),(624,6,0.5,0,0,296),(625,1,0,3,0,297),(626,4,0,3,0,297),(627,6,0.12,0,0,298),(628,7,1,0,0,298),(629,1,0,5,0,300),(630,4,0,5,0,300),(631,1,0,5,0,301),(632,2,0,2,0,301),(633,3,0,3,0,301),(634,6,0,0.125,0,301),(635,7,0,0.125,0,301),(636,1,0,15,0,302),(637,2,0,1,0,302),(638,1,0,0,10,303),(639,2,0,0,10,303),(640,1,0,7,0,304),(641,4,0,7,0,304),(642,1,6,20,0,305),(643,2,6,20,0,305),(644,6,0,0,25,305),(645,1,0,0,7,307),(646,2,0,0,7,307),(647,1,0,40,0,308),(648,2,0,40,0,308),(649,6,0.5,0,0,309),(650,7,1,0,0,309),(651,1,3.75,0,0,310),(652,4,3.75,0,0,310),(653,1,0,0,8,311),(654,2,0,0,8,311),(655,6,0,0,12,311),(656,7,0,0,12,311),(657,1,0,0,1,312),(658,2,0,0,1,312),(659,1,15,0,0,313),(660,2,15,0,0,313),(661,1,0,0,3,314),(662,2,0,0,3,314),(663,1,0,5.5,0,315),(664,2,0,1.5,0,315),(665,4,0,4,0,315),(666,1,0,1,0,316),(667,4,0,1,0,316),(668,1,0,7,0,317),(669,2,0,7,0,317),(670,1,4,20,0,318),(671,2,4,20,0,318),(672,1,0,0,3,319),(673,2,0,0,3,319),(1114,4,0,1,0,537),(1113,1,0,0.75,0,537),(676,6,2,0,2,321),(677,7,1,0,0,321),(678,1,1.75,70,0,322),(679,2,1.75,70,0,322),(680,1,0,0,20,323),(681,2,0,0,20,323),(682,1,0,15,0,324),(683,3,0,1,0,324),(684,1,3,0,0,325),(685,5,3,0,0,325),(686,1,3,0,0,326),(687,5,3,0,0,326),(688,1,0.0625,0,0,327),(689,3,1,0,0,327),(690,1,0,3,0,328),(691,2,0,3,0,328),(692,6,0,0.25,0,328),(693,1,1.5,0,0,329),(694,2,1.5,0,0,329),(695,1,0,2,0,330),(696,2,0,2,0,330),(697,6,0,0.25,0,330),(698,1,0,11,0,331),(699,2,0,11,0,331),(700,1,0,40,0,332),(701,2,0,40,0,332),(702,1,0,10,0,333),(703,2,0,10,0,333),(704,1,0.25,15,0,334),(705,2,0,15,0,334),(706,1,5,0,0,335),(707,5,5,0,0,335),(708,1,0,2.5,0,336),(709,4,0,2.5,0,336),(710,1,8,10,0,337),(711,2,0,10,0,337),(712,3,8,0,0,337),(713,1,0,60,0,338),(714,2,0,60,0,338),(715,1,10.5,0,0,339),(716,4,10.5,0,0,339),(717,6,0.5,0,0,339),(718,7,0.5,0,0,339),(719,1,0,8,0,340),(720,3,8,0,0,340),(721,1,0,1,0,341),(722,3,0,1,0,341),(723,1,0,0.25,0,342),(724,6,0,0.125,0,342),(725,7,0,0.125,0,342),(726,1,0,3,0,343),(727,5,0,3,0,343),(728,6,0,0.5,0,343),(729,1,1,19,0,344),(730,2,1,19,0,344),(731,1,0,11,0,345),(732,4,0,11,0,345),(733,1,8,0,0,346),(734,2,8,0,0,346),(735,1,0,7,0,347),(736,2,0,7,0,347),(737,1,0,12,0,348),(738,1,0,12,0,348),(739,1,0,11,0,349),(740,2,0,11,0,349),(741,1,4,0,0,350),(742,6,2,0,0,350),(743,1,2,0,0,351),(744,6,0.25,0,0,351),(745,1,0,15,0,352),(746,2,0,15,0,352),(747,1,5,0.25,0,353),(748,2,5,0.25,0,353),(749,1,1.5,0,7.5,354),(750,2,1.5,0.25,7.5,354),(751,1,0,3.25,5,355),(752,2,0,3.25,5,355),(753,1,0,5,0,356),(754,2,0,5,0,356),(755,1,0,5,0,357),(756,2,0,5,0,357),(757,1,0,4,0,358),(758,2,0,4,0,358),(759,6,0,3.5,0,358),(760,7,0,3.5,0,358),(761,6,0.5,0,0,360),(762,1,2,0,0,362),(763,1,0,2,0,363),(764,6,0,0.25,0,363),(765,1,0,2,0,364),(766,1,1.5,2.25,0,365),(767,4,1,1,0,365),(768,6,0.25,0,0,365),(769,7,0.25,0,0,365),(770,1,0.25,0,0,366),(771,1,0,10,0,367),(772,1,0,0.25,0,368),(773,5,0,1,0,368),(774,6,0.5,0,0,369),(775,1,2.5,0,0,370),(776,6,0.25,0,0,370),(777,1,0,4,0,371),(778,3,0,1,0,371),(779,6,0,0.25,0,371),(780,1,0,45,0,372),(781,2,0,45,0,372),(782,1,0,6,0,373),(783,4,0,6,0,373),(784,1,0,7,0,374),(785,2,0,7,0,374),(786,6,0,0.5,0,374),(787,7,0,0.5,0,374),(788,1,0,35,0,375),(789,2,0,35,0,375),(790,1,0,16.5,0,376),(791,2,0,16.5,0,376),(792,1,0,7,0,377),(793,2,0,7,0,377),(794,1,60,0,0,378),(795,2,60,0,0,378),(796,1,0,40,0,379),(797,4,0,40,0,379),(798,1,0,22,0,380),(799,3,0,22,0,380),(800,1,0,10,0,381),(801,2,0,10,0,381),(802,1,0,40,0,382),(803,2,0,40,0,382),(804,1,0,4,0,383),(805,2,0,4,0,383),(806,1,0,35,0,384),(807,4,0,35,0,384),(808,1,10,0,0,385),(809,4,10,0,0,385),(810,1,0,25,0,386),(811,2,0,25,0,386),(812,1,0,1,0,387),(813,5,0,1,0,387),(814,6,0.25,0,0,388),(815,7,0,0,0,388),(816,1,0,1,0,389),(817,5,0,1,0,389),(818,1,0,1,0,390),(819,5,0,1,0,390),(820,1,0,30,0,391),(821,3,0,30,0,391),(822,1,0,1,0,392),(823,5,0,1,0,392),(824,1,1,0,0,393),(825,4,1,0,0,393),(826,6,2.25,0,0,394),(827,1,0,3.5,0,395),(828,2,0,3.5,0,395),(829,1,0,26,0,396),(830,2,0,26,0,396),(831,1,0,10,0,397),(832,2,0,10,0,397),(833,4,0,2,0,397),(834,5,0,2,0,397),(835,1,0,2,0,398),(836,5,0,2,0,398),(837,1,0,29,0,399),(838,2,0,25,0,399),(839,3,0,4,0,399),(840,1,0,22.5,0,401),(841,4,0,22.5,0,401),(842,1,0,4,0,402),(843,5,0,4,0,402),(844,1,0,15,0,403),(845,4,0,15,0,403),(846,1,0,1,0,404),(847,4,0,1,0,404),(848,6,0,0.03,0,404),(849,1,0,1,0,405),(850,5,0,1,0,405),(851,6,0,0.1,0,405),(852,6,0.17,0,0,406),(853,6,0.5,0,0,407),(854,1,0.25,0,0,408),(855,6,0.13,0,0,409),(856,1,0,1,0,410),(857,6,0,1,0,410),(858,1,0,0.25,0,411),(859,5,0,0.25,0,411),(860,1,0.25,0,0,412),(861,1,0,1,0,413),(862,4,0,1,0,413),(863,6,0.5,0,0,413),(864,1,0,0.75,0,414),(865,6,0,0.75,0,414),(866,1,1,0,0,415),(867,5,1,0,0,415),(868,6,1,0,0,415),(869,7,1,0,0,415),(870,6,40,0,0,416),(871,7,40,0,0,416),(872,1,0,1,0,417),(873,1,0,4,0,418),(874,4,0,4,0,418),(875,1,0,17,0,419),(876,4,0,1,0,419),(877,6,0.5,0,0,419),(878,7,1,0,0,419),(879,6,0.0625,0,0,420),(880,6,0.0625,0,0,421),(881,5,0.25,0,0,422),(882,6,0,0.25,0,423),(883,1,0,4,0,424),(884,1,2,0,0,425),(885,4,39,0,0,425),(886,6,0,0.25,0,425),(887,1,0,6,0,426),(888,6,0,0.25,0,426),(889,7,0,0.25,0,426),(890,1,0,2,0,427),(891,5,0,2,0,427),(892,1,2,0,0,428),(893,6,0.0208,0,0,428),(894,1,10,0,0,429),(895,6,0.25,0,0,429),(896,1,0,17,0,430),(897,2,0,17,0,430),(898,1,2,0,0,431),(899,3,37,0,0,431),(900,6,0,0.75,0,431),(901,7,0,0.75,0,431),(902,1,8,0,0,432),(903,3,1,0,0,432),(904,1,0,15,0,433),(905,1,0,0,7,434),(906,5,0,0,7,434),(907,1,0,5,0,435),(908,2,0,5,0,435),(909,6,0,10,0,435),(910,1,4,0,0,438),(911,2,4,0,0,438),(912,6,5,0,0,438),(913,7,5,0,0,438),(914,6,0.25,0,0,439),(915,7,0.25,0,0,439),(916,1,4,0,0,440),(917,2,4,0,0,440),(918,6,5,0,0,440),(919,7,5,0,0,440),(920,1,8,0,0,441),(921,4,8,0,0,441),(922,1,0,3,0,442),(923,4,0,1,0,442),(924,5,0.5,0,0,442),(925,1,0,2,0,443),(926,1,0,0.5,0,444),(927,1,1,0,0,445),(928,2,1,0,0,445),(929,6,0,0,0,445),(930,1,0,4,0,446),(931,1,1,0,0,447),(932,4,1,0,0,447),(933,6,0.25,0,0,447),(934,1,0,1,0,448),(935,7,0,1,0,449),(936,6,0.25,0,0,450),(937,1,0,1,0,451),(938,4,0,1,0,451),(939,1,0,11,0,452),(940,4,0,1,0,452),(941,5,0,10,0,452),(942,1,0,2.5,0,453),(943,4,0,1,0,453),(944,7,0,1,0,453),(945,1,0,6,0,455),(946,1,2,3,0,456),(947,4,1,1,0,456),(948,5,0,0.25,0,456),(949,7,0,1,0,456),(950,1,0,0.25,0,457),(951,6,0,1.5,0,457),(952,7,1.5,0,0,457),(953,1,0,9,0,458),(954,1,0,0,1,459),(955,4,0,0,0,459),(956,1,0,0,20,460),(957,1,0,0,1,461),(958,2,0,0,1,461),(959,1,0,0.25,0,463),(960,1,1,0,0,464),(961,2,1,0,0,464),(962,6,0.25,0,0,464),(963,7,1,0,0,464),(964,1,0,1,0,465),(965,2,0,1,0,465),(966,6,0,0.25,0,465),(967,7,0,1,0,465),(968,1,0,0.25,0,466),(969,1,0,1,0,467),(970,4,0,1,0,467),(971,6,0.25,0,0,467),(972,1,0.25,0,0,468),(973,1,0,9,0,469),(974,1,0,12,0,470),(975,6,0.25,0,0,471),(976,1,1,0,0,472),(977,4,1,0,0,472),(978,6,4,0,0,472),(979,6,0,0.25,0,473),(980,1,0,1,0,474),(981,4,0,1,0,474),(982,1,0,6,0,475),(983,5,40,0,0,475),(984,6,0,0.5,0,475),(985,1,0.75,0,0,476),(986,2,1,0,0,476),(987,1,0.25,0,0,477),(988,3,0.25,0,0,477),(989,1,0.5,0,0,478),(990,4,1,0,0,478),(991,1,0,0.25,0,479),(992,4,0,0.25,0,479),(993,6,0,0.25,0,480),(994,6,0,0,0.5,481),(995,1,0,18,0,482),(996,2,0,1,0,482),(997,1,0,0,1,483),(998,4,0,0,1,483),(999,1,0,0,3,484),(1000,4,0,0,1,484),(1001,6,0,0.5,0,484),(1002,7,0,1,0,484),(1003,1,0,0,1,485),(1004,5,0,0,1,485),(1005,5,0,0,0.0625,485),(1006,4,0,15,0,8),(1007,1,0,0,1,486),(1008,2,0,0,1,486),(1009,6,0,0,0.5,486),(1010,7,0,0,1,486),(1011,1,0,10,0,487),(1012,4,0,1,0,487),(1013,6,1.4,0,1.4,488),(1014,1,1.5,0.25,0,489),(1015,4,1.5,0,0,489),(1016,6,0,0.006,0,489),(1017,7,0,0.006,0,489),(1018,6,0,0.8,0,490),(1019,7,0,1,0,490),(1020,1,0,8,0,491),(1021,4,0,8,0,491),(1022,6,0.76,0,0,491),(1023,1,0,1,0,492),(1024,4,0,1,0,492),(1025,1,0,25,0,493),(1026,4,0,25,0,493),(1027,6,0.076,0,0,493),(1028,1,0,2,0,494),(1029,1,0,8,0,495),(1030,4,0,8,0,495),(1031,6,0,0.048,0,495),(1032,6,0.076,0,0,496),(1033,1,2.5,0,0,497),(1034,4,1,0,0,497),(1035,1,0,1,0,498),(1036,4,0,1,0,498),(1037,6,0,0.32,0,499),(1038,6,0,0.025,0,500),(1039,1,30,0,0,502),(1040,2,30,0,0,502),(1041,6,1,0,0,502),(1042,7,1,0,0,502),(1043,1,0,0,8,503),(1044,4,0,0,1,503),(1045,1,0,1,0,504),(1046,2,0,17,0,504),(1047,6,0,0.25,0,504),(1048,7,0,0.25,0,504),(1049,1,0,0,2,505),(1050,2,0,0,1,505),(1155,1,0,2,0,565),(1052,1,0,1.5,0,507),(1053,4,0,1,0,507),(1154,4,0,5,0,563),(1153,1,0,5,0,563),(1056,1,0,1,0,509),(1057,4,0,1,0,509),(1058,6,0,0.32,0,509),(1059,6,0,0,0.5,510),(1060,7,0,0,1,510),(1061,1,1,0,0,511),(1062,4,1,0,0,511),(1063,1,0,0,1.5,512),(1064,6,0,0,0.7,513),(1066,1,0,0,1.25,515),(1067,1,0,1,0,516),(1068,4,0,1,0,516),(1069,6,0.32,0,0,516),(1070,1,0,1,0,517),(1071,4,0,1,0,517),(1072,6,0,0.32,0,517),(1073,7,0,1,0,517),(1074,1,0,22,0,518),(1075,4,0,1,0,518),(1076,1,0,1,0,519),(1077,2,0,1,0,519),(1078,1,4,0,0,520),(1079,4,1,0,0,520),(1080,6,0.5,0,0,520),(1081,1,0,1,0,521),(1082,4,0,1,0,521),(1083,1,0,0.5,0,522),(1084,2,0,1,0,522),(1085,1,0.06,0,0,523),(1086,4,1,0,0,523),(1087,1,0,1,0,525),(1088,4,0,1,0,525),(1089,5,0,0.003,0,526),(1090,1,0,1,0,527),(1091,5,0,1,0,527),(1092,6,0.025,0,0,527),(1093,1,0,1,0,528),(1094,4,0,1,0,528),(1095,6,0,0,1,528),(1096,1,0,0,15,529),(1097,2,0,0,1,529),(1098,6,0,0,0.25,529),(1099,7,0,0,1,529),(1100,1,0,2,0,530),(1101,6,0.5,0,0,530),(1102,1,1,0,0,531),(1103,6,1,0,0,531),(1104,1,0,40,0,532),(1105,5,0,40,0,532),(1106,6,0.25,0,0,532),(1107,1,3,0,0,533),(1108,4,3,0,0,533),(1109,6,0.25,0,0,533),(1110,1,0,0,5,534),(1111,6,0,0,0.25,534),(1112,6,0,0,0.25,536),(1115,1,0,0.5,0,539),(1116,1,12,0,0,540),(1117,6,0.25,0,0,540),(1118,1,0,20,0,541),(1119,6,0,0.5,0,541),(1120,1,9,0,0,542),(1121,1,0,2.25,0,543),(1122,1,0.75,0,0,544),(1123,4,0.75,0,0,544),(1124,1,0,7,0,545),(1125,1,0,1.5,0,546),(1126,1,2,3,0,547),(1127,1,0,20,0,548),(1128,1,0,1,0,549),(1129,4,0,1,0,549),(1130,1,1,0,0,550),(1131,6,0.002,0.002,0,551),(1132,1,0,2,0,553),(1133,6,0,0,0.5,554),(1134,1,2,0,0,555),(1135,2,1,0,0,555),(1136,6,0,0.1,0,557),(1137,1,0,25,0,558),(1138,4,0,25,0,558),(1139,6,0,1.5,0,558),(1140,7,0,1.5,0,558),(1141,1,0,3,0,559),(1142,4,0,3,0,559),(1143,6,0.25,0,0,559),(1144,6,0.25,0,0,560),(1145,7,0.25,0,0,560),(1146,1,0,0,115,561),(1147,2,0,0,115,561),(1148,6,0,0,1,561),(1149,1,5.5,0,0,562),(1150,3,5.5,0,0,562),(1151,6,0.07,0,0,562),(1152,7,0.07,0,0,562),(1156,2,0,2,0,565),(1157,1,3,8,0,567),(1158,2,3,8,0,567),(1159,1,0,16,0,568),(1160,2,0,16,0,568),(1161,6,0.25,0,0,568),(1162,7,0.25,0,0,568),(1163,1,0,10.5,0,569),(1164,3,0,10.5,0,569),(1165,1,0,0.5,0,570),(1166,4,0,0.5,0,570),(1167,1,5,0,0,571),(1168,3,5,0,0,571),(1169,6,1,0,0,571),(1170,7,1,0,0,571),(1171,1,0,0,15,572),(1172,2,0,0,15,572),(1173,1,0,0,40,573),(1174,3,0,0,40,573),(1175,1,33,0,0,574),(1176,2,33,0,0,574),(1177,6,0.125,0,0,574),(1178,7,0.33,0,0,574),(1179,1,10,0,0,575),(1180,2,10,0,0,575),(1181,1,0,5.5,0,576),(1182,2,0,5.5,0,576),(1183,1,0,8,30,577),(1184,2,0,0,30,577),(1185,5,0,8,0,577),(1186,6,3,0,0,577),(1187,7,3,0,0,577),(1188,1,0,4.5,0,578),(1189,5,0,4.5,0,578),(1190,1,30,0,0,579),(1191,2,30,0,0,579),(1192,6,0.75,0,0,579),(1193,1,7,0,0,580),(1194,4,7,0,0,580),(1195,1,0,0.15,0,581),(1196,2,0,0.15,0,581),(1197,1,6,0,0,582),(1198,3,2,0,0,582),(1199,4,4,0,0,582),(1200,6,0.07,0,0,582),(1201,1,28,5,0,583),(1202,2,28,0,0,583),(1203,4,0,5,0,583),(1204,6,0,0.5,0,583),(1205,6,0,0.07,0,584),(1206,1,2,0,0,585),(1207,2,2,0,0,585),(1208,1,0.0342,0,0,586),(1209,4,0.0342,0,0,586),(1210,1,5,0,0,587),(1211,4,5,0,0,587),(1212,6,0.07,0,0,587),(1213,1,0,0,10,588),(1214,4,0,0,10,588),(1215,1,0,0.25,0,589),(1216,2,0,0.25,0,589),(1217,1,0,3,0,590),(1218,4,0,3,0,590),(1219,1,24,0,0,591),(1220,2,24,0,0,591),(1221,1,0,5.5,0,592),(1222,2,0,5.5,0,592),(1223,1,0,3,0,593),(1224,2,0,3,0,593),(1225,1,4,0,0,594),(1226,5,4,0,0,594),(1227,1,0,0,2,595),(1228,4,0,0,2,595),(1229,1,4,0,0,596),(1230,2,4,0,0,596),(1231,1,0,0,2,597),(1232,2,0,0,2,597),(1233,1,2,0,0,598),(1234,2,2,0,0,598),(1235,1,0,24,0,599),(1236,5,0,24,0,599),(1237,6,0,0.88,0,599),(1238,1,2,0,0,600),(1239,2,2,0,0,600),(1240,1,0,30,0,601),(1241,4,0,30,0,601),(1242,1,2,0,0,602),(1243,4,2,0,0,602),(1244,6,0.5,0,0,602),(1245,1,0,7,0,603),(1246,2,0,7,0,603),(1247,1,0,7,0,604),(1248,2,0,7,0,604),(1249,1,0,3,0,605),(1250,2,0,3,0,605),(1251,1,4,6,0,606),(1252,4,4,6,0,606),(1253,1,0,1.5,0,607),(1254,2,0,1.5,0,607),(1255,1,2,0,0,608),(1256,2,2,0,0,608),(1257,6,0.25,0,0,608),(1258,7,0.25,0,0,608),(1259,1,2,0,0,609),(1260,3,2,0,0,609),(1261,6,0.11,0,0,609),(1262,7,0.11,0,0,609),(1263,1,0,30,0,611),(1264,4,0,30,0,611),(1265,1,0,100,0,612),(1266,2,0,100,0,612),(1267,6,0,0.75,0,612),(1268,7,0,0.75,0,612),(1269,1,0,0,12,613),(1270,5,0,0,12,613),(1271,6,0,0,0.25,613),(1272,1,0,22,0,614),(1273,5,0,22,0,614),(1274,6,0,0.25,0.25,614),(1275,1,0,4,0,615),(1276,5,0,4,0,615),(1277,1,0,6.5,0,616),(1278,5,0,6.5,0,616),(1279,6,0,0.25,0,616),(1280,1,0,42,0,617),(1281,2,0,42,0,617),(1282,1,0.13,0,0,618),(1283,4,0.13,0,0,618),(1284,1,3,0,0,619),(1285,2,3,0,0,619),(1286,1,0,8,0,621),(1287,4,0,8,0,621),(1288,6,0.125,0,0.125,622),(1289,7,0.125,0,0.125,622),(1290,1,0.25,0,0,623),(1291,4,0.25,0,0,623),(1292,1,0,10,0,624),(1293,2,0,10,0,624),(1299,2,0,4.5,0,627),(1298,1,0,4.5,0,627),(1296,1,0,5,0,626),(1297,2,0,5,0,626),(1300,6,0,4.5,0,627),(1301,7,0,4.5,0,627),(1302,1,0,6,0,628),(1303,4,0,6,0,628),(1304,1,0,1,0,629),(1305,4,0,1,0,629),(1306,1,37,0,0,630),(1307,1,37,0,0,630),(1308,1,0,7,0,631),(1309,3,0,7,0,631),(1310,1,0,4,0,632),(1311,2,0,4,0,632),(1312,6,0,16,0,632),(1313,7,0,16,0,632),(1314,1,0,8,0,633),(1315,4,0,8,0,633),(1316,1,0,18,0,634),(1317,4,0,18,0,634),(1318,1,0,4,0,635),(1319,4,0,4,0,635),(1320,1,0,0,2,636),(1321,2,0,0,2,636),(1322,1,1,0,0,637),(1323,4,1,0,0,637),(1324,1,0,2,0,638),(1325,1,2,0,0,639),(1326,1,15,0,0,640),(1327,4,15,0,0,640),(1328,6,300,0,0,640),(1329,7,300,0,0,640),(1330,1,0,2,0,641),(1331,2,0,2,0,641),(1332,6,0.075,0,0,641),(1333,7,0.075,0,0,641),(1334,1,2,0,0,642),(1335,4,2,0,0,642),(1336,1,32,0,0,643),(1337,2,32,0,0,643),(1338,1,0,1,0,644),(1339,5,0,1,0,644),(1340,6,0,0.5,0,644),(1341,7,0.25,0,0,294);
/*!40000 ALTER TABLE `formas_propiedad_tierra` ENABLE KEYS */;
UNLOCK TABLES;

--
-- Table structure for table `genero_genero`
--

DROP TABLE IF EXISTS `genero_genero`;
/*!40101 SET @saved_cs_client     = @@character_set_client */;
/*!40101 SET character_set_client = utf8 */;
CREATE TABLE `genero_genero` (
  `id` int(11) NOT NULL AUTO_INCREMENT,
  `responsabilidades` int(11) NOT NULL,
  `respuesta` int(11) NOT NULL,
  `encuesta_id` int(11) NOT NULL,
  PRIMARY KEY (`id`),
  KEY `genero_genero_1de70ac4` (`encuesta_id`)
) ENGINE=MyISAM AUTO_INCREMENT=3441 DEFAULT CHARSET=latin1;
/*!40101 SET character_set_client = @saved_cs_client */;

--
-- Dumping data for table `genero_genero`
--

LOCK TABLES `genero_genero` WRITE;
/*!40000 ALTER TABLE `genero_genero` DISABLE KEYS */;
INSERT INTO `genero_genero` VALUES (1,1,3,3),(2,2,2,3),(3,3,2,3),(4,4,3,3),(5,5,3,3),(6,6,3,3),(7,1,2,7),(8,2,2,7),(9,3,2,7),(10,4,2,7),(11,5,2,7),(12,6,1,7),(13,1,3,4),(14,2,3,4),(15,3,2,4),(16,4,2,4),(17,5,2,4),(18,6,1,4),(19,1,2,6),(20,2,2,6),(21,3,3,6),(22,4,3,6),(23,5,3,6),(24,6,1,6),(25,1,3,8),(26,2,3,8),(27,3,3,8),(28,4,3,8),(29,5,3,8),(30,6,2,8),(31,1,3,10),(32,2,3,10),(33,3,3,10),(34,4,3,10),(35,5,2,10),(36,6,3,10),(37,1,2,9),(38,2,2,9),(39,3,2,9),(40,4,2,9),(41,5,2,9),(42,6,2,9),(43,1,1,11),(44,2,1,11),(45,3,2,11),(46,4,1,11),(47,5,2,11),(48,6,1,11),(49,1,1,12),(50,2,2,12),(51,3,3,12),(52,4,3,12),(53,5,2,12),(54,6,2,12),(55,1,2,13),(56,2,2,13),(57,3,3,13),(58,4,3,13),(59,5,3,13),(60,6,1,13),(61,1,3,15),(62,2,1,15),(63,3,2,15),(64,4,2,15),(65,5,2,15),(66,6,1,15),(67,1,2,14),(68,2,2,14),(69,3,2,14),(70,4,3,14),(71,5,2,14),(72,6,2,14),(73,1,3,16),(74,2,3,16),(75,3,3,16),(76,4,3,16),(77,5,3,16),(78,6,3,16),(79,1,1,17),(80,2,3,17),(81,3,2,17),(82,4,3,17),(83,5,1,17),(84,6,1,17),(85,1,3,19),(86,2,3,19),(87,3,3,19),(88,4,3,19),(89,5,3,19),(90,6,3,19),(91,1,2,22),(92,2,2,22),(93,3,3,22),(94,4,3,22),(95,5,3,22),(96,6,2,22),(97,1,2,23),(98,2,2,23),(99,3,1,23),(100,4,3,23),(101,5,1,23),(102,6,2,23),(103,1,3,25),(104,2,1,25),(105,3,1,25),(106,4,3,25),(107,5,3,25),(108,6,4,25),(109,1,3,26),(110,2,3,26),(111,3,2,26),(112,4,2,26),(113,5,2,26),(114,6,2,26),(115,1,3,27),(116,2,2,27),(117,3,2,27),(118,4,3,27),(119,5,1,27),(120,6,1,27),(121,1,3,28),(122,2,3,28),(123,3,2,28),(124,4,3,28),(125,5,3,28),(126,6,3,28),(127,1,3,29),(128,2,3,29),(129,3,3,29),(130,4,3,29),(131,5,3,29),(132,6,3,29),(133,1,3,30),(134,2,3,30),(135,3,3,30),(136,4,3,30),(137,5,3,30),(138,6,3,30),(139,1,3,31),(140,2,1,31),(141,3,2,31),(142,4,3,31),(143,5,2,31),(144,6,2,31),(145,1,2,32),(146,2,3,32),(147,3,3,32),(148,4,3,32),(149,5,3,32),(150,6,1,32),(151,1,3,33),(152,2,2,33),(153,3,2,33),(154,4,2,33),(155,5,2,33),(156,6,2,33),(157,1,1,35),(158,2,1,35),(159,3,1,35),(160,4,1,35),(161,5,1,35),(162,6,1,35),(163,1,2,34),(164,2,1,34),(165,3,2,34),(166,4,3,34),(167,5,3,34),(168,6,3,34),(169,1,1,37),(170,2,1,37),(171,3,3,37),(172,4,2,37),(173,5,1,37),(174,6,1,37),(175,1,4,36),(176,2,4,36),(177,3,4,36),(178,4,4,36),(179,5,4,36),(180,6,4,36),(181,1,1,38),(182,2,1,38),(183,3,2,38),(184,4,2,38),(185,5,2,38),(186,6,1,38),(187,1,3,39),(188,2,3,39),(189,3,2,39),(190,4,3,39),(191,5,3,39),(192,6,3,39),(193,1,2,40),(194,2,2,40),(195,3,2,40),(196,4,3,40),(197,5,2,40),(198,6,3,40),(199,1,4,41),(200,2,4,41),(201,3,3,41),(202,4,3,41),(203,5,2,41),(204,6,4,41),(205,2,3,42),(206,3,3,42),(207,4,3,42),(208,5,3,42),(209,1,3,43),(210,2,3,43),(211,3,3,43),(212,4,3,43),(213,5,1,43),(214,6,1,43),(215,2,2,44),(216,3,2,44),(217,4,3,44),(218,5,2,44),(219,6,3,44),(220,1,1,45),(221,2,2,45),(222,3,2,45),(223,4,3,45),(224,5,2,45),(225,6,2,45),(226,1,2,46),(227,2,2,46),(228,3,1,46),(229,4,1,46),(230,5,1,46),(231,6,1,46),(232,1,1,48),(233,2,2,48),(234,3,2,48),(235,4,2,48),(236,5,3,48),(237,6,1,48),(238,1,2,47),(239,2,2,47),(240,3,2,47),(241,4,3,47),(242,5,2,47),(243,6,1,47),(244,1,1,49),(245,2,2,49),(246,3,3,49),(247,4,3,49),(248,5,3,49),(249,5,2,49),(250,1,4,50),(251,2,4,50),(252,3,1,50),(253,4,1,50),(254,5,1,50),(255,6,1,50),(256,1,1,51),(257,2,1,51),(258,3,1,51),(259,4,1,51),(260,5,1,51),(261,6,1,51),(262,1,2,52),(263,2,3,52),(264,3,2,52),(265,4,2,52),(266,5,2,52),(267,6,1,52),(268,1,1,53),(269,2,2,53),(270,3,2,53),(271,4,3,53),(272,5,3,53),(273,6,1,53),(274,1,4,54),(275,2,4,54),(276,3,2,54),(277,4,2,54),(278,5,3,54),(279,6,4,54),(280,1,4,55),(281,2,1,55),(282,3,2,55),(283,4,2,55),(284,5,2,55),(285,6,3,55),(286,1,4,57),(287,2,4,57),(288,3,4,57),(289,4,4,57),(290,5,4,57),(291,6,4,57),(292,1,4,58),(293,2,4,58),(294,3,3,58),(295,4,3,58),(296,5,3,58),(297,6,4,58),(298,1,4,59),(299,2,4,59),(300,3,1,59),(301,4,1,59),(302,5,1,59),(303,6,4,59),(304,1,2,60),(305,2,3,60),(306,3,2,60),(307,4,3,60),(308,5,2,60),(309,6,2,60),(310,1,2,61),(311,2,2,61),(312,3,2,61),(313,4,2,61),(314,5,2,61),(315,6,1,61),(316,1,3,62),(317,2,2,62),(318,3,2,62),(319,4,3,62),(320,5,2,62),(321,6,2,62),(322,1,4,63),(323,2,4,63),(324,3,4,63),(325,4,4,63),(326,5,4,63),(327,5,4,63),(328,1,2,64),(329,2,2,64),(330,3,3,64),(331,4,3,64),(332,5,2,64),(333,6,1,64),(334,1,1,65),(335,2,1,65),(336,3,1,65),(337,4,1,65),(338,5,1,65),(339,6,2,65),(340,1,3,66),(341,2,2,66),(342,3,3,66),(343,4,3,66),(344,5,2,66),(345,6,1,66),(346,1,1,67),(347,2,1,67),(348,3,1,67),(349,4,1,67),(350,5,1,67),(351,6,1,67),(352,3,1,68),(353,4,2,68),(354,5,2,68),(355,1,1,69),(356,2,1,69),(357,3,2,69),(358,4,3,69),(359,5,3,69),(360,6,1,69),(361,1,1,70),(362,2,1,70),(363,3,2,70),(364,4,2,70),(365,5,2,70),(366,6,2,70),(367,1,1,71),(368,2,3,71),(369,3,3,71),(370,4,3,71),(371,5,3,71),(372,6,1,71),(373,1,1,72),(374,2,1,72),(375,3,1,72),(376,4,1,72),(377,5,1,72),(378,6,1,72),(379,1,1,73),(380,2,2,73),(381,3,3,73),(382,4,3,73),(383,5,3,73),(384,6,1,73),(385,1,1,74),(386,2,2,74),(387,3,2,74),(388,4,2,74),(389,5,1,74),(390,6,1,74),(391,1,3,75),(392,2,3,75),(393,3,2,75),(394,4,2,75),(395,5,2,75),(396,6,1,75),(397,1,1,76),(398,2,2,76),(399,3,3,76),(400,4,3,76),(401,5,3,76),(402,6,1,76),(403,1,2,77),(404,2,3,77),(405,3,3,77),(406,4,3,77),(407,5,2,77),(408,1,4,78),(409,2,4,78),(410,3,2,78),(411,4,2,78),(412,5,2,78),(413,6,4,78),(414,1,1,79),(415,2,2,79),(416,3,2,79),(417,4,2,79),(418,5,2,79),(419,5,2,79),(420,1,2,80),(421,2,2,80),(422,3,2,80),(423,4,2,80),(424,5,2,80),(425,6,2,80),(426,1,3,81),(427,2,3,81),(428,3,3,81),(429,4,3,81),(430,5,3,81),(431,6,2,81),(432,1,2,82),(433,2,2,82),(434,3,2,82),(435,4,2,82),(436,5,2,82),(437,6,2,82),(438,1,3,83),(439,2,3,83),(440,3,3,83),(441,4,3,83),(442,5,3,83),(443,6,3,83),(444,1,2,84),(445,2,3,84),(446,3,3,84),(447,4,3,84),(448,5,3,84),(449,6,2,84),(450,2,3,85),(451,3,2,85),(452,4,2,85),(453,5,2,85),(454,6,1,85),(455,1,3,86),(456,2,3,86),(457,3,3,86),(458,4,3,86),(459,5,3,86),(460,6,1,86),(461,1,3,87),(462,2,2,87),(463,3,3,87),(464,4,3,87),(465,5,3,87),(466,6,1,87),(467,1,3,88),(468,2,3,88),(469,3,3,88),(470,4,3,88),(471,5,1,88),(472,6,3,88),(473,1,3,89),(474,2,2,89),(475,3,3,89),(476,4,3,89),(477,5,3,89),(478,6,1,89),(479,1,2,90),(480,2,2,90),(481,3,3,90),(482,4,3,90),(483,5,3,90),(484,6,1,90),(485,1,1,91),(486,2,1,91),(487,3,1,91),(488,4,1,91),(489,5,1,91),(490,6,1,91),(491,1,1,92),(492,2,2,92),(493,3,3,92),(494,4,3,92),(495,5,3,92),(496,6,1,92),(497,1,3,93),(498,2,2,93),(499,3,3,93),(500,4,3,93),(501,5,3,93),(502,6,1,93),(503,1,2,94),(504,2,2,94),(505,3,3,94),(506,4,3,94),(507,5,3,94),(508,6,1,94),(509,1,2,95),(510,2,2,95),(511,3,3,95),(512,4,3,95),(513,5,3,95),(514,6,1,95),(515,1,3,96),(516,2,3,96),(517,3,3,96),(518,4,3,96),(519,5,3,96),(520,6,3,96),(521,1,2,97),(522,2,2,97),(523,3,3,97),(524,4,3,97),(525,5,2,97),(526,6,1,97),(527,1,1,98),(528,2,1,98),(529,3,1,98),(530,4,1,98),(531,5,1,98),(532,6,1,98),(533,1,1,99),(534,2,1,99),(535,3,1,99),(536,4,1,99),(537,5,1,99),(538,6,1,99),(539,1,3,100),(540,2,3,100),(541,4,3,100),(542,5,3,100),(543,6,3,100),(544,3,1,101),(545,4,1,101),(546,5,1,101),(547,6,1,101),(548,1,1,102),(549,2,1,102),(550,3,1,102),(551,4,1,102),(552,5,1,102),(553,6,1,102),(554,1,2,103),(555,2,2,103),(556,3,2,103),(557,4,2,103),(558,5,2,103),(559,6,2,103),(560,1,1,104),(561,2,1,104),(562,3,2,104),(563,4,2,104),(564,5,2,104),(565,6,1,104),(566,1,2,105),(567,2,2,105),(568,3,2,105),(569,4,2,105),(570,5,2,105),(571,6,2,105),(572,1,3,106),(573,2,1,106),(574,3,1,106),(575,4,3,106),(576,5,3,106),(577,1,1,107),(578,2,2,107),(579,3,3,107),(580,4,3,107),(581,5,1,107),(582,6,1,107),(583,1,2,108),(584,2,3,108),(585,3,2,108),(586,4,3,108),(587,5,3,108),(588,6,3,108),(589,1,3,109),(590,2,3,109),(591,3,2,109),(592,4,2,109),(593,5,2,109),(594,6,3,109),(595,1,2,110),(596,2,2,110),(597,3,3,110),(598,4,3,110),(599,5,3,110),(600,6,1,110),(601,3,3,111),(602,4,3,111),(603,5,3,111),(604,6,3,111),(605,3,2,112),(606,4,3,112),(607,5,2,112),(608,1,1,113),(609,2,1,113),(610,3,3,113),(611,4,1,113),(612,6,1,113),(613,1,1,114),(614,2,2,114),(615,3,2,114),(616,4,2,114),(617,5,2,114),(618,6,1,114),(619,1,3,115),(620,2,3,115),(621,3,3,115),(622,4,3,115),(623,5,3,115),(624,6,3,115),(625,1,1,116),(626,2,2,116),(627,3,2,116),(628,4,2,116),(629,5,2,116),(630,6,1,116),(631,1,3,117),(632,2,3,117),(633,3,3,117),(634,4,3,117),(635,5,3,117),(636,6,2,117),(637,1,3,118),(638,2,3,118),(639,3,3,118),(640,1,4,119),(641,2,4,119),(642,3,3,119),(643,4,3,119),(644,5,3,119),(645,6,4,119),(646,1,2,120),(647,2,2,120),(648,4,2,120),(649,5,2,120),(650,6,2,120),(651,1,3,121),(652,2,3,121),(653,3,3,121),(654,4,3,121),(655,4,3,121),(656,6,3,121),(657,1,1,122),(658,2,1,122),(659,3,1,122),(660,4,1,122),(661,5,1,122),(662,1,4,123),(663,2,4,123),(664,3,3,123),(665,4,3,123),(666,5,3,123),(667,6,4,123),(668,1,3,124),(669,2,3,124),(670,3,2,124),(671,4,2,124),(672,5,2,124),(673,6,2,124),(674,1,3,125),(675,2,2,125),(676,3,3,125),(677,4,3,125),(678,5,2,125),(679,6,2,125),(680,1,2,126),(681,2,3,126),(682,3,2,126),(683,4,2,126),(684,5,2,126),(685,6,2,126),(686,1,1,127),(687,2,2,127),(688,3,3,127),(689,4,3,127),(690,5,3,127),(691,6,2,127),(692,1,3,128),(693,2,2,128),(694,3,2,128),(695,4,3,128),(696,5,2,128),(697,6,3,128),(698,1,1,129),(699,2,3,129),(700,3,3,129),(701,4,3,129),(702,5,3,129),(703,6,3,129),(704,1,1,130),(705,2,1,130),(706,3,2,130),(707,4,3,130),(708,5,2,130),(709,6,1,130),(710,1,1,131),(711,2,3,131),(712,3,3,131),(713,4,3,131),(714,5,3,131),(715,6,1,131),(716,1,1,132),(717,2,3,132),(718,3,3,132),(719,4,1,132),(720,5,1,132),(721,6,3,132),(722,1,2,133),(723,2,3,133),(724,3,3,133),(725,4,3,133),(726,5,3,133),(727,5,3,133),(728,1,2,134),(729,2,1,134),(730,3,3,134),(731,4,3,134),(732,5,3,134),(733,6,2,134),(734,1,2,135),(735,2,1,135),(736,3,3,135),(737,4,3,135),(738,5,3,135),(739,6,1,135),(740,3,2,136),(741,4,2,136),(742,5,2,136),(743,1,4,137),(744,2,3,137),(745,3,3,137),(746,4,3,137),(747,5,3,137),(748,6,2,137),(749,1,1,138),(750,2,1,138),(751,3,1,138),(752,4,2,138),(753,5,2,138),(754,6,1,138),(755,1,4,139),(756,2,3,139),(757,3,2,139),(758,4,3,139),(759,5,2,139),(760,6,2,139),(761,1,2,140),(762,2,2,140),(763,3,3,140),(764,4,2,140),(765,5,2,140),(766,6,1,140),(767,1,2,143),(768,2,2,143),(769,3,2,143),(770,4,2,143),(771,5,2,143),(772,6,1,143),(773,1,3,144),(774,2,3,144),(775,3,3,144),(776,4,3,144),(777,5,2,144),(778,6,4,144),(779,1,1,145),(780,2,1,145),(781,3,1,145),(782,4,1,145),(783,5,1,145),(784,6,1,145),(785,1,3,146),(786,2,3,146),(787,3,2,146),(788,4,3,146),(789,5,2,146),(790,6,3,146),(791,1,3,147),(792,2,2,147),(793,3,3,147),(794,4,3,147),(795,5,3,147),(796,6,3,147),(797,2,4,148),(798,2,4,148),(799,3,4,148),(800,4,4,148),(801,5,4,148),(802,6,4,148),(803,1,3,149),(804,2,3,149),(805,3,1,149),(806,4,1,149),(807,5,1,149),(808,6,3,149),(809,1,3,151),(810,2,3,151),(811,3,2,151),(812,4,2,151),(813,5,2,151),(814,6,1,151),(815,1,3,152),(816,2,2,152),(817,3,1,152),(818,4,3,152),(819,5,3,152),(820,6,1,152),(821,1,1,153),(822,2,1,153),(823,3,2,153),(824,4,2,153),(825,5,1,153),(826,6,1,153),(827,1,1,154),(828,2,1,154),(829,3,3,154),(830,4,3,154),(831,5,2,154),(832,6,1,154),(833,1,4,155),(834,2,4,155),(835,3,4,155),(836,4,4,155),(837,5,4,155),(838,6,4,155),(839,1,1,157),(840,2,1,157),(841,3,3,157),(842,4,3,157),(843,5,2,157),(844,6,2,157),(845,1,1,158),(846,2,2,158),(847,3,3,158),(848,4,3,158),(849,5,3,158),(850,6,2,158),(851,1,2,159),(852,2,2,159),(853,3,3,159),(854,4,3,159),(855,5,3,159),(856,6,1,159),(857,1,3,160),(858,2,2,160),(859,3,2,160),(860,4,2,160),(861,5,2,160),(862,6,2,160),(863,1,1,161),(864,2,3,161),(865,3,2,161),(866,4,2,161),(867,5,2,161),(868,6,1,161),(869,1,2,162),(870,2,3,162),(871,3,3,162),(872,4,3,162),(873,5,2,162),(874,6,1,162),(875,1,2,163),(876,2,2,163),(877,3,2,163),(878,4,2,163),(879,5,2,163),(880,6,2,163),(881,1,1,164),(882,2,1,164),(883,3,1,164),(884,4,2,164),(885,5,2,164),(886,6,2,164),(887,1,1,165),(888,2,3,165),(889,3,1,165),(890,4,2,165),(891,5,2,165),(892,6,2,165),(893,1,1,150),(894,2,1,150),(895,3,1,150),(896,4,1,150),(897,5,1,150),(898,6,1,150),(899,1,1,166),(900,2,1,166),(901,3,1,166),(902,4,1,166),(903,5,1,166),(904,6,1,166),(905,1,2,168),(906,2,1,168),(907,3,3,168),(908,4,3,168),(909,5,2,168),(910,6,2,168),(911,1,2,169),(912,2,3,169),(913,3,3,169),(914,4,2,169),(915,5,2,169),(916,6,1,169),(917,1,3,170),(918,2,3,170),(919,3,2,170),(920,4,2,170),(921,5,3,170),(922,6,2,170),(923,1,3,171),(924,2,2,171),(925,3,3,171),(926,4,3,171),(927,5,2,171),(928,6,1,171),(929,1,3,172),(930,2,3,172),(931,3,3,172),(932,4,3,172),(933,5,3,172),(934,6,2,172),(935,1,1,173),(936,2,3,173),(937,3,3,173),(938,4,3,173),(939,5,2,173),(940,6,3,173),(941,1,3,174),(942,2,3,174),(943,3,2,174),(944,4,2,174),(945,5,2,174),(946,6,1,174),(947,1,3,175),(948,2,3,175),(949,3,3,175),(950,4,3,175),(951,5,2,175),(952,6,3,175),(953,1,3,176),(954,2,3,176),(955,3,3,176),(956,4,3,176),(957,5,3,176),(958,6,3,176),(959,1,3,177),(960,2,3,177),(961,3,3,177),(962,4,3,177),(963,5,3,177),(964,6,1,177),(965,1,1,178),(966,2,1,178),(967,3,2,178),(968,4,3,178),(969,5,2,178),(970,6,1,178),(971,2,3,179),(972,3,3,179),(973,4,3,179),(974,5,3,179),(975,6,2,179),(976,1,3,181),(977,2,3,181),(978,3,3,181),(979,4,3,181),(980,5,3,181),(981,6,1,181),(982,1,4,182),(983,2,4,182),(984,3,1,182),(985,4,1,182),(986,5,3,182),(987,6,4,182),(988,1,2,167),(989,2,3,167),(990,3,2,167),(991,4,2,167),(992,5,1,167),(993,6,2,167),(994,1,4,183),(995,3,1,183),(996,4,1,183),(997,5,1,183),(998,1,1,184),(999,2,1,184),(1000,3,1,184),(1001,4,1,184),(1002,5,1,184),(1003,6,1,184),(1004,1,1,186),(1005,2,3,186),(1006,3,2,186),(1007,4,3,186),(1008,5,2,186),(1009,6,2,186),(1010,1,3,187),(1011,2,3,187),(1012,3,3,187),(1013,4,3,187),(1014,5,3,187),(1015,6,3,187),(1016,1,2,188),(1017,2,2,188),(1018,3,2,188),(1019,4,3,188),(1020,5,2,188),(1021,6,3,188),(1022,1,3,189),(1023,2,3,189),(1024,3,3,189),(1025,4,3,189),(1026,5,3,189),(1027,5,3,189),(1028,1,3,190),(1029,2,3,190),(1030,3,3,190),(1031,4,3,190),(1032,5,3,190),(1033,6,3,190),(1034,1,4,191),(1035,2,2,191),(1036,3,2,191),(1037,4,3,191),(1038,5,2,191),(1039,6,1,191),(1040,1,3,192),(1041,2,3,192),(1042,3,3,192),(1043,4,3,192),(1044,5,3,192),(1045,6,3,192),(1046,1,3,193),(1047,2,2,193),(1048,3,3,193),(1049,4,3,193),(1050,5,3,193),(1051,6,3,193),(1052,1,3,194),(1053,2,3,194),(1054,3,3,194),(1055,4,3,194),(1056,5,3,194),(1057,6,3,194),(1058,1,3,195),(1059,2,3,195),(1060,3,3,195),(1061,4,3,195),(1062,5,3,195),(1063,6,3,195),(1064,1,3,196),(1065,2,3,196),(1066,3,3,196),(1067,4,3,196),(1068,1,2,197),(1069,2,2,197),(1070,3,2,197),(1071,4,2,197),(1072,5,2,197),(1073,1,2,198),(1074,2,2,198),(1075,3,2,198),(1076,4,2,198),(1077,5,2,198),(1078,1,2,199),(1079,2,3,199),(1080,3,2,199),(1081,4,2,199),(1082,5,2,199),(1083,1,3,200),(1084,2,3,200),(1085,3,3,200),(1086,4,3,200),(1087,5,3,200),(1088,1,3,201),(1089,2,3,201),(1090,3,3,201),(1091,4,3,201),(1092,5,3,201),(1093,1,3,202),(1094,2,3,202),(1095,3,3,202),(1096,4,3,202),(1097,5,3,202),(1098,1,3,203),(1099,2,3,203),(1100,3,3,203),(1101,4,3,203),(1102,5,3,203),(1103,6,3,203),(1104,3,2,204),(1105,4,2,204),(1106,5,2,204),(1107,1,2,205),(1108,2,2,205),(1109,3,2,205),(1110,4,2,205),(1111,5,2,205),(1112,1,2,206),(1113,2,2,206),(1114,3,2,206),(1115,4,2,206),(1116,5,2,206),(1117,1,3,207),(1118,2,1,207),(1119,3,1,207),(1120,4,2,207),(1121,5,3,207),(1122,6,2,207),(1123,1,2,208),(1124,2,3,208),(1125,3,1,208),(1126,4,3,208),(1127,5,2,208),(1128,6,1,208),(1129,1,3,209),(1130,2,3,209),(1131,3,3,209),(1132,4,3,209),(1133,5,2,209),(1134,6,2,209),(1135,1,3,210),(1136,2,3,210),(1137,3,3,210),(1138,4,3,210),(1139,5,3,210),(1140,6,3,210),(1141,1,3,211),(1142,2,3,211),(1143,3,3,211),(1144,4,3,211),(1145,5,3,211),(1146,1,3,212),(1147,2,3,212),(1148,3,2,212),(1149,4,2,212),(1150,5,2,212),(1151,1,3,213),(1152,2,3,213),(1153,3,3,213),(1154,4,3,213),(1155,5,3,213),(1156,6,3,213),(1157,1,3,214),(1158,2,3,214),(1159,3,3,214),(1160,4,3,214),(1161,5,3,214),(1162,1,2,215),(1163,2,2,215),(1164,3,2,215),(1165,4,3,215),(1166,5,2,215),(1167,6,1,215),(1168,1,1,216),(1169,2,1,216),(1170,3,1,216),(1171,4,1,216),(1172,5,1,216),(1173,6,1,216),(1174,1,3,217),(1175,2,3,217),(1176,3,3,217),(1177,4,3,217),(1178,5,3,217),(1179,6,3,217),(1180,1,3,218),(1181,2,2,218),(1182,3,3,218),(1183,4,3,218),(1184,5,3,218),(1185,6,1,218),(1186,3,1,219),(1187,4,2,219),(1188,5,1,219),(1189,2,3,220),(1190,3,3,220),(1191,4,3,220),(1192,5,3,220),(1193,6,3,220),(1194,1,3,221),(1195,2,3,221),(1196,3,3,221),(1197,4,3,221),(1198,5,3,221),(1199,6,1,221),(1200,1,2,222),(1201,2,2,222),(1202,3,3,222),(1203,4,3,222),(1204,5,2,222),(1205,6,2,222),(1206,1,4,223),(1207,2,4,223),(1208,3,4,223),(1209,4,4,223),(1210,5,4,223),(1211,6,4,223),(1212,1,1,224),(1213,2,2,224),(1214,3,2,224),(1215,4,2,224),(1216,6,1,224),(1217,1,4,225),(1218,3,3,225),(1219,4,3,225),(1220,5,3,225),(1221,6,4,225),(1222,2,2,226),(1223,3,3,226),(1224,4,3,226),(1225,5,3,226),(1226,6,1,226),(1227,1,3,227),(1228,2,2,227),(1229,3,2,227),(1230,5,1,227),(1231,6,1,227),(1232,1,1,229),(1233,2,1,229),(1234,3,1,229),(1235,4,1,229),(1236,5,1,229),(1237,6,1,229),(1238,1,3,231),(1239,2,3,231),(1240,3,3,231),(1241,4,3,231),(1242,5,3,231),(1243,6,3,231),(1244,1,1,232),(1245,2,1,232),(1246,3,1,232),(1247,4,1,232),(1248,5,1,232),(1249,6,1,232),(1250,1,2,234),(1251,2,2,234),(1252,3,2,234),(1253,4,2,234),(1254,5,2,234),(1255,6,3,234),(1256,1,3,235),(1257,2,3,235),(1258,3,3,235),(1259,4,2,235),(1260,5,1,235),(1261,6,1,235),(1262,1,1,236),(1263,2,2,236),(1264,5,1,236),(1265,6,2,236),(1266,1,1,237),(1267,2,1,237),(1268,3,1,237),(1269,4,1,237),(1270,5,1,237),(1271,6,1,237),(1272,1,2,238),(1273,2,2,238),(1274,3,1,238),(1275,4,3,238),(1276,5,3,238),(1277,1,1,239),(1278,2,1,239),(1279,3,2,239),(1280,4,3,239),(1281,5,2,239),(1282,6,1,239),(1283,1,3,240),(1284,2,3,240),(1285,3,2,240),(1286,4,2,240),(1287,5,2,240),(1288,1,4,241),(1289,2,2,241),(1290,3,2,241),(1291,4,2,241),(1292,5,2,241),(1293,6,1,241),(1294,1,2,242),(1295,2,2,242),(1296,3,3,242),(1297,4,3,242),(1298,5,3,242),(1299,6,1,242),(1300,1,3,243),(1301,2,3,243),(1302,3,3,243),(1303,4,3,243),(1304,5,3,243),(1305,6,2,243),(1306,1,3,244),(1307,2,3,244),(1308,3,2,244),(1309,4,3,244),(1310,5,2,244),(1311,5,3,244),(1312,1,1,245),(1313,2,3,245),(1314,3,2,245),(1315,4,3,245),(1316,5,3,245),(1317,6,3,245),(1318,1,1,246),(1319,2,1,246),(1320,3,3,246),(1321,4,2,246),(1322,5,2,246),(1323,6,2,246),(1324,1,3,247),(1325,2,3,247),(1326,3,2,247),(1327,4,2,247),(1328,5,2,247),(1329,1,1,249),(1330,2,1,249),(1331,3,1,249),(1332,4,1,249),(1333,5,1,249),(1334,1,2,251),(1335,2,2,251),(1336,3,2,251),(1337,4,2,251),(1338,5,2,251),(1339,6,2,251),(1340,1,1,253),(1341,2,1,253),(1342,3,1,253),(1343,4,1,253),(1344,5,1,253),(1345,6,1,253),(1346,1,1,254),(1347,2,1,254),(1348,3,2,254),(1349,4,2,254),(1350,5,2,254),(1351,6,1,254),(1352,1,2,256),(1353,2,2,256),(1354,3,3,256),(1355,4,3,256),(1356,5,3,256),(1357,6,2,256),(1358,1,1,257),(1359,2,1,257),(1360,1,2,259),(1361,2,2,259),(1362,3,2,259),(1363,4,3,259),(1364,5,3,259),(1365,6,1,259),(1366,1,2,255),(1367,2,3,255),(1368,3,2,255),(1369,4,2,255),(1370,5,2,255),(1371,6,3,255),(1372,3,3,260),(1373,5,2,260),(1374,1,1,261),(1375,2,1,261),(1376,3,3,261),(1377,4,3,261),(1378,5,3,261),(1379,6,1,261),(1380,2,1,262),(1381,3,1,262),(1382,4,1,262),(1383,5,1,262),(1384,3,2,263),(1385,5,2,263),(1386,6,4,263),(1387,1,3,264),(1388,2,3,264),(1389,3,3,264),(1390,4,3,264),(1391,5,2,264),(1392,6,3,264),(1393,1,2,265),(1394,2,3,265),(1395,3,3,265),(1396,4,3,265),(1397,5,2,265),(1398,6,2,265),(1399,1,1,266),(1400,3,1,266),(1401,4,1,266),(1402,5,1,266),(1403,1,3,267),(1404,2,3,267),(1405,3,2,267),(1406,4,3,267),(1407,5,3,267),(1408,6,2,267),(1409,1,3,268),(1410,2,3,268),(1411,3,3,268),(1412,4,3,268),(1413,5,3,268),(1414,1,3,269),(1415,2,3,269),(1416,3,3,269),(1417,4,3,269),(1418,5,3,269),(1419,1,2,270),(1420,2,2,270),(1421,3,2,270),(1422,4,2,270),(1423,5,2,270),(1424,1,3,271),(1425,2,3,271),(1426,3,1,271),(1427,4,2,271),(1428,5,1,271),(1429,6,1,271),(1430,1,2,272),(1431,2,1,272),(1432,3,2,272),(1433,4,3,272),(1434,5,3,272),(1435,6,1,272),(1436,3,3,274),(1437,4,3,274),(1438,5,3,274),(1439,1,1,275),(1440,2,2,275),(1441,3,3,275),(1442,4,3,275),(1443,5,3,275),(1444,6,3,275),(1445,1,3,276),(1446,2,3,276),(1447,3,3,276),(1448,4,3,276),(1449,5,3,276),(1450,1,3,277),(1451,2,3,277),(1452,3,3,277),(1453,4,3,277),(1454,5,3,277),(1455,6,3,277),(1456,1,3,278),(1457,2,3,278),(1458,3,3,278),(1459,4,2,278),(1460,5,3,278),(1461,6,2,278),(1462,1,2,279),(1463,2,2,279),(1464,3,3,279),(1465,4,3,279),(1466,5,2,279),(1467,6,1,279),(1468,1,1,280),(1469,2,1,280),(1470,3,1,280),(1471,4,1,280),(1472,1,3,282),(1473,2,3,282),(1474,3,2,282),(1475,4,3,282),(1476,3,3,283),(1477,4,3,283),(1478,5,2,283),(1479,6,1,283),(1480,1,2,285),(1481,2,1,285),(1482,3,3,285),(1483,4,3,285),(1484,5,3,285),(1485,1,3,286),(1486,2,3,286),(1487,3,3,286),(1488,5,3,286),(1489,6,3,286),(1490,1,3,288),(1491,2,3,288),(1492,3,3,288),(1493,4,3,288),(1494,5,3,288),(1495,6,3,288),(1496,1,4,289),(1497,2,4,289),(1498,3,4,289),(1499,4,4,289),(1500,5,4,289),(1501,6,4,289),(1502,1,2,290),(1503,2,2,290),(1504,3,2,290),(1505,4,2,290),(1506,6,1,290),(1507,1,1,291),(1508,2,3,291),(1509,3,3,291),(1510,4,3,291),(1511,5,3,291),(1512,6,3,291),(1513,1,4,292),(1514,2,2,292),(1515,3,3,292),(1516,4,3,292),(1517,5,3,292),(1518,1,2,293),(1519,2,2,293),(1520,3,1,293),(1521,4,1,293),(1522,5,2,293),(1523,6,1,293),(1524,1,2,294),(1525,2,1,294),(1526,3,1,294),(1527,4,1,294),(1528,5,1,294),(1529,6,1,294),(1530,1,4,295),(1531,3,1,295),(1532,4,2,295),(1533,5,1,295),(1534,6,4,295),(1535,1,1,296),(1536,2,1,296),(1537,3,1,296),(1538,4,1,296),(1539,5,1,296),(1540,6,1,296),(1541,1,3,297),(1542,2,2,297),(1543,3,2,297),(1544,4,2,297),(1545,5,3,297),(1546,6,2,297),(1547,1,2,298),(1548,2,2,298),(1549,3,2,298),(1550,4,2,298),(1551,4,2,298),(1552,5,2,298),(1553,1,2,299),(1554,2,2,299),(1555,3,2,299),(1556,4,3,299),(1557,5,3,299),(1558,6,1,299),(1559,1,2,300),(1560,2,3,300),(1561,3,3,300),(1562,4,2,300),(1563,5,2,300),(1564,6,3,300),(1565,1,2,301),(1566,2,2,301),(1567,3,2,301),(1568,4,3,301),(1569,5,2,301),(1570,6,2,301),(1571,1,3,302),(1572,3,1,302),(1573,4,1,302),(1574,5,1,302),(1575,1,1,303),(1576,2,3,303),(1577,3,2,303),(1578,4,2,303),(1579,5,2,303),(1580,6,1,303),(1581,1,2,304),(1582,2,3,304),(1583,3,3,304),(1584,4,3,304),(1585,5,3,304),(1586,6,2,304),(1587,1,2,305),(1588,2,2,305),(1589,3,2,305),(1590,4,2,305),(1591,4,2,305),(1592,6,2,305),(1593,1,4,306),(1594,2,3,306),(1595,3,1,306),(1596,4,1,306),(1597,5,1,306),(1598,6,3,306),(1599,2,2,307),(1600,3,2,307),(1601,4,3,307),(1602,5,2,307),(1603,6,1,307),(1604,1,3,308),(1605,2,3,308),(1606,3,3,308),(1607,4,3,308),(1608,5,3,308),(1609,1,4,309),(1610,2,4,309),(1611,3,2,309),(1612,4,2,309),(1613,5,2,309),(1614,6,4,309),(1615,1,3,310),(1616,2,3,310),(1617,3,2,310),(1618,4,2,310),(1619,5,2,310),(1620,6,2,310),(1621,1,2,311),(1622,3,3,311),(1623,4,2,311),(1624,4,2,311),(1625,1,3,312),(1626,2,3,312),(1627,3,2,312),(1628,4,2,312),(1629,5,2,312),(1630,6,2,312),(1631,1,2,314),(1632,2,2,314),(1633,3,2,314),(1634,4,3,314),(1635,5,3,314),(1636,6,1,314),(1637,1,1,315),(1638,2,2,315),(1639,3,3,315),(1640,4,3,315),(1641,5,3,315),(1642,6,1,315),(1643,1,1,316),(1644,2,1,316),(1645,3,2,316),(1646,4,1,316),(1647,5,2,316),(1648,6,1,316),(1649,1,3,317),(1650,2,3,317),(1651,3,3,317),(1652,4,3,317),(1653,5,3,317),(1654,1,3,318),(1655,2,3,318),(1656,3,3,318),(1657,4,3,318),(1658,5,3,318),(1659,1,2,319),(1660,2,2,319),(1661,3,2,319),(1662,4,3,319),(1663,5,2,319),(1664,6,1,319),(2851,6,2,537),(2850,5,3,537),(2849,4,2,537),(2848,3,2,537),(2847,2,2,537),(2846,1,1,537),(1671,1,3,321),(1672,2,2,321),(1673,3,2,321),(1674,4,2,321),(1675,5,2,321),(1676,6,2,321),(1677,1,3,322),(1678,2,3,322),(1679,3,3,322),(1680,4,3,322),(1681,5,3,322),(1682,1,1,323),(1683,2,2,323),(1684,3,3,323),(1685,4,3,323),(1686,5,1,323),(1687,6,1,323),(1688,1,1,324),(1689,2,3,324),(1690,3,2,324),(1691,4,3,324),(1692,5,3,324),(1693,6,2,324),(1694,1,3,325),(1695,2,3,325),(1696,3,3,325),(1697,4,3,325),(1698,5,3,325),(1699,6,3,325),(1700,1,3,326),(1701,2,3,326),(1702,3,3,326),(1703,4,3,326),(1704,5,3,326),(1705,1,2,327),(1706,2,3,327),(1707,3,3,327),(1708,4,3,327),(1709,5,3,327),(1710,6,3,327),(1711,1,1,328),(1712,2,1,328),(1713,3,1,328),(1714,4,2,328),(1715,5,2,328),(1716,6,2,328),(1717,1,4,329),(1718,2,4,329),(1719,3,4,329),(1720,4,4,329),(1721,5,4,329),(1722,6,4,329),(1723,1,3,330),(1724,2,3,330),(1725,3,2,330),(1726,4,2,330),(1727,5,2,330),(1728,6,2,330),(1729,1,3,331),(1730,2,3,331),(1731,3,3,331),(1732,4,3,331),(1733,5,3,331),(1734,6,3,331),(1735,1,2,332),(1736,2,2,332),(1737,3,3,332),(1738,4,3,332),(1739,5,3,332),(1740,6,2,332),(1741,1,1,333),(1742,2,1,333),(1743,3,3,333),(1744,4,3,333),(1745,5,3,333),(1746,6,3,333),(1747,2,2,334),(1748,3,3,334),(1749,4,3,334),(1750,5,3,334),(1751,6,3,334),(1752,1,2,335),(1753,2,2,335),(1754,3,3,335),(1755,4,3,335),(1756,5,2,335),(1757,6,3,335),(1758,1,1,336),(1759,2,3,336),(1760,3,3,336),(1761,4,3,336),(1762,5,3,336),(1763,6,3,336),(1764,1,2,337),(1765,2,2,337),(1766,3,1,337),(1767,4,2,337),(1768,5,3,337),(1769,6,1,337),(1770,1,4,338),(1771,2,4,338),(1772,3,3,338),(1773,4,3,338),(1774,5,2,338),(1775,1,1,339),(1776,3,2,339),(1777,4,2,339),(1778,5,2,339),(1779,6,4,339),(1780,1,3,340),(1781,2,1,340),(1782,3,2,340),(1783,4,2,340),(1784,5,2,340),(1785,6,2,340),(1786,1,2,341),(1787,2,3,341),(1788,3,2,341),(1789,4,3,341),(1790,5,2,341),(1791,6,3,341),(1792,1,3,342),(1793,2,2,342),(1794,3,3,342),(1795,4,3,342),(1796,5,3,342),(1797,6,3,342),(1798,3,2,343),(1799,5,2,343),(1800,1,2,344),(1801,2,2,344),(1802,3,3,344),(1803,4,3,344),(1804,5,2,344),(1805,6,3,344),(1806,1,2,345),(1807,2,2,345),(1808,3,2,345),(1809,4,2,345),(1810,5,2,345),(1811,1,2,347),(1812,2,2,347),(1813,3,2,347),(1814,4,3,347),(1815,5,2,347),(1816,1,3,348),(1817,2,3,348),(1818,3,3,348),(1819,4,3,348),(1820,5,3,348),(1821,3,3,350),(1822,4,3,350),(1823,1,3,351),(1824,2,3,351),(1825,3,2,351),(1826,4,2,351),(1827,5,2,351),(1828,6,2,351),(1829,1,3,349),(1830,2,4,349),(1831,3,2,349),(1832,4,2,349),(1833,5,1,349),(1834,6,4,349),(1835,1,4,352),(1836,2,4,352),(1837,3,4,352),(1838,4,4,352),(1839,5,4,352),(1840,6,4,352),(1841,1,2,353),(1842,2,3,353),(1843,3,3,353),(1844,4,1,353),(1845,5,3,353),(1846,6,2,353),(1847,1,1,354),(1848,2,3,354),(1849,3,1,354),(1850,4,1,354),(1851,5,1,354),(1852,6,1,354),(1853,1,1,355),(1854,2,3,355),(1855,3,3,355),(1856,4,3,355),(1857,5,3,355),(1858,6,2,355),(1859,1,4,356),(1860,2,4,356),(1861,3,3,356),(1862,4,3,356),(1863,5,2,356),(1864,1,4,357),(1865,2,2,357),(1866,3,2,357),(1867,4,3,357),(1868,5,3,357),(1869,6,1,357),(1870,1,2,358),(1871,2,2,358),(1872,3,2,358),(1873,4,2,358),(1874,5,2,358),(1875,6,4,358),(1876,1,4,359),(1877,2,1,359),(1878,3,1,359),(1879,4,3,359),(1880,5,1,359),(1881,6,1,359),(1882,1,3,360),(1883,2,3,360),(1884,3,2,360),(1885,4,2,360),(1886,5,2,360),(1887,6,2,360),(1888,1,3,361),(1889,2,2,361),(1890,3,2,361),(1891,4,3,361),(1892,5,3,361),(1893,1,4,362),(1894,2,4,362),(1895,3,4,362),(1896,4,4,362),(1897,5,4,362),(1898,6,4,362),(1899,1,3,363),(1900,2,2,363),(1901,3,2,363),(1902,4,3,363),(1903,5,1,363),(1904,6,2,363),(1905,1,4,364),(1906,2,4,364),(1907,3,4,364),(1908,4,4,364),(1909,5,4,364),(1910,6,4,364),(1911,1,3,365),(1912,2,2,365),(1913,3,3,365),(1914,4,3,365),(1915,5,3,365),(1916,6,3,365),(1917,1,3,366),(1918,2,2,366),(1919,3,1,366),(1920,4,2,366),(1921,5,2,366),(1922,6,2,366),(1923,1,4,367),(1924,2,4,367),(1925,3,4,367),(1926,4,4,367),(1927,5,4,367),(1928,6,4,367),(1929,1,4,368),(1930,2,4,368),(1931,3,4,368),(1932,4,4,368),(1933,5,4,368),(1934,6,4,368),(1935,1,3,369),(1936,2,3,369),(1937,3,2,369),(1938,4,2,369),(1939,5,2,369),(1940,6,2,369),(1941,1,2,370),(1942,2,2,370),(1943,3,2,370),(1944,4,3,370),(1945,5,2,370),(1946,6,1,370),(1947,1,3,371),(1948,2,3,371),(1949,3,3,371),(1950,4,3,371),(1951,5,3,371),(1952,6,3,371),(1953,3,2,372),(1954,4,3,372),(1955,5,3,372),(1956,1,3,373),(1957,2,3,373),(1958,3,3,373),(1959,4,3,373),(1960,5,3,373),(1961,1,3,374),(1962,2,2,374),(1963,3,2,374),(1964,4,3,374),(1965,5,2,374),(1966,6,1,374),(1967,1,4,375),(1968,2,4,375),(1969,3,2,375),(1970,4,3,375),(1971,5,2,375),(1972,6,4,375),(1973,1,3,376),(1974,2,3,376),(1975,3,3,376),(1976,4,2,376),(1977,5,3,376),(1978,6,3,376),(1979,1,1,377),(1980,2,2,377),(1981,3,2,377),(1982,4,2,377),(1983,5,2,377),(1984,1,2,379),(1985,2,3,379),(1986,3,3,379),(1987,4,3,379),(1988,5,3,379),(1989,1,2,380),(1990,2,3,380),(1991,3,2,380),(1992,4,3,380),(1993,5,2,380),(1994,6,2,380),(1995,1,3,381),(1996,2,3,381),(1997,3,3,381),(1998,4,3,381),(1999,5,3,381),(2000,1,3,382),(2001,2,2,382),(2002,3,2,382),(2003,4,2,382),(2004,5,2,382),(2005,6,2,382),(2006,1,1,383),(2007,2,3,383),(2008,3,3,383),(2009,4,3,383),(2010,5,3,383),(2011,6,1,383),(2012,1,3,384),(2013,2,3,384),(2014,3,3,384),(2015,4,3,384),(2016,5,3,384),(2017,1,2,386),(2018,2,2,386),(2019,3,2,386),(2020,4,2,386),(2021,5,2,386),(2022,1,4,387),(2023,2,4,387),(2024,3,2,387),(2025,4,2,387),(2026,5,2,387),(2027,6,4,387),(2028,1,2,388),(2029,2,3,388),(2030,3,2,388),(2031,4,2,388),(2032,5,2,388),(2033,6,2,388),(2034,1,4,389),(2035,2,4,389),(2036,3,3,389),(2037,4,3,389),(2038,5,2,389),(2039,6,4,389),(2040,1,3,390),(2041,2,3,390),(2042,3,2,390),(2043,4,2,390),(2044,5,2,390),(2045,6,2,390),(2046,1,3,391),(2047,2,3,391),(2048,3,3,391),(2049,4,3,391),(2050,5,3,391),(2051,1,2,392),(2052,2,2,392),(2053,3,3,392),(2054,4,3,392),(2055,5,2,392),(2056,6,3,392),(2057,1,2,393),(2058,2,3,393),(2059,3,3,393),(2060,6,3,393),(2061,1,3,394),(2062,2,3,394),(2063,3,3,394),(2064,4,3,394),(2065,5,3,394),(2066,6,3,394),(2067,1,1,395),(2068,2,1,395),(2069,3,2,395),(2070,4,2,395),(2071,5,2,395),(2072,6,3,395),(2073,1,3,397),(2074,2,3,397),(2075,3,3,397),(2076,4,3,397),(2077,5,3,397),(2078,1,3,398),(2079,2,3,398),(2080,3,3,398),(2081,4,3,398),(2082,5,3,398),(2083,6,3,398),(2084,1,4,399),(2085,2,4,399),(2086,3,2,399),(2087,4,2,399),(2088,5,2,399),(2089,6,4,399),(2090,1,4,400),(2091,2,4,400),(2092,3,1,400),(2093,4,3,400),(2094,5,1,400),(2095,5,1,400),(2096,1,3,401),(2097,2,3,401),(2098,3,3,401),(2099,4,3,401),(2100,5,3,401),(2101,1,1,402),(2102,2,1,402),(2103,3,1,402),(2104,4,1,402),(2105,5,1,402),(2106,6,1,402),(2107,1,3,403),(2108,2,3,403),(2109,3,2,403),(2110,4,2,403),(2111,5,3,403),(2112,1,3,404),(2113,2,3,404),(2114,3,2,404),(2115,4,3,404),(2116,6,3,404),(2117,1,3,405),(2118,2,2,405),(2119,3,3,405),(2120,4,3,405),(2121,5,3,405),(2122,6,3,405),(2123,1,3,406),(2124,2,3,406),(2125,3,2,406),(2126,4,3,406),(2127,5,3,406),(2128,6,1,406),(2129,1,4,407),(2130,2,4,407),(2131,3,2,407),(2132,4,3,407),(2133,5,3,407),(2134,1,3,408),(2135,2,3,408),(2136,3,3,408),(2137,4,3,408),(2138,5,3,408),(2139,1,4,409),(2140,2,4,409),(2141,3,4,409),(2142,4,4,409),(2143,5,4,409),(2144,6,4,409),(2145,1,3,410),(2146,2,3,410),(2147,3,2,410),(2148,4,3,410),(2149,5,3,410),(2150,1,4,411),(2151,1,3,412),(2152,2,2,412),(2153,3,2,412),(2154,4,2,412),(2155,5,2,412),(2156,1,1,413),(2157,2,1,413),(2158,3,1,413),(2159,4,2,413),(2160,4,2,413),(2161,1,2,414),(2162,2,2,414),(2163,3,2,414),(2164,4,2,414),(2165,5,2,414),(2166,6,2,414),(2167,1,3,415),(2168,2,3,415),(2169,3,3,415),(2170,4,3,415),(2171,5,3,415),(2172,6,2,415),(2173,1,3,416),(2174,2,3,416),(2175,3,3,416),(2176,4,3,416),(2177,5,3,416),(2178,6,3,416),(2179,1,2,417),(2180,2,2,417),(2181,3,2,417),(2182,4,2,417),(2183,5,2,417),(2184,6,1,417),(2185,1,3,418),(2186,2,3,418),(2187,3,3,418),(2188,4,3,418),(2189,5,3,418),(2190,6,3,418),(2191,1,4,419),(2192,2,4,419),(2193,3,3,419),(2194,4,3,419),(2195,5,3,419),(2196,6,3,419),(2197,1,4,420),(2198,3,2,420),(2199,4,3,420),(2200,5,3,420),(2201,1,2,421),(2202,2,2,421),(2203,3,3,421),(2204,4,3,421),(2205,5,2,421),(2206,6,2,421),(2207,1,3,422),(2208,2,3,422),(2209,3,3,422),(2210,4,3,422),(2211,5,3,422),(2212,6,3,422),(2213,1,1,423),(2214,2,1,423),(2215,3,2,423),(2216,4,3,423),(2217,5,1,423),(2218,6,1,423),(2219,1,1,424),(2220,2,2,424),(2221,3,2,424),(2222,4,2,424),(2223,5,1,424),(2224,6,2,424),(2225,1,2,425),(2226,2,3,425),(2227,3,3,425),(2228,4,3,425),(2229,5,3,425),(2230,6,3,425),(2231,1,2,426),(2232,2,1,426),(2233,3,2,426),(2234,4,3,426),(2235,5,1,426),(2236,6,2,426),(2237,3,2,427),(2238,4,2,427),(2239,5,2,427),(2240,1,3,428),(2241,3,3,428),(2242,4,3,428),(2243,5,3,428),(2244,6,3,428),(2245,1,4,429),(2246,2,4,429),(2247,3,4,429),(2248,4,4,429),(2249,5,4,429),(2250,6,4,429),(2251,3,2,430),(2252,5,2,430),(2253,2,3,431),(2254,3,1,431),(2255,4,1,431),(2256,5,2,431),(2257,6,4,431),(2258,1,4,432),(2259,2,4,432),(2260,3,4,432),(2261,4,4,432),(2262,5,4,432),(2263,6,4,432),(2264,1,4,434),(2265,2,3,434),(2266,3,3,434),(2267,4,3,434),(2268,5,3,434),(2269,1,1,433),(2270,3,1,433),(2271,4,1,433),(2272,5,1,433),(2273,6,1,433),(2274,1,3,435),(2275,2,2,435),(2276,3,1,435),(2277,4,3,435),(2278,5,2,435),(2279,1,2,436),(2280,2,2,436),(2281,3,1,436),(2282,4,3,436),(2283,5,1,436),(2284,1,2,437),(2285,2,3,437),(2286,3,1,437),(2287,4,3,437),(2288,5,1,437),(2289,1,3,438),(2290,2,3,438),(2291,3,3,438),(2292,4,3,438),(2293,5,3,438),(2294,6,3,438),(2295,1,3,439),(2296,2,3,439),(2297,3,3,439),(2298,4,3,439),(2299,5,3,439),(2300,6,3,439),(2301,1,3,440),(2302,2,3,440),(2303,3,3,440),(2304,4,3,440),(2305,5,3,440),(2306,6,3,440),(2307,1,2,441),(2308,2,3,441),(2309,3,2,441),(2310,4,2,441),(2311,5,2,441),(2312,6,2,441),(2313,1,2,442),(2314,2,2,442),(2315,3,2,442),(2316,4,2,442),(2317,5,2,442),(2318,6,2,442),(2319,1,3,443),(2320,2,2,443),(2321,3,3,443),(2322,4,3,443),(2323,5,3,443),(2324,6,3,443),(2325,2,2,444),(2326,3,1,444),(2327,4,3,444),(2328,5,1,444),(2329,1,3,445),(2330,2,2,445),(2331,3,2,445),(2332,4,2,445),(2333,5,2,445),(2334,6,2,445),(2335,1,4,446),(2336,2,1,446),(2337,3,3,446),(2338,4,2,446),(2339,5,3,446),(2340,6,3,446),(2341,1,3,447),(2342,2,2,447),(2343,3,2,447),(2344,4,2,447),(2345,5,2,447),(2346,6,1,447),(2347,1,3,448),(2348,2,2,448),(2349,3,1,448),(2350,4,2,448),(2351,5,1,448),(2352,6,2,448),(2353,1,4,449),(2354,2,3,449),(2355,3,3,449),(2356,4,3,449),(2357,5,3,449),(2358,6,2,449),(2359,1,4,450),(2360,2,3,450),(2361,3,3,450),(2362,4,3,450),(2363,5,3,450),(2364,6,1,450),(2365,1,1,451),(2366,2,1,451),(2367,3,2,451),(2368,4,2,451),(2369,5,3,451),(2370,6,3,451),(2371,1,3,452),(2372,2,3,452),(2373,3,2,452),(2374,4,2,452),(2375,5,2,452),(2376,6,2,452),(2377,1,1,453),(2378,2,3,453),(2379,3,2,453),(2380,4,3,453),(2381,5,1,453),(2382,6,3,453),(2383,1,3,454),(2384,2,3,454),(2385,3,3,454),(2386,4,3,454),(2387,5,3,454),(2388,6,3,454),(2389,1,1,455),(2390,2,1,455),(2391,3,2,455),(2392,4,2,455),(2393,5,2,455),(2394,6,2,455),(2395,1,1,456),(2396,2,3,456),(2397,3,2,456),(2398,4,2,456),(2399,5,2,456),(2400,6,2,456),(2401,1,4,457),(2402,2,4,457),(2403,3,2,457),(2404,4,3,457),(2405,5,3,457),(2406,6,4,457),(2407,1,4,458),(2408,2,4,458),(2409,3,3,458),(2410,4,3,458),(2411,5,2,458),(2412,6,4,458),(2413,1,2,459),(2414,2,2,459),(2415,3,2,459),(2416,4,3,459),(2417,5,3,459),(2418,6,2,459),(2419,1,1,460),(2420,2,1,460),(2421,3,2,460),(2422,4,3,460),(2423,5,2,460),(2424,1,2,461),(2425,2,3,461),(2426,3,3,461),(2427,4,3,461),(2428,5,3,461),(2429,6,2,461),(2430,1,3,462),(2431,2,3,462),(2432,3,3,462),(2433,4,3,462),(2434,5,3,462),(2435,1,3,463),(2436,2,3,463),(2437,3,3,463),(2438,4,3,463),(2439,4,3,463),(2440,1,2,464),(2441,2,2,464),(2442,3,2,464),(2443,4,2,464),(2444,5,2,464),(2445,6,2,464),(2446,1,2,465),(2447,2,3,465),(2448,3,2,465),(2449,4,2,465),(2450,5,2,465),(2451,6,2,465),(2452,1,3,466),(2453,2,2,466),(2454,3,3,466),(2455,4,3,466),(2456,5,2,466),(2457,1,4,467),(2458,2,2,467),(2459,3,2,467),(2460,4,2,467),(2461,5,2,467),(2462,6,1,467),(2463,1,1,468),(2464,2,3,468),(2465,3,3,468),(2466,4,3,468),(2467,5,1,468),(2468,1,1,469),(2469,2,1,469),(2470,3,2,469),(2471,4,3,469),(2472,5,1,469),(2473,1,3,470),(2474,2,3,470),(2475,3,3,470),(2476,4,3,470),(2477,5,3,470),(2478,1,1,471),(2479,2,1,471),(2480,3,1,471),(2481,4,3,471),(2482,5,3,471),(2483,1,4,472),(2484,2,4,472),(2485,3,2,472),(2486,4,3,472),(2487,5,2,472),(2488,6,4,472),(2489,1,3,473),(2490,2,3,473),(2491,3,3,473),(2492,4,3,473),(2493,5,3,473),(2494,1,4,474),(2495,2,2,474),(2496,3,3,474),(2497,4,3,474),(2498,5,3,474),(2499,5,2,474),(2500,1,3,475),(2501,2,3,475),(2502,3,3,475),(2503,4,3,475),(2504,5,3,475),(2505,6,3,475),(2506,1,3,477),(2507,2,3,477),(2508,3,3,477),(2509,4,3,477),(2510,5,3,477),(2511,6,3,477),(2512,1,3,478),(2513,2,3,478),(2514,3,3,478),(2515,4,3,478),(2516,5,3,478),(2517,6,2,478),(2518,1,2,479),(2519,2,3,479),(2520,3,3,479),(2521,4,2,479),(2522,5,3,479),(2523,6,2,479),(2524,1,3,480),(2525,2,3,480),(2526,3,3,480),(2527,4,3,480),(2528,5,3,480),(2529,5,2,480),(2530,1,4,481),(2531,2,4,481),(2532,3,2,481),(2533,4,3,481),(2534,5,2,481),(2535,6,4,481),(2536,1,2,482),(2537,2,3,482),(2538,3,2,482),(2539,4,3,482),(2540,5,2,482),(2541,6,2,482),(2542,1,3,483),(2543,2,3,483),(2544,3,2,483),(2545,4,3,483),(2546,5,2,483),(2547,6,2,483),(2548,1,1,484),(2549,2,3,484),(2550,3,3,484),(2551,4,3,484),(2552,5,3,484),(2553,6,3,484),(2554,1,4,485),(2555,2,4,485),(2556,3,4,485),(2557,4,4,485),(2558,5,4,485),(2559,6,4,485),(2560,1,2,486),(2561,2,2,486),(2562,3,2,486),(2563,4,2,486),(2564,5,2,486),(2565,6,1,486),(2566,1,2,487),(2567,2,2,487),(2568,3,2,487),(2569,4,2,487),(2570,5,2,487),(2571,6,1,487),(2572,1,2,488),(2573,2,3,488),(2574,3,3,488),(2575,4,3,488),(2576,5,3,488),(2577,6,3,488),(2578,1,4,489),(2579,2,2,489),(2580,3,2,489),(2581,4,3,489),(2582,5,2,489),(2583,6,2,489),(2584,1,4,490),(2585,2,3,490),(2586,3,3,490),(2587,4,3,490),(2588,5,2,490),(2589,6,1,490),(2590,1,3,491),(2591,2,3,491),(2592,3,2,491),(2593,4,2,491),(2594,5,3,491),(2595,6,3,491),(2596,1,2,492),(2597,2,2,492),(2598,3,1,492),(2599,4,2,492),(2600,5,1,492),(2601,6,1,492),(2602,1,4,493),(2603,2,2,493),(2604,3,3,493),(2605,4,3,493),(2606,5,1,493),(2607,6,2,493),(2608,1,3,494),(2609,2,3,494),(2610,3,2,494),(2611,4,3,494),(2612,5,2,494),(2613,6,2,494),(2614,1,1,495),(2615,2,2,495),(2616,3,3,495),(2617,4,3,495),(2618,6,3,495),(2619,1,3,496),(2620,2,3,496),(2621,3,2,496),(2622,4,3,496),(2623,5,2,496),(2624,6,1,496),(2625,1,1,497),(2626,2,2,497),(2627,3,2,497),(2628,4,2,497),(2629,5,1,497),(2630,6,1,497),(2631,1,1,498),(2632,2,3,498),(2633,3,1,498),(2634,4,1,498),(2635,5,1,498),(2636,6,1,498),(2637,1,1,499),(2638,2,3,499),(2639,3,2,499),(2640,4,2,499),(2641,5,2,499),(2642,6,1,499),(2643,1,4,500),(2644,2,4,500),(2645,3,3,500),(2646,4,3,500),(2647,5,3,500),(2648,6,1,500),(2649,1,1,501),(2650,3,2,501),(2651,4,3,501),(2652,5,2,501),(2653,6,1,501),(2654,1,1,502),(2655,2,1,502),(2656,3,1,502),(2657,4,1,502),(2658,5,1,502),(2659,6,1,502),(2660,1,2,503),(2661,2,2,503),(2662,3,2,503),(2663,4,2,503),(2664,5,2,503),(2665,6,2,503),(2666,1,3,504),(2667,2,3,504),(2668,3,3,504),(2669,4,3,504),(2670,5,3,504),(2671,6,2,504),(2672,1,2,505),(2673,2,2,505),(2674,3,3,505),(2675,4,3,505),(2676,5,2,505),(2677,6,1,505),(3011,1,2,566),(3010,6,3,565),(3009,5,3,565),(3008,4,3,565),(3007,3,2,565),(3006,2,3,565),(2684,1,3,507),(2685,2,3,507),(2686,3,3,507),(2687,4,2,507),(2688,5,2,507),(2689,6,3,507),(2690,1,3,509),(2691,2,3,509),(2692,3,1,509),(2693,4,2,509),(2694,5,2,509),(2695,6,1,509),(2696,1,1,510),(2697,2,1,510),(2698,3,2,510),(2699,4,2,510),(2700,5,2,510),(2701,5,2,510),(2702,1,2,511),(2703,2,3,511),(2704,3,2,511),(2705,4,2,511),(2706,5,2,511),(2707,6,4,511),(2708,1,3,512),(2709,2,2,512),(2710,3,3,512),(2711,4,3,512),(2712,5,3,512),(2713,6,3,512),(2714,1,3,513),(2726,1,2,515),(2725,6,2,513),(2724,5,2,513),(2723,4,2,513),(2722,3,2,513),(2721,2,2,513),(2727,2,2,515),(2728,3,2,515),(2729,4,3,515),(2730,5,2,515),(2731,6,2,515),(2732,1,1,516),(2733,2,2,516),(2734,3,2,516),(2735,4,3,516),(2736,5,2,516),(2737,6,3,516),(2738,1,3,517),(2739,2,3,517),(2740,3,3,517),(2741,4,3,517),(2742,5,3,517),(2743,6,3,517),(2744,1,2,518),(2745,2,2,518),(2746,3,2,518),(2747,4,3,518),(2748,5,2,518),(2749,5,1,518),(2750,1,2,519),(2751,2,3,519),(2752,3,3,519),(2753,4,3,519),(2754,5,3,519),(2755,4,3,519),(2756,1,3,520),(2757,2,3,520),(2758,3,2,520),(2759,4,3,520),(2760,5,3,520),(2761,6,3,520),(2762,1,2,521),(2763,2,3,521),(2764,3,2,521),(2765,4,3,521),(2766,5,1,521),(2767,6,2,521),(2768,1,3,522),(2769,2,3,522),(2770,3,2,522),(2771,4,3,522),(2772,5,3,522),(2773,6,1,522),(2774,1,3,523),(2775,2,2,523),(2776,3,2,523),(2777,4,2,523),(2778,5,2,523),(2779,6,2,523),(2780,1,2,524),(2781,2,2,524),(2782,3,1,524),(2783,4,1,524),(2784,5,1,524),(2785,3,1,524),(2786,1,3,525),(2787,2,3,525),(2788,3,2,525),(2789,4,2,525),(2790,5,3,525),(2791,6,3,525),(2792,1,4,526),(2793,2,4,526),(2794,3,2,526),(2795,4,2,526),(2796,5,2,526),(2797,6,4,526),(2798,1,3,527),(2799,2,3,527),(2800,3,2,527),(2801,4,2,527),(2802,5,2,527),(2803,6,1,527),(2804,1,2,528),(2805,2,2,528),(2806,3,3,528),(2807,4,2,528),(2808,5,2,528),(2809,6,1,528),(2810,1,2,529),(2811,2,3,529),(2812,3,2,529),(2813,4,3,529),(2814,5,3,529),(2815,6,3,529),(2816,1,2,530),(2817,2,3,530),(2818,3,2,530),(2819,4,3,530),(2820,5,2,530),(2821,6,3,530),(2822,1,2,531),(2823,2,1,531),(2824,3,2,531),(2825,4,2,531),(2826,5,2,531),(2827,6,2,531),(2828,1,1,534),(2829,2,1,534),(2830,3,2,534),(2831,4,3,534),(2832,5,2,534),(2833,6,2,534),(3005,6,3,563),(3004,5,3,563),(3003,4,3,563),(3002,3,3,563),(3001,2,3,563),(3000,1,3,563),(2840,1,3,536),(2841,2,3,536),(2842,3,3,536),(2843,4,3,536),(2844,5,2,536),(2845,6,1,536),(2852,1,1,538),(2853,2,2,538),(2854,3,2,538),(2855,4,2,538),(2856,5,2,538),(2857,6,2,538),(2858,1,2,539),(2859,2,3,539),(2860,3,2,539),(2861,4,3,539),(2862,5,2,539),(2863,6,2,539),(2864,1,2,540),(2865,2,2,540),(2866,3,3,540),(2867,4,3,540),(2868,5,3,540),(2869,6,2,540),(2870,1,3,541),(2871,2,3,541),(2872,3,3,541),(2873,4,3,541),(2874,5,3,541),(2875,6,2,541),(2876,1,3,542),(2877,2,3,542),(2878,3,2,542),(2879,4,2,542),(2880,5,3,542),(2881,1,1,543),(2882,2,1,543),(2883,3,1,543),(2884,4,1,543),(2885,5,2,543),(2886,6,1,543),(2887,1,3,544),(2888,2,3,544),(2889,3,3,544),(2890,4,3,544),(2891,5,3,544),(2892,5,2,544),(2893,1,2,545),(2894,2,2,545),(2895,3,2,545),(2896,4,2,545),(2897,5,2,545),(2898,6,1,545),(2899,1,2,546),(2900,2,2,546),(2901,3,2,546),(2902,4,3,546),(2903,5,2,546),(2904,6,2,546),(2905,1,2,547),(2906,2,2,547),(2907,3,2,547),(2908,4,2,547),(2909,5,2,547),(2910,6,1,547),(2911,1,2,548),(2912,2,2,548),(2913,3,2,548),(2914,4,3,548),(2915,5,2,548),(2916,6,1,548),(2917,1,3,549),(2918,2,3,549),(2919,3,2,549),(2920,4,3,549),(2921,5,3,549),(2922,6,3,549),(2923,1,4,550),(2924,2,4,550),(2925,3,4,550),(2926,4,4,550),(2927,5,4,550),(2928,6,4,550),(2929,1,2,552),(2930,2,2,552),(2931,3,2,552),(2932,4,2,552),(2933,5,2,552),(2934,6,2,552),(2935,1,3,553),(2936,2,3,553),(2937,3,3,553),(2938,4,3,553),(2939,5,3,553),(2940,6,3,553),(2941,1,4,554),(2942,2,3,554),(2943,3,3,554),(2944,4,3,554),(2945,6,2,554),(2946,1,4,555),(2947,2,3,555),(2948,3,2,555),(2949,4,2,555),(2950,5,2,555),(2951,5,2,555),(2952,1,3,556),(2953,2,2,556),(2954,3,2,556),(2955,4,3,556),(2956,5,2,556),(2957,6,2,556),(2958,1,2,557),(2959,2,2,557),(2960,3,2,557),(2961,4,3,557),(2962,4,2,557),(2963,6,1,557),(2964,1,1,558),(2965,2,1,558),(2966,3,2,558),(2967,4,3,558),(2968,5,1,558),(2969,6,1,558),(2970,1,2,559),(2971,2,2,559),(2972,3,3,559),(2973,4,3,559),(2974,5,3,559),(2975,6,2,559),(2976,1,1,560),(2977,2,1,560),(2978,3,3,560),(2979,4,3,560),(2980,5,3,560),(2981,6,3,560),(2982,1,1,561),(2983,2,1,561),(2984,3,2,561),(2985,4,3,561),(2986,5,3,561),(2987,6,1,561),(2988,1,1,562),(2989,2,1,562),(2990,3,1,562),(2991,4,1,562),(2992,5,1,562),(2993,6,1,562),(2994,1,3,564),(2995,2,3,564),(2996,3,2,564),(2997,4,2,564),(2998,5,2,564),(2999,6,2,564),(3012,2,2,566),(3013,3,2,566),(3014,4,2,566),(3015,5,2,566),(3016,6,2,566),(3017,1,2,567),(3018,2,2,567),(3019,3,2,567),(3020,5,2,567),(3021,6,1,567),(3022,1,1,568),(3023,2,2,568),(3024,3,3,568),(3025,4,3,568),(3026,5,2,568),(3027,6,1,568),(3028,1,3,569),(3029,2,2,569),(3030,3,2,569),(3031,4,2,569),(3032,5,3,569),(3033,6,3,569),(3034,1,2,571),(3035,2,2,571),(3036,3,2,571),(3037,4,3,571),(3038,5,3,571),(3039,6,2,571),(3040,1,2,572),(3041,2,2,572),(3042,3,2,572),(3043,4,3,572),(3044,6,2,572),(3045,1,1,573),(3046,2,2,573),(3047,3,2,573),(3048,4,2,573),(3049,5,2,573),(3050,6,2,573),(3051,1,1,574),(3052,2,1,574),(3053,3,1,574),(3054,4,1,574),(3055,5,1,574),(3056,6,1,574),(3057,1,1,575),(3058,2,1,575),(3059,3,1,575),(3060,4,1,575),(3061,5,1,575),(3062,6,1,575),(3063,1,2,576),(3064,2,3,576),(3065,3,3,576),(3066,4,3,576),(3067,5,2,576),(3068,6,2,576),(3069,1,1,577),(3070,2,1,577),(3071,3,2,577),(3072,4,3,577),(3073,5,2,577),(3074,6,1,577),(3075,1,4,578),(3076,2,4,578),(3077,3,4,578),(3078,4,4,578),(3079,5,4,578),(3080,6,4,578),(3081,1,2,580),(3082,2,2,580),(3083,3,2,580),(3084,4,2,580),(3085,5,2,580),(3086,6,1,580),(3087,2,2,581),(3088,3,3,581),(3089,4,3,581),(3090,5,3,581),(3091,6,3,581),(3092,1,1,582),(3093,2,1,582),(3094,3,1,582),(3095,4,1,582),(3096,5,1,582),(3097,6,1,582),(3098,1,2,584),(3099,2,2,584),(3100,3,3,584),(3101,4,3,584),(3102,5,2,584),(3103,6,2,584),(3104,1,1,583),(3105,2,3,583),(3106,3,3,583),(3107,4,3,583),(3108,5,3,583),(3109,6,1,583),(3110,1,1,585),(3111,2,2,585),(3112,3,2,585),(3113,4,2,585),(3114,5,2,585),(3115,6,1,585),(3116,1,1,587),(3117,2,1,587),(3118,3,2,587),(3119,4,3,587),(3120,5,3,587),(3121,6,1,587),(3122,3,2,586),(3123,4,2,586),(3124,5,2,586),(3125,1,1,588),(3126,2,1,588),(3127,3,3,588),(3128,4,3,588),(3129,5,3,588),(3130,6,1,588),(3131,1,2,589),(3132,2,2,589),(3133,3,2,589),(3134,4,2,589),(3135,5,2,589),(3136,6,2,589),(3137,1,3,590),(3138,2,3,590),(3139,3,3,590),(3140,4,3,590),(3141,5,3,590),(3142,6,2,590),(3143,1,1,591),(3144,2,1,591),(3145,3,1,591),(3146,4,1,591),(3147,5,1,591),(3148,6,1,591),(3149,1,3,592),(3150,2,3,592),(3151,3,3,592),(3152,4,3,592),(3153,5,3,592),(3154,6,3,592),(3155,1,2,593),(3156,2,2,593),(3157,3,2,593),(3158,4,3,593),(3159,5,3,593),(3160,6,2,593),(3161,1,3,594),(3162,2,3,594),(3163,3,3,594),(3164,4,3,594),(3165,5,3,594),(3166,6,3,594),(3167,1,3,595),(3168,2,3,595),(3169,3,3,595),(3170,4,3,595),(3171,5,3,595),(3172,6,3,595),(3173,1,2,596),(3174,2,3,596),(3175,3,2,596),(3176,4,2,596),(3177,5,3,596),(3178,6,3,596),(3179,1,1,597),(3180,6,1,597),(3181,1,3,598),(3182,2,3,598),(3183,3,2,598),(3184,4,2,598),(3185,5,2,598),(3186,1,3,599),(3187,2,3,599),(3188,3,3,599),(3189,4,3,599),(3190,5,3,599),(3191,6,3,599),(3192,1,3,601),(3193,2,3,601),(3194,3,3,601),(3195,4,3,601),(3196,5,3,601),(3197,6,2,601),(3198,1,3,602),(3199,2,2,602),(3200,3,2,602),(3201,4,2,602),(3202,5,2,602),(3203,1,1,603),(3204,2,1,603),(3205,3,1,603),(3206,4,2,603),(3207,5,2,603),(3208,1,1,604),(3209,2,1,604),(3210,3,3,604),(3211,4,3,604),(3212,5,2,604),(3213,6,2,604),(3214,1,3,605),(3215,2,3,605),(3216,3,3,605),(3217,4,3,605),(3218,5,3,605),(3219,6,2,605),(3220,1,1,606),(3221,2,3,606),(3222,3,2,606),(3223,4,3,606),(3224,5,3,606),(3225,6,1,606),(3226,1,3,607),(3227,2,3,607),(3228,3,3,607),(3229,4,3,607),(3230,5,3,607),(3231,6,3,607),(3232,1,3,608),(3233,2,3,608),(3234,3,2,608),(3235,4,3,608),(3236,5,2,608),(3237,6,1,608),(3238,1,3,609),(3239,2,3,609),(3240,3,2,609),(3241,4,2,609),(3242,5,2,609),(3243,1,1,610),(3244,2,3,610),(3245,3,3,610),(3246,4,3,610),(3247,5,2,610),(3248,6,2,610),(3249,1,2,611),(3250,2,3,611),(3251,3,3,611),(3252,4,3,611),(3253,5,3,611),(3254,6,2,611),(3255,1,1,612),(3256,2,3,612),(3257,3,3,612),(3258,4,3,612),(3259,5,2,612),(3260,6,1,612),(3261,1,2,613),(3262,2,3,613),(3263,3,3,613),(3264,4,3,613),(3265,5,3,613),(3266,6,3,613),(3267,1,1,614),(3268,2,3,614),(3269,3,3,614),(3270,4,3,614),(3271,5,3,614),(3272,6,2,614),(3273,1,1,615),(3274,2,2,615),(3275,3,2,615),(3276,4,2,615),(3277,5,2,615),(3278,6,2,615),(3279,1,4,616),(3280,2,4,616),(3281,3,4,616),(3282,4,4,616),(3283,5,4,616),(3284,6,4,616),(3285,1,2,617),(3286,2,2,617),(3287,3,3,617),(3288,4,3,617),(3289,5,3,617),(3290,6,3,617),(3291,1,3,618),(3292,2,2,618),(3293,3,3,618),(3294,4,3,618),(3295,5,3,618),(3296,6,2,618),(3297,1,4,619),(3298,2,2,619),(3299,3,1,619),(3300,4,3,619),(3301,5,1,619),(3302,6,1,619),(3303,1,2,620),(3304,2,4,620),(3305,3,3,620),(3306,4,3,620),(3307,5,3,620),(3308,6,2,620),(3309,1,2,621),(3310,2,2,621),(3311,3,2,621),(3312,5,2,621),(3313,6,2,621),(3314,1,2,600),(3315,2,2,600),(3316,3,3,600),(3317,4,3,600),(3318,5,2,600),(3319,6,2,600),(3320,1,3,622),(3321,2,3,622),(3322,3,2,622),(3323,4,2,622),(3324,5,1,622),(3325,6,2,622),(3326,1,2,623),(3327,2,1,623),(3328,3,2,623),(3329,4,3,623),(3330,5,2,623),(3331,6,1,623),(3332,1,3,624),(3333,2,3,624),(3334,3,2,624),(3335,4,3,624),(3336,5,2,624),(3337,6,1,624),(3355,6,1,627),(3354,5,2,627),(3353,4,2,627),(3352,3,2,627),(3351,2,2,627),(3350,1,2,627),(3344,1,1,626),(3345,2,2,626),(3346,3,2,626),(3347,4,2,626),(3348,5,1,626),(3349,6,1,626),(3356,1,3,628),(3357,2,3,628),(3358,3,3,628),(3359,4,3,628),(3360,5,3,628),(3361,6,1,628),(3362,1,4,630),(3363,2,4,630),(3364,3,4,630),(3365,4,4,630),(3366,5,4,630),(3367,6,4,630),(3368,1,2,631),(3369,2,3,631),(3370,3,3,631),(3371,4,3,631),(3372,5,3,631),(3373,6,3,631),(3374,1,2,632),(3375,2,2,632),(3376,3,2,632),(3377,4,2,632),(3378,5,2,632),(3379,6,2,632),(3380,1,1,633),(3381,2,3,633),(3382,3,2,633),(3383,5,2,633),(3384,6,1,633),(3385,1,4,634),(3386,2,2,634),(3387,3,2,634),(3388,4,2,634),(3389,5,2,634),(3390,6,2,634),(3391,1,3,635),(3392,2,3,635),(3393,3,2,635),(3394,4,2,635),(3395,5,2,635),(3396,6,1,635),(3397,1,3,636),(3398,2,3,636),(3399,3,3,636),(3400,4,3,636),(3401,5,3,636),(3402,6,3,636),(3403,1,3,637),(3404,2,2,637),(3405,3,2,637),(3406,4,2,637),(3407,5,2,637),(3408,6,1,637),(3409,1,3,638),(3410,2,2,638),(3411,3,3,638),(3412,6,1,638),(3413,1,3,639),(3414,2,3,639),(3415,3,3,639),(3416,4,3,639),(3417,5,3,639),(3418,6,3,639),(3419,1,3,641),(3420,2,3,641),(3421,3,3,641),(3422,4,3,641),(3423,5,3,641),(3424,6,3,641),(3425,1,1,642),(3426,2,1,642),(3427,3,1,642),(3428,4,1,642),(3429,5,1,642),(3430,6,1,642),(3431,1,1,643),(3432,2,2,643),(3433,3,3,643),(3434,4,3,643),(3435,5,2,643),(3436,6,3,643),(3437,2,2,644),(3438,3,2,644),(3439,5,2,644),(3440,6,1,644);
/*!40000 ALTER TABLE `genero_genero` ENABLE KEYS */;
UNLOCK TABLES;

--
-- Table structure for table `genero_tomadecicion`
--

DROP TABLE IF EXISTS `genero_tomadecicion`;
/*!40101 SET @saved_cs_client     = @@character_set_client */;
/*!40101 SET character_set_client = utf8 */;
CREATE TABLE `genero_tomadecicion` (
  `id` int(11) NOT NULL AUTO_INCREMENT,
  `aspectos` int(11) NOT NULL,
  `respuesta` int(11) NOT NULL,
  `encuesta_id` int(11) NOT NULL,
  PRIMARY KEY (`id`),
  KEY `genero_tomadecicion_1de70ac4` (`encuesta_id`)
) ENGINE=MyISAM AUTO_INCREMENT=3526 DEFAULT CHARSET=latin1;
/*!40101 SET character_set_client = @saved_cs_client */;

--
-- Dumping data for table `genero_tomadecicion`
--

LOCK TABLES `genero_tomadecicion` WRITE;
/*!40000 ALTER TABLE `genero_tomadecicion` DISABLE KEYS */;
INSERT INTO `genero_tomadecicion` VALUES (1,1,2,5),(2,2,2,5),(3,3,4,5),(4,1,2,7),(5,2,3,7),(6,3,3,7),(7,4,3,7),(8,5,3,7),(9,6,3,7),(10,1,1,4),(11,2,4,4),(12,3,1,4),(13,4,4,4),(14,5,4,4),(15,6,4,4),(16,1,3,6),(17,2,3,6),(18,3,3,6),(19,4,4,6),(20,5,1,6),(21,6,3,6),(22,1,1,8),(23,2,1,8),(24,3,4,8),(25,4,4,8),(26,5,4,8),(27,6,4,8),(28,1,3,10),(29,2,3,10),(30,4,4,10),(31,5,3,10),(32,6,3,10),(33,1,3,9),(34,2,3,9),(35,3,4,9),(36,4,3,9),(37,5,3,9),(38,6,4,9),(39,1,3,11),(40,2,3,11),(41,3,4,11),(42,4,3,11),(43,5,3,11),(44,6,4,11),(45,1,3,12),(46,2,3,12),(47,3,4,12),(48,4,3,12),(49,5,3,12),(50,6,2,12),(51,1,4,13),(52,2,3,13),(53,3,4,13),(54,4,4,13),(55,5,1,13),(56,6,4,13),(57,1,1,15),(58,2,1,15),(59,3,4,15),(60,4,4,15),(61,5,3,15),(62,6,4,15),(63,1,2,14),(64,2,2,14),(65,3,4,14),(66,4,4,14),(67,5,2,14),(68,6,4,14),(69,1,4,16),(70,2,1,16),(71,3,4,16),(72,4,4,16),(73,5,4,16),(74,6,4,16),(75,1,2,18),(76,2,4,18),(77,3,4,18),(78,4,4,18),(79,5,4,18),(80,6,2,18),(81,1,3,17),(82,2,3,17),(83,3,3,17),(84,4,3,17),(85,5,3,17),(86,6,3,17),(87,1,1,19),(88,2,1,19),(89,3,4,19),(90,4,1,19),(91,5,4,19),(92,6,4,19),(93,1,4,20),(94,2,4,20),(95,3,4,20),(96,4,4,20),(97,5,4,20),(98,6,4,20),(99,1,4,21),(100,2,4,21),(101,3,2,21),(102,4,2,21),(103,5,4,21),(104,6,4,21),(105,1,3,22),(106,2,3,22),(107,3,3,22),(108,4,4,22),(109,5,1,22),(110,6,4,22),(111,1,1,23),(112,2,1,23),(113,3,4,23),(114,4,4,23),(115,5,1,23),(116,6,4,23),(117,1,4,24),(118,2,3,24),(119,3,4,24),(120,4,4,24),(121,5,4,24),(122,6,3,24),(123,1,3,25),(124,2,1,25),(125,3,4,25),(126,4,1,25),(127,5,4,25),(128,6,4,25),(129,1,3,26),(130,2,3,26),(131,3,3,26),(132,4,3,26),(133,5,3,26),(134,6,3,26),(135,1,4,27),(136,2,3,27),(137,3,4,27),(138,4,3,27),(139,5,4,27),(140,6,4,27),(141,1,4,28),(142,2,3,28),(143,3,4,28),(144,4,1,28),(145,5,1,28),(146,6,4,28),(147,1,2,29),(148,2,2,29),(149,3,2,29),(150,4,2,29),(151,5,2,29),(152,6,2,29),(153,1,3,30),(154,2,3,30),(155,3,4,30),(156,4,4,30),(157,5,3,30),(158,6,4,30),(159,1,4,31),(160,2,3,31),(161,3,4,31),(162,4,4,31),(163,5,4,31),(164,6,4,31),(165,1,3,32),(166,2,1,32),(167,3,3,32),(168,4,4,32),(169,5,3,32),(170,6,4,32),(171,1,3,33),(172,2,3,33),(173,3,1,33),(174,4,4,33),(175,5,1,33),(176,6,4,33),(177,1,4,35),(178,2,3,35),(179,3,4,35),(180,4,4,35),(181,5,3,35),(182,6,4,35),(183,1,4,34),(184,2,1,34),(185,3,1,34),(186,4,4,34),(187,5,1,34),(188,6,4,34),(189,1,3,37),(190,2,3,37),(191,3,3,37),(192,4,4,37),(193,5,4,37),(194,6,3,37),(195,1,4,36),(196,2,4,36),(197,3,4,36),(198,4,4,36),(199,5,4,36),(200,6,4,36),(201,1,4,38),(202,2,3,38),(203,3,4,38),(204,4,3,38),(205,5,3,38),(206,6,4,38),(207,1,1,39),(208,2,3,39),(209,3,4,39),(210,4,4,39),(211,5,4,39),(212,6,4,39),(213,1,3,40),(214,2,1,40),(215,3,4,40),(216,4,4,40),(217,5,4,40),(218,6,4,40),(219,1,4,41),(220,2,1,41),(221,3,4,41),(222,4,4,41),(223,5,3,41),(224,6,4,41),(225,1,3,42),(226,2,3,42),(227,3,3,42),(228,4,4,42),(229,5,3,42),(230,6,3,42),(231,1,3,43),(232,2,1,43),(233,3,1,43),(234,4,3,43),(235,5,3,43),(236,6,1,43),(237,1,1,44),(238,2,1,44),(239,4,4,44),(240,5,4,44),(241,6,4,44),(242,1,3,45),(243,2,3,45),(244,3,3,45),(245,4,3,45),(246,5,3,45),(247,6,3,45),(248,1,3,46),(249,2,3,46),(250,3,3,46),(251,4,3,46),(252,5,3,46),(253,6,4,46),(254,1,3,48),(255,2,2,48),(256,3,3,48),(257,4,2,48),(258,5,3,48),(259,6,4,48),(260,1,1,47),(261,2,1,47),(262,3,1,47),(263,4,1,47),(264,5,1,47),(265,6,1,47),(266,1,4,49),(267,2,1,49),(268,3,4,49),(269,4,4,49),(270,5,1,49),(271,6,4,49),(272,1,4,50),(273,2,3,50),(274,3,4,50),(275,4,4,50),(276,5,4,50),(277,6,4,50),(278,1,2,51),(279,2,2,51),(280,3,4,51),(281,4,2,51),(282,5,2,51),(283,6,4,51),(284,1,3,52),(285,2,3,52),(286,3,3,52),(287,4,3,52),(288,5,3,52),(289,6,3,52),(290,1,3,53),(291,2,3,53),(292,3,3,53),(293,4,2,53),(294,5,1,53),(295,6,2,53),(296,1,4,54),(297,2,4,54),(298,3,4,54),(299,4,3,54),(300,5,4,54),(301,6,4,54),(302,1,3,56),(303,2,1,56),(304,3,4,56),(305,4,4,56),(306,5,3,56),(307,6,4,56),(308,1,3,55),(309,2,1,55),(310,3,1,55),(311,4,4,55),(312,5,3,55),(313,6,4,55),(314,1,3,57),(315,2,3,57),(316,3,4,57),(317,4,3,57),(318,5,3,57),(319,6,3,57),(320,1,4,58),(321,2,4,58),(322,3,4,58),(323,4,4,58),(324,5,4,58),(325,6,4,58),(326,1,4,59),(327,2,3,59),(328,3,4,59),(329,4,4,59),(330,5,4,59),(331,6,4,59),(332,1,3,60),(333,2,1,60),(334,3,4,60),(335,4,4,60),(336,5,1,60),(337,6,4,60),(338,1,2,61),(339,2,2,61),(340,3,4,61),(341,4,2,61),(342,5,2,61),(343,6,4,61),(344,1,3,62),(345,2,4,62),(346,3,4,62),(347,4,3,62),(348,5,4,62),(349,6,4,62),(350,1,3,63),(351,2,1,63),(352,3,4,63),(353,4,4,63),(354,5,4,63),(355,6,4,63),(356,1,3,64),(357,2,3,64),(358,3,3,64),(359,4,4,64),(360,5,4,64),(361,6,4,64),(362,1,3,65),(363,2,3,65),(364,5,3,65),(365,1,3,66),(366,2,3,66),(367,3,4,66),(368,4,2,66),(369,5,1,66),(370,6,4,66),(371,1,3,67),(372,2,3,67),(373,3,3,67),(374,4,3,67),(375,5,3,67),(376,6,3,67),(377,1,3,68),(378,2,3,68),(379,5,3,68),(380,1,1,69),(381,2,1,69),(382,3,4,69),(383,4,1,69),(384,5,1,69),(385,6,2,69),(386,1,3,70),(387,2,1,70),(388,3,4,70),(389,4,2,70),(390,5,1,70),(391,6,3,70),(392,1,1,71),(393,2,1,71),(394,3,4,71),(395,4,1,71),(396,5,1,71),(397,6,4,71),(398,1,3,72),(399,2,3,72),(400,3,4,72),(401,4,4,72),(402,5,3,72),(403,6,3,72),(404,1,3,73),(405,2,3,73),(406,3,4,73),(407,4,4,73),(408,5,3,73),(409,6,4,73),(410,1,3,74),(411,2,3,74),(412,3,3,74),(413,4,4,74),(414,5,3,74),(415,6,4,74),(416,1,3,75),(417,2,3,75),(418,3,4,75),(419,4,4,75),(420,1,3,76),(421,2,3,76),(422,3,3,76),(423,4,3,76),(424,5,3,76),(425,6,3,76),(426,1,1,78),(427,2,1,78),(428,3,3,78),(429,4,3,78),(430,5,3,78),(431,6,1,78),(432,1,3,79),(433,2,1,79),(434,3,1,79),(435,4,1,79),(436,5,1,79),(437,6,4,79),(438,1,3,80),(439,2,3,80),(440,3,3,80),(441,4,3,80),(442,5,3,80),(443,6,3,80),(444,1,3,81),(445,2,3,81),(446,3,4,81),(447,4,4,81),(448,5,4,81),(449,6,4,81),(450,1,3,82),(451,2,3,82),(452,3,3,82),(453,4,3,82),(454,5,3,82),(455,6,3,82),(456,1,2,83),(457,2,2,83),(458,3,2,83),(459,4,2,83),(460,5,2,83),(461,6,2,83),(462,1,3,84),(463,2,3,84),(464,3,3,84),(465,4,3,84),(466,5,3,84),(467,6,3,84),(468,1,2,85),(469,2,2,85),(470,3,2,85),(471,4,2,85),(472,5,2,85),(473,6,2,85),(474,1,4,86),(475,2,1,86),(476,3,1,86),(477,4,4,86),(478,5,4,86),(479,6,1,86),(480,1,4,87),(481,2,1,87),(482,3,1,87),(483,4,4,87),(484,5,4,87),(485,6,4,87),(486,1,4,88),(487,2,3,88),(488,3,4,88),(489,4,4,88),(490,5,4,88),(491,6,4,88),(492,1,3,89),(493,2,1,89),(494,3,3,89),(495,4,3,89),(496,5,3,89),(497,6,2,89),(498,1,4,90),(499,2,1,90),(500,3,1,90),(501,4,4,90),(502,5,1,90),(503,6,3,90),(504,1,2,91),(505,2,3,91),(506,3,4,91),(507,4,2,91),(508,5,1,91),(509,6,4,91),(510,1,3,92),(511,2,3,92),(512,3,3,92),(513,4,3,92),(514,5,3,92),(515,6,3,92),(516,2,1,93),(517,3,1,93),(518,5,3,93),(519,6,3,93),(520,1,4,94),(521,2,1,94),(522,3,1,94),(523,4,4,94),(524,5,4,94),(525,6,2,94),(526,1,1,95),(527,2,3,95),(528,3,1,95),(529,6,2,95),(530,1,1,96),(531,2,1,96),(532,3,1,96),(533,4,1,96),(534,5,1,96),(535,6,1,96),(536,1,1,97),(537,2,1,97),(538,3,3,97),(539,4,4,97),(540,5,3,97),(541,6,3,97),(542,1,3,98),(543,2,3,98),(544,3,3,98),(545,4,3,98),(546,5,3,98),(547,6,3,98),(548,1,3,99),(549,2,3,99),(550,3,3,99),(551,4,3,99),(552,5,3,99),(553,6,3,99),(554,1,3,100),(555,2,3,100),(556,3,3,100),(557,4,3,100),(558,5,3,100),(559,6,2,100),(560,1,3,101),(561,2,1,101),(562,4,3,101),(563,5,1,101),(564,6,3,101),(565,1,3,102),(566,2,3,102),(567,3,3,102),(568,4,3,102),(569,5,3,102),(570,6,3,102),(571,1,3,103),(572,2,3,103),(573,3,3,103),(574,4,3,103),(575,5,3,103),(576,6,3,103),(577,1,3,104),(578,2,1,104),(579,3,4,104),(580,4,4,104),(581,5,3,104),(582,6,3,104),(583,1,3,105),(584,2,3,105),(585,3,3,105),(586,4,3,105),(587,5,3,105),(588,6,3,105),(589,1,3,106),(590,2,3,106),(591,3,4,106),(592,4,4,106),(593,5,3,106),(594,1,4,107),(595,2,4,107),(596,3,4,107),(597,4,4,107),(598,5,4,107),(599,6,4,107),(600,1,3,108),(601,2,3,108),(602,3,4,108),(603,4,4,108),(604,5,3,108),(605,6,4,108),(606,1,3,109),(607,2,3,109),(608,3,3,109),(609,4,4,109),(610,5,3,109),(611,6,3,109),(612,2,1,110),(613,3,1,110),(614,4,4,110),(615,5,1,110),(616,6,4,110),(617,1,4,111),(618,2,2,111),(619,3,2,111),(620,4,4,111),(621,5,4,111),(622,6,4,111),(623,1,3,112),(624,2,3,112),(625,3,3,112),(626,4,3,112),(627,5,3,112),(628,6,3,112),(629,1,2,113),(630,2,1,113),(631,3,4,113),(632,4,4,113),(633,5,1,113),(634,6,4,113),(635,2,1,114),(636,3,4,114),(637,4,4,114),(638,5,3,114),(639,6,3,114),(640,1,3,115),(641,2,3,115),(642,3,4,115),(643,4,4,115),(644,5,3,115),(645,1,4,116),(646,2,4,116),(647,3,4,116),(648,4,3,116),(649,5,1,116),(650,6,4,116),(651,1,4,117),(652,2,1,117),(653,3,4,117),(654,4,4,117),(655,5,4,117),(656,6,4,117),(657,1,3,118),(658,2,3,118),(659,3,4,118),(660,4,3,118),(661,5,3,118),(662,6,3,118),(663,1,1,119),(664,2,1,119),(665,3,4,119),(666,4,4,119),(667,5,1,119),(668,6,1,119),(669,1,3,120),(670,2,3,120),(671,3,4,120),(672,4,4,120),(673,5,4,120),(674,6,4,120),(675,1,2,121),(676,2,4,121),(677,3,4,121),(678,4,4,121),(679,5,4,121),(680,6,4,121),(681,1,3,122),(682,2,3,122),(683,3,3,122),(684,4,3,122),(685,5,3,122),(686,6,3,122),(687,1,2,123),(688,2,2,123),(689,3,4,123),(690,4,4,123),(691,5,2,123),(692,6,4,123),(693,1,2,124),(694,2,3,124),(695,3,4,124),(696,4,2,124),(697,5,4,124),(698,6,4,124),(699,1,3,125),(700,2,1,125),(701,3,3,125),(702,3,4,125),(703,5,1,125),(704,6,2,125),(705,1,3,126),(706,2,3,126),(707,3,4,126),(708,4,4,126),(709,5,3,126),(710,6,2,126),(711,1,3,127),(712,2,3,127),(713,3,3,127),(714,4,3,127),(715,5,3,127),(716,5,3,127),(717,1,3,128),(718,2,1,128),(719,3,4,128),(720,4,4,128),(721,5,1,128),(722,6,3,128),(723,1,3,129),(724,2,3,129),(725,3,3,129),(726,4,3,129),(727,5,3,129),(728,6,3,129),(729,1,3,130),(730,2,3,130),(731,3,4,130),(732,4,3,130),(733,5,3,130),(734,6,4,130),(735,1,3,131),(736,2,1,131),(737,3,4,131),(738,4,1,131),(739,5,3,131),(740,6,2,131),(741,1,3,132),(742,2,3,132),(743,3,3,132),(744,4,3,132),(745,5,3,132),(746,6,3,132),(747,1,3,133),(748,2,3,133),(749,3,3,133),(750,4,3,133),(751,5,3,133),(752,6,3,133),(753,1,3,134),(754,2,3,134),(755,3,3,134),(756,4,3,134),(757,5,3,134),(758,6,3,134),(759,1,3,135),(760,2,3,135),(761,3,3,135),(762,4,3,135),(763,5,3,135),(764,6,4,135),(765,1,2,136),(766,2,3,136),(767,3,4,136),(768,4,2,136),(769,5,4,136),(770,6,4,136),(771,1,4,137),(772,2,1,137),(773,3,4,137),(774,4,4,137),(775,4,1,137),(776,6,4,137),(777,1,4,138),(778,2,1,138),(779,3,3,138),(780,4,4,138),(781,5,3,138),(782,6,1,138),(783,1,1,139),(784,2,1,139),(785,3,1,139),(786,4,4,139),(787,5,3,139),(788,6,1,139),(789,1,3,140),(790,2,3,140),(791,3,3,140),(792,4,3,140),(793,5,3,140),(794,6,3,140),(795,1,3,141),(796,2,1,141),(797,3,1,141),(798,4,3,141),(799,5,3,141),(800,6,4,141),(801,1,2,142),(802,2,2,142),(803,3,2,142),(804,4,2,142),(805,5,2,142),(806,6,2,142),(807,1,1,143),(808,2,1,143),(809,3,1,143),(810,4,1,143),(811,5,1,143),(812,6,1,143),(813,1,3,144),(814,2,3,144),(815,3,3,144),(816,4,3,144),(817,5,3,144),(818,6,3,144),(819,1,2,145),(820,2,2,145),(821,3,2,145),(822,4,2,145),(823,5,2,145),(824,6,2,145),(825,1,1,146),(826,2,1,146),(827,3,4,146),(828,4,4,146),(829,5,1,146),(830,6,4,146),(831,1,3,147),(832,2,1,147),(833,3,3,147),(834,4,2,147),(835,5,4,147),(836,6,4,147),(837,1,1,148),(838,2,1,148),(839,3,1,148),(840,4,1,148),(841,5,1,148),(842,6,1,148),(843,1,3,149),(844,2,3,149),(845,3,3,149),(846,4,3,149),(847,5,3,149),(848,6,3,149),(849,1,3,151),(850,2,3,151),(851,3,4,151),(852,4,4,151),(853,5,3,151),(854,6,4,151),(855,1,3,152),(856,2,3,152),(857,3,4,152),(858,4,4,152),(859,5,3,152),(860,6,4,152),(861,1,3,153),(862,2,3,153),(863,3,4,153),(864,4,4,153),(865,5,4,153),(866,6,4,153),(867,1,3,154),(868,2,1,154),(869,3,4,154),(870,4,3,154),(871,5,3,154),(872,6,3,154),(873,1,2,155),(874,2,2,155),(875,3,4,155),(876,4,2,155),(877,5,4,155),(878,6,4,155),(879,1,3,156),(880,2,3,156),(881,3,3,156),(882,4,3,156),(883,5,3,156),(884,6,3,156),(885,1,3,157),(886,2,3,157),(887,3,3,157),(888,4,3,157),(889,5,3,157),(890,6,3,157),(891,1,3,158),(892,2,3,158),(893,3,4,158),(894,4,4,158),(895,5,3,158),(896,6,3,158),(897,1,4,159),(898,2,1,159),(899,3,3,159),(900,4,4,159),(901,5,2,159),(902,6,2,159),(903,1,4,160),(904,2,3,160),(905,3,3,160),(906,4,4,160),(907,5,1,160),(908,6,2,160),(909,1,3,161),(910,2,3,161),(911,3,3,161),(912,4,3,161),(913,5,3,161),(914,6,3,161),(915,1,4,162),(916,2,3,162),(917,3,4,162),(918,4,4,162),(919,5,4,162),(920,6,4,162),(921,1,3,163),(922,2,3,163),(923,3,3,163),(924,4,3,163),(925,5,4,163),(926,6,4,163),(927,1,3,164),(928,2,3,164),(929,3,3,164),(930,4,4,164),(931,5,4,164),(932,6,4,164),(933,1,3,165),(934,2,3,165),(935,3,3,165),(936,4,4,165),(937,5,4,165),(938,6,4,165),(939,2,3,150),(940,3,3,150),(941,5,1,150),(942,6,1,150),(943,1,2,166),(944,2,2,166),(945,3,2,166),(946,4,2,166),(947,5,2,166),(948,6,2,166),(949,1,3,168),(950,2,3,168),(951,3,4,168),(952,4,4,168),(953,5,3,168),(954,6,3,168),(955,1,3,169),(956,2,3,169),(957,3,4,169),(958,4,4,169),(959,5,3,169),(960,6,4,169),(961,1,3,170),(962,2,2,170),(963,3,2,170),(964,4,4,170),(965,5,3,170),(966,6,4,170),(967,1,3,171),(968,2,1,171),(969,3,4,171),(970,4,4,171),(971,5,3,171),(972,6,3,171),(973,1,3,172),(974,2,1,172),(975,3,1,172),(976,4,4,172),(977,5,1,172),(978,6,4,172),(979,1,3,173),(980,2,3,173),(981,3,4,173),(982,4,4,173),(983,5,3,173),(984,6,3,173),(985,1,1,174),(986,2,1,174),(987,3,4,174),(988,4,4,174),(989,5,1,174),(990,1,3,175),(991,2,3,175),(992,3,4,175),(993,4,4,175),(994,5,4,175),(995,6,4,175),(996,1,3,176),(997,2,1,176),(998,4,2,176),(999,5,1,176),(1000,6,4,176),(1001,1,1,177),(1002,2,1,177),(1003,3,4,177),(1004,4,2,177),(1005,5,1,177),(1006,6,1,177),(1007,1,1,178),(1008,2,1,178),(1009,2,1,178),(1010,4,1,178),(1011,5,1,178),(1012,6,1,178),(1013,1,4,179),(1014,2,1,179),(1015,3,4,179),(1016,4,4,179),(1017,5,1,179),(1018,6,1,179),(1019,1,1,181),(1020,2,1,181),(1021,3,4,181),(1022,4,2,181),(1023,5,1,181),(1024,6,4,181),(1025,1,4,182),(1026,2,1,182),(1027,3,1,182),(1028,4,4,182),(1029,5,1,182),(1030,6,1,182),(1031,1,1,167),(1032,2,1,167),(1033,3,1,167),(1034,4,1,167),(1035,5,1,167),(1036,6,1,167),(1037,1,2,183),(1038,2,2,183),(1039,3,2,183),(1040,2,1,184),(1041,1,2,185),(1042,2,2,185),(1043,3,2,185),(1044,4,4,185),(1045,5,4,185),(1046,6,4,185),(1047,1,3,186),(1048,2,1,186),(1049,3,1,186),(1050,4,4,186),(1051,5,1,186),(1052,6,1,186),(1053,1,1,187),(1054,2,1,187),(1055,3,1,187),(1056,4,1,187),(1057,5,1,187),(1058,6,1,187),(1059,1,3,188),(1060,2,3,188),(1061,3,3,188),(1062,4,3,188),(1063,5,3,188),(1064,6,3,188),(1065,1,3,189),(1066,2,3,189),(1067,3,3,189),(1068,4,3,189),(1069,5,3,189),(1070,6,3,189),(1071,1,1,190),(1072,2,1,190),(1073,3,1,190),(1074,4,4,190),(1075,5,1,190),(1076,6,1,190),(1077,1,3,191),(1078,2,3,191),(1079,3,4,191),(1080,4,4,191),(1081,5,3,191),(1082,6,4,191),(1083,1,3,192),(1084,2,3,192),(1085,3,4,192),(1086,4,4,192),(1087,5,4,192),(1088,6,4,192),(1089,1,3,193),(1090,2,1,193),(1091,3,1,193),(1092,5,3,193),(1093,6,3,193),(1094,1,2,194),(1095,2,2,194),(1096,3,1,194),(1097,4,4,194),(1098,5,1,194),(1099,6,3,194),(1100,1,3,195),(1101,2,3,195),(1102,3,3,195),(1103,4,3,195),(1104,5,3,195),(1105,6,3,195),(1106,1,1,196),(1107,2,1,196),(1108,5,1,196),(1109,1,3,197),(1110,2,3,197),(1111,5,3,197),(1112,6,3,197),(1113,1,3,198),(1114,2,3,198),(1115,3,3,198),(1116,4,3,198),(1117,5,3,198),(1118,6,3,198),(1119,1,3,199),(1120,2,3,199),(1121,3,3,199),(1122,4,3,199),(1123,5,3,199),(1124,6,3,199),(1125,1,3,200),(1126,2,3,200),(1127,5,3,200),(1128,1,3,201),(1129,2,3,201),(1130,3,3,201),(1131,4,3,201),(1132,5,3,201),(1133,6,3,201),(1134,1,1,202),(1135,2,1,202),(1136,3,1,202),(1137,4,1,202),(1138,5,1,202),(1139,6,1,202),(1140,1,1,203),(1141,2,1,203),(1142,5,1,203),(1143,1,1,204),(1144,5,1,204),(1145,1,1,205),(1146,2,1,205),(1147,3,1,205),(1148,4,1,205),(1149,5,1,205),(1150,6,1,205),(1151,1,3,206),(1152,2,3,206),(1153,3,3,206),(1154,5,3,206),(1155,6,3,206),(1156,1,4,207),(1157,2,1,207),(1158,3,1,207),(1159,4,4,207),(1160,5,1,207),(1161,6,1,207),(1162,1,4,208),(1163,2,1,208),(1164,3,4,208),(1165,4,4,208),(1166,5,1,208),(1167,6,4,208),(1168,1,3,209),(1169,2,1,209),(1170,3,4,209),(1171,4,3,209),(1172,5,3,209),(1173,6,4,209),(1174,1,1,210),(1175,2,1,210),(1176,5,1,210),(1177,1,3,211),(1178,2,3,211),(1179,3,3,211),(1180,4,3,211),(1181,5,3,211),(1182,6,3,211),(1183,1,3,212),(1184,2,3,212),(1185,5,3,212),(1186,1,1,213),(1187,2,1,213),(1188,5,1,213),(1189,1,3,214),(1190,2,3,214),(1191,3,3,214),(1192,4,3,214),(1193,5,3,214),(1194,6,3,214),(1195,1,3,215),(1196,2,3,215),(1197,3,4,215),(1198,4,4,215),(1199,5,3,215),(1200,6,4,215),(1201,1,1,216),(1202,2,1,216),(1203,3,1,216),(1204,4,1,216),(1205,5,1,216),(1206,6,1,216),(1207,1,1,217),(1208,2,1,217),(1209,3,4,217),(1210,4,4,217),(1211,5,1,217),(1212,6,1,217),(1213,1,1,218),(1214,2,1,218),(1215,3,1,218),(1216,4,1,218),(1217,5,1,218),(1218,6,1,218),(1219,1,3,219),(1220,2,3,219),(1221,3,4,219),(1222,4,4,219),(1223,5,4,219),(1224,6,4,219),(1225,1,4,220),(1226,2,1,220),(1227,3,4,220),(1228,4,4,220),(1229,5,4,220),(1230,6,4,220),(1231,1,3,221),(1232,2,3,221),(1233,3,3,221),(1234,4,4,221),(1235,5,4,221),(1236,6,4,221),(1237,1,3,222),(1238,2,3,222),(1239,5,3,222),(1240,6,3,222),(1241,1,4,223),(1242,2,4,223),(1243,3,4,223),(1244,4,4,223),(1245,5,4,223),(1246,6,4,223),(1247,1,4,224),(1248,2,1,224),(1249,3,4,224),(1250,4,1,224),(1251,5,4,224),(1252,6,2,224),(1253,1,3,225),(1254,2,4,225),(1255,3,3,225),(1256,4,4,225),(1257,5,4,225),(1258,6,4,225),(1259,1,3,226),(1260,2,3,226),(1261,3,4,226),(1262,4,4,226),(1263,5,4,226),(1264,6,4,226),(1265,1,3,227),(1266,2,3,227),(1267,3,3,227),(1268,4,3,227),(1269,5,3,227),(1270,6,3,227),(1271,1,4,228),(1272,2,4,228),(1273,3,4,228),(1274,4,4,228),(1275,5,4,228),(1276,6,4,228),(1277,1,2,229),(1278,2,2,229),(1279,3,2,229),(1280,4,2,229),(1281,5,2,229),(1282,6,2,229),(1283,2,1,230),(1284,3,1,230),(1285,1,3,231),(1286,2,3,231),(1287,3,3,231),(1288,4,4,231),(1289,5,3,231),(1290,6,3,231),(1291,1,2,232),(1292,2,2,232),(1293,3,2,232),(1294,4,2,232),(1295,2,2,233),(1296,3,2,233),(1297,1,3,234),(1298,2,3,234),(1299,3,4,234),(1300,4,4,234),(1301,5,3,234),(1302,1,3,235),(1303,2,3,235),(1304,3,3,235),(1305,4,3,235),(1306,5,3,235),(1307,6,4,235),(1308,2,3,236),(1309,5,1,236),(1310,6,2,236),(1311,2,1,237),(1312,3,1,237),(1313,1,3,238),(1314,2,3,238),(1315,3,3,238),(1316,4,3,238),(1317,5,3,238),(1318,6,3,238),(1319,1,3,239),(1320,2,3,239),(1321,3,3,239),(1322,4,3,239),(1323,5,4,239),(1324,6,4,239),(1325,1,3,240),(1326,2,3,240),(1327,3,3,240),(1328,4,4,240),(1329,5,4,240),(1330,6,4,240),(1331,1,1,241),(1332,2,1,241),(1333,3,1,241),(1334,4,1,241),(1335,5,1,241),(1336,6,1,241),(1337,1,3,242),(1338,2,3,242),(1339,3,3,242),(1340,4,3,242),(1341,5,3,242),(1342,6,4,242),(1343,1,4,243),(1344,2,3,243),(1345,3,4,243),(1346,4,4,243),(1347,5,4,243),(1348,6,4,243),(1349,1,1,244),(1350,2,1,244),(1351,3,4,244),(1352,4,4,244),(1353,5,1,244),(1354,6,4,244),(1355,1,4,245),(1356,2,1,245),(1357,3,4,245),(1358,4,4,245),(1359,5,4,245),(1360,6,4,245),(1361,1,3,246),(1362,2,3,246),(1363,3,1,246),(1364,4,4,246),(1365,5,3,246),(1366,6,3,246),(1367,1,3,247),(1368,2,4,247),(1369,3,1,247),(1370,4,4,247),(1371,5,4,247),(1372,6,4,247),(1373,2,1,248),(1374,3,1,248),(1375,5,1,248),(1376,1,3,249),(1377,2,3,249),(1378,4,3,249),(1379,5,3,249),(1380,1,2,250),(1381,2,2,250),(1382,3,4,250),(1383,4,2,250),(1384,5,2,250),(1385,6,4,250),(1386,2,1,251),(1387,5,1,251),(1388,2,1,252),(1389,3,1,252),(1390,2,1,253),(1391,1,3,254),(1392,2,1,254),(1393,3,4,254),(1394,4,4,254),(1395,5,3,254),(1396,6,3,254),(1397,1,3,256),(1398,2,3,256),(1399,3,4,256),(1400,4,4,256),(1401,5,3,256),(1402,6,3,256),(1403,2,2,257),(1404,2,1,258),(1405,3,1,258),(1406,1,1,259),(1407,2,1,259),(1408,5,1,259),(1409,1,1,255),(1410,2,1,255),(1411,6,1,255),(1412,4,2,260),(1413,1,4,261),(1414,2,1,261),(1415,3,4,261),(1416,4,4,261),(1417,5,4,261),(1418,5,1,261),(1419,1,3,262),(1420,2,3,262),(1421,4,3,262),(1422,5,3,262),(1423,1,3,263),(1424,2,3,263),(1425,6,1,263),(1426,1,2,264),(1427,2,2,264),(1428,3,2,264),(1429,4,2,264),(1430,5,4,264),(1431,6,4,264),(1432,1,1,265),(1433,2,3,265),(1434,3,4,265),(1435,4,4,265),(1436,5,1,265),(1437,6,1,265),(1438,1,3,266),(1439,2,3,266),(1440,5,3,266),(1441,1,4,267),(1442,2,1,267),(1443,3,4,267),(1444,4,4,267),(1445,5,4,267),(1446,6,4,267),(1447,1,3,268),(1448,2,3,268),(1449,5,3,268),(1450,1,2,269),(1451,2,2,269),(1452,5,2,269),(1453,6,2,269),(1454,1,3,270),(1455,2,3,270),(1456,1,3,271),(1457,2,1,271),(1458,3,4,271),(1459,4,4,271),(1460,5,3,271),(1461,6,4,271),(1462,1,3,272),(1463,2,3,272),(1464,3,3,272),(1465,4,3,272),(1466,5,3,272),(1467,6,3,272),(1468,4,3,273),(1469,2,1,274),(1470,4,2,274),(1471,5,1,274),(1472,1,3,275),(1473,2,3,275),(1474,3,3,275),(1475,4,3,275),(1476,5,3,275),(1477,6,3,275),(1478,1,3,276),(1479,2,3,276),(1480,5,3,276),(1481,2,1,277),(1482,1,3,278),(1483,2,4,278),(1484,4,4,278),(1485,5,3,278),(1486,6,3,278),(1487,1,3,279),(1488,2,3,279),(1489,4,3,279),(1490,1,3,280),(1491,2,3,280),(1492,5,3,280),(1493,3,1,281),(1494,5,1,281),(1495,1,1,282),(1496,2,1,282),(1497,3,1,282),(1498,4,1,282),(1499,5,1,282),(1500,6,1,282),(1501,1,4,283),(1502,2,1,283),(1503,3,4,283),(1504,4,4,283),(1505,5,1,283),(1506,6,3,283),(1507,1,4,284),(1508,2,2,284),(1509,3,4,284),(1510,4,4,284),(1511,5,2,284),(1512,6,4,284),(1513,1,1,285),(1514,2,1,285),(1515,3,4,285),(1516,4,4,285),(1517,5,1,285),(1518,6,2,285),(1519,1,3,286),(1520,2,3,286),(1521,3,3,286),(1522,4,3,286),(1523,5,3,286),(1524,6,3,286),(1525,1,2,287),(1526,2,2,287),(1527,3,2,287),(1528,4,2,287),(1529,5,2,287),(1530,6,2,287),(1531,1,1,288),(1532,2,1,288),(1533,3,2,288),(1534,4,4,288),(1535,5,1,288),(1536,6,4,288),(1537,2,1,289),(1538,5,1,289),(1539,6,1,289),(1540,1,1,290),(1541,2,1,290),(1542,3,1,290),(1543,4,3,290),(1544,5,1,290),(1545,6,1,290),(1546,1,3,291),(1547,2,1,291),(1548,3,1,291),(1549,5,3,291),(1550,6,3,291),(1551,1,1,292),(1552,2,1,292),(1553,3,1,292),(1554,5,4,292),(1555,6,4,292),(1556,1,3,293),(1557,2,1,293),(1558,3,1,293),(1559,4,4,293),(1560,5,3,293),(1561,6,3,293),(1562,1,3,294),(1563,2,3,294),(1564,3,4,294),(1565,4,4,294),(1566,5,4,294),(1567,6,4,294),(1568,1,1,295),(1569,2,1,295),(1570,3,4,295),(1571,4,1,295),(1572,5,1,295),(1573,6,4,295),(1574,1,2,296),(1575,2,4,296),(1576,3,4,296),(1577,4,4,296),(1578,5,4,296),(1579,6,4,296),(1580,1,4,297),(1581,2,1,297),(1582,3,4,297),(1583,4,4,297),(1584,4,3,297),(1585,6,3,297),(1586,1,1,298),(1587,2,1,298),(1588,3,1,298),(1589,6,1,298),(1590,1,3,299),(1591,2,3,299),(1592,3,4,299),(1593,4,2,299),(1594,5,3,299),(1595,6,4,299),(1596,1,1,300),(1597,2,1,300),(1598,3,4,300),(1599,4,4,300),(1600,5,1,300),(1601,6,4,300),(1602,1,4,301),(1603,2,3,301),(1604,3,4,301),(1605,4,4,301),(1606,5,3,301),(1607,6,4,301),(1608,1,2,302),(1609,2,3,302),(1610,3,4,302),(1611,4,4,302),(1612,5,4,302),(1613,6,4,302),(1614,1,3,303),(1615,2,3,303),(1616,3,3,303),(1617,4,4,303),(1618,5,3,303),(1619,6,4,303),(1620,1,3,304),(1621,2,3,304),(1622,3,3,304),(1623,4,2,304),(1624,5,1,304),(1625,6,1,304),(1626,1,4,305),(1627,2,3,305),(1628,3,3,305),(1629,4,4,305),(1630,5,3,305),(1631,6,3,305),(1632,1,3,306),(1633,2,3,306),(1634,3,4,306),(1635,4,4,306),(1636,4,4,306),(1637,6,4,306),(1638,1,3,307),(1639,2,3,307),(1640,3,4,307),(1641,5,3,307),(1642,6,3,307),(1643,1,1,308),(1644,2,1,308),(1645,3,1,308),(1646,4,1,308),(1647,5,1,308),(1648,6,1,308),(1649,1,3,309),(1650,2,1,309),(1651,3,4,309),(1652,4,4,309),(1653,5,4,309),(1654,6,4,309),(1655,1,4,310),(1656,2,3,310),(1657,3,4,310),(1658,4,4,310),(1659,5,4,310),(1660,6,4,310),(1661,1,3,311),(1662,2,3,311),(1663,3,3,311),(1664,4,3,311),(1665,5,3,311),(1666,6,3,311),(1667,1,1,312),(1668,2,1,312),(1669,3,4,312),(1670,4,4,312),(1671,5,3,312),(1672,5,2,312),(1673,1,2,313),(1674,2,2,313),(1675,3,2,313),(1676,4,2,313),(1677,5,2,313),(1678,6,2,313),(1679,1,3,314),(1680,2,3,314),(1681,3,3,314),(1682,4,2,314),(1683,5,1,314),(1684,6,1,314),(1685,1,3,315),(1686,2,3,315),(1687,3,3,315),(1688,4,2,315),(1689,5,1,315),(1690,6,4,315),(1691,1,2,316),(1692,2,3,316),(1693,3,4,316),(1694,4,4,316),(1695,5,4,316),(1696,6,4,316),(1697,1,1,317),(1698,2,1,317),(1699,3,1,317),(1700,4,1,317),(1701,5,1,317),(1702,6,1,317),(1703,1,1,318),(1704,2,1,318),(1705,3,1,318),(1706,4,1,318),(1707,5,1,318),(1708,6,1,318),(1709,1,3,319),(1710,2,3,319),(1711,3,4,319),(1712,4,2,319),(1713,5,3,319),(1714,6,2,319),(2936,1,3,538),(2935,5,4,537),(2934,4,4,537),(2933,3,4,537),(2932,2,1,537),(2931,1,3,537),(1721,1,3,321),(1722,2,3,321),(1723,3,4,321),(1724,4,4,321),(1725,5,4,321),(1726,6,2,321),(1727,1,3,322),(1728,2,3,322),(1729,3,1,322),(1730,4,2,322),(1731,5,1,322),(1732,6,3,322),(1733,1,3,323),(1734,2,3,323),(1735,3,3,323),(1736,4,2,323),(1737,5,3,323),(1738,6,3,323),(1739,1,3,324),(1740,2,1,324),(1741,3,1,324),(1742,4,4,324),(1743,5,3,324),(1744,6,2,324),(1745,1,4,325),(1746,2,1,325),(1747,3,4,325),(1748,4,4,325),(1749,5,4,325),(1750,6,4,325),(1751,2,1,326),(1752,1,4,327),(1753,2,1,327),(1754,3,4,327),(1755,4,4,327),(1756,5,3,327),(1757,6,3,327),(1758,1,3,328),(1759,2,4,328),(1760,3,4,328),(1761,4,4,328),(1762,5,3,328),(1763,6,4,328),(1764,2,3,329),(1765,3,3,329),(1766,4,3,329),(1767,1,3,330),(1768,2,4,330),(1769,3,4,330),(1770,4,4,330),(1771,5,3,330),(1772,6,4,330),(1773,1,3,331),(1774,2,3,331),(1775,3,3,331),(1776,4,3,331),(1777,5,3,331),(1778,6,3,331),(1779,1,2,332),(1780,2,1,332),(1781,3,1,332),(1782,4,4,332),(1783,5,1,332),(1784,6,1,332),(1785,1,3,333),(1786,2,1,333),(1787,5,3,333),(1788,1,3,334),(1789,2,3,334),(1790,3,4,334),(1791,4,4,334),(1792,5,3,334),(1793,6,4,334),(1794,1,3,335),(1795,2,3,335),(1796,3,4,335),(1797,4,4,335),(1798,5,3,335),(1799,1,1,336),(1800,2,3,336),(1801,3,4,336),(1802,4,4,336),(1803,5,3,336),(1804,6,4,336),(1805,1,3,337),(1806,2,3,337),(1807,3,4,337),(1808,4,3,337),(1809,5,4,337),(1810,6,2,337),(1811,1,4,338),(1812,2,1,338),(1813,3,3,338),(1814,4,3,338),(1815,5,3,338),(1816,6,3,338),(1817,1,3,339),(1818,2,3,339),(1819,3,3,339),(1820,4,3,339),(1821,5,3,339),(1822,6,3,339),(1823,1,3,340),(1824,2,3,340),(1825,3,4,340),(1826,4,4,340),(1827,5,3,340),(1828,6,4,340),(1829,1,4,341),(1830,2,3,341),(1831,3,1,341),(1832,4,4,341),(1833,5,4,341),(1834,6,4,341),(1835,1,1,342),(1836,2,1,342),(1837,3,4,342),(1838,4,4,342),(1839,5,4,342),(1840,6,4,342),(1841,1,4,343),(1842,2,1,343),(1843,3,4,343),(1844,4,4,343),(1845,5,1,343),(1846,6,3,343),(1847,1,3,344),(1848,2,1,344),(1849,3,1,344),(1850,4,4,344),(1851,5,1,344),(1852,6,1,344),(1853,1,3,345),(1854,2,3,345),(1855,3,3,345),(1856,4,3,345),(1857,5,3,345),(1858,6,3,345),(1859,1,2,346),(1860,2,2,346),(1861,3,2,346),(1862,4,2,346),(1863,5,2,346),(1864,6,2,346),(1865,1,3,347),(1866,2,1,347),(1867,3,1,347),(1868,5,3,347),(1869,6,3,347),(1870,1,3,348),(1871,2,3,348),(1872,3,3,348),(1873,4,3,348),(1874,5,3,348),(1875,6,3,348),(1876,1,4,350),(1877,2,2,350),(1878,3,4,350),(1879,4,4,350),(1880,5,2,350),(1881,6,2,350),(1882,1,3,351),(1883,2,3,351),(1884,3,4,351),(1885,4,4,351),(1886,5,4,351),(1887,6,4,351),(1888,1,2,349),(1889,2,3,349),(1890,3,3,349),(1891,4,2,349),(1892,5,2,349),(1893,6,2,349),(1894,1,4,352),(1895,2,4,352),(1896,3,4,352),(1897,4,4,352),(1898,5,4,352),(1899,6,4,352),(1900,1,1,353),(1901,2,1,353),(1902,3,4,353),(1903,4,4,353),(1904,5,3,353),(1905,6,4,353),(1906,1,3,354),(1907,2,3,354),(1908,3,3,354),(1909,4,4,354),(1910,5,3,354),(1911,6,4,354),(1912,1,4,355),(1913,2,1,355),(1914,3,1,355),(1915,4,4,355),(1916,4,1,355),(1917,6,1,355),(1918,1,1,356),(1919,2,1,356),(1920,3,4,356),(1921,4,4,356),(1922,5,1,356),(1923,6,1,356),(1924,1,1,357),(1925,2,1,357),(1926,3,4,357),(1927,4,4,357),(1928,5,1,357),(1929,6,4,357),(1930,1,3,358),(1931,2,3,358),(1932,3,4,358),(1933,4,4,358),(1934,5,3,358),(1935,6,4,358),(1936,1,4,359),(1937,2,1,359),(1938,3,4,359),(1939,4,4,359),(1940,5,1,359),(1941,6,4,359),(1942,1,2,360),(1943,2,1,360),(1944,3,4,360),(1945,4,4,360),(1946,5,4,360),(1947,6,4,360),(1948,1,1,361),(1949,2,1,361),(1950,3,4,361),(1951,4,2,361),(1952,1,4,362),(1953,2,1,362),(1954,3,4,362),(1955,4,4,362),(1956,5,4,362),(1957,6,4,362),(1958,1,3,363),(1959,2,3,363),(1960,3,4,363),(1961,4,4,363),(1962,5,4,363),(1963,6,4,363),(1964,1,4,364),(1965,2,1,364),(1966,3,4,364),(1967,4,4,364),(1968,5,4,364),(1969,6,4,364),(1970,1,3,365),(1971,2,3,365),(1972,3,4,365),(1973,4,4,365),(1974,5,3,365),(1975,6,4,365),(1976,1,3,366),(1977,2,3,366),(1978,3,4,366),(1979,4,4,366),(1980,5,4,366),(1981,6,4,366),(1982,1,4,367),(1983,2,3,367),(1984,3,4,367),(1985,4,4,367),(1986,5,4,367),(1987,6,3,367),(1988,1,4,368),(1989,2,1,368),(1990,4,4,368),(1991,5,4,368),(1992,6,4,368),(1993,1,1,369),(1994,2,1,369),(1995,3,4,369),(1996,4,4,369),(1997,5,4,369),(1998,6,4,369),(1999,1,3,370),(2000,2,3,370),(2001,3,4,370),(2002,4,4,370),(2003,5,3,370),(2004,6,3,370),(2005,1,4,371),(2006,2,3,371),(2007,3,4,371),(2008,4,4,371),(2009,5,4,371),(2010,6,4,371),(2011,1,3,372),(2012,2,3,372),(2013,3,3,372),(2014,4,3,372),(2015,5,3,372),(2016,6,3,372),(2017,1,3,373),(2018,2,1,373),(2019,3,1,373),(2020,4,1,373),(2021,5,1,373),(2022,6,1,373),(2023,1,4,374),(2024,2,2,374),(2025,3,4,374),(2026,4,3,374),(2027,5,4,374),(2028,6,3,374),(2029,1,4,375),(2030,2,4,375),(2031,3,4,375),(2032,4,4,375),(2033,5,4,375),(2034,6,4,375),(2035,1,4,376),(2036,2,1,376),(2037,3,1,376),(2038,4,4,376),(2039,5,1,376),(2040,6,1,376),(2041,1,3,377),(2042,2,3,377),(2043,5,3,377),(2044,1,1,378),(2045,2,1,378),(2046,3,1,378),(2047,4,1,378),(2048,5,1,378),(2049,6,1,378),(2050,1,1,379),(2051,2,1,379),(2052,3,1,379),(2053,4,2,379),(2054,5,1,379),(2055,6,1,379),(2056,1,3,380),(2057,3,3,380),(2058,4,4,380),(2059,5,3,380),(2060,6,3,380),(2061,1,1,381),(2062,2,1,381),(2063,3,1,381),(2064,4,2,381),(2065,5,2,381),(2066,6,2,381),(2067,1,1,382),(2068,2,1,382),(2069,3,3,382),(2070,4,4,382),(2071,5,3,382),(2072,6,3,382),(2073,1,3,383),(2074,2,1,383),(2075,3,4,383),(2076,4,4,383),(2077,5,1,383),(2078,6,4,383),(2079,1,1,384),(2080,2,1,384),(2081,3,1,384),(2082,4,1,384),(2083,5,1,384),(2084,6,1,384),(2085,1,2,385),(2086,2,2,385),(2087,4,2,385),(2088,1,3,386),(2089,2,3,386),(2090,3,3,386),(2091,4,3,386),(2092,5,3,386),(2093,6,3,386),(2094,1,3,387),(2095,2,3,387),(2096,3,3,387),(2097,4,4,387),(2098,5,4,387),(2099,6,2,387),(2100,1,3,388),(2101,2,3,388),(2102,3,3,388),(2103,4,2,388),(2104,5,3,388),(2105,6,2,388),(2106,1,3,389),(2107,2,1,389),(2108,3,4,389),(2109,4,4,389),(2110,5,4,389),(2111,6,3,389),(2112,1,3,390),(2113,2,1,390),(2114,3,4,390),(2115,4,4,390),(2116,5,3,390),(2117,6,2,390),(2118,1,1,391),(2119,2,1,391),(2120,3,1,391),(2121,4,1,391),(2122,5,1,391),(2123,6,1,391),(2124,1,1,392),(2125,2,1,392),(2126,3,4,392),(2127,4,4,392),(2128,5,4,392),(2129,6,2,392),(2130,1,3,393),(2131,2,3,393),(2132,3,3,393),(2133,4,2,393),(2134,5,3,393),(2135,1,1,394),(2136,2,1,394),(2137,3,1,394),(2138,4,3,394),(2139,5,1,394),(2140,5,1,394),(2141,1,3,395),(2142,2,3,395),(2143,5,3,395),(2144,1,1,396),(2145,2,1,396),(2146,3,1,396),(2147,4,1,396),(2148,5,1,396),(2149,6,1,396),(2150,1,1,398),(2151,2,1,398),(2152,3,4,398),(2153,4,4,398),(2154,5,1,398),(2155,1,1,399),(2156,2,1,399),(2157,3,1,399),(2158,4,2,399),(2159,5,1,399),(2160,6,1,399),(2161,1,3,400),(2162,2,3,400),(2163,3,4,400),(2164,4,4,400),(2165,5,1,400),(2166,6,4,400),(2167,1,1,401),(2168,2,1,401),(2169,3,1,401),(2170,4,1,401),(2171,5,1,401),(2172,6,1,401),(2173,1,3,402),(2174,2,1,402),(2175,3,1,402),(2176,4,2,402),(2177,5,1,402),(2178,6,1,402),(2179,1,1,403),(2180,2,1,403),(2181,3,1,403),(2182,4,1,403),(2183,5,1,403),(2184,6,1,403),(2185,1,3,404),(2186,2,1,404),(2187,5,1,404),(2188,1,1,405),(2189,2,1,405),(2190,3,1,405),(2191,5,1,405),(2192,2,1,406),(2193,5,3,406),(2194,1,3,407),(2195,2,3,407),(2196,3,3,407),(2197,4,3,407),(2198,5,3,407),(2199,6,3,407),(2200,1,3,408),(2201,2,1,408),(2202,3,4,408),(2203,4,4,408),(2204,5,3,408),(2205,6,4,408),(2206,1,4,409),(2207,2,4,409),(2208,3,4,409),(2209,4,4,409),(2210,5,4,409),(2211,6,4,409),(2212,1,1,410),(2213,2,1,410),(2214,3,4,410),(2215,4,4,410),(2216,5,1,410),(2217,6,4,410),(2218,1,1,411),(2219,5,1,411),(2220,1,1,412),(2221,2,1,412),(2222,3,4,412),(2223,4,4,412),(2224,5,4,412),(2225,6,4,412),(2226,1,1,413),(2227,2,3,413),(2228,3,3,413),(2229,4,3,413),(2230,5,3,413),(2231,6,3,413),(2232,1,3,414),(2233,2,3,414),(2234,3,3,414),(2235,4,3,414),(2236,5,3,414),(2237,6,3,414),(2238,1,3,415),(2239,2,4,415),(2240,3,4,415),(2241,4,4,415),(2242,5,3,415),(2243,6,3,415),(2244,1,2,416),(2245,2,4,416),(2246,3,4,416),(2247,4,2,416),(2248,5,4,416),(2249,6,4,416),(2250,1,3,417),(2251,2,1,417),(2252,3,4,417),(2253,4,4,417),(2254,5,3,417),(2255,6,2,417),(2256,1,3,418),(2257,2,3,418),(2258,5,3,418),(2259,6,3,418),(2260,1,4,419),(2261,2,1,419),(2262,3,1,419),(2263,5,1,419),(2264,6,4,419),(2265,1,3,420),(2266,2,1,420),(2267,5,1,420),(2268,6,3,420),(2269,1,3,421),(2270,2,1,421),(2271,3,4,421),(2272,4,4,421),(2273,5,3,421),(2274,6,3,421),(2275,1,1,422),(2276,2,1,422),(2277,3,4,422),(2278,4,4,422),(2279,5,1,422),(2280,6,4,422),(2281,1,3,423),(2282,2,4,423),(2283,3,4,423),(2284,4,3,423),(2285,5,3,423),(2286,6,3,423),(2287,1,3,424),(2288,2,3,424),(2289,3,4,424),(2290,4,4,424),(2291,5,4,424),(2292,6,4,424),(2293,1,4,425),(2294,2,3,425),(2295,3,4,425),(2296,4,4,425),(2297,5,3,425),(2298,6,4,425),(2299,1,3,426),(2300,2,3,426),(2301,3,4,426),(2302,4,4,426),(2303,5,4,426),(2304,6,4,426),(2305,1,1,427),(2306,2,1,427),(2307,5,1,427),(2308,1,4,428),(2309,2,3,428),(2310,3,4,428),(2311,4,4,428),(2312,5,1,428),(2313,6,4,428),(2314,1,2,429),(2315,2,2,429),(2316,5,2,429),(2317,1,3,430),(2318,2,3,430),(2319,3,3,430),(2320,4,3,430),(2321,5,3,430),(2322,6,3,430),(2323,1,1,431),(2324,2,1,431),(2325,3,4,431),(2326,4,4,431),(2327,5,3,431),(2328,6,4,431),(2329,1,2,432),(2330,2,2,432),(2331,5,2,432),(2332,1,3,434),(2333,2,1,434),(2334,3,1,434),(2335,4,1,434),(2336,5,1,434),(2337,6,1,434),(2338,1,4,433),(2339,2,1,433),(2340,3,4,433),(2341,4,4,433),(2342,5,1,433),(2343,6,4,433),(2344,1,3,435),(2345,2,3,435),(2346,3,3,435),(2347,4,3,435),(2348,5,3,435),(2349,6,3,435),(2350,1,3,436),(2351,2,3,436),(2352,3,3,436),(2353,4,3,436),(2354,5,3,436),(2355,6,3,436),(2356,1,3,437),(2357,2,3,437),(2358,3,3,437),(2359,4,3,437),(2360,5,3,437),(2361,6,3,437),(2362,1,3,438),(2363,2,3,438),(2364,3,3,438),(2365,4,4,438),(2366,5,4,438),(2367,6,2,438),(2368,1,2,439),(2369,2,4,439),(2370,3,2,439),(2371,4,4,439),(2372,5,2,439),(2373,6,4,439),(2374,1,3,440),(2375,2,3,440),(2376,3,3,440),(2377,4,4,440),(2378,5,4,440),(2379,6,2,440),(2380,1,3,441),(2381,2,3,441),(2382,3,4,441),(2383,4,4,441),(2384,5,3,441),(2385,6,2,441),(2386,1,2,442),(2387,2,3,442),(2388,3,2,442),(2389,4,2,442),(2390,5,1,442),(2391,1,3,443),(2392,2,1,443),(2393,3,1,443),(2394,4,4,443),(2395,5,4,443),(2396,6,4,443),(2397,1,3,444),(2398,2,1,444),(2399,1,3,445),(2400,2,1,445),(2401,3,3,445),(2402,4,3,445),(2403,5,3,445),(2404,6,4,445),(2405,1,1,446),(2406,2,1,446),(2407,3,4,446),(2408,4,4,446),(2409,5,1,446),(2410,6,1,446),(2411,1,1,447),(2412,2,1,447),(2413,3,1,447),(2414,4,2,447),(2415,5,3,447),(2416,6,2,447),(2417,1,3,448),(2418,2,3,448),(2419,3,4,448),(2420,4,4,448),(2421,5,3,448),(2422,6,2,448),(2423,1,1,449),(2424,2,1,449),(2425,3,4,449),(2426,4,2,449),(2427,5,1,449),(2428,6,4,449),(2429,1,1,450),(2430,2,1,450),(2431,3,4,450),(2432,4,4,450),(2433,5,4,450),(2434,6,2,450),(2435,1,3,451),(2436,2,1,451),(2437,3,4,451),(2438,4,4,451),(2439,5,3,451),(2440,6,4,451),(2441,1,3,452),(2442,2,3,452),(2443,3,1,452),(2444,4,4,452),(2445,5,1,452),(2446,6,3,452),(2447,1,4,453),(2448,2,1,453),(2449,3,4,453),(2450,4,4,453),(2451,5,4,453),(2452,6,4,453),(2453,1,3,454),(2454,2,1,454),(2455,3,3,454),(2456,4,4,454),(2457,5,3,454),(2458,6,2,454),(2459,1,3,455),(2460,2,1,455),(2461,3,4,455),(2462,4,4,455),(2463,5,3,455),(2464,6,4,455),(2465,1,3,456),(2466,2,3,456),(2467,3,3,456),(2468,4,4,456),(2469,5,3,456),(2470,6,4,456),(2471,1,1,457),(2472,2,1,457),(2473,3,1,457),(2474,4,1,457),(2475,5,1,457),(2476,6,3,457),(2477,1,3,458),(2478,2,1,458),(2479,3,1,458),(2480,4,4,458),(2481,5,4,458),(2482,6,4,458),(2483,1,3,459),(2484,2,3,459),(2485,3,3,459),(2486,4,3,459),(2487,5,3,459),(2488,6,3,459),(2489,1,1,460),(2490,2,3,460),(2491,3,3,460),(2492,4,3,460),(2493,5,3,460),(2494,6,3,460),(2495,1,4,461),(2496,2,3,461),(2497,3,3,461),(2498,4,4,461),(2499,5,3,461),(2500,6,3,461),(2501,1,3,462),(2502,2,3,462),(2503,3,3,462),(2504,4,3,462),(2505,5,3,462),(2506,6,3,462),(2507,1,1,463),(2508,2,1,463),(2509,3,1,463),(2510,4,1,463),(2511,5,1,463),(2512,6,1,463),(2513,1,1,464),(2514,2,1,464),(2515,3,2,464),(2516,4,2,464),(2517,5,4,464),(2518,6,4,464),(2519,1,3,465),(2520,2,1,465),(2521,3,3,465),(2522,4,4,465),(2523,5,4,465),(2524,6,4,465),(2525,1,3,466),(2526,2,3,466),(2527,3,4,466),(2528,4,4,466),(2529,5,3,466),(2530,6,4,466),(2531,1,4,467),(2532,2,3,467),(2533,3,4,467),(2534,4,3,467),(2535,5,3,467),(2536,6,4,467),(2537,1,3,468),(2538,2,3,468),(2539,3,2,468),(2540,4,3,468),(2541,5,3,468),(2542,6,3,468),(2543,1,1,469),(2544,2,3,469),(2545,3,3,469),(2546,4,3,469),(2547,5,3,469),(2548,6,3,469),(2549,1,1,470),(2550,2,1,470),(2551,3,1,470),(2552,4,1,470),(2553,5,1,470),(2554,6,1,470),(2555,1,3,471),(2556,2,3,471),(2557,3,3,471),(2558,4,3,471),(2559,5,3,471),(2560,6,3,471),(2561,1,1,472),(2562,2,3,472),(2563,3,4,472),(2564,4,4,472),(2565,5,4,472),(2566,1,3,473),(2567,2,3,473),(2568,3,3,473),(2569,4,3,473),(2570,5,3,473),(2571,6,3,473),(2572,1,1,474),(2573,2,1,474),(2574,3,1,474),(2575,4,4,474),(2576,5,4,474),(2577,6,4,474),(2578,1,4,475),(2579,2,1,475),(2580,3,4,475),(2581,4,4,475),(2582,5,1,475),(2583,6,4,475),(2584,1,2,476),(2585,2,2,476),(2586,3,4,476),(2587,4,4,476),(2588,5,4,476),(2589,6,4,476),(2590,1,4,477),(2591,2,1,477),(2592,3,4,477),(2593,4,4,477),(2594,5,4,477),(2595,6,2,477),(2596,1,1,478),(2597,2,2,478),(2598,3,4,478),(2599,4,4,478),(2600,5,4,478),(2601,6,2,478),(2602,1,4,479),(2603,2,3,479),(2604,3,4,479),(2605,4,4,479),(2606,5,4,479),(2607,6,3,479),(2608,1,1,480),(2609,2,1,480),(2610,3,4,480),(2611,4,4,480),(2612,5,4,480),(2613,6,4,480),(2614,1,3,481),(2615,2,3,481),(2616,3,3,481),(2617,4,4,481),(2618,5,4,481),(2619,5,4,481),(2620,1,3,482),(2621,2,1,482),(2622,3,4,482),(2623,4,4,482),(2624,5,4,482),(2625,6,4,482),(2626,1,4,483),(2627,2,1,483),(2628,3,4,483),(2629,4,2,483),(2630,5,1,483),(2631,6,4,483),(2632,1,3,484),(2633,2,3,484),(2634,3,3,484),(2635,4,3,484),(2636,5,3,484),(2637,6,2,484),(2638,1,3,485),(2639,2,1,485),(2640,3,3,485),(2641,4,3,485),(2642,5,3,485),(2643,6,3,485),(2644,1,3,486),(2645,2,3,486),(2646,3,4,486),(2647,4,4,486),(2648,5,4,486),(2649,5,4,486),(2650,1,4,487),(2651,2,1,487),(2652,3,2,487),(2653,4,4,487),(2654,5,1,487),(2655,1,3,488),(2656,2,2,488),(2657,3,4,488),(2658,4,1,488),(2659,5,4,488),(2660,6,4,488),(2661,1,4,489),(2662,2,3,489),(2663,3,2,489),(2664,4,4,489),(2665,5,3,489),(2666,6,4,489),(2667,1,2,490),(2668,2,1,490),(2669,3,4,490),(2670,4,4,490),(2671,5,3,490),(2672,6,2,490),(2673,1,2,491),(2674,2,2,491),(2675,3,4,491),(2676,4,4,491),(2677,5,2,491),(2678,6,4,491),(2679,1,1,492),(2680,2,1,492),(2681,3,4,492),(2682,4,4,492),(2683,5,4,492),(2684,6,4,492),(2685,1,4,493),(2686,2,1,493),(2687,3,4,493),(2688,4,4,493),(2689,5,1,493),(2690,6,4,493),(2691,1,3,494),(2692,2,1,494),(2693,3,4,494),(2694,4,4,494),(2695,5,1,494),(2696,1,4,495),(2697,2,1,495),(2698,3,4,495),(2699,4,4,495),(2700,5,1,495),(2701,6,4,495),(2702,1,2,496),(2703,2,2,496),(2704,3,4,496),(2705,4,2,496),(2706,5,2,496),(2707,6,4,496),(2708,1,1,497),(2709,2,3,497),(2710,3,3,497),(2711,4,3,497),(2712,5,3,497),(2713,6,4,497),(2714,1,4,498),(2715,2,3,498),(2716,3,3,498),(2717,4,4,498),(2718,5,3,498),(2719,1,4,499),(2720,2,1,499),(2721,3,4,499),(2722,4,4,499),(2723,5,1,499),(2724,6,4,499),(2725,1,4,500),(2726,2,1,500),(2727,3,1,500),(2728,4,4,500),(2729,5,1,500),(2730,6,4,500),(2731,1,1,501),(2732,2,1,501),(2733,5,3,501),(2734,6,2,501),(2735,1,2,502),(2736,2,2,502),(2737,3,2,502),(2738,4,4,502),(2739,5,2,502),(2740,6,4,502),(2741,1,4,503),(2742,2,3,503),(2743,3,2,503),(2744,4,4,503),(2745,6,3,503),(2746,1,1,504),(2747,2,1,504),(2748,3,4,504),(2749,4,1,504),(2750,5,1,504),(2751,6,4,504),(2752,1,3,505),(2753,2,1,505),(2754,3,3,505),(2755,4,4,505),(2756,5,4,505),(2757,6,4,505),(3091,6,4,566),(3090,5,4,566),(3089,4,4,566),(3088,3,4,566),(3087,2,1,566),(3086,1,3,566),(2764,1,1,507),(2765,2,1,507),(2766,3,2,507),(2767,4,4,507),(2768,5,2,507),(2769,6,2,507),(3085,6,4,565),(3084,5,1,565),(3083,4,4,565),(3082,3,1,565),(3081,2,1,565),(3080,1,3,565),(2776,1,3,509),(2777,2,1,509),(2778,3,3,509),(2779,4,4,509),(2780,5,4,509),(2781,6,4,509),(2782,1,3,510),(2783,2,3,510),(2784,3,3,510),(2785,4,3,510),(2786,4,4,510),(2787,1,3,511),(2788,2,1,511),(2789,3,3,511),(2790,4,4,511),(2791,5,3,511),(2792,6,2,511),(2793,1,1,512),(2794,2,1,512),(2795,3,4,512),(2796,4,3,512),(2797,5,1,512),(2798,6,4,512),(2799,1,3,513),(2811,1,3,515),(2810,6,4,513),(2809,5,4,513),(2808,4,3,513),(2807,3,4,513),(2806,2,3,513),(2812,2,3,515),(2813,3,4,515),(2814,4,3,515),(2815,5,3,515),(2816,6,4,515),(2817,1,4,516),(2818,2,3,516),(2819,3,3,516),(2820,4,4,516),(2821,5,1,516),(2822,6,4,516),(2823,1,3,517),(2824,2,3,517),(2825,3,3,517),(2826,4,3,517),(2827,5,1,517),(2828,6,4,517),(2829,1,4,518),(2830,2,3,518),(2831,3,3,518),(2832,4,4,518),(2833,5,3,518),(2834,6,2,518),(2835,1,1,519),(2836,2,1,519),(2837,3,1,519),(2838,4,1,519),(2839,5,1,519),(2840,6,1,519),(2841,1,2,520),(2842,2,3,520),(2843,3,3,520),(2844,4,4,520),(2845,5,3,520),(2846,6,2,520),(2847,1,1,521),(2848,2,3,521),(2849,3,3,521),(2850,4,4,521),(2851,5,3,521),(2852,6,4,521),(2853,1,3,522),(2854,2,1,522),(2855,3,4,522),(2856,4,4,522),(2857,5,4,522),(2858,6,4,522),(2859,1,3,523),(2860,2,3,523),(2861,3,4,523),(2862,4,4,523),(2863,5,4,523),(2864,6,4,523),(2865,1,3,524),(2866,2,3,524),(2867,3,4,524),(2868,4,4,524),(2869,5,4,524),(2870,6,4,524),(2871,1,4,525),(2872,2,2,525),(2873,3,4,525),(2874,4,4,525),(2875,5,1,525),(2876,6,4,525),(2877,1,4,526),(2878,2,1,526),(2879,3,4,526),(2880,4,4,526),(2881,5,1,526),(2882,6,4,526),(2883,1,2,527),(2884,2,1,527),(2885,3,4,527),(2886,4,4,527),(2887,5,4,527),(2888,6,3,527),(2889,1,4,528),(2890,2,1,528),(2891,3,4,528),(2892,4,4,528),(2893,5,1,528),(2894,6,4,528),(2895,1,4,529),(2896,2,3,529),(2897,3,3,529),(2898,4,3,529),(2899,5,3,529),(2900,6,4,529),(2901,1,4,530),(2902,2,3,530),(2903,3,4,530),(2904,4,4,530),(2905,5,3,530),(2906,6,4,530),(2907,1,4,531),(2908,2,1,531),(2909,3,1,531),(2910,4,4,531),(2911,5,1,531),(2912,6,4,531),(2913,1,3,534),(2914,2,1,534),(2915,3,3,534),(2916,4,4,534),(2917,5,4,534),(2918,6,4,534),(3079,6,1,563),(3078,5,1,563),(3077,4,4,563),(3076,3,1,563),(3075,2,1,563),(3074,1,3,563),(2925,1,3,536),(2926,2,3,536),(2927,3,3,536),(2928,4,4,536),(2929,5,4,536),(2930,6,4,536),(2937,2,2,538),(2938,3,4,538),(2939,4,4,538),(2940,5,4,538),(2941,6,4,538),(2942,1,4,539),(2943,2,1,539),(2944,3,1,539),(2945,4,2,539),(2946,5,1,539),(2947,6,4,539),(2948,1,4,540),(2949,2,1,540),(2950,3,3,540),(2951,4,4,540),(2952,5,4,540),(2953,6,4,540),(2954,1,3,541),(2955,2,3,541),(2956,3,3,541),(2957,4,4,541),(2958,5,3,541),(2959,6,4,541),(2960,1,1,542),(2961,2,2,542),(2962,3,4,542),(2963,4,4,542),(2964,5,2,542),(2965,6,4,542),(2966,1,4,543),(2967,2,1,543),(2968,3,4,543),(2969,4,4,543),(2970,5,1,543),(2971,6,4,543),(2972,1,4,544),(2973,2,2,544),(2974,3,2,544),(2975,4,4,544),(2976,5,2,544),(2977,6,4,544),(2978,1,1,545),(2979,2,1,545),(2980,3,4,545),(2981,4,4,545),(2982,5,1,545),(2983,1,1,546),(2984,2,1,546),(2985,3,4,546),(2986,4,4,546),(2987,5,1,546),(2988,6,4,546),(2989,1,4,547),(2990,2,3,547),(2991,3,4,547),(2992,4,4,547),(2993,5,3,547),(2994,1,3,548),(2995,2,3,548),(2996,3,3,548),(2997,4,4,548),(2998,5,4,548),(2999,6,4,548),(3000,1,2,549),(3001,2,1,549),(3002,3,4,549),(3003,4,2,549),(3004,5,4,549),(3005,6,4,549),(3006,1,2,550),(3007,2,2,550),(3008,3,4,550),(3009,4,2,550),(3010,5,2,550),(3011,6,4,550),(3012,1,3,552),(3013,2,3,552),(3014,3,3,552),(3015,4,2,552),(3016,5,4,552),(3017,6,4,552),(3018,1,4,553),(3019,2,1,553),(3020,3,4,553),(3021,4,4,553),(3022,5,1,553),(3023,6,4,553),(3024,1,2,554),(3025,2,3,554),(3026,3,2,554),(3027,4,2,554),(3028,5,3,554),(3029,6,2,554),(3030,1,3,555),(3031,2,3,555),(3032,4,3,555),(3033,1,4,556),(3034,2,1,556),(3035,3,4,556),(3036,4,4,556),(3037,5,4,556),(3038,6,4,556),(3039,1,2,557),(3040,2,1,557),(3041,3,4,557),(3042,4,1,557),(3043,5,4,557),(3044,1,2,559),(3045,2,1,559),(3046,3,3,559),(3047,4,3,559),(3048,5,3,559),(3049,6,3,559),(3050,1,3,560),(3051,2,3,560),(3052,3,3,560),(3053,4,3,560),(3054,5,3,560),(3055,6,3,560),(3056,1,3,561),(3057,2,3,561),(3058,3,1,561),(3059,4,4,561),(3060,5,4,561),(3061,6,4,561),(3062,1,3,562),(3063,2,3,562),(3064,3,3,562),(3065,4,3,562),(3066,5,3,562),(3067,6,3,562),(3068,1,3,564),(3069,2,4,564),(3070,3,4,564),(3071,4,4,564),(3072,5,4,564),(3073,6,4,564),(3092,1,3,567),(3093,2,3,567),(3094,3,4,567),(3095,4,3,567),(3096,5,3,567),(3097,6,4,567),(3098,1,3,568),(3099,2,3,568),(3100,3,4,568),(3101,4,3,568),(3102,5,4,568),(3103,6,4,568),(3104,1,4,569),(3105,2,1,569),(3106,3,4,569),(3107,4,4,569),(3108,5,4,569),(3109,6,4,569),(3110,1,2,571),(3111,2,2,571),(3112,3,4,571),(3113,4,4,571),(3114,5,4,571),(3115,6,4,571),(3116,1,3,572),(3117,2,3,572),(3118,3,3,572),(3119,4,3,572),(3120,5,1,572),(3121,6,3,572),(3122,1,3,573),(3123,2,3,573),(3124,3,3,573),(3125,4,3,573),(3126,5,3,573),(3127,6,3,573),(3128,1,2,574),(3129,2,4,574),(3130,3,2,574),(3131,5,4,574),(3132,6,4,574),(3133,1,3,575),(3134,2,3,575),(3135,3,3,575),(3136,4,3,575),(3137,5,3,575),(3138,6,3,575),(3139,1,3,576),(3140,2,1,576),(3141,3,3,576),(3142,4,2,576),(3143,5,3,576),(3144,6,2,576),(3145,1,3,577),(3146,2,1,577),(3147,3,1,577),(3148,4,4,577),(3149,5,4,577),(3150,6,4,577),(3151,1,1,578),(3152,2,4,578),(3153,3,4,578),(3154,4,4,578),(3155,5,4,578),(3156,6,4,578),(3157,1,2,579),(3158,2,2,579),(3159,3,2,579),(3160,4,4,579),(3161,5,4,579),(3162,6,4,579),(3163,1,3,580),(3164,2,3,580),(3165,3,4,580),(3166,4,4,580),(3167,5,4,580),(3168,6,4,580),(3169,1,3,581),(3170,2,4,581),(3171,3,4,581),(3172,4,2,581),(3173,5,4,581),(3174,6,4,581),(3175,1,2,582),(3176,2,2,582),(3177,3,2,582),(3178,4,2,582),(3179,5,2,582),(3180,6,2,582),(3181,1,3,584),(3182,2,3,584),(3183,3,3,584),(3184,4,3,584),(3185,5,3,584),(3186,6,3,584),(3187,1,3,583),(3188,2,1,583),(3189,3,3,583),(3190,4,4,583),(3191,5,4,583),(3192,6,4,583),(3193,1,3,585),(3194,2,3,585),(3195,3,3,585),(3196,4,3,585),(3197,5,3,585),(3198,6,3,585),(3199,1,3,587),(3200,2,3,587),(3201,3,3,587),(3202,4,3,587),(3203,5,3,587),(3204,6,3,587),(3205,1,2,586),(3206,2,2,586),(3207,3,2,586),(3208,4,2,586),(3209,5,2,586),(3210,6,2,586),(3211,1,3,588),(3212,2,3,588),(3213,3,3,588),(3214,4,3,588),(3215,5,3,588),(3216,6,3,588),(3217,1,3,589),(3218,2,3,589),(3219,3,3,589),(3220,4,3,589),(3221,5,3,589),(3222,6,3,589),(3223,1,3,590),(3224,2,3,590),(3225,3,3,590),(3226,4,3,590),(3227,5,3,590),(3228,6,2,590),(3229,1,3,591),(3230,2,3,591),(3231,3,3,591),(3232,1,2,592),(3233,2,2,592),(3234,3,4,592),(3235,4,4,592),(3236,5,2,592),(3237,6,4,592),(3238,1,3,593),(3239,2,3,593),(3240,3,3,593),(3241,4,3,593),(3242,5,3,593),(3243,6,3,593),(3244,1,4,594),(3245,2,1,594),(3246,3,4,594),(3247,4,4,594),(3248,5,4,594),(3249,6,4,594),(3250,1,3,595),(3251,2,3,595),(3252,3,2,595),(3253,4,4,595),(3254,5,4,595),(3255,6,3,595),(3256,1,3,596),(3257,2,1,596),(3258,3,4,596),(3259,4,3,596),(3260,5,3,596),(3261,6,3,596),(3262,1,3,597),(3263,2,3,597),(3264,1,2,598),(3265,2,2,598),(3266,3,2,598),(3267,4,2,598),(3268,5,2,598),(3269,6,2,598),(3270,1,4,599),(3271,2,1,599),(3272,3,4,599),(3273,4,4,599),(3274,5,4,599),(3275,6,4,599),(3276,1,3,601),(3277,2,1,601),(3278,3,1,601),(3279,4,2,601),(3280,5,1,601),(3281,6,1,601),(3282,1,3,602),(3283,2,3,602),(3284,3,3,602),(3285,4,3,602),(3286,5,3,602),(3287,6,3,602),(3288,1,3,603),(3289,2,3,603),(3290,3,3,603),(3291,4,3,603),(3292,5,3,603),(3293,6,3,603),(3294,1,3,604),(3295,2,3,604),(3296,3,3,604),(3297,4,3,604),(3298,5,3,604),(3299,6,3,604),(3300,1,3,605),(3301,2,1,605),(3302,3,3,605),(3303,4,3,605),(3304,5,3,605),(3305,6,3,605),(3306,1,3,606),(3307,2,3,606),(3308,3,1,606),(3309,4,3,606),(3310,5,3,606),(3311,6,3,606),(3312,1,3,607),(3313,2,2,607),(3314,3,2,607),(3315,4,3,607),(3316,5,3,607),(3317,6,3,607),(3318,1,2,608),(3319,2,2,608),(3320,3,2,608),(3321,4,2,608),(3322,5,2,608),(3323,6,2,608),(3324,1,2,609),(3325,2,2,609),(3326,3,2,609),(3327,4,2,609),(3328,5,2,609),(3329,6,2,609),(3330,1,1,610),(3331,2,1,610),(3332,3,1,610),(3333,5,1,610),(3334,6,1,610),(3335,1,2,611),(3336,2,1,611),(3337,3,1,611),(3338,4,4,611),(3339,5,1,611),(3340,6,1,611),(3341,1,3,612),(3342,2,1,612),(3343,3,3,612),(3344,5,1,612),(3345,6,3,612),(3346,1,4,613),(3347,2,1,613),(3348,3,4,613),(3349,4,4,613),(3350,5,4,613),(3351,6,4,613),(3352,1,1,614),(3353,2,1,614),(3354,3,1,614),(3355,4,2,614),(3356,5,4,614),(3357,6,4,614),(3358,1,1,615),(3359,2,1,615),(3360,3,4,615),(3361,4,4,615),(3362,5,4,615),(3363,6,4,615),(3364,1,4,616),(3365,2,1,616),(3366,3,4,616),(3367,4,4,616),(3368,5,4,616),(3369,6,4,616),(3370,1,1,617),(3371,2,1,617),(3372,3,1,617),(3373,4,1,617),(3374,5,4,617),(3375,6,4,617),(3376,1,3,618),(3377,2,1,618),(3378,3,4,618),(3379,4,2,618),(3380,5,1,618),(3381,6,4,618),(3382,1,1,619),(3383,2,1,619),(3384,3,3,619),(3385,4,3,619),(3386,5,1,619),(3387,1,3,620),(3388,2,3,620),(3389,3,4,620),(3390,4,4,620),(3391,5,3,620),(3392,6,4,620),(3393,2,3,621),(3394,3,3,621),(3395,4,3,621),(3396,5,3,621),(3397,1,3,600),(3398,2,3,600),(3399,3,3,600),(3400,4,3,600),(3401,5,1,600),(3402,6,3,600),(3403,1,2,622),(3404,2,1,622),(3405,4,2,622),(3406,5,3,622),(3407,6,2,622),(3408,1,3,623),(3409,2,1,623),(3410,3,4,623),(3411,5,1,623),(3412,6,1,623),(3413,1,3,624),(3414,2,1,624),(3415,3,1,624),(3416,4,3,624),(3417,5,1,624),(3418,6,1,624),(3436,6,3,627),(3435,5,3,627),(3434,4,3,627),(3433,3,3,627),(3432,2,3,627),(3431,1,3,627),(3425,1,3,626),(3426,2,3,626),(3427,3,4,626),(3428,4,4,626),(3429,5,1,626),(3430,6,2,626),(3437,1,3,628),(3438,2,1,628),(3439,3,3,628),(3440,4,4,628),(3441,5,3,628),(3442,6,3,628),(3443,1,2,630),(3444,2,4,630),(3445,3,2,630),(3446,4,4,630),(3447,5,4,630),(3448,6,2,630),(3449,1,3,631),(3450,2,3,631),(3451,3,3,631),(3452,4,3,631),(3453,5,1,631),(3454,6,3,631),(3455,1,2,632),(3456,2,4,632),(3457,3,4,632),(3458,4,4,632),(3459,5,4,632),(3460,6,4,632),(3461,1,3,633),(3462,2,4,633),(3463,3,4,633),(3464,4,4,633),(3465,5,4,633),(3466,6,4,633),(3467,1,3,634),(3468,2,3,634),(3469,3,3,634),(3470,4,3,634),(3471,5,3,634),(3472,6,3,634),(3473,1,3,635),(3474,2,3,635),(3475,3,3,635),(3476,4,3,635),(3477,5,3,635),(3478,6,3,635),(3479,1,3,636),(3480,2,3,636),(3481,3,3,636),(3482,1,3,637),(3483,2,3,637),(3484,3,3,637),(3485,4,3,637),(3486,5,3,637),(3487,1,3,638),(3488,2,1,638),(3489,3,1,638),(3490,1,3,639),(3491,2,3,639),(3492,3,4,639),(3493,4,4,639),(3494,5,3,639),(3495,6,4,639),(3496,1,2,640),(3497,2,2,640),(3498,3,4,640),(3499,4,4,640),(3500,5,2,640),(3501,6,4,640),(3502,1,2,641),(3503,2,3,641),(3504,3,4,641),(3505,4,2,641),(3506,5,2,641),(3507,6,2,641),(3508,1,2,642),(3509,2,2,642),(3510,3,2,642),(3511,4,4,642),(3512,5,2,642),(3513,6,2,642),(3514,1,2,643),(3515,2,3,643),(3516,3,3,643),(3517,4,4,643),(3518,5,3,643),(3519,6,4,643),(3520,1,4,644),(3521,2,1,644),(3522,3,4,644),(3523,4,4,644),(3524,5,4,644),(3525,6,4,644);
/*!40000 ALTER TABLE `genero_tomadecicion` ENABLE KEYS */;
UNLOCK TABLES;

--
-- Table structure for table `ingresos_ciestacionales`
--

DROP TABLE IF EXISTS `ingresos_ciestacionales`;
/*!40101 SET @saved_cs_client     = @@character_set_client */;
/*!40101 SET character_set_client = utf8 */;
CREATE TABLE `ingresos_ciestacionales` (
  `id` int(11) NOT NULL AUTO_INCREMENT,
  `nombre` varchar(200) NOT NULL,
  PRIMARY KEY (`id`)
) ENGINE=MyISAM AUTO_INCREMENT=9 DEFAULT CHARSET=latin1;
/*!40101 SET character_set_client = @saved_cs_client */;

--
-- Dumping data for table `ingresos_ciestacionales`
--

LOCK TABLES `ingresos_ciestacionales` WRITE;
/*!40000 ALTER TABLE `ingresos_ciestacionales` DISABLE KEYS */;
INSERT INTO `ingresos_ciestacionales` VALUES (1,'Malanga'),(2,'Yuca'),(3,'Quequisque'),(4,'Camote'),(5,'Piña'),(6,'Cítricos'),(7,'Papayas'),(8,'Arroz');
/*!40000 ALTER TABLE `ingresos_ciestacionales` ENABLE KEYS */;
UNLOCK TABLES;

--
-- Table structure for table `ingresos_cihortalizas`
--

DROP TABLE IF EXISTS `ingresos_cihortalizas`;
/*!40101 SET @saved_cs_client     = @@character_set_client */;
/*!40101 SET character_set_client = utf8 */;
CREATE TABLE `ingresos_cihortalizas` (
  `id` int(11) NOT NULL AUTO_INCREMENT,
  `nombre` varchar(200) NOT NULL,
  PRIMARY KEY (`id`)
) ENGINE=MyISAM AUTO_INCREMENT=12 DEFAULT CHARSET=latin1;
/*!40101 SET character_set_client = @saved_cs_client */;

--
-- Dumping data for table `ingresos_cihortalizas`
--

LOCK TABLES `ingresos_cihortalizas` WRITE;
/*!40000 ALTER TABLE `ingresos_cihortalizas` DISABLE KEYS */;
INSERT INTO `ingresos_cihortalizas` VALUES (1,'Tomate'),(2,'Chiltoma'),(3,'Chiltoma grande'),(4,'Cebolla criolla'),(5,'Cebolla amarilla'),(6,'Zanahoria'),(7,'Remolacha'),(8,'Rábano'),(9,'Pepino'),(10,'Ayote'),(11,'Pipián');
/*!40000 ALTER TABLE `ingresos_cihortalizas` ENABLE KEYS */;
UNLOCK TABLES;

--
-- Table structure for table `ingresos_ciperiodos`
--

DROP TABLE IF EXISTS `ingresos_ciperiodos`;
/*!40101 SET @saved_cs_client     = @@character_set_client */;
/*!40101 SET character_set_client = utf8 */;
CREATE TABLE `ingresos_ciperiodos` (
  `id` int(11) NOT NULL AUTO_INCREMENT,
  `nombre` varchar(200) NOT NULL,
  PRIMARY KEY (`id`)
) ENGINE=MyISAM AUTO_INCREMENT=5 DEFAULT CHARSET=latin1;
/*!40101 SET character_set_client = @saved_cs_client */;

--
-- Dumping data for table `ingresos_ciperiodos`
--

LOCK TABLES `ingresos_ciperiodos` WRITE;
/*!40000 ALTER TABLE `ingresos_ciperiodos` DISABLE KEYS */;
INSERT INTO `ingresos_ciperiodos` VALUES (1,'Maíz'),(2,'Maíz en elote'),(3,'Frijol'),(4,'Sorgo');
/*!40000 ALTER TABLE `ingresos_ciperiodos` ENABLE KEYS */;
UNLOCK TABLES;

--
-- Table structure for table `ingresos_cipermanentes`
--

DROP TABLE IF EXISTS `ingresos_cipermanentes`;
/*!40101 SET @saved_cs_client     = @@character_set_client */;
/*!40101 SET character_set_client = utf8 */;
CREATE TABLE `ingresos_cipermanentes` (
  `id` int(11) NOT NULL AUTO_INCREMENT,
  `nombre` varchar(200) NOT NULL,
  PRIMARY KEY (`id`)
) ENGINE=MyISAM AUTO_INCREMENT=5 DEFAULT CHARSET=latin1;
/*!40101 SET character_set_client = @saved_cs_client */;

--
-- Dumping data for table `ingresos_cipermanentes`
--

LOCK TABLES `ingresos_cipermanentes` WRITE;
/*!40000 ALTER TABLE `ingresos_cipermanentes` DISABLE KEYS */;
INSERT INTO `ingresos_cipermanentes` VALUES (1,'Café'),(2,'Cacao'),(3,'Plátano'),(4,'Guineo');
/*!40000 ALTER TABLE `ingresos_cipermanentes` ENABLE KEYS */;
UNLOCK TABLES;

--
-- Table structure for table `ingresos_cultivosiestacionales`
--

DROP TABLE IF EXISTS `ingresos_cultivosiestacionales`;
/*!40101 SET @saved_cs_client     = @@character_set_client */;
/*!40101 SET character_set_client = utf8 */;
CREATE TABLE `ingresos_cultivosiestacionales` (
  `id` int(11) NOT NULL AUTO_INCREMENT,
  `cultivo_id` int(11) NOT NULL,
  `cuanto` double NOT NULL,
  `precio` double NOT NULL,
  `encuesta_id` int(11) NOT NULL,
  PRIMARY KEY (`id`),
  KEY `ingresos_cultivosiestacionales_9f97820b` (`cultivo_id`),
  KEY `ingresos_cultivosiestacionales_1de70ac4` (`encuesta_id`)
) ENGINE=MyISAM AUTO_INCREMENT=74 DEFAULT CHARSET=latin1;
/*!40101 SET character_set_client = @saved_cs_client */;

--
-- Dumping data for table `ingresos_cultivosiestacionales`
--

LOCK TABLES `ingresos_cultivosiestacionales` WRITE;
/*!40000 ALTER TABLE `ingresos_cultivosiestacionales` DISABLE KEYS */;
INSERT INTO `ingresos_cultivosiestacionales` VALUES (1,1,40,150,7),(2,2,5,50,7),(3,1,10,300,38),(4,1,15,300,42),(5,6,4000,0.05,49),(6,1,4,150,51),(7,6,3500,0.5,52),(8,6,6000,200,53),(9,1,20,200,54),(10,2,10,100,54),(11,1,15,280,57),(12,6,20000,0.15,57),(13,1,6,200,69),(14,1,20,250,70),(15,1,12,200,72),(16,1,12,300,73),(17,2,11,100,73),(18,1,15,40,77),(19,1,15,300,78),(20,6,80000,0.5,78),(21,1,50,250,79),(22,1,22,170,81),(23,1,4,300,89),(24,1,3,300,91),(25,1,50,15,93),(26,2,10,250,93),(27,3,10,180,93),(28,4,5,180,93),(29,2,40,130,108),(30,2,10,50,118),(31,1,45,400,129),(32,1,40,300,131),(33,1,6,300,137),(34,2,5,100,137),(35,1,50,250,144),(36,2,30,100,154),(37,2,5,250,165),(38,4,3,300,165),(39,2,50,50,168),(40,1,60,200,191),(41,2,0.0625,0,192),(42,4,8,1600,218),(43,2,10,120,244),(44,2,15,160,289),(45,4,7,200,289),(46,7,30,240,289),(47,1,36,1200,303),(48,1,12,240,307),(49,2,14,180,307),(50,1,10,250,314),(51,4,1,300,316),(52,8,8,500,339),(53,2,2,200,353),(54,4,1,300,370),(55,1,8,300,427),(56,2,25,200,430),(57,2,3,450,454),(58,2,3,900,455),(59,1,27,200,459),(60,2,7,200,459),(61,6,10,40,459),(62,6,20,6,460),(63,1,3,300,519),(64,6,10,80,519),(65,5,250,10,521),(66,1,3,200,549),(67,2,2,200,549),(68,4,4,300,549),(69,6,2000,0.2,550),(70,5,3000,10,580),(71,2,4.8,400,620),(72,8,500,50,620),(73,6,0.0625,0,628);
/*!40000 ALTER TABLE `ingresos_cultivosiestacionales` ENABLE KEYS */;
UNLOCK TABLES;

--
-- Table structure for table `ingresos_cultivosiperiodos`
--

DROP TABLE IF EXISTS `ingresos_cultivosiperiodos`;
/*!40101 SET @saved_cs_client     = @@character_set_client */;
/*!40101 SET character_set_client = utf8 */;
CREATE TABLE `ingresos_cultivosiperiodos` (
  `id` int(11) NOT NULL AUTO_INCREMENT,
  `cultivo_id` int(11) NOT NULL,
  `cuanto_primera` double NOT NULL,
  `cuanto_postrera` double NOT NULL,
  `cuanto_apante` double NOT NULL,
  `precio_primera` double NOT NULL,
  `precio_postrera` double NOT NULL,
  `precio_apante` double NOT NULL,
  `encuesta_id` int(11) NOT NULL,
  PRIMARY KEY (`id`),
  KEY `ingresos_cultivosiperiodos_9f97820b` (`cultivo_id`),
  KEY `ingresos_cultivosiperiodos_1de70ac4` (`encuesta_id`)
) ENGINE=MyISAM AUTO_INCREMENT=657 DEFAULT CHARSET=latin1;
/*!40101 SET character_set_client = @saved_cs_client */;

--
-- Dumping data for table `ingresos_cultivosiperiodos`
--

LOCK TABLES `ingresos_cultivosiperiodos` WRITE;
/*!40000 ALTER TABLE `ingresos_cultivosiperiodos` DISABLE KEYS */;
INSERT INTO `ingresos_cultivosiperiodos` VALUES (1,1,15,0,0,250,0,0,3),(2,3,0,0,15,0,0,500,3),(3,1,15,0,0,250,0,0,5),(4,3,10,0,0,450,0,0,5),(5,1,10,0,0,300,0,0,6),(6,3,0,0,40,0,0,450,6),(7,1,12,0,0,300,0,0,10),(8,3,21,500,0,0,0,10500,10),(9,3,0,0,12,0,0,500,9),(10,1,0,70,0,0,300,0,11),(11,3,0,0,9,0,0,600,12),(12,3,0,0,15,0,0,400,13),(13,1,1,2,0,200,250,0,15),(14,1,25,0,0,200,0,0,17),(15,3,0,0,20,0,0,500,17),(16,1,2,0,0,250,0,0,18),(17,3,0,0,3,0,0,400,18),(18,1,2,3,0,200,270,0,22),(19,3,6,8,0,800,1000,0,22),(20,1,10,0,0,300,0,0,23),(21,3,0,0,20,0,0,600,23),(22,1,5,0,0,180,0,0,24),(23,3,0,0,8,0,0,480,24),(24,1,10,0,0,250,0,0,25),(25,3,8,2,0,600,800,0,25),(26,1,15,10,0,300,200,0,26),(27,3,35,18,0,500,500,0,26),(28,4,18,0,0,0,200,0,26),(29,3,0,0,6,0,0,400,27),(30,3,0,0,35,0,0,470,28),(31,1,5,0,0,300,0,0,33),(32,1,4,0,0,200,0,0,35),(33,3,0,0,3,0,0,500,35),(34,3,5,0,0,500,0,0,34),(35,1,4,0,0,200,0,0,38),(36,3,0,0,15,0,0,550,38),(37,4,7,0,0,1250,0,0,40),(38,3,10,0,0,540,0,0,41),(39,3,0,0,6,0,0,3600,42),(40,1,0,4,0,0,300,0,43),(41,4,0,2,0,0,280,0,43),(42,3,0,0,10,0,0,500,45),(43,1,1,2,0,300,300,0,47),(44,4,0,2,0,0,250,0,47),(45,1,10,0,0,300,0,0,48),(46,3,0,0,12,0,0,300,48),(47,3,0,0,25,0,0,400,49),(48,1,20,0,0,0,0,250,52),(49,1,30,0,0,300,0,0,53),(50,3,0,0,80,0,0,480,53),(51,1,15,10,0,250,250,0,55),(52,4,10,0,0,250,0,0,55),(53,1,10,0,0,1500,0,0,56),(54,1,5,0,0,200,0,0,63),(55,3,0,0,7,0,0,500,63),(56,3,0,0,40,0,0,300,66),(57,1,0,3,0,0,900,0,67),(58,3,0,6,0,0,0,0,67),(59,1,5,0,0,200,0,0,68),(60,3,0,0,10,0,0,500,68),(61,1,20,0,0,150,0,0,69),(62,3,0,0,20,0,0,400,69),(63,1,15,0,0,250,0,0,70),(64,3,0,0,10,0,0,350,70),(65,1,3,0,0,200,0,0,72),(66,1,3,0,0,400,0,0,73),(67,3,0,0,2,0,0,500,73),(68,3,0,0,5,0,0,600,74),(69,1,5,0,0,250,0,0,77),(70,3,0,0,40,0,0,400,77),(71,1,30,0,0,300,0,0,78),(72,3,0,0,80,0,0,500,78),(73,1,35,0,0,220,0,0,79),(74,3,0,0,20,0,0,560,79),(75,1,0,5,0,0,300,0,80),(76,1,5,0,0,200,0,0,81),(77,3,0,6,0,0,400,0,81),(78,1,10,0,0,150,0,0,84),(79,3,0,0,13,0,0,460,84),(80,3,0,0,13,0,0,630,85),(81,3,0,0,15,0,0,450,89),(82,1,4,10,0,300,300,0,90),(83,3,2,8,0,700,800,0,90),(84,3,0,0,4,0,0,450,91),(85,1,10,10,0,300,300,0,93),(86,3,0,2,0,0,700,0,93),(87,3,0,0,30,0,0,500,97),(88,1,0,10,0,0,300,0,98),(89,3,0,3,0,0,800,0,98),(90,1,5,10,0,300,300,0,99),(91,1,12,0,0,150,0,0,100),(92,3,0,0,11,0,0,460,100),(93,1,5,0,0,0,200,0,101),(94,3,5,0,0,0,500,0,101),(95,1,10,10,0,300,300,0,102),(96,3,0,3,0,800,0,0,102),(97,1,0,5,0,0,300,0,103),(98,3,0,5,0,0,800,0,103),(99,1,10,0,0,0,0,0,104),(100,3,17,0,0,475,0,0,104),(101,1,5,10,0,300,300,0,105),(102,3,5,8,0,800,800,0,105),(103,4,0,20,0,0,200,0,105),(104,1,10,0,0,150,0,0,108),(105,3,0,0,18,0,0,400,108),(106,1,0,40,0,0,300,0,109),(107,1,5,20,0,250,280,0,110),(108,4,0,0,6,0,0,400,112),(109,3,0,0,3,0,0,800,113),(110,1,2,8,0,200,200,0,114),(111,4,8,0,0,100,0,0,114),(112,3,0,0,18,0,0,400,115),(113,3,0,0,10,0,0,420,118),(114,1,80,0,0,200,0,0,119),(115,3,0,0,85,0,0,450,119),(116,1,4,0,0,200,0,0,122),(117,3,0,0,20,0,0,500,122),(118,1,15,0,0,300,0,0,124),(119,3,0,0,6,0,0,600,124),(120,3,0,0,10,0,0,500,126),(121,3,0,0,180,0,0,500,127),(122,1,80,0,0,300,0,0,129),(123,3,0,0,650,0,0,480,129),(124,3,0,0,18,0,0,370,130),(125,1,30,0,0,270,0,0,131),(126,3,0,0,15,0,0,400,131),(127,3,0,0,8,0,0,500,132),(128,3,0,0,10,0,0,550,133),(129,1,20,0,0,100,0,0,134),(130,3,0,0,40,0,0,600,134),(131,3,0,0,2,0,0,500,135),(132,1,0,10,0,0,200,0,136),(133,1,0,10,0,0,400,0,137),(134,1,15,20,0,200,150,0,138),(135,3,0,10,25,0,300,250,138),(136,3,0,0,5,0,0,500,139),(137,1,5,0,0,100,0,0,140),(138,3,0,0,70,0,0,500,140),(139,3,0,0,5,0,0,600,141),(140,1,13,0,0,220,0,0,142),(141,3,0,0,7,0,0,400,142),(142,1,10,10,0,250,250,0,143),(143,3,0,35,0,0,600,0,143),(144,1,0,10,0,0,250,0,145),(145,1,12,0,0,200,0,0,146),(146,3,0,0,20,0,0,500,146),(147,1,23,0,0,200,0,0,147),(148,3,0,18,0,350,0,0,147),(149,1,0,15,0,0,200,0,148),(150,3,0,15,0,0,700,0,148),(151,1,75,0,0,150,0,0,151),(152,3,0,0,30,0,0,450,151),(153,3,0,0,45,0,0,450,152),(154,3,0,0,15,0,0,500,154),(155,1,20,0,0,270,0,0,156),(156,3,0,0,5,0,0,480,156),(157,1,20,0,0,300,0,0,157),(158,3,0,0,23,0,0,470,157),(159,1,15,0,0,190,0,0,158),(160,3,0,0,10,0,0,400,158),(161,1,5,4,0,200,300,0,159),(162,3,0,0,45,0,0,400,159),(163,1,50,0,0,150,0,0,160),(164,3,0,0,20,0,0,500,160),(165,3,0,0,6,0,0,360,161),(166,3,0,0,6,0,0,500,162),(167,1,50,20,0,200,200,0,163),(168,3,50,10,0,250,300,0,163),(169,3,5,4,0,500,450,0,164),(170,1,20,0,0,200,0,0,165),(171,3,25,30,0,300,300,0,165),(172,1,4,7,0,300,300,0,166),(173,3,2,10,0,600,550,0,166),(174,1,10,0,0,200,0,0,168),(175,3,0,0,10,0,0,300,168),(176,1,4,0,0,200,0,0,169),(177,3,0,0,5,0,0,400,169),(178,1,10,0,0,100,0,0,170),(179,3,0,0,50,0,0,300,170),(180,1,50,0,0,300,0,0,171),(181,3,0,0,60,0,0,600,171),(182,1,18,0,0,220,0,0,172),(183,3,60,0,0,450,0,0,172),(184,3,0,0,25,0,0,568,173),(185,3,0,0,40,0,0,550,174),(186,3,0,0,15,0,0,500,176),(187,1,25,0,0,200,0,0,177),(188,3,0,0,30,0,0,470,177),(189,3,0,0,80,0,0,400,178),(190,1,10,0,0,150,0,0,179),(191,3,0,0,10,0,0,300,179),(192,1,3,0,0,200,0,0,181),(193,3,0,0,8,0,0,500,181),(194,1,0,8,0,0,250,0,167),(195,3,0,3,0,0,600,0,167),(196,3,0,0,50,0,0,800,186),(197,1,10,0,0,200,0,0,187),(198,3,0,0,12,0,0,500,187),(199,1,7,7,0,300,300,0,188),(200,3,7,7,0,800,800,0,188),(201,1,50,20,0,300,300,0,189),(202,3,1,15,0,800,800,0,189),(203,3,0,0,30,0,0,500,190),(204,3,0,0,10,0,0,600,191),(205,1,7,3,0,300,300,0,192),(206,1,25,0,0,180,0,0,193),(207,3,0,0,15,0,0,350,193),(208,1,60,0,0,200,0,0,194),(209,3,0,0,78,0,0,600,194),(210,1,15,0,0,300,0,0,195),(211,3,13,0,0,0,800,0,195),(212,1,10,0,0,200,0,0,196),(213,3,0,0,10,0,0,500,196),(214,1,5,0,0,200,0,0,197),(215,3,0,0,6,0,0,300,197),(216,1,23,0,0,200,0,0,198),(217,3,0,0,15,0,0,250,198),(218,1,0,0,0,200,0,0,199),(219,3,0,0,7,0,0,500,199),(220,1,60,0,0,200,0,0,200),(221,3,0,0,40,0,0,500,200),(222,1,40,0,0,200,0,0,201),(223,3,0,0,32,0,0,500,201),(224,1,15,0,0,200,0,0,202),(225,3,0,0,10,0,0,500,202),(226,3,0,0,10,0,0,500,203),(227,1,10,0,0,100,0,0,204),(228,3,0,0,15,0,0,500,204),(229,3,0,0,37,0,0,300,207),(230,1,10,0,0,200,0,0,210),(231,3,0,0,7,0,0,500,210),(232,1,25,0,0,200,0,0,211),(233,1,40,0,0,200,0,0,212),(234,3,0,0,4,0,0,500,212),(235,1,20,0,0,200,0,0,213),(236,3,0,0,100,0,0,500,213),(237,1,40,10,0,250,250,0,214),(238,3,0,0,70,0,0,250,214),(239,1,5,5,0,200,250,0,215),(240,3,0,2,0,0,600,0,215),(241,1,9,15,0,300,300,0,216),(242,3,2,7,0,800,800,0,216),(243,1,0,50,0,0,180,0,220),(244,3,0,0,80,0,0,500,220),(245,1,80,0,0,200,0,0,222),(246,3,0,0,95,0,0,520,222),(247,3,0,0,10,0,0,500,224),(248,3,0,0,12,0,0,500,226),(249,3,0,0,0.25,0,0,500,228),(250,1,30,0,0,150,0,0,231),(251,3,0,0,20,0,0,500,231),(252,3,0,0,12,0,0,500,234),(253,1,15,0,0,250,0,0,235),(254,1,15,0,0,200,0,0,236),(255,3,15,0,0,500,0,0,236),(256,3,0,0,18,0,0,600,238),(257,1,80,0,0,200,0,0,241),(258,3,0,0,50,0,0,670,241),(259,4,0,2,0,0,200,0,242),(260,1,50,0,0,200,0,0,244),(261,3,7,10,15,450,500,550,244),(262,1,5,0,0,150,0,0,246),(263,3,0,0,15,0,0,450,246),(264,1,7,0,0,250,0,0,248),(265,3,2,0,0,800,0,0,248),(266,1,10,0,0,140,0,0,249),(267,3,0,0,100,0,0,400,249),(268,1,6,0,0,200,0,0,251),(269,3,2,0,0,600,0,0,251),(270,4,6,0,0,0,0,0,251),(271,3,0,0,6,0,0,460,254),(272,1,10,0,0,200,0,0,256),(273,3,0,0,15,0,0,600,256),(274,1,5,3,0,1.5,900,0,257),(275,1,20,0,0,200,0,0,259),(276,3,0,0,20,0,0,500,259),(277,1,10,0,50,200,0,300,255),(278,3,5,0,0,400,0,0,255),(279,3,0,0,5,0,0,350,261),(280,1,12,0,0,200,0,0,262),(281,3,10,0,0,500,0,0,262),(282,4,15,0,0,150,0,0,262),(283,1,5,0,5,200,0,200,264),(284,1,10,0,0,170,0,0,265),(285,3,0,0,15,0,0,480,265),(286,1,15,0,0,200,0,0,268),(287,3,0,0,8,0,0,500,268),(288,3,5,3,15,300,400,500,271),(289,1,30,0,0,150,0,0,272),(290,3,44,0,0,400,0,0,272),(291,1,0,2,0,0,300,0,274),(292,1,10,0,0,350,0,0,275),(293,3,25,0,0,500,0,0,275),(294,3,0,0,0,0,0,500,276),(295,3,0,0,2,0,0,450,278),(296,1,7,0,0,200,0,0,280),(297,3,0,0,1,0,0,400,280),(298,3,0,0,26,0,0,500,282),(299,1,15,0,0,200,0,0,283),(300,3,0,0,7,0,0,530,283),(301,3,30,0,0,500,0,0,285),(302,1,80,0,0,200,0,0,286),(303,3,0,0,130,0,0,508,286),(304,1,5,0,0,300,0,0,287),(305,3,0,1,0,0,350,0,287),(306,1,5,0,0,150,0,0,288),(307,3,0,15,0,0,480,0,288),(308,1,5,80,0,250,230,0,289),(309,2,0,0,4000,0,0,1.5,289),(310,3,0,18,0,0,600,0,289),(311,1,0,15,0,0,280,0,290),(312,3,0,20,0,0,650,0,290),(313,3,0,0,50,0,0,550,291),(314,1,80,0,0,200,0,0,292),(315,3,11,0,0,400,0,0,292),(316,3,12,10,0,650,580,0,293),(317,4,0,35,0,200,0,0,293),(318,1,8,30,0,250,250,0,295),(319,3,2,14,0,300,300,0,295),(320,1,5,0,0,230,0,0,297),(321,3,0,0,6,0,0,530,297),(322,1,3,0,0,170,0,0,299),(323,3,0,0,15,0,0,500,299),(324,1,30,0,0,200,0,0,300),(325,3,0,0,10,0,0,480,300),(326,3,0,0,6,0,0,520,301),(327,1,20,0,0,200,0,0,303),(328,3,0,0,42,0,0,500,304),(329,1,10,0,0,300,0,0,305),(330,3,0,0,35,0,0,480,307),(331,1,60,0,0,250,0,0,308),(332,3,0,0,100,0,0,600,308),(333,1,10,0,0,300,0,0,311),(334,3,0,0,15,0,0,600,311),(335,1,12,0,0,350,0,0,313),(336,3,0,0,15,0,0,550,313),(337,1,20,0,0,190,0,0,314),(338,3,0,0,20,0,0,350,314),(339,1,15,0,0,100,0,0,315),(340,3,0,0,18,0,0,450,315),(341,1,6,0,0,100,0,0,317),(342,1,20,0,0,250,0,0,318),(343,3,0,0,15,0,0,480,318),(344,1,5,0,0,200,0,0,319),(345,3,0,0,2,0,0,470,319),(346,1,4,0,0,350,0,0,322),(347,3,0,0,3,0,0,480,322),(348,1,5,0,0,200,0,0,323),(349,3,0,0,40,0,0,400,323),(350,1,10,0,0,200,0,0,330),(351,3,20,0,0,450,0,0,330),(352,1,50,0,0,200,0,0,331),(353,3,0,0,45,0,0,500,331),(354,3,0,0,10,0,0,500,332),(355,3,0,0,20,0,0,700,333),(356,1,20,0,0,180,0,0,334),(357,3,0,0,35,0,0,500,334),(358,1,20,0,0,300,0,0,335),(359,3,0,0,35,0,0,500,335),(360,1,12,0,0,250,0,0,336),(361,3,0,0,25,0,0,500,336),(362,1,10,0,0,300,0,0,337),(363,1,40,0,0,300,0,0,338),(364,3,0,0,2,0,0,700,338),(365,1,15,0,0,350,0,0,339),(366,3,0,0,20,0,0,500,339),(367,3,0,5,25,0,350,450,344),(368,1,20,0,0,200,0,0,345),(369,3,0,0,10,0,0,500,345),(370,1,55,0,0,300,0,0,347),(371,3,0,0,40,0,0,520,347),(372,1,30,0,0,200,0,0,348),(373,3,0,20,0,0,0,500,348),(374,1,35,0,0,200,0,0,350),(375,3,0,0,25,0,0,430,350),(376,1,40,0,0,300,0,0,349),(377,3,0,0,25,0,0,500,349),(378,1,20,0,0,120,0,0,352),(379,3,0,0,12,0,0,500,352),(380,3,0,0,3,0,0,700,353),(381,3,0,0,12,0,0,500,354),(382,3,0,0,5,0,0,500,355),(383,1,15,0,0,200,0,0,356),(384,3,0,0,35,0,0,500,356),(385,1,20,0,0,150,0,0,357),(386,3,0,0,35,0,0,450,357),(387,1,5,0,0,250,0,0,358),(388,3,0,0,6,0,0,520,358),(389,1,2,0,0,500,0,0,361),(390,3,1,0,0,900,0,0,361),(391,1,2,0,0,370,0,0,370),(392,3,0,2,0,0,400,0,370),(393,1,12,0,0,200,0,0,372),(394,3,0,0,10,0,0,350,372),(395,3,0,0,3,0,0,500,373),(396,1,10,0,0,150,0,0,374),(397,3,0,0,8,0,0,360,374),(398,1,10,0,0,200,0,0,376),(399,3,0,0,10,0,0,520,376),(400,3,0,0,18,0,0,500,377),(401,1,25,0,0,200,0,0,378),(402,3,0,0,30,0,0,500,378),(403,3,0,0,60,0,600,0,379),(404,3,0,0,12,0,0,500,380),(405,1,15,0,0,200,0,0,381),(406,3,0,0,20,0,0,500,381),(407,1,20,0,0,230,0,0,382),(408,3,0,0,43,0,0,670,382),(409,1,25,0,0,190,0,0,383),(410,3,0,0,30,0,0,500,383),(411,1,30,0,0,250,0,0,384),(412,3,0,0,20,0,0,500,384),(413,1,10,0,0,200,0,0,385),(414,3,0,0,5,0,0,500,385),(415,1,10,0,0,200,0,0,386),(416,3,0,0,15,0,0,500,386),(417,1,3,0,0,300,0,0,390),(418,1,30,0,0,200,0,0,391),(419,3,0,0,40,0,0,500,391),(420,1,30,0,0,200,0,0,395),(421,3,0,0,50,0,0,500,395),(422,1,80,0,250,0,0,0,396),(423,3,0,0,80,0,0,650,396),(424,1,25,0,0,200,0,0,397),(425,3,0,0,35,0,0,700,397),(426,3,0,0,18,0,0,500,398),(427,4,0,0,12,0,0,500,399),(428,1,25,0,0,200,0,0,400),(429,3,0,0,40,0,0,500,400),(430,1,30,0,0,200,0,0,401),(431,3,0,0,40,0,0,400,401),(432,1,45,0,0,200,0,0,402),(433,3,0,0,25,0,0,500,402),(434,1,30,0,0,250,0,0,403),(435,3,0,0,0.5,0,0,580,403),(436,1,5,0,0,250,0,0,406),(437,3,4,0,0,350,0,0,406),(438,3,2,0,0,100,0,0,408),(439,1,10,0,0,200,0,0,411),(440,3,0,0,10,0,0,500,411),(441,1,2,0,0,300,0,0,414),(442,3,1,0,0,800,0,0,414),(443,3,0,0,5,0,0,400,415),(444,3,10,0,0,900,0,0,417),(445,1,15,0,0,150,0,0,418),(446,3,0,0,90,0,0,500,418),(447,1,10,0,0,300,0,0,419),(448,1,1.5,0,0,200,0,0,420),(449,3,0,3,0,0,400,0,420),(450,3,3,0,0,600,0,0,421),(451,1,6,0,0,280,0,0,423),(452,3,0,0,6,0,0,750,423),(453,1,40,0,0,200,0,0,427),(454,3,0,0,45,0,0,500,427),(455,1,50,0,0,150,0,0,430),(456,3,0,0,45,0,0,500,430),(457,1,5,0,0,200,0,0,431),(458,1,15,0,0,290,0,0,434),(459,3,0,0,24,0,0,500,434),(460,3,1,0,0,600,0,0,436),(461,3,0,0,12,0,0,500,440),(462,3,0,0,12,0,0,500,441),(463,1,30,0,0,400,0,0,442),(464,1,50,0,0,200,0,0,445),(465,3,0,15,0,0,500,0,445),(466,2,6,0,0,150,0,0,447),(467,3,0,5,0,0,300,0,447),(468,1,12,0,0,200,0,0,448),(469,3,1,2,0,500,400,0,448),(470,1,15,0,0,200,0,0,449),(471,3,0,10,0,600,0,0,449),(472,1,7,0,0,300,0,0,452),(473,3,6,5,0,800,800,0,452),(474,3,3,5,0,500,350,0,453),(475,1,4,0,0,150,0,0,456),(476,3,0,10,0,0,450,0,456),(477,3,2,0,0,1400,0,0,457),(478,3,3,7,0,500,600,0,459),(479,1,2,0,0,300,0,0,460),(480,3,60,70,0,300,500,0,461),(481,3,7,0,0,500,0,0,462),(482,1,5,0,0,150,0,0,467),(483,1,1.5,0,0,300,0,0,468),(484,3,4,0,0,800,0,0,475),(485,1,4,0,0,200,0,0,483),(486,2,5,0,0,1,0,0,483),(487,3,4,10,0,400,450,0,483),(488,1,10,0,0,300,0,0,484),(489,3,6,10,0,300,500,0,484),(490,1,20,0,0,200,0,0,489),(491,1,22,0,0,200,0,0,491),(492,1,40,0,0,200,0,0,493),(493,3,0,10,0,400,0,0,493),(494,1,3,0,0,280,0,0,494),(495,3,9,4,0,500,600,0,495),(496,1,10,0,0,200,0,0,496),(497,3,0,5,0,0,400,0,496),(498,1,16,0,0,150,0,0,498),(499,3,0,5,0,600,0,0,498),(500,1,40,0,0,200,0,0,499),(501,3,4,0,0,500,0,0,499),(502,1,10,0,0,200,0,0,500),(503,3,0,15,0,0,500,0,500),(504,1,6,0,0,1050,0,0,501),(505,3,0,0,0,5000,0,0,501),(506,1,20,0,0,250,0,0,502),(507,3,35,40,0,300,300,0,502),(508,1,10,0,0,300,0,0,503),(509,3,10,10,700,700,0,0,503),(510,1,10,0,0,250,0,0,504),(511,3,15,16,0,400,400,0,504),(512,1,22,0,0,280,0,0,507),(513,3,0,11,0,0,400,0,507),(547,3,0,5,0,0,600,0,565),(546,1,40,0,0,280,0,0,563),(516,2,5,0,0,600,0,0,510),(517,3,6,0,0,600,0,0,511),(518,3,4,0,0,500,0,0,512),(519,3,0,6,0,400,0,0,513),(521,1,10,0,0,300,0,0,515),(522,3,0,18,0,0,400,0,515),(523,1,10,0,0,250,0,0,516),(524,3,5,15,0,240,300,0,516),(525,1,15,0,0,250,0,0,517),(526,2,0,4000,0,0,1.5,0,517),(527,3,25,20,0,400,350,0,517),(528,1,10,0,0,250,0,0,518),(529,2,3000,0,0,2,0,0,519),(530,3,5,8,0,400,400,0,519),(531,3,0,3,0,0,500,0,520),(532,1,5,0,0,200,0,0,525),(533,3,2,4,0,800,1000,0,527),(534,1,8,0,0,0,0,0,528),(535,3,0,6,0,0,600,0,528),(536,2,0,10,0,500,0,0,529),(537,1,5,0,0,350,0,0,533),(538,3,0,2,0,0,400,0,533),(539,1,15,0,0,250,0,0,544),(540,3,2,0,0,600,0,0,549),(541,1,3,0,0,250,0,0,553),(542,1,8,0,0,200,0,0,560),(543,3,0,35,0,600,0,0,560),(544,1,130,0,0,200,0,0,562),(545,3,0,40,0,0,600,0,562),(548,3,0,2,0,0,700,0,566),(549,1,30,0,0,200,0,0,567),(550,1,60,0,0,200,0,0,568),(551,3,0,3,0,0,600,0,568),(552,1,40,0,0,200,0,0,569),(553,3,0,13,0,0,500,0,569),(554,1,10,10,0,250,250,0,570),(555,3,15,15,0,600,600,0,570),(556,1,150,0,0,180,0,0,571),(557,3,40,110,0,450,500,0,572),(558,1,20,10,0,250,250,0,573),(559,3,15,15,0,500,500,0,573),(560,3,0,2,0,0,400,0,575),(561,1,30,0,0,280,0,0,576),(562,3,0,5,0,0,530,0,576),(563,1,100,0,0,300,0,0,577),(564,3,0,15,0,0,600,0,577),(565,1,10,0,0,180,0,0,578),(566,1,14,0,0,200,0,0,579),(567,1,20,0,0,200,0,0,580),(568,1,350,0,0,250,0,0,582),(569,3,0,110,0,0,650,0,582),(570,1,30,0,0,200,0,0,583),(571,1,60,0,0,300,0,0,585),(572,3,0,40,0,600,0,0,585),(573,1,150,0,0,200,0,0,587),(574,1,20,0,0,170,0,0,588),(575,3,0,30,0,0,450,0,588),(576,1,120,0,0,200,0,0,590),(577,3,0,40,0,0,500,0,590),(578,1,30,0,0,200,0,0,591),(579,3,0,10,0,0,600,0,591),(580,1,61,0,0,220,0,0,592),(581,3,0,8,0,500,0,0,593),(582,1,82,0,0,265,0,0,595),(583,3,20,0,0,500,0,0,595),(584,1,20,0,0,200,0,0,596),(585,3,0,2,0,0,800,0,596),(586,1,30,0,0,200,0,0,597),(587,1,55,0,0,220,0,0,598),(588,3,0,10,0,0,500,0,598),(589,1,100,0,0,220,0,0,599),(590,3,0,4,0,0,500,0,599),(591,1,40,0,0,300,0,0,600),(592,1,150,50,0,200,200,0,601),(593,3,0,10,0,0,60,0,601),(594,1,42,0,0,200,0,0,602),(595,3,0,7,0,0,600,0,602),(596,1,5,0,0,200,0,0,603),(597,3,12,18,0,900,600,0,603),(598,1,40,0,0,300,0,0,604),(599,3,0,35,0,0,400,0,604),(600,1,200,0,0,250,0,0,606),(601,3,0,4,0,0,600,0,606),(602,1,35,0,0,200,0,0,608),(603,3,0,7,0,0,500,0,608),(604,1,42,0,0,220,0,0,609),(605,3,0,6,0,0,600,0,609),(606,1,25,8,0,180,300,0,610),(607,3,0,130,0,600,0,0,610),(608,1,50,0,0,220,0,0,611),(609,3,0,20,0,650,0,0,611),(610,1,20,0,0,250,0,0,612),(611,3,0,20,0,0,600,0,612),(612,1,10,0,0,200,0,0,613),(613,3,0,6,0,0,450,0,613),(614,1,30,0,0,200,0,0,614),(615,2,0,18,0,0,500,0,614),(616,1,11,0,0,220,0,0,615),(617,3,0,5,0,0,500,0,615),(618,1,20,0,0,160,0,0,616),(619,1,150,0,0,200,0,0,617),(620,3,10,0,0,800,0,0,617),(621,1,250,0,0,200,0,0,618),(622,1,140,60,0,200,200,0,619),(623,3,0,0,15,0,0,500,619),(624,1,15,0,0,250,0,0,620),(625,3,10,13,0,400,300,0,620),(626,4,0,5,0,300,0,0,620),(627,3,0,40,0,0,600,0,600),(628,1,10,0,0,250,0,0,623),(631,1,38,0,0,220,0,0,627),(630,3,0,2,0,0,500,0,626),(632,3,0,20,0,0,0,0,627),(633,1,10,0,0,280,0,0,628),(634,3,0,30,0,0,600,0,628),(635,1,40,0,0,200,0,0,629),(636,3,0,3,0,450,0,0,629),(637,1,40,0,0,200,0,0,631),(638,1,13,0,0,280,0,0,632),(639,3,0,2,0,0,600,0,632),(640,1,10,0,0,80,0,0,633),(641,1,25,0,0,100,0,0,634),(642,3,0,6,0,800,0,0,634),(643,1,35,0,0,210,0,0,635),(644,3,0,8,0,0,480,0,635),(645,1,100,0,0,200,0,0,638),(646,3,0,25,0,0,400,0,638),(647,1,65,0,0,160,0,0,640),(648,3,0,15,0,0,500,0,640),(649,1,40,0,0,250,0,0,641),(650,3,0,3,0,0,650,0,641),(651,1,68,0,0,200,0,0,642),(652,3,0,4,0,0,600,0,642),(653,1,140,0,0,220,0,0,643),(654,3,0,18,0,0,500,0,643),(655,1,15,0,0,180,0,0,644),(656,3,0,2,0,650,0,0,644);
/*!40000 ALTER TABLE `ingresos_cultivosiperiodos` ENABLE KEYS */;
UNLOCK TABLES;

--
-- Table structure for table `ingresos_cultivosipermanentes`
--

DROP TABLE IF EXISTS `ingresos_cultivosipermanentes`;
/*!40101 SET @saved_cs_client     = @@character_set_client */;
/*!40101 SET character_set_client = utf8 */;
CREATE TABLE `ingresos_cultivosipermanentes` (
  `id` int(11) NOT NULL AUTO_INCREMENT,
  `cultivo_id` int(11) NOT NULL,
  `cuanto` double NOT NULL,
  `precio` double NOT NULL,
  `encuesta_id` int(11) NOT NULL,
  PRIMARY KEY (`id`),
  KEY `ingresos_cultivosipermanentes_9f97820b` (`cultivo_id`),
  KEY `ingresos_cultivosipermanentes_1de70ac4` (`encuesta_id`)
) ENGINE=MyISAM AUTO_INCREMENT=301 DEFAULT CHARSET=latin1;
/*!40101 SET character_set_client = @saved_cs_client */;

--
-- Dumping data for table `ingresos_cultivosipermanentes`
--

LOCK TABLES `ingresos_cultivosipermanentes` WRITE;
/*!40000 ALTER TABLE `ingresos_cultivosipermanentes` DISABLE KEYS */;
INSERT INTO `ingresos_cultivosipermanentes` VALUES (1,1,37,1100,3),(2,2,1.5,750,3),(3,1,25,1200,6),(4,3,12000,1.33,6),(5,1,38,900,7),(6,2,8,3000,7),(7,1,14,700,10),(8,2,15,700,10),(9,1,12,1200,9),(10,1,9,1200,12),(11,2,13,1000,12),(12,1,18,800,13),(13,2,50,7,13),(14,3,4,375,13),(15,1,3,600,14),(16,2,10,900,14),(17,1,30,1000,17),(18,2,1,750,23),(19,1,8,1200,24),(20,1,15,800,27),(21,1,6,600,37),(22,1,30,1150,38),(23,2,12,1030,38),(24,3,16000,1,38),(25,1,80,1250,42),(26,2,1.5,2000,42),(27,3,70,200,42),(28,4,100,13,42),(29,1,15,1200,44),(30,2,6,1050,44),(31,2,25,18,45),(32,3,40,2,46),(33,1,11,1200,48),(34,1,50,1000,49),(35,1,12,800,51),(36,2,5,700,51),(37,1,20,1200,52),(38,2,18,3000,52),(39,1,80,1225,53),(40,2,6,600,53),(41,3,19,200,53),(42,1,1,1500,55),(43,1,25,1200,56),(44,2,3,600,56),(45,1,100,1396,57),(46,4,50,15,57),(47,1,13,1200,60),(48,2,6,1200,60),(49,3,3000,1.5,60),(50,1,15,800,61),(51,2,30,1000,61),(52,2,24,1000,63),(53,1,30,1000,65),(54,1,40,800,66),(55,4,240,12,66),(56,1,35,800,69),(57,2,20,750,69),(58,1,140,1200,70),(59,1,40,1100,71),(60,1,15,1180,72),(61,2,1,7,72),(62,1,28,1250,73),(63,2,0.5,2000,73),(64,3,8,200,73),(65,1,13,1000,75),(66,1,10,1200,77),(67,2,0.4,500,77),(68,1,40,1000,78),(69,2,8,1030,78),(70,1,21,1000,81),(71,2,9,800,81),(72,3,2,200,81),(73,1,145,1300,85),(74,2,30,1000,85),(75,1,40,1250,89),(76,2,15,1000,89),(77,1,3,1100,91),(78,1,9,850,92),(79,4,100,40,93),(80,1,140,1200,97),(81,3,6000,1.5,97),(82,1,30,800,101),(83,1,14,1000,106),(84,1,9,1000,112),(85,1,12,1060,113),(86,1,15,700,118),(87,2,9,8,118),(88,1,200,1200,119),(89,2,55,1500,119),(90,3,40,200,119),(91,1,69,800,122),(92,1,8,800,123),(93,1,10,1000,125),(94,3,2,200,125),(95,1,120,1300,126),(96,2,31,1045,126),(97,1,29,1200,128),(98,1,40,1200,129),(99,3,3000,1,129),(100,4,10,30,129),(101,2,2,8.5,130),(102,1,7,1000,131),(103,3,1600,1,131),(104,1,17,1000,132),(105,1,220,1000,133),(106,2,1,12,134),(107,1,15,800,136),(108,1,48,1200,137),(109,2,1,1500,137),(110,1,150,1800,138),(111,1,22,1000,139),(112,1,12,900,140),(113,3,1500,1.5,140),(114,1,6,1200,141),(115,1,9,1100,142),(116,1,15,900,144),(117,1,8,1500,145),(118,1,40,1000,146),(119,1,8,1000,149),(120,2,3,1000,149),(121,4,50,20,149),(122,1,20,1000,151),(123,2,1.5,1200,151),(124,4,500,10,151),(125,1,25,800,152),(126,2,12,730,152),(127,3,12000,1.33,152),(128,1,6,1000,154),(129,2,10,1000,154),(130,1,18,900,157),(131,2,9,700,157),(132,1,2,1000,158),(133,1,36,1100,159),(134,1,18,1000,160),(135,2,3,750,160),(136,1,14,800,162),(137,1,8,900,168),(138,3,800,2,168),(139,1,8,600,169),(140,2,6,750,169),(141,1,50,600,170),(142,2,30,700,170),(143,2,50,850,172),(144,3,40,200,172),(145,1,20,1200,173),(146,2,16,770,173),(147,1,5,1100,177),(148,1,50,1150,178),(149,1,2,800,179),(150,1,20,1000,180),(151,1,12,1200,182),(152,2,12,800,186),(153,1,10,1000,187),(154,2,20,800,190),(155,1,120,1200,191),(156,3,5,200,191),(157,4,50,5,191),(158,1,10,1000,194),(159,1,10,1000,199),(160,1,80,1000,200),(161,1,20,1000,201),(162,1,10,1000,202),(163,1,28,1000,206),(164,2,70,800,207),(165,3,4000,1,207),(166,1,12,1200,208),(167,3,4000,2,211),(168,4,1000,1.5,214),(169,3,2000,2000,218),(170,4,1000,700,218),(171,1,4,900,231),(172,1,7,1150,244),(173,1,16,1100,249),(174,1,11,1200,250),(175,1,50,1000,271),(176,1,10,1200,280),(177,2,1,800,282),(178,1,60,1200,286),(179,1,9,950,288),(180,1,2,700,289),(181,1,40,1270,291),(182,1,25,1200,301),(183,1,35,850,304),(184,1,210,1200,305),(185,1,40,1100,307),(186,2,12,800,307),(187,3,10,280,307),(188,4,8,100,307),(189,2,10,850,311),(190,1,1,930,315),(191,1,20,1500,318),(192,3,3,200,319),(193,1,90,1000,322),(194,1,3,800,323),(195,1,2,1200,328),(196,2,10,800,332),(197,3,4600,1,332),(198,1,7,800,333),(199,1,20,1000,334),(200,2,3,1200,334),(201,1,32,850,335),(202,1,20,900,338),(203,2,2,600,338),(204,1,5,1100,343),(205,1,70,1200,344),(206,2,0.5,1500,344),(207,1,5,900,345),(208,1,4,900,346),(209,1,42,1200,347),(210,1,15,800,350),(211,1,8,1800,354),(212,1,2,900,356),(213,1,30,1200,374),(214,4,10,200,374),(215,2,60,35,375),(216,1,29,1000,376),(217,1,10,1500,378),(218,3,1000,1.5,378),(219,1,60,1150,380),(220,1,15,1200,381),(221,1,2,1100,382),(222,1,40,1000,384),(223,1,15,1000,385),(224,1,15,900,386),(225,1,30,600,391),(226,1,50,1200,395),(227,1,4,1000,396),(228,3,10,2000,396),(229,1,40,900,397),(230,1,8,1100,398),(231,2,20,2500,399),(232,1,1,900,401),(233,1,40,2500,404),(234,1,3,800,427),(235,1,65,1150,434),(236,3,15,200,434),(237,1,23,1000,438),(238,2,3,750,438),(239,1,23,1000,440),(240,2,3,750,440),(241,1,5,1100,453),(242,1,8,8800,457),(243,1,12,1150,459),(244,3,5000,2,459),(245,4,10,50,460),(246,1,20,1800,461),(247,4,10,30,462),(248,1,1,2000,482),(249,3,20,30,482),(250,4,50,20,482),(251,1,5,1000,483),(252,4,10,40,484),(253,3,15,20,486),(254,1,1,2800,497),(255,1,1,1000,503),(256,1,0.5,1000,504),(257,4,20,10,504),(280,3,10000,1,567),(259,1,6,1500,512),(260,1,10,2000,517),(261,1,20,1500,519),(262,3,1000,1,519),(263,1,4,1700,520),(264,4,50,20,520),(265,3,100,1,521),(266,4,10,15,521),(267,1,11,2200,537),(268,3,600,600,537),(269,4,20,25,537),(270,1,8,2000,542),(271,3,10,20,542),(272,1,44,2600,543),(273,1,21,2500,545),(274,3,1500,0.5,545),(275,4,10,15,545),(276,1,4,2000,546),(277,1,32,2500,547),(278,3,1000,0.5,547),(279,1,12,2200,550),(281,1,15,1050,572),(282,1,16,1100,575),(283,1,4,500,576),(284,1,55,1500,577),(285,3,1500,1,594),(286,1,12,1200,604),(287,3,8000,1,607),(288,1,15,1000,610),(289,1,35,1500,612),(290,4,100,10,612),(291,1,20,1250,617),(292,4,45,3,620),(293,1,6,1000,621),(294,1,88,1281,624),(300,1,40,2500,634),(299,3,10000,0.8,628),(297,2,1.5,1200,626),(298,3,6000,1,626);
/*!40000 ALTER TABLE `ingresos_cultivosipermanentes` ENABLE KEYS */;
UNLOCK TABLES;

--
-- Table structure for table `ingresos_fuentes`
--

DROP TABLE IF EXISTS `ingresos_fuentes`;
/*!40101 SET @saved_cs_client     = @@character_set_client */;
/*!40101 SET character_set_client = utf8 */;
CREATE TABLE `ingresos_fuentes` (
  `id` int(11) NOT NULL AUTO_INCREMENT,
  `nombre` varchar(200) NOT NULL,
  `clasificacion` int(11) NOT NULL,
  PRIMARY KEY (`id`)
) ENGINE=MyISAM AUTO_INCREMENT=14 DEFAULT CHARSET=latin1;
/*!40101 SET character_set_client = @saved_cs_client */;

--
-- Dumping data for table `ingresos_fuentes`
--

LOCK TABLES `ingresos_fuentes` WRITE;
/*!40000 ALTER TABLE `ingresos_fuentes` DISABLE KEYS */;
INSERT INTO `ingresos_fuentes` VALUES (1,'Agricultura',1),(2,'Ganado mayor',1),(3,'Ganado menor',1),(4,'Lácteos, huevos, miel ',1),(5,'Productos procesados... excepto lácteos',7),(6,'Pulpería, venta',2),(7,'Actividades comerciales: no incluye la venta de producción familiar',2),(8,'Venta de leña, madera y otros productos forestales',3),(9,'Trabajo asalariado (jornal y otros empleos no calificados)',4),(10,'Trabajo asalariado (empleos calificados): maestra, enfermeras, contador, etc.',4),(11,'Remesas familiares (originadas en el pais o en el exterior)',5),(12,'Alquiler de tierras, casas, otros alquileres (incluye bueyes para arar)',6),(13,'Otros: costura, artesanía',7);
/*!40000 ALTER TABLE `ingresos_fuentes` ENABLE KEYS */;
UNLOCK TABLES;

--
-- Table structure for table `ingresos_ganados`
--

DROP TABLE IF EXISTS `ingresos_ganados`;
/*!40101 SET @saved_cs_client     = @@character_set_client */;
/*!40101 SET character_set_client = utf8 */;
CREATE TABLE `ingresos_ganados` (
  `id` int(11) NOT NULL AUTO_INCREMENT,
  `nombre` varchar(200) NOT NULL,
  PRIMARY KEY (`id`)
) ENGINE=MyISAM AUTO_INCREMENT=12 DEFAULT CHARSET=latin1;
/*!40101 SET character_set_client = @saved_cs_client */;

--
-- Dumping data for table `ingresos_ganados`
--

LOCK TABLES `ingresos_ganados` WRITE;
/*!40000 ALTER TABLE `ingresos_ganados` DISABLE KEYS */;
INSERT INTO `ingresos_ganados` VALUES (1,'Vacas  paridas'),(2,'Vacas  horras y vaquillas'),(3,'Terneros y Novillos'),(4,'Semental'),(5,'Bueyes'),(6,'Equinos, asnos, mulas'),(7,'Aves'),(8,'Cerdos'),(9,'Pelibuey/Cabros'),(10,'Peces'),(11,'Colmenas');
/*!40000 ALTER TABLE `ingresos_ganados` ENABLE KEYS */;
UNLOCK TABLES;

--
-- Table structure for table `ingresos_ihortalizas`
--

DROP TABLE IF EXISTS `ingresos_ihortalizas`;
/*!40101 SET @saved_cs_client     = @@character_set_client */;
/*!40101 SET character_set_client = utf8 */;
CREATE TABLE `ingresos_ihortalizas` (
  `id` int(11) NOT NULL AUTO_INCREMENT,
  `hortaliza_id` int(11) NOT NULL,
  `cuanto` double NOT NULL,
  `precio` double NOT NULL,
  `equivalencias` double NOT NULL,
  `encuesta_id` int(11) NOT NULL,
  PRIMARY KEY (`id`),
  KEY `ingresos_ihortalizas_83421b3d` (`hortaliza_id`),
  KEY `ingresos_ihortalizas_1de70ac4` (`encuesta_id`)
) ENGINE=MyISAM AUTO_INCREMENT=27 DEFAULT CHARSET=latin1;
/*!40101 SET character_set_client = @saved_cs_client */;

--
-- Dumping data for table `ingresos_ihortalizas`
--

LOCK TABLES `ingresos_ihortalizas` WRITE;
/*!40000 ALTER TABLE `ingresos_ihortalizas` DISABLE KEYS */;
INSERT INTO `ingresos_ihortalizas` VALUES (1,10,50,40,2000,31),(2,11,25,40,1000,31),(3,1,25,120,3000,46),(4,1,10,250,0,57),(5,2,10,200,0,129),(6,1,300,25,0,207),(7,2,60,250,0,207),(8,10,100,5,500,218),(9,1,5,1000,5000,417),(10,3,50,31,150,417),(11,5,30,3,150,417),(12,8,30,7,210,417),(13,11,5,35,175,460),(14,4,15,5,60,462),(15,3,15,12,180,466),(16,4,50,2,100,466),(17,10,30,20,600,484),(18,1,20,5,100,503),(19,2,60,2,120,503),(20,9,800,3,2400,517),(21,10,50,5,250,519),(22,2,20,12,240,520),(23,6,20,10,200,520),(24,1,14,500,7000,541),(25,1,100,200,0,567),(26,2,35,150,0,567);
/*!40000 ALTER TABLE `ingresos_ihortalizas` ENABLE KEYS */;
UNLOCK TABLES;

--
-- Table structure for table `ingresos_ingresoganado`
--

DROP TABLE IF EXISTS `ingresos_ingresoganado`;
/*!40101 SET @saved_cs_client     = @@character_set_client */;
/*!40101 SET character_set_client = utf8 */;
CREATE TABLE `ingresos_ingresoganado` (
  `id` int(11) NOT NULL AUTO_INCREMENT,
  `ganado_id` int(11) NOT NULL,
  `vendidos` int(11) NOT NULL,
  `valor` double NOT NULL,
  `encuesta_id` int(11) NOT NULL,
  PRIMARY KEY (`id`),
  KEY `ingresos_ingresoganado_589ecc6e` (`ganado_id`),
  KEY `ingresos_ingresoganado_1de70ac4` (`encuesta_id`)
) ENGINE=MyISAM AUTO_INCREMENT=427 DEFAULT CHARSET=latin1;
/*!40101 SET character_set_client = @saved_cs_client */;

--
-- Dumping data for table `ingresos_ingresoganado`
--

LOCK TABLES `ingresos_ingresoganado` WRITE;
/*!40000 ALTER TABLE `ingresos_ingresoganado` DISABLE KEYS */;
INSERT INTO `ingresos_ingresoganado` VALUES (1,8,1,900,3),(2,8,1,2500,5),(3,7,2,100,6),(4,8,4,1400,6),(5,7,10,3000,7),(6,7,15,100,10),(7,7,5,80,12),(8,7,7,100,17),(9,8,1,1800,17),(10,2,2,4000,21),(11,3,2,3000,21),(12,8,1,600,22),(13,8,6,300,24),(14,7,2,100,24),(15,8,2,720,28),(16,3,1,4900,29),(17,8,3,6100,29),(18,3,2,2000,32),(19,2,1,5000,33),(20,3,1,1200,36),(21,3,1,3000,42),(22,2,1,3000,43),(23,5,1,6000,43),(24,3,1,2700,47),(25,7,3,300,47),(26,8,1,800,47),(27,1,4,1750,48),(28,2,2,4750,48),(29,8,2,200,50),(30,7,10,100,51),(31,2,2,3500,52),(32,3,2,2500,52),(33,7,10,80,52),(34,8,1,1600,52),(35,7,15,100,53),(36,8,13,300,53),(37,1,1,4000,54),(38,8,2,1000,54),(39,2,1,5000,55),(40,3,2,3000,55),(41,8,2,200,59),(42,7,10,70,69),(43,8,4,800,69),(44,8,1,2800,70),(45,1,2,3500,76),(46,7,4,100,76),(47,8,1,1200,77),(48,7,3,80,78),(49,8,1,800,78),(50,3,3,2500,79),(51,7,4,100,82),(52,7,6,30,84),(53,8,1,1275,84),(54,1,2,5000,85),(55,3,2,2500,85),(56,3,3,3000,86),(57,1,1,7000,89),(58,3,2,4500,89),(59,7,5,100,89),(60,8,2,775,89),(61,3,12,3500,90),(62,7,10,90,91),(63,3,1,3500,92),(64,7,5,100,92),(65,3,10,3000,93),(66,8,2,1000,93),(67,1,1,4500,95),(68,3,2,1000,95),(69,7,4,100,95),(70,3,2,3000,97),(71,6,1,3800,97),(72,7,5,500,104),(73,8,1,670,104),(74,3,2,4500,109),(75,7,2,50,118),(76,8,1,1,118),(77,3,2,3000,119),(78,6,1,18000,119),(79,3,1,3000,125),(80,7,5,80,125),(81,7,5,100,126),(82,8,1,1300,126),(83,7,10,100,127),(84,9,1,550,128),(85,3,3,2500,129),(86,7,6,1000,129),(87,8,1,1800,129),(88,8,1,1300,131),(89,3,2,2000,132),(90,8,2,2000,132),(91,3,1,1300,133),(92,7,4,100,133),(93,1,1,4000,134),(94,3,1,2500,134),(95,8,1,1000,137),(96,2,1,3000,138),(97,3,1,2800,138),(98,2,2,3875,139),(99,3,1,4400,139),(100,8,5,300,140),(101,2,2,5000,143),(102,3,12,2500,145),(103,1,9,450,147),(104,2,2,6500,149),(105,8,1,1300,149),(106,7,5,500,152),(107,8,2,4300,152),(108,7,5,100,154),(109,8,1,2000,154),(110,8,3,1000,156),(111,2,1,6000,157),(112,7,20,80,157),(113,8,8,1000,157),(114,8,1,750,158),(115,2,1,3000,159),(116,8,1,2000,159),(117,8,1,400,161),(118,2,1,3500,163),(119,3,1,2500,163),(120,7,4,100,164),(121,3,1,3500,165),(122,7,15,100,165),(123,3,1,4000,166),(124,7,4,100,166),(125,8,2,3000,171),(126,7,10,100,173),(127,8,1,1600,176),(128,7,7,90,177),(129,8,1,700,177),(130,2,4,5100,178),(131,3,2,2000,178),(132,8,9,300,178),(133,7,5,80,179),(134,8,1,1000,180),(135,8,2,900,182),(136,2,1,5000,167),(137,4,2,7000,167),(138,3,3,6666.67,186),(139,8,2,1500,186),(140,6,1,2000,188),(141,7,18,100,188),(142,7,15,100,189),(143,2,1,6000,190),(144,3,4,3000,190),(145,7,11,100,192),(146,6,1,3000,193),(147,8,3,1000,193),(148,2,1,3000,194),(149,8,1,500,194),(150,7,10,100,195),(151,7,12,100,198),(152,1,1,4500,201),(153,7,20,100,201),(154,2,8,5500,207),(155,3,8,2000,207),(156,8,1,1000,208),(157,1,2,12000,212),(158,8,1,1000,215),(159,1,1,7300,216),(160,7,20,100,220),(161,7,10,120,222),(162,8,7,300,222),(163,7,4,4,224),(164,7,2,800,226),(165,1,1,6000,227),(166,3,1,4000,232),(167,8,1,1200,232),(168,8,1,600,235),(169,7,3,100,236),(170,7,3,100,239),(171,7,6,100,240),(172,1,2,10000,241),(173,2,1,7000,241),(174,7,15,100,241),(175,7,10,80,242),(176,7,5,80,246),(177,8,2,1200,246),(178,2,1,4000,247),(179,3,1,2000,247),(180,3,1,2700,248),(181,8,1,800,250),(182,3,3,3000,252),(183,7,2,240,254),(184,2,1,5000,255),(185,3,1,2500,255),(186,7,5,100,255),(187,8,1,1500,255),(188,7,4,80,265),(189,7,10,100,268),(190,8,1,1000,268),(191,8,1,2000,274),(192,1,3,6000,275),(193,2,1,5000,275),(194,3,1,4500,275),(195,7,15,100,275),(196,7,20,100,280),(197,2,1,5000,282),(198,8,1,1200,282),(199,1,1,3000,286),(200,3,2,2000,286),(201,7,6,100,287),(202,8,1,1100,287),(203,3,9,1500,289),(204,7,5,100,289),(205,8,2,1500,289),(206,3,1,2500,292),(207,2,3,2750,293),(208,7,4,0,297),(209,8,2,700,299),(210,2,1,5000,304),(211,7,8,80,304),(212,8,2,700,304),(213,7,35,90,307),(214,7,20,60,308),(215,2,2,4500,313),(216,7,20,100,314),(217,8,2,1725,314),(218,9,1,500,314),(219,2,2,5000,315),(220,1,6,10000,318),(221,7,15,100,319),(223,7,4,100,321),(224,2,1,7000,322),(225,3,6,3833,322),(226,2,1,4000,323),(227,3,1,2500,323),(228,7,5,100,323),(229,7,8,100,325),(230,7,2,80,328),(231,3,1,2000,329),(232,7,15,60,330),(233,1,2,4000,331),(234,2,1,6000,332),(235,3,2,4500,332),(236,3,2,3000,337),(237,7,15,100,338),(238,8,3,1200,338),(239,3,1,4000,344),(240,7,4,50,344),(241,8,7,350,345),(242,1,2,4500,346),(243,1,1,9500,347),(244,3,2,4000,347),(245,7,4,100,350),(246,8,1,1800,350),(247,3,4,2700,349),(248,7,12,120,349),(249,8,2,1800,355),(250,7,3,80,356),(251,8,1,900,356),(252,7,5,90,357),(253,7,2,90,372),(254,1,1,5000,373),(255,8,3,350,374),(256,1,2,4500,378),(257,7,10,100,378),(258,8,3,2000,378),(259,2,3,3233.34,379),(260,8,6,300,379),(261,7,20,100,381),(262,8,1,1200,381),(263,1,1,5800,382),(264,3,3,3200,382),(265,8,1,900,382),(266,7,20,100,386),(267,8,1,900,386),(268,8,2,600,387),(269,7,5,80,389),(270,1,1,4000,391),(271,8,1,4000,393),(272,7,10,100,394),(273,8,1,800,394),(274,2,40,5000,399),(275,4,20,8000,399),(276,8,8,1000,399),(277,3,2,2250,401),(278,8,2,1600,401),(279,3,3,2500,402),(280,7,3,100,402),(281,8,2,950,402),(282,2,2,3900,403),(283,7,2,100,407),(284,8,4,250,407),(285,7,10,50,408),(286,8,1,1000,410),(287,8,1,1000,413),(288,8,2,750,415),(289,7,4,100,417),(290,9,3,400,417),(291,7,1,80,420),(292,8,1,600,420),(293,7,4,95,423),(294,1,2,8500,434),(295,3,1,2500,434),(296,7,4,80,436),(297,7,15,100,438),(298,8,3,1666.67,438),(299,7,15,100,440),(300,8,3,1666.67,440),(301,7,2,2,442),(302,3,1,3500,447),(303,7,3,100,452),(304,3,1,3300,456),(305,8,1,1950,459),(306,2,2,5000,460),(307,3,1,2000,460),(308,8,2,2000,460),(309,8,1,2300,461),(310,3,1,3000,464),(311,4,1,3000,464),(312,8,6,400,464),(313,7,4,100,467),(314,4,1,5000,469),(315,8,2,1450,470),(316,7,5,100,472),(317,8,1,1800,474),(318,8,1,1800,478),(319,3,1,3000,481),(320,7,10,100,481),(321,4,1,5000,485),(322,6,1,1500,485),(323,8,1,1000,487),(324,7,3,100,488),(325,7,10,30,490),(326,8,1,1000,494),(327,3,1,2000,497),(328,7,2,8,498),(329,8,1,600,498),(330,7,15,1772,501),(331,3,2,3000,502),(332,8,1,1200,502),(333,7,2,80,503),(334,7,2,100,505),(335,8,1,3000,507),(366,2,1,4000,563),(337,3,1,2000,509),(338,7,2,700,509),(339,7,1,1000,510),(340,6,10,80,511),(341,7,6,80,512),(342,8,2,1000,512),(343,7,5,100,517),(344,8,1,2000,517),(345,7,10,100,518),(346,7,10,1000,519),(347,7,15,100,520),(348,8,3,0,520),(349,7,8,150,521),(350,9,2,500,521),(351,5,1,15000,529),(352,8,2,800,530),(353,2,1,4000,531),(354,8,12,300,531),(355,3,1,3000,534),(356,8,1,1000,544),(357,8,4,500,547),(358,1,1,3000,548),(359,8,1,1000,553),(360,2,1,7000,554),(361,8,1,400,556),(362,7,1,100,557),(363,7,15,60,558),(364,3,1,1800,561),(365,7,4,100,564),(367,8,2,1000,568),(368,7,6,100,570),(369,1,3,7000,573),(370,3,2,3000,573),(371,4,1,10000,573),(372,2,2,4000,574),(373,7,10,100,576),(374,8,3,866.66,576),(375,2,6,5000,577),(376,3,4,2000,577),(377,4,1,6000,577),(378,8,4,1750,577),(379,7,20,70,582),(380,8,2,725,582),(381,8,2,1000,586),(382,8,1,1300,587),(383,8,1,1800,588),(384,8,6,300,591),(385,8,5,780,596),(386,8,2,1150,598),(387,1,2,3000,601),(388,3,5,2500,601),(389,8,2,3900,601),(390,7,4,100,602),(391,7,10,100,603),(392,7,9,50,604),(393,3,1,2000,606),(394,7,10,65,607),(395,8,2,650,607),(396,7,4,100,608),(397,8,1,3000,608),(398,7,4,80,609),(399,8,3,1933.33,609),(400,6,2,3000,610),(401,8,7,1142.85,610),(402,2,2,4000,611),(403,2,4,6000,612),(404,7,10,50,612),(405,5,1,11000,614),(406,8,4,750,618),(407,7,6,600,620),(408,7,10,100,600),(409,8,4,2250,600),(412,1,3,4000,628),(411,8,8,300,626),(413,8,2,1000,628),(414,2,2,4000,630),(415,4,1,5000,630),(416,8,1,1100,635),(417,1,1,4250,636),(418,5,2,10000,636),(419,8,1,1480,636),(420,3,1,3500,637),(421,7,5,80,637),(422,8,1,4100,638),(423,7,3,100,639),(424,8,4,400,641),(425,7,4,320,643),(426,8,1,700,188);
/*!40000 ALTER TABLE `ingresos_ingresoganado` ENABLE KEYS */;
UNLOCK TABLES;

--
-- Table structure for table `ingresos_ingresopatio`
--

DROP TABLE IF EXISTS `ingresos_ingresopatio`;
/*!40101 SET @saved_cs_client     = @@character_set_client */;
/*!40101 SET character_set_client = utf8 */;
CREATE TABLE `ingresos_ingresopatio` (
  `id` int(11) NOT NULL AUTO_INCREMENT,
  `invierno` double NOT NULL,
  `verano` double NOT NULL,
  `encuesta_id` int(11) NOT NULL,
  PRIMARY KEY (`id`),
  KEY `ingresos_ingresopatio_1de70ac4` (`encuesta_id`)
) ENGINE=MyISAM AUTO_INCREMENT=22 DEFAULT CHARSET=latin1;
/*!40101 SET character_set_client = @saved_cs_client */;

--
-- Dumping data for table `ingresos_ingresopatio`
--

LOCK TABLES `ingresos_ingresopatio` WRITE;
/*!40000 ALTER TABLE `ingresos_ingresopatio` DISABLE KEYS */;
INSERT INTO `ingresos_ingresopatio` VALUES (1,3000,0,31),(2,0,6200,46),(3,500,0,78),(4,0,9950,93),(5,0,3500,148),(6,400,0,166),(7,0,1500,182),(8,200,0,300),(9,0,5510,417),(10,4000,0,430),(11,0,1350,454),(12,295,500,460),(13,4030,0,466),(14,450,0,468),(15,5000,0,484),(16,200,200,503),(17,250,0,519),(18,0,440,520),(19,500,700,521),(20,200,500,532),(21,275,275,556);
/*!40000 ALTER TABLE `ingresos_ingresopatio` ENABLE KEYS */;
UNLOCK TABLES;

--
-- Table structure for table `ingresos_lactios`
--

DROP TABLE IF EXISTS `ingresos_lactios`;
/*!40101 SET @saved_cs_client     = @@character_set_client */;
/*!40101 SET character_set_client = utf8 */;
CREATE TABLE `ingresos_lactios` (
  `id` int(11) NOT NULL AUTO_INCREMENT,
  `producto_id` int(11) NOT NULL,
  `invierno_precio` double NOT NULL,
  `verano_precio` double NOT NULL,
  `encuesta_id` int(11) NOT NULL,
  `cantidad_invi` double NOT NULL,
  `cantidad_vera` double NOT NULL,
  PRIMARY KEY (`id`),
  KEY `ingresos_lactios_2d3cc3fc` (`producto_id`),
  KEY `ingresos_lactios_1de70ac4` (`encuesta_id`)
) ENGINE=MyISAM AUTO_INCREMENT=184 DEFAULT CHARSET=latin1;
/*!40101 SET character_set_client = @saved_cs_client */;

--
-- Dumping data for table `ingresos_lactios`
--

LOCK TABLES `ingresos_lactios` WRITE;
/*!40000 ALTER TABLE `ingresos_lactios` DISABLE KEYS */;
INSERT INTO `ingresos_lactios` VALUES (1,3,1.66,1.66,6,8,8),(2,3,20,0,7,144,0),(3,3,2,2,8,2,2),(4,3,2,2,15,3,3),(5,2,20,0,17,60,0),(6,1,6,0,21,1,0),(7,3,2,2,22,4,4),(8,3,2,2,28,360,360),(9,3,2,0,36,3,0),(10,3,2,2,43,3,2),(11,3,0,20,45,0,12),(12,3,2,2,47,5,3),(13,3,0,20,53,0,75),(14,1,10,0,55,3,0),(15,1,0,2,62,0,18),(16,1,10,10,64,5,5),(17,1,6,6,77,3,5),(18,2,18,0,78,30,0),(19,2,20,2,86,2,20),(20,2,2,2,90,20,20),(21,1,7,7,93,3,3),(22,1,2,0,94,8,0),(23,2,15,0,97,2,0),(24,3,0,2,100,0,60),(25,2,20,20,109,3,3),(26,3,2,2,120,10,12),(27,3,2.5,2.5,124,1080,1800),(28,1,6,0,129,20,0),(29,3,1.5,2,135,72,120),(30,3,1,1,138,4320,3000),(31,1,5,0,139,720,0),(32,1,6,0,143,6,0),(33,2,20,25,145,9,7),(34,2,20,20,147,1.5,1),(35,1,8,8,148,2,2),(36,3,1.25,1.25,157,1,1),(37,1,6,7,159,900,500),(38,2,20,30,163,3,1),(39,3,20,20,164,60,90),(40,1,5,20,165,7,2),(41,3,2,0,166,10,0),(42,3,2,0,171,24,24),(43,3,1.6,1.6,177,24,50),(44,3,20,20,178,12,12),(45,2,0,25,167,0,1),(46,2,16,20,186,900,800),(47,1,5,6,190,7200,3000),(48,3,700,500,198,2,2),(49,1,5,7,207,7200,3000),(50,3,2.5,2.5,209,1800,1800),(51,3,2,2,215,3,3),(52,3,2,0,220,1,0),(53,3,1.5,1.5,222,180,180),(54,1,10,10,225,1,1),(55,1,8,10,227,10,5),(56,3,2.5,2.5,232,3,3),(57,3,2,2,235,2,2),(58,1,8,8,239,0.5,0.5),(59,3,2,2,240,4,4),(60,3,1.5,1.5,242,6,6),(61,3,20,20,246,144,144),(62,3,2,1,256,72,72),(63,1,6,0,255,540,0),(64,3,200,100,268,2,2),(65,3,2,2,274,72,72),(66,3,2.5,2.5,279,280,280),(67,3,600,400,280,2,2),(68,1,6,10,287,3,12),(69,1,6,9,289,30,20),(70,3,2,2,290,3,6),(71,1,6,6,291,60,40),(72,2,20,20,293,2,2),(73,3,1.6,1.6,299,920,1000),(74,3,1.3,1.3,304,144,200),(75,3,1.7,1.7,307,800,1000),(76,3,600,400,311,2,2),(77,3,1.6,1.6,314,624,786),(78,2,20,20,315,90,45),(79,3,1.6,1.6,319,360,400),(160,1,0,0,539,16,8),(81,3,2,2,321,100,20),(82,2,18,18,323,360,180),(83,2,18,0,324,100,0),(84,3,2,2,325,180,180),(85,1,0,5,332,0,1100),(86,1,5,5,337,25,25),(87,3,24,24,338,12,12),(88,3,2,2,345,500,300),(89,1,7,7,349,1,1),(90,2,16,16,352,2,2),(91,3,2,2,353,1800,1000),(92,4,60,0,354,140,0),(93,3,0,2,355,0,1000),(94,3,144,100,378,2,2),(95,1,0,0,379,20,12),(96,2,0,0,379,7,4),(97,3,0,0,379,6,10),(98,1,5.5,7,382,30,20),(99,3,0,0,383,3,5),(100,3,0,2,387,0,300),(101,3,2,2,389,24,24),(102,1,5.5,6.5,399,60,40),(103,2,480,350,403,15,20),(104,2,20,20,413,120,100),(105,3,2.5,2.5,417,48,24),(106,3,1.6,1.6,423,24,24),(107,3,1.5,1.5,430,1000,1500),(108,1,7,0,435,10,0),(109,3,2,2,438,160,160),(110,3,2,2,440,160,160),(111,3,1.66,1.66,441,24,2),(112,3,2,2,442,20,20),(113,3,2,0,17,228,0),(114,3,2,2,447,180,180),(115,3,0,2.5,448,0,200),(116,2,16,0,452,200,0),(117,3,2,2,453,1,1),(118,3,2,0,129,12,0),(119,1,7,0,461,2,0),(120,3,2,2,461,6,9),(121,2,20,0,78,12,0),(122,1,8,8,481,20,15),(123,3,1.2,1.5,186,800,800),(124,3,1.66,1.66,255,1000,500),(125,3,2,2,484,2,2),(126,2,20,20,337,3,3),(127,2,20,20,349,5,5),(128,3,24,24,349,12,12),(129,3,1.5,1.5,352,1,1),(130,3,2,2,489,12,1),(131,3,2,2,490,160,160),(132,3,2,2,501,886,886),(133,1,5,7,502,12,9),(134,2,20,25,502,4,3),(135,1,7,0,503,2,0),(136,3,2,2,503,36,36),(137,1,5,8,504,50,25),(138,3,2,2,504,12,12),(139,1,7,8,507,3,3),(140,3,2,2,512,1152,1728),(141,1,6,8,515,25,25),(142,3,3,3,515,1728,1152),(143,3,2,2,517,0,5),(144,3,2,2,518,3,3),(145,3,2,2,519,7,9),(146,3,2,2,520,6,5),(147,3,0,2,521,0,11),(148,3,2,2,529,1152,2880),(149,3,2,2,90,3,3),(150,2,20,5,93,10,20),(151,3,5,5,93,2,2),(152,2,20,20,94,2,2),(153,3,2,2,94,3,3),(154,3,2,2.5,145,20,20),(155,3,2,2,148,20,20),(156,3,2,2,530,1,1),(157,3,1,1,531,1,1),(158,3,2,2,533,1,1),(159,3,24,24,536,1,0),(161,3,2,2,539,150,150),(162,3,24,24,549,2,2),(163,1,7,9,561,60,30),(164,3,20,20,561,7,7),(165,3,1.5,1.5,570,144,144),(166,2,12,20,574,60,40),(167,2,15,20,577,180,100),(168,3,2,2,582,720,750),(169,3,2160,2160,591,2,2),(170,1,5,5,601,8,8),(171,2,15,20,601,3,3),(172,3,1.25,1.25,601,24,24),(173,3,1.5,0,603,144,0),(174,3,1.5,1.5,604,100,200),(175,3,2,2,610,144,144),(176,3,2,2,611,144,144),(177,3,2,20,612,288,288),(178,2,20,20,624,90,90),(181,3,1.66,1.66,630,12,12),(180,3,1.6,1.5,626,216,120),(182,3,288,288,637,2,2),(183,3,1.5,1.5,639,120,120);
/*!40000 ALTER TABLE `ingresos_lactios` ENABLE KEYS */;
UNLOCK TABLES;

--
-- Table structure for table `ingresos_otrasactividades`
--

DROP TABLE IF EXISTS `ingresos_otrasactividades`;
/*!40101 SET @saved_cs_client     = @@character_set_client */;
/*!40101 SET character_set_client = utf8 */;
CREATE TABLE `ingresos_otrasactividades` (
  `id` int(11) NOT NULL AUTO_INCREMENT,
  `nombre` varchar(200) NOT NULL,
  PRIMARY KEY (`id`)
) ENGINE=MyISAM AUTO_INCREMENT=12 DEFAULT CHARSET=latin1;
/*!40101 SET character_set_client = @saved_cs_client */;

--
-- Dumping data for table `ingresos_otrasactividades`
--

LOCK TABLES `ingresos_otrasactividades` WRITE;
/*!40000 ALTER TABLE `ingresos_otrasactividades` DISABLE KEYS */;
INSERT INTO `ingresos_otrasactividades` VALUES (1,'Pulpería, venta'),(2,'Actividades comerciales'),(3,'Jornal agropecuario'),(4,'Corte de café en el pais'),(5,'Corte fuera del país'),(6,'Empleos no-calificados no agropecuario'),(7,'Empleos calificados'),(8,'Alquiles de tierras o casas'),(9,'Alquiler de animales'),(10,'Remesas mas lo que trae'),(11,'Leñas y otros forestales');
/*!40000 ALTER TABLE `ingresos_otrasactividades` ENABLE KEYS */;
UNLOCK TABLES;

--
-- Table structure for table `ingresos_otrosingresos`
--

DROP TABLE IF EXISTS `ingresos_otrosingresos`;
/*!40101 SET @saved_cs_client     = @@character_set_client */;
/*!40101 SET character_set_client = utf8 */;
CREATE TABLE `ingresos_otrosingresos` (
  `id` int(11) NOT NULL AUTO_INCREMENT,
  `actividad_id` int(11) NOT NULL,
  `mayo` double NOT NULL,
  `junio` double NOT NULL,
  `julio` double NOT NULL,
  `agosto` double NOT NULL,
  `septiembre` double NOT NULL,
  `octubre` double NOT NULL,
  `noviembre` double NOT NULL,
  `diciembre` double NOT NULL,
  `enero` double NOT NULL,
  `febrero` double NOT NULL,
  `marzo` double NOT NULL,
  `abril` double NOT NULL,
  `encuesta_id` int(11) NOT NULL,
  PRIMARY KEY (`id`),
  KEY `ingresos_otrosingresos_761ba4b0` (`actividad_id`),
  KEY `ingresos_otrosingresos_1de70ac4` (`encuesta_id`)
) ENGINE=MyISAM AUTO_INCREMENT=501 DEFAULT CHARSET=latin1;
/*!40101 SET character_set_client = @saved_cs_client */;

--
-- Dumping data for table `ingresos_otrosingresos`
--

LOCK TABLES `ingresos_otrosingresos` WRITE;
/*!40000 ALTER TABLE `ingresos_otrosingresos` DISABLE KEYS */;
INSERT INTO `ingresos_otrosingresos` VALUES (1,10,750,750,750,750,750,750,750,750,750,750,750,750,2),(2,6,250,250,250,250,250,250,250,250,250,250,250,250,4),(3,3,150,150,150,150,150,150,150,150,150,150,150,150,8),(4,10,0,0,2000,0,0,0,0,0,0,0,0,0,8),(5,1,600,600,600,600,600,600,25000,25000,300,300,300,300,11),(6,3,0,0,0,0,0,0,0,21000,0,0,0,0,11),(7,5,0,0,0,0,0,0,0,7668,7668,7668,7668,7668,11),(8,3,0,0,200,0,0,0,0,500,0,0,0,0,15),(9,10,2000,3000,0,0,0,0,0,0,0,0,0,0,15),(10,5,0,0,0,0,0,600,600,0,0,0,0,0,14),(11,10,1000,0,0,1000,0,0,0,5000,0,0,0,0,16),(12,3,1000,1000,1000,1000,1000,1000,1000,1000,1000,1000,1000,1000,18),(13,2,0,0,0,3500,3500,3000,4000,5000,0,0,0,0,19),(14,10,3000,0,3000,0,3000,0,3000,0,3000,0,3000,0,19),(15,3,0,0,0,0,5200,0,0,8810,0,0,0,0,22),(16,7,3651,3651,3651,3651,3651,3651,3651,3651,3651,3651,3651,3651,25),(17,8,0,0,0,300,0,0,300,0,0,0,0,0,25),(18,1,1500,1500,1500,1500,1500,1500,1500,1500,1500,1500,1500,1500,28),(19,3,3600,3600,3600,3600,3600,3600,3600,3600,3600,3600,3600,3600,28),(20,4,0,0,0,0,0,0,6200,6200,300,0,0,0,28),(21,10,1500,0,0,1500,0,0,1500,0,0,1500,0,0,28),(22,7,4280,4280,4280,4280,4280,4280,4280,4280,4280,4280,4280,4280,29),(23,10,6300,6300,6300,6300,6300,6300,6300,6300,6300,6300,6300,6300,29),(24,7,3500,3500,3500,3500,3500,3500,3500,3500,3500,3500,3500,3500,32),(25,10,2000,2000,2000,2000,2000,2000,2000,2000,2000,2000,2000,2000,32),(26,6,0,0,0,0,0,0,0,0,0,4000,4000,0,33),(27,1,0,1000,1000,1000,1000,1000,1000,1000,1000,1000,1000,1000,43),(28,3,300,300,0,0,0,0,0,200,250,0,0,0,50),(29,8,0,0,0,0,500,0,0,0,0,0,0,0,50),(30,11,210,210,210,210,210,210,210,210,210,210,210,210,50),(31,4,0,0,0,0,5000,0,0,0,0,0,0,0,51),(32,6,1000,0,1000,0,1000,0,1000,0,1000,0,1000,0,51),(33,6,0,0,0,0,0,0,0,7500,7500,7500,7500,7500,53),(34,10,1000,1000,1000,1000,1000,1000,1000,1000,1000,1000,1000,1000,55),(35,3,280,280,280,280,280,280,0,0,0,0,0,0,58),(36,10,0,0,0,0,0,0,0,0,0,1000,1000,1000,58),(37,3,300,300,0,0,0,0,0,200,250,0,0,0,59),(38,8,0,0,0,0,500,0,0,0,0,0,0,0,59),(39,11,210,210,210,210,210,210,210,210,210,210,210,210,59),(40,3,1300,1300,1300,1300,1300,1300,1300,1300,1300,1300,1300,1300,61),(41,4,0,0,0,0,0,0,6000,6000,0,0,0,0,61),(42,5,0,0,0,0,0,0,1000,1000,1000,1000,1000,1000,62),(43,3,0,0,0,0,0,0,0,0,0,1000,1000,0,63),(44,4,0,0,0,0,0,0,0,6000,3000,0,0,0,63),(45,7,1500,1500,1500,1500,1500,1500,1500,1500,1500,1500,1500,1500,65),(46,5,0,0,0,0,0,0,3000,3000,3000,0,0,0,68),(47,8,0,0,0,0,0,0,0,0,0,500,0,0,69),(48,6,4000,0,0,0,0,0,0,0,0,0,4000,4000,71),(49,6,0,0,0,0,200,0,0,0,200,200,200,200,72),(50,3,0,0,0,0,0,0,0,0,0,0,0,1000,81),(51,3,0,0,0,0,0,0,1600,1800,0,0,0,0,84),(52,4,0,0,0,0,0,3200,3000,2000,0,0,0,0,84),(53,8,2000,2000,2000,2000,2000,2000,2000,2000,2000,2000,2000,2000,86),(54,10,1000,1000,1000,1000,1000,1000,1000,1000,1000,1000,1000,1000,86),(55,10,1000,1000,1000,1000,1000,1000,1000,1000,1000,1000,1000,1000,87),(56,3,1200,1200,1200,1200,1200,1200,1200,1200,1200,1200,1200,1200,88),(57,4,0,0,0,0,0,2000,2000,2000,0,0,0,0,88),(58,6,0,0,0,0,0,7000,7000,7000,7000,0,0,0,91),(59,10,1000,1000,1000,1000,1000,1000,1000,1000,1000,1000,1000,1000,93),(60,10,1100,1100,1100,1100,1100,1100,1100,1100,1100,1100,1100,500,95),(61,7,4780,4780,4780,4780,4780,4780,4780,4780,4780,4780,4780,4780,100),(62,3,0,0,0,0,0,0,0,2000,0,0,0,0,104),(63,6,0,3750,3750,0,0,0,0,0,0,0,0,0,104),(64,5,0,0,0,0,0,1000,1000,1000,1000,0,0,0,106),(65,10,1100,0,0,1100,0,0,1100,0,0,1100,0,0,110),(66,7,3500,3500,3500,3500,3500,3500,3500,3500,3500,3500,3500,3500,111),(67,7,0,0,0,0,0,0,0,0,4500,4500,4500,4500,112),(68,3,0,0,0,0,0,3500,0,0,0,0,0,0,113),(69,4,0,0,0,0,0,3500,3500,3500,0,0,0,0,113),(70,8,1000,0,0,0,0,0,0,0,0,0,0,0,113),(71,10,0,0,0,2000,0,0,3000,0,0,0,3000,0,114),(72,3,2000,2000,2000,2000,2000,2000,2000,2000,0,0,0,0,115),(73,6,750,0,750,0,0,0,750,0,0,750,0,0,116),(74,6,1000,1000,1000,1000,1000,1000,1000,1000,1000,1000,1000,1000,117),(75,10,0,0,0,0,0,0,2000,0,0,0,0,0,117),(76,3,0,0,0,0,0,1500,1500,1500,0,0,0,0,119),(77,7,10000,10000,10000,10000,10000,10000,10000,10000,10000,10000,10000,10000,120),(78,3,750,750,0,0,0,0,0,0,0,0,0,0,121),(79,4,0,0,0,0,0,0,4000,4000,4000,4000,4000,4000,121),(80,6,0,0,600,600,600,600,0,0,0,0,0,0,121),(81,4,0,0,0,0,0,2400,0,0,0,0,0,0,123),(82,6,2500,2500,2500,2500,2500,2500,2500,2500,2500,2500,2500,2500,124),(83,7,3000,3000,3000,3000,3000,3000,3000,3000,0,0,0,0,124),(84,4,0,1500,1500,0,0,0,0,0,0,0,0,0,125),(85,1,400,400,500,500,500,300,600,500,300,300,300,300,130),(86,6,0,0,0,0,0,0,0,0,0,0,0,2500,133),(87,4,0,0,0,0,0,0,0,4500,0,0,0,0,135),(88,1,4000,4000,4000,4000,4000,4000,4000,4000,4000,4000,4000,4000,136),(89,3,0,0,0,0,0,0,0,0,0,0,0,1000,136),(90,1,0,0,0,500,500,500,1000,1000,1000,500,500,500,137),(91,7,2000,2000,2000,2000,2000,2000,2000,2000,2000,2000,2000,2000,138),(92,8,0,0,0,0,0,0,0,0,0,1000,0,0,141),(93,4,0,0,0,0,0,0,3000,3000,0,0,0,0,142),(94,8,0,0,2000,0,0,0,0,0,0,0,0,0,148),(95,6,0,0,0,0,0,0,2000,2000,2000,2000,2000,2000,154),(96,6,1820,1820,1820,1820,1820,1820,1820,1820,1820,1820,1820,1820,155),(97,5,0,0,0,0,0,1000,1000,1000,1000,1000,0,0,156),(98,2,0,0,0,0,0,0,0,6000,3000,0,0,0,159),(99,1,1500,1500,1500,1500,1500,1500,1500,1500,1500,1500,1500,1500,163),(100,4,0,0,0,0,0,0,0,5000,5000,5000,5000,5000,164),(101,2,500,500,500,500,500,500,500,500,500,500,500,500,165),(102,3,1500,1500,1500,1500,1500,1500,0,0,750,0,2100,2100,174),(103,4,0,0,0,0,0,0,2300,2300,0,0,0,0,174),(104,4,800,1000,0,1000,0,2000,1800,2100,0,0,0,0,175),(105,4,0,0,0,0,0,0,0,12000,12000,12000,12000,0,176),(106,8,500,500,500,500,500,500,500,500,500,500,500,500,176),(107,1,1000,1000,1000,1000,1000,1000,1000,1000,1000,1000,1000,1000,180),(108,10,3000,3000,3000,3000,3000,3000,3000,3000,3000,3000,3000,3000,180),(109,7,4000,4000,4000,4000,4000,4000,4000,4000,4000,4000,4000,4000,181),(110,8,0,0,5000,0,0,0,0,0,0,0,0,5000,167),(111,9,0,0,0,0,0,0,0,0,0,8000,0,0,186),(112,4,0,0,0,0,0,3000,4000,0,0,0,0,0,194),(113,1,2000,2000,2000,2000,2000,2000,2000,2000,2000,2000,2000,2000,209),(114,4,0,0,0,0,0,0,1000,1000,1000,0,0,0,213),(115,3,0,0,0,1000,0,0,0,3200,0,0,0,0,215),(116,4,0,0,0,0,0,0,2000,2000,2000,0,0,0,217),(117,10,500,500,500,500,500,500,500,500,500,500,500,500,219),(118,8,0,0,0,1000,0,0,1000,0,0,0,0,0,221),(119,10,300,300,300,300,300,300,300,300,300,300,300,300,221),(120,10,0,920,920,920,920,920,0,0,0,0,0,0,225),(121,10,2100,2100,2100,2100,2100,2100,2100,2100,2100,2100,2100,2100,233),(122,6,150,150,150,150,150,150,150,150,150,150,150,150,239),(123,10,200,200,200,200,200,200,200,200,200,200,200,200,240),(124,3,0,0,0,750,0,0,0,0,0,0,0,0,244),(125,4,0,0,0,0,0,0,0,1500,0,0,0,0,244),(126,6,140,140,140,140,140,140,140,0,0,0,0,0,245),(127,7,7800,7800,7800,7800,7800,7800,7800,7800,7800,7800,7800,7800,247),(128,4,0,0,0,0,0,0,500,500,0,0,0,0,250),(129,6,0,3840,3840,0,0,0,0,0,0,0,0,0,250),(130,4,0,0,0,0,0,0,2000,2000,2000,0,0,0,255),(131,7,2000,2000,0,0,0,0,0,0,0,0,0,0,255),(132,10,800,800,800,800,800,800,800,800,800,800,800,800,260),(133,11,200,200,200,200,200,200,200,200,200,200,200,200,260),(134,5,0,0,0,0,0,0,0,2000,0,0,0,0,264),(135,10,1000,1000,1000,1000,1000,1000,1000,1000,1000,1000,1000,1000,264),(136,6,500,500,500,500,500,500,500,500,500,500,500,500,267),(137,10,550,550,550,550,550,550,550,550,550,550,550,550,267),(138,4,0,0,0,0,0,2000,2000,2000,2000,0,0,0,268),(139,4,0,0,0,0,0,0,1000,1000,1000,0,0,0,269),(140,6,3600,3600,3600,3600,3600,3600,3600,3600,3600,3600,3600,3600,270),(141,11,75,75,75,75,75,75,75,75,75,75,75,75,270),(142,1,1000,1000,1000,1000,1000,2000,2000,1000,2000,2000,2000,2000,272),(143,2,150,150,150,150,150,150,150,150,150,150,150,150,273),(144,3,50,50,50,50,50,50,50,50,50,50,50,50,273),(145,6,2000,2000,2000,2000,2000,2000,2000,2000,2000,2000,2000,4000,274),(146,11,60,60,60,60,60,60,60,60,60,60,60,60,274),(147,1,1000,1000,1000,2000,2000,3000,3000,3000,1000,1000,2000,2000,275),(148,11,400,400,400,400,400,400,400,400,400,400,400,400,277),(149,1,150,150,150,150,150,150,150,150,150,150,150,150,279),(150,4,0,0,0,0,0,0,2000,2000,2000,0,0,0,280),(151,6,600,600,600,600,600,600,600,600,600,600,600,600,284),(152,4,0,0,0,0,0,0,4000,4000,0,0,0,0,285),(153,7,0,0,0,0,0,0,0,1500,1500,1500,0,0,285),(154,1,500,500,500,500,500,500,500,500,500,500,500,500,287),(155,10,2100,2100,2100,2100,2100,2100,2100,2100,2100,2100,2100,2100,287),(156,8,3000,0,0,0,0,0,0,0,0,0,0,0,289),(157,6,500,500,500,500,500,500,500,500,500,500,500,500,290),(158,7,4500,4500,4500,4500,4500,4500,4500,4500,4500,4500,4500,4500,290),(159,7,1267,1267,1267,1267,1267,1267,1267,1267,1267,1267,1267,1267,293),(160,10,1000,1000,1500,1000,1200,1200,1500,1000,1000,1000,1000,1000,294),(161,3,0,0,0,200,500,150,400,400,150,0,0,0,298),(162,3,0,0,2100,2100,2100,0,0,0,0,0,0,0,299),(163,4,0,0,0,0,0,0,7000,8000,4000,0,0,0,300),(164,10,4000,4000,4000,4000,4000,4000,4000,4000,4000,4000,4000,4000,300),(165,3,300,300,0,0,0,0,0,0,0,0,0,0,302),(166,6,0,0,0,0,0,5500,5500,0,0,0,0,0,304),(167,7,3000,3000,3000,3000,3000,3000,3000,3000,3000,3000,3000,3000,305),(168,4,0,0,0,0,0,0,0,2000,2500,1000,0,0,306),(169,5,0,0,0,0,0,0,1600,800,0,0,0,0,309),(170,3,0,0,0,0,0,0,0,3000,0,0,0,0,310),(171,4,0,0,0,0,0,0,0,2000,0,0,0,0,310),(172,11,0,200,0,0,300,0,0,0,300,300,300,200,312),(173,3,1500,1500,1500,1500,1500,1500,1500,1500,1500,1500,1500,1500,314),(174,2,200,100,200,250,0,0,0,500,0,0,0,0,316),(175,6,2500,2500,2500,2500,2500,2500,2500,2500,2500,2500,2500,2500,316),(408,1,400,400,400,400,400,400,400,500,500,500,500,500,539),(177,6,1000,1000,1000,1600,1200,1500,2000,1600,1200,1300,1000,2000,321),(178,1,1500,1500,1500,1500,1500,1500,1500,1500,1500,1500,1500,1500,322),(179,2,300,250,240,200,400,450,300,300,200,150,200,200,324),(180,5,0,0,0,0,0,2000,2000,2000,2000,0,0,0,325),(181,3,300,300,300,300,300,300,300,300,300,300,300,300,327),(182,4,0,0,0,0,0,0,0,0,1000,1000,0,0,327),(183,6,0,0,0,0,0,0,0,0,800,800,800,0,327),(184,6,0,0,0,0,0,0,3000,3000,3000,0,0,0,333),(185,6,1000,1000,1000,1000,1000,1000,0,0,0,0,0,0,339),(186,3,300,300,300,300,300,300,300,0,0,300,300,300,340),(187,4,0,0,0,0,0,0,0,200,200,0,0,0,340),(188,3,600,600,600,600,600,600,600,600,600,600,600,600,342),(189,4,0,0,0,0,0,0,0,200,200,200,0,0,342),(190,4,0,0,0,0,0,0,3000,0,0,0,0,0,344),(191,6,600,600,600,600,600,600,600,600,500,500,500,1000,344),(192,6,8500,8500,8500,8500,8500,8500,8500,8500,8500,8500,8500,8500,347),(193,1,500,500,500,500,500,500,1000,1000,500,500,500,500,348),(194,3,0,0,0,1820,1820,1820,1820,1820,1820,1820,1820,1820,351),(195,5,0,0,0,0,0,0,5000,5000,0,0,0,0,353),(196,6,1800,1800,1800,1800,1800,1800,1800,1800,1800,1800,1800,1800,353),(197,4,0,0,0,0,0,7200,4800,0,0,0,0,0,355),(198,5,0,0,0,0,0,2000,2000,2000,2000,0,0,0,358),(199,4,0,0,0,0,0,0,0,3000,3000,0,0,0,359),(200,1,600,600,500,550,700,650,800,700,650,800,750,600,360),(201,1,500,500,500,600,650,650,500,1000,500,650,850,600,361),(202,3,1000,600,500,0,0,1000,1500,0,0,0,0,0,361),(203,3,500,500,500,500,500,500,800,800,800,800,800,800,362),(204,10,0,0,0,0,0,0,0,0,0,1000,1000,1000,362),(205,3,900,900,900,900,900,900,900,900,900,900,900,900,363),(206,3,1800,1800,1800,1800,1800,1800,1800,0,0,0,1800,1800,364),(207,4,0,0,0,0,0,0,0,600,600,600,0,0,364),(208,3,600,600,600,600,600,600,600,600,600,600,600,600,365),(209,4,0,0,0,0,0,0,1500,1500,1500,0,0,0,365),(210,3,0,0,0,0,0,0,90,90,90,90,90,90,366),(211,5,0,0,0,0,0,0,0,0,3000,3000,0,0,366),(212,3,480,480,480,480,480,480,480,480,0,0,480,480,367),(213,4,0,0,0,0,0,0,0,0,3000,3000,0,0,367),(214,3,600,600,600,600,600,600,0,0,1200,1200,1200,1200,368),(215,4,0,0,0,0,0,0,1000,1000,1000,0,0,0,368),(216,3,900,1200,960,940,840,1200,1200,0,0,0,240,360,369),(217,5,0,0,0,0,0,0,0,3000,4000,2000,0,0,369),(218,3,300,250,250,350,300,350,0,0,0,250,200,250,370),(219,4,0,0,0,0,0,0,1000,300,200,0,0,0,370),(220,3,1200,1200,1200,1200,1200,1200,1200,600,600,600,1200,1200,371),(221,4,0,0,0,0,0,0,0,4000,4000,4000,0,0,371),(222,6,2500,2500,2500,2500,2500,2500,2500,2500,2500,2500,2500,2500,373),(223,4,0,0,0,0,0,2000,2000,2000,2000,0,0,0,377),(224,7,1000,1000,1000,1000,1000,1000,1000,1000,1000,1000,1000,1000,377),(225,4,0,0,0,0,0,0,0,1000,1000,0,0,0,387),(226,10,4000,0,0,0,0,0,0,0,0,0,0,0,387),(227,1,500,600,600,400,400,400,450,300,300,350,400,500,388),(228,5,0,0,0,0,0,0,0,3000,4000,4500,3500,0,388),(229,4,0,0,0,0,0,0,0,2000,2000,0,0,0,389),(230,4,0,0,0,0,0,0,0,2000,2000,0,0,0,390),(231,3,300,240,300,300,300,140,240,0,0,300,240,300,392),(232,5,0,0,0,0,0,0,0,4000,4000,0,0,0,392),(233,1,760,760,760,760,760,760,760,760,760,760,760,760,393),(234,3,0,0,0,0,0,0,0,4000,4000,4000,4000,4000,393),(235,1,840,840,840,840,840,840,840,840,840,840,840,840,394),(236,3,900,900,750,900,900,600,1800,1800,700,700,700,500,394),(237,4,0,0,0,0,0,0,0,2000,2000,0,0,0,394),(238,6,8333,8333,8333,8333,8333,8333,8333,8333,8333,8333,8333,8334,400),(239,6,0,0,0,1500,0,0,0,0,0,0,0,0,402),(240,3,1000,1000,1000,0,0,1000,1000,0,0,0,0,1000,404),(241,3,1400,1400,1400,1400,1400,1400,1400,0,0,1800,1800,1800,405),(242,4,0,0,0,0,0,0,0,6000,6000,0,0,0,405),(243,4,0,0,0,0,0,0,2000,2000,2000,0,0,0,406),(244,2,1500,0,0,800,400,0,2700,0,0,300,0,0,407),(245,4,0,0,0,0,0,0,0,2000,2000,0,0,0,407),(246,5,0,0,0,0,0,0,0,0,0,4000,0,0,407),(247,3,900,900,4000,0,0,0,600,0,0,0,3000,3000,408),(248,5,0,0,0,0,0,0,0,5000,0,0,0,0,408),(249,6,500,300,200,0,0,0,0,0,0,0,0,0,409),(250,1,400,0,1000,0,0,0,0,0,0,0,0,0,410),(251,3,0,0,0,0,0,0,0,2000,2000,0,0,0,410),(252,4,0,0,0,0,0,1000,1000,1000,1000,0,0,0,411),(253,4,0,0,0,0,0,0,0,2000,0,0,0,0,413),(254,10,0,0,0,0,0,0,0,0,1600,1000,0,0,413),(255,3,3000,4000,3000,1500,1000,500,1000,0,0,0,1000,1500,414),(256,4,0,0,0,0,0,0,0,2500,2500,2000,0,0,414),(257,1,1000,1000,1000,1500,1500,1500,1500,1500,1200,1200,1200,1200,416),(258,2,700,400,650,0,0,500,400,0,0,1000,800,600,417),(259,5,0,0,0,0,0,0,0,5000,5000,5000,0,0,419),(260,10,500,500,500,500,500,500,500,500,500,500,500,500,419),(261,3,750,750,750,750,750,700,500,0,0,300,400,600,420),(262,4,0,0,0,0,0,0,0,1500,0,0,0,0,420),(263,5,0,0,0,0,0,0,0,3000,0,0,0,0,421),(264,3,4000,0,0,0,0,0,0,0,0,0,4000,4000,422),(265,4,0,0,0,0,0,0,6000,6000,6000,0,0,0,422),(266,10,0,0,0,0,0,0,0,4000,4000,4000,4000,4000,424),(267,5,0,0,0,0,0,0,0,5000,5000,5000,0,0,425),(268,4,0,0,0,0,0,0,0,0,2000,2000,0,0,428),(269,1,300,300,300,300,300,300,300,300,300,300,300,300,429),(270,4,0,0,0,0,0,0,0,2000,0,0,0,0,431),(271,4,0,0,0,0,0,0,0,1000,1000,1000,0,0,432),(272,4,0,0,0,0,0,0,0,0,2000,12000,12000,0,433),(273,1,2100,2100,2100,0,0,0,0,0,0,0,0,0,435),(274,3,1000,0,0,0,0,0,0,2000,2000,800,0,0,436),(275,2,0,0,0,0,0,0,0,600,0,0,0,0,436),(276,10,400,400,0,0,400,0,0,400,0,400,0,400,436),(277,3,800,600,0,0,0,0,0,900,0,0,0,0,437),(278,2,600,600,600,600,600,600,600,600,600,600,600,600,442),(279,4,0,0,0,0,0,0,0,0,1000,1000,1000,0,442),(280,3,400,400,400,400,400,400,400,400,400,400,400,400,443),(281,4,0,0,0,0,0,0,0,0,1500,1500,0,0,443),(282,3,1000,800,800,500,500,600,600,2000,2000,2000,0,0,444),(283,10,0,400,0,0,0,400,0,0,0,400,0,0,444),(284,2,600,600,600,600,600,600,600,600,600,600,600,600,445),(285,4,0,0,0,0,0,0,0,1400,1400,1400,0,0,445),(286,3,360,4510,600,0,0,0,0,0,0,0,0,0,446),(287,4,0,0,0,0,0,0,1600,1600,1600,0,0,0,447),(288,2,0,0,0,500,0,0,0,800,0,2400,0,0,448),(289,5,0,0,0,0,0,0,0,3000,4000,0,0,0,448),(290,4,0,0,0,0,0,0,0,0,3000,0,0,0,449),(291,6,500,500,500,500,500,500,600,600,600,500,500,500,449),(292,5,0,0,0,0,0,0,0,4000,2000,0,0,0,450),(293,3,750,0,0,750,0,0,0,0,0,0,0,0,451),(294,5,0,0,0,0,0,0,0,6000,6000,6000,0,0,451),(295,1,200,200,200,200,200,200,200,200,200,200,200,200,452),(296,5,0,0,0,0,0,0,0,0,1400,0,0,0,452),(297,6,0,0,0,500,0,0,0,0,0,0,0,0,452),(298,7,500,500,500,500,500,500,500,500,500,500,500,500,453),(299,3,0,750,750,250,0,1000,0,0,0,0,0,0,454),(300,4,0,0,0,0,0,0,500,2000,3000,3500,4800,0,454),(301,3,300,1500,300,0,0,300,600,0,0,0,400,0,455),(302,4,0,0,0,0,0,0,0,4000,1500,1500,0,0,455),(303,4,0,0,0,0,0,0,0,2000,0,0,0,0,456),(304,1,3000,2500,2000,3000,2000,1500,2000,4000,5000,3500,2000,1500,457),(305,4,0,0,0,0,0,0,0,2800,2500,800,600,0,457),(306,5,0,0,0,0,0,0,0,2500,1500,0,0,0,458),(307,3,830,830,830,830,830,830,830,830,870,870,870,870,459),(308,4,0,0,0,0,0,0,0,400,0,0,0,0,459),(309,6,200,200,200,200,200,200,200,200,200,200,200,200,459),(310,1,4500,2000,2000,4000,4000,2000,2000,7000,7000,1500,1500,4000,460),(311,3,300,300,300,300,300,300,300,300,300,300,300,300,461),(312,4,0,0,0,0,0,0,600,600,600,0,0,0,461),(313,1,1000,1000,1000,0,0,0,0,0,0,0,1000,1000,462),(314,4,0,0,0,0,0,0,0,3000,3000,3000,0,0,462),(315,3,1800,1500,1000,2000,1000,1600,1600,0,0,0,1200,0,463),(316,4,0,0,0,0,0,0,0,2000,2000,1400,0,0,463),(317,1,500,500,500,500,500,500,500,500,500,500,500,500,464),(318,4,0,0,0,0,0,0,3000,3000,3000,0,0,0,464),(319,6,1500,1500,1500,1500,1500,1500,1500,1500,1500,1500,1500,1500,464),(320,5,0,0,0,0,0,0,3500,3500,3500,0,0,0,465),(321,3,1200,1200,0,0,0,0,0,4000,1500,0,0,0,466),(322,2,1000,1000,1000,1000,1000,1000,1000,1000,1000,1000,1000,1000,467),(323,3,1500,1200,0,0,0,0,0,3000,1000,0,0,0,468),(324,6,0,0,4000,0,0,0,0,0,0,0,0,0,468),(325,6,0,0,0,0,0,0,0,6000,0,0,6000,0,469),(326,4,0,0,0,0,0,0,0,3000,0,0,0,0,470),(327,4,0,0,0,0,0,0,0,4000,4000,0,0,0,471),(328,10,800,0,0,0,0,0,0,600,0,0,0,0,471),(329,5,0,0,0,0,0,0,0,1000,0,0,0,0,472),(330,6,0,0,0,0,0,0,0,0,0,1200,0,0,472),(331,1,1000,500,0,0,0,0,0,0,0,0,0,0,473),(332,4,0,0,0,0,0,0,0,2000,0,0,0,0,473),(333,3,1400,1400,1400,1400,1400,1400,1400,1400,1400,1400,1400,1400,474),(334,4,0,0,0,0,0,0,0,2000,2000,0,0,0,474),(335,4,0,0,0,0,0,0,0,1000,3000,0,0,0,475),(336,4,0,0,0,0,0,0,1200,1200,1200,0,0,0,476),(337,3,750,750,750,750,750,7500,1500,1500,1500,1500,1500,1500,477),(338,6,3400,3400,3400,3400,3400,3400,3400,3400,3400,3400,3400,3400,478),(339,3,300,300,300,300,300,300,0,0,0,750,750,750,479),(340,4,0,0,0,0,0,0,1600,1600,1600,0,0,0,479),(341,3,2000,0,0,2000,2000,2000,0,0,0,0,2000,2000,480),(342,4,0,0,0,0,0,0,0,2000,2000,0,0,0,480),(343,7,4000,4000,4000,4000,4000,4000,4000,4000,4000,4000,4000,4000,481),(344,4,0,0,0,0,0,0,0,1000,1000,0,0,0,482),(345,3,500,500,500,500,50,500,500,500,500,500,500,500,483),(346,7,1400,1400,1400,1400,1400,1400,1400,1400,1400,1400,1400,1400,483),(347,1,150,150,150,150,150,150,150,150,150,150,150,150,484),(348,1,45,45,45,45,45,45,45,45,45,45,45,45,485),(349,3,200,0,0,0,0,0,0,3000,3000,0,0,0,485),(350,3,300,300,300,300,300,300,300,300,300,300,300,300,487),(351,2,2000,2000,2000,2000,2000,2000,2000,2000,2000,2000,2000,2000,488),(352,5,0,0,0,0,0,0,0,0,4000,0,0,0,488),(353,6,2400,2400,2400,2400,2400,2400,2400,2400,2400,2400,2400,2400,490),(354,5,0,0,0,0,0,0,0,0,600,0,0,0,491),(355,8,0,0,0,0,0,0,0,0,0,0,0,1500,491),(356,3,0,0,0,0,0,1440,1440,1440,0,0,0,0,492),(357,4,0,0,0,0,0,0,0,1000,0,0,0,0,492),(358,8,0,0,0,0,0,0,0,0,0,0,0,7500,493),(359,3,180,180,180,180,180,180,180,180,180,180,180,180,494),(360,4,0,0,0,0,0,0,0,2000,0,0,0,0,495),(361,1,150,150,150,150,150,150,150,150,150,150,150,150,496),(362,4,0,0,0,0,0,0,0,0,3000,3000,0,0,496),(363,6,1500,1000,0,0,0,0,0,0,0,0,0,0,497),(364,5,0,0,0,0,0,0,0,4500,2500,1500,0,0,498),(365,10,2000,2000,2000,2000,2000,2000,2000,2000,2000,2000,2000,2000,499),(366,7,3000,3000,3000,3000,3000,3000,3000,3000,3000,3000,3000,3000,500),(367,6,0,0,0,0,0,0,0,0,2000,2000,0,0,501),(368,4,0,0,0,0,0,0,0,0,1500,0,0,0,502),(369,6,1000,0,0,1000,0,0,1000,0,0,1000,0,0,502),(370,4,0,0,0,0,0,0,1000,0,0,0,0,0,503),(371,1,5000,5000,5000,5000,5000,5000,5000,5000,5000,5000,5000,5000,504),(372,4,0,0,0,0,0,0,3000,3000,3000,3000,0,0,505),(437,4,0,0,0,0,0,0,0,2000,0,0,0,0,566),(374,4,0,0,0,0,0,0,4000,4000,4000,0,0,0,507),(375,10,2000,2000,2000,2000,2000,2000,2000,2000,2000,2000,2000,2000,509),(376,5,0,0,0,0,0,0,0,4000,9000,0,0,0,511),(377,1,800,800,800,800,800,800,800,800,800,800,800,800,512),(378,6,0,0,0,0,0,0,0,0,2000,2000,2000,2000,512),(379,2,0,0,0,0,0,4000,4000,4000,4000,2000,2000,2000,513),(381,1,300,300,300,300,300,300,300,300,300,300,300,300,515),(382,7,5000,5000,5000,5000,5000,5000,5000,5000,5000,5000,5000,5000,515),(383,10,2000,2000,2000,2000,2000,2000,2000,2000,2000,2000,2000,2000,516),(384,1,300,300,300,300,300,300,300,300,300,300,300,300,517),(385,2,10000,10000,10000,10000,10000,10000,10000,10000,10000,10000,10000,10000,517),(386,11,0,0,0,0,0,0,0,0,900,900,900,0,518),(387,1,500,500,500,500,500,500,500,500,500,500,500,500,519),(388,3,200,200,200,200,200,200,200,0,0,0,200,200,520),(389,4,0,0,0,0,0,0,0,3000,3000,3000,0,0,520),(390,4,0,0,0,0,0,0,0,0,4000,4000,0,0,521),(391,3,1000,1000,1000,1000,1000,1000,0,0,0,0,0,0,522),(392,4,0,0,0,0,0,3300,3300,3300,3300,3300,0,0,523),(393,7,700,700,700,700,700,700,700,700,700,700,700,700,524),(394,4,0,0,0,0,0,0,0,1000,1000,1000,0,0,525),(395,4,0,0,0,0,0,0,0,0,0,3000,3000,0,526),(396,6,0,0,0,0,0,0,0,0,2700,3000,6000,0,527),(397,4,0,0,0,0,0,0,0,0,2000,2000,0,0,528),(398,6,0,0,0,0,0,0,0,0,0,0,3000,0,528),(399,1,600,600,600,600,600,600,600,600,600,600,600,600,529),(400,2,0,0,0,0,0,0,0,0,0,5000,0,0,529),(401,4,0,0,0,0,0,0,0,2500,0,0,0,0,530),(402,3,300,300,300,300,300,300,300,300,300,300,300,300,531),(403,1,200,200,200,200,200,200,200,200,200,200,200,200,532),(404,2,4000,4000,4000,4000,4000,4000,4000,4000,4000,4000,4000,4000,532),(405,4,0,0,0,0,0,0,6000,6000,6000,6000,0,0,534),(436,6,0,0,0,0,0,0,0,0,1500,1500,1500,1500,565),(407,3,2000,2000,2000,2000,2000,2000,2000,2000,2000,2000,2000,2000,536),(409,6,750,750,750,750,750,750,750,750,750,750,750,750,539),(410,4,0,0,0,0,0,0,0,3000,3000,0,0,0,540),(411,4,0,0,0,0,0,0,700,0,0,0,0,0,541),(412,6,5000,5000,5000,5000,5000,5000,5000,5000,5000,5000,5000,5000,541),(413,4,0,0,0,0,0,0,3000,3000,0,0,0,0,542),(414,6,3000,3000,3000,3000,3000,3000,3000,3000,3000,3000,3000,3000,542),(415,4,0,0,0,0,0,0,3600,3600,3600,3600,0,0,543),(416,5,0,0,0,0,0,0,0,4000,4000,0,0,0,544),(417,10,0,0,0,0,4000,0,0,4000,0,0,0,0,544),(418,4,0,0,0,0,0,0,1000,1000,1000,0,0,0,546),(419,3,1680,1680,1680,1680,1680,1680,1680,1680,1680,1680,1680,1680,548),(420,2,1000,1000,1000,1000,1000,1000,1000,1000,1000,1000,1000,1000,549),(421,3,1000,0,1000,0,0,0,0,0,0,0,0,0,549),(422,10,200,200,200,200,200,200,200,200,200,200,200,200,550),(423,11,6000,0,0,0,0,0,0,0,0,0,0,0,551),(424,3,0,4000,4000,4000,4000,0,0,0,0,0,0,0,552),(425,4,0,0,0,0,0,0,0,5000,0,0,0,0,552),(426,4,0,0,0,0,0,0,0,1000,1000,1000,0,0,553),(427,6,2380,2380,2380,2380,2380,2380,2380,2380,2380,2380,2380,2380,554),(428,4,0,0,0,0,0,0,0,3000,3000,3000,0,0,555),(429,5,5000,5000,0,0,0,0,0,0,5000,5000,5000,5000,555),(430,3,0,0,0,0,0,0,0,0,1680,1680,1680,1680,556),(431,3,300,0,0,0,300,0,0,0,0,0,0,0,558),(432,6,1000,1000,1000,1000,1000,1000,1000,1000,1000,1000,1000,1000,558),(433,3,0,0,0,0,0,0,400,400,0,0,0,0,559),(434,10,0,0,0,0,0,0,0,0,0,0,0,15000,560),(435,6,2600,2600,2600,2600,2600,2600,2600,2600,2600,2600,2600,2600,564),(438,3,0,0,0,0,0,0,0,0,0,0,750,750,570),(439,1,2000,2000,2000,2000,2000,2000,2000,2000,2000,2000,2000,2000,571),(440,6,1500,1500,1500,1500,1500,1500,1500,1500,1500,1500,1500,1500,571),(441,7,6000,6000,6000,6000,6000,6000,6000,6000,6000,6000,6000,6000,571),(442,8,3000,0,0,0,0,0,0,0,0,0,0,0,571),(443,8,0,0,0,0,0,0,0,10000,0,0,0,0,572),(444,7,4000,4000,4000,4000,4000,4000,4000,4000,4000,4000,4000,4000,574),(445,10,0,0,0,0,0,0,0,0,0,0,0,700,575),(446,8,4000,0,0,0,3000,0,0,0,0,0,0,0,577),(447,10,2000,0,2000,0,2000,0,2000,2000,2000,0,2000,0,577),(448,7,3500,3500,3500,3500,3500,3500,3500,3500,3500,3500,3500,3500,579),(449,1,1500,1500,1500,1500,1500,1500,1500,1500,1500,1500,1500,1500,581),(450,2,180,180,180,180,180,180,180,180,180,180,180,180,582),(451,6,0,0,0,0,2000,1500,0,0,4000,4000,4000,4000,584),(452,10,4000,4000,4000,4000,4000,4000,4000,4000,4000,4000,4000,4000,583),(453,6,700,700,700,700,0,0,0,0,0,700,700,700,586),(454,3,900,900,900,900,900,900,900,900,900,900,900,900,589),(455,6,80,80,80,80,80,80,80,80,80,80,80,80,589),(456,7,300,300,300,300,300,300,300,300,300,300,300,300,589),(457,8,500,500,500,500,0,0,0,0,0,0,0,0,591),(458,10,1000,1000,1000,1000,1000,1000,1000,1000,1000,1000,1000,1000,592),(459,3,1680,1680,0,0,1680,1680,0,0,0,0,0,0,594),(460,6,4000,4000,0,0,0,0,0,0,0,0,0,4000,595),(461,3,0,0,0,0,0,0,0,0,0,0,1000,0,597),(462,4,0,0,0,0,0,0,0,1000,1000,0,0,0,597),(463,7,2500,2500,2500,2500,2500,2500,2500,2500,2500,2500,2500,2500,598),(464,3,1500,1500,0,0,0,500,500,500,0,0,0,0,601),(465,3,1050,1000,0,0,0,0,0,0,0,0,0,0,602),(466,4,0,0,0,0,0,0,1200,1200,1200,1200,0,0,602),(467,3,400,0,0,0,0,0,0,0,0,0,0,0,603),(468,4,0,0,0,0,0,0,0,1200,0,0,0,0,604),(469,3,900,900,1200,900,1200,900,900,1200,1200,1200,1200,1200,605),(470,1,2500,2500,2500,2500,2500,2500,3500,3500,2500,2500,2500,2500,607),(471,7,2000,2000,2000,2000,2000,2000,2000,2000,2000,2000,2000,2000,608),(472,3,0,1200,1200,1200,1200,0,0,3000,3000,0,0,0,610),(473,3,0,0,0,1200,1200,0,0,0,0,0,0,0,611),(474,4,0,0,0,0,0,0,3000,3000,0,0,0,0,611),(475,9,2000,0,0,0,2000,2000,0,0,0,0,0,0,611),(476,10,2000,2000,2000,2000,2000,2000,2000,2000,2000,2000,2000,2000,611),(477,8,30000,0,0,0,30000,0,0,0,0,0,0,0,612),(478,3,0,0,0,0,0,0,0,3000,3000,3000,0,0,613),(479,3,2600,2600,2600,2600,2600,2600,2600,2600,2600,2600,2600,2600,615),(480,3,1400,1400,1400,1400,1400,1400,1400,0,1400,0,1400,1400,616),(481,3,0,0,0,1600,1600,1600,1600,0,0,0,0,0,618),(482,10,0,2000,0,0,0,0,0,0,0,0,0,0,618),(483,7,5000,5000,5000,5000,5000,5000,5000,5000,5000,5000,5000,5000,619),(484,6,0,0,0,0,0,0,0,5000,0,0,0,0,621),(485,10,1000,1000,1000,1000,1000,1000,1000,1000,1000,1000,1000,1000,622),(486,1,1000,1000,1000,1000,1000,1000,1000,1000,1000,1000,1000,1000,624),(489,4,0,0,0,280,0,0,0,0,0,0,0,0,627),(488,3,0,0,0,0,0,0,0,600,1500,200,2000,2000,626),(490,10,4000,0,0,0,0,0,0,0,0,0,0,2000,627),(491,3,1200,0,1200,1200,0,1200,0,0,0,0,0,0,629),(492,8,0,2000,2000,2000,2000,2000,2000,0,0,0,0,0,630),(493,3,0,0,210,210,0,0,210,0,0,0,0,0,632),(494,10,0,0,2000,0,0,2000,0,2000,0,0,2000,0,632),(495,3,960,0,0,0,0,0,0,0,0,0,0,0,633),(496,10,1600,1600,1600,1600,1600,1600,1600,1600,1600,1600,1600,1600,639),(497,6,500,500,500,500,500,500,500,500,500,500,500,500,641),(498,1,400,400,400,400,400,400,400,400,400,400,400,400,642),(499,8,0,0,0,200,200,200,200,200,0,0,0,0,643),(500,3,0,0,0,0,0,0,0,0,0,0,0,1500,644);
/*!40000 ALTER TABLE `ingresos_otrosingresos` ENABLE KEYS */;
UNLOCK TABLES;

--
-- Table structure for table `ingresos_pprocesado`
--

DROP TABLE IF EXISTS `ingresos_pprocesado`;
/*!40101 SET @saved_cs_client     = @@character_set_client */;
/*!40101 SET character_set_client = utf8 */;
CREATE TABLE `ingresos_pprocesado` (
  `id` int(11) NOT NULL AUTO_INCREMENT,
  `nombre` varchar(200) NOT NULL,
  PRIMARY KEY (`id`)
) ENGINE=MyISAM AUTO_INCREMENT=9 DEFAULT CHARSET=latin1;
/*!40101 SET character_set_client = @saved_cs_client */;

--
-- Dumping data for table `ingresos_pprocesado`
--

LOCK TABLES `ingresos_pprocesado` WRITE;
/*!40000 ALTER TABLE `ingresos_pprocesado` DISABLE KEYS */;
INSERT INTO `ingresos_pprocesado` VALUES (1,'Mermeladas, dulces, licores, etc.'),(2,'Panadería, repostería'),(3,'Medicina natural'),(4,'Comidas, fresco'),(5,'Otros'),(6,'Artesanía y otros'),(7,'Artesanía'),(8,'Costura');
/*!40000 ALTER TABLE `ingresos_pprocesado` ENABLE KEYS */;
UNLOCK TABLES;

--
-- Table structure for table `ingresos_principalesfuentes`
--

DROP TABLE IF EXISTS `ingresos_principalesfuentes`;
/*!40101 SET @saved_cs_client     = @@character_set_client */;
/*!40101 SET character_set_client = utf8 */;
CREATE TABLE `ingresos_principalesfuentes` (
  `id` int(11) NOT NULL AUTO_INCREMENT,
  `encuesta_id` int(11) NOT NULL,
  PRIMARY KEY (`id`),
  KEY `ingresos_principalesfuentes_1de70ac4` (`encuesta_id`)
) ENGINE=MyISAM AUTO_INCREMENT=632 DEFAULT CHARSET=latin1;
/*!40101 SET character_set_client = @saved_cs_client */;

--
-- Dumping data for table `ingresos_principalesfuentes`
--

LOCK TABLES `ingresos_principalesfuentes` WRITE;
/*!40000 ALTER TABLE `ingresos_principalesfuentes` DISABLE KEYS */;
INSERT INTO `ingresos_principalesfuentes` VALUES (1,3),(2,5),(3,2),(4,6),(5,7),(6,4),(7,8),(8,10),(9,9),(10,11),(11,12),(12,13),(13,14),(14,15),(15,16),(16,17),(17,18),(18,19),(19,21),(20,22),(21,23),(22,24),(23,25),(24,27),(25,28),(26,29),(27,31),(28,32),(29,33),(30,35),(31,34),(32,37),(33,36),(34,38),(35,39),(36,40),(37,41),(38,42),(39,43),(40,44),(41,45),(42,47),(43,48),(44,49),(45,50),(46,51),(47,52),(48,53),(49,54),(50,55),(51,56),(52,57),(53,58),(54,59),(55,60),(56,61),(57,62),(58,63),(59,64),(60,65),(61,66),(62,67),(63,68),(64,69),(65,70),(66,71),(67,72),(68,73),(69,74),(70,75),(71,76),(72,77),(73,78),(74,79),(75,80),(76,81),(77,82),(78,83),(79,84),(80,85),(81,86),(82,87),(83,88),(84,89),(85,90),(86,91),(87,92),(88,93),(89,95),(90,96),(91,97),(92,98),(93,99),(94,100),(95,101),(96,102),(97,103),(98,104),(99,105),(100,106),(101,107),(102,108),(103,109),(104,110),(105,111),(106,112),(107,113),(108,114),(109,115),(110,116),(111,117),(112,118),(113,119),(114,120),(115,121),(116,122),(117,123),(118,124),(119,125),(120,126),(121,127),(122,128),(123,129),(124,130),(125,131),(126,132),(127,133),(128,134),(129,135),(130,136),(131,137),(132,138),(133,139),(134,140),(135,141),(136,142),(137,143),(138,144),(139,145),(140,146),(141,147),(142,148),(143,149),(144,151),(145,152),(146,153),(147,154),(148,155),(149,156),(150,157),(151,158),(152,159),(153,160),(154,161),(155,162),(156,163),(157,164),(158,165),(159,150),(160,166),(161,168),(162,169),(163,170),(164,171),(165,172),(166,173),(167,174),(168,175),(169,176),(170,177),(171,178),(172,179),(173,180),(174,181),(175,182),(176,167),(177,183),(178,184),(179,186),(180,187),(181,188),(182,189),(183,190),(184,191),(185,192),(186,193),(187,194),(188,195),(189,196),(190,197),(191,198),(192,199),(193,200),(194,201),(195,202),(196,203),(197,204),(198,205),(199,206),(200,207),(201,208),(202,209),(203,210),(204,211),(205,212),(206,213),(207,214),(208,215),(209,216),(210,217),(211,218),(212,219),(213,220),(214,221),(215,222),(216,223),(217,224),(218,225),(219,226),(220,227),(221,228),(222,229),(223,230),(224,231),(225,232),(226,233),(227,234),(228,235),(229,236),(230,237),(231,238),(232,239),(233,240),(234,241),(235,242),(236,243),(237,244),(238,245),(239,246),(240,247),(241,248),(242,249),(243,250),(244,251),(245,252),(246,253),(247,254),(248,256),(249,257),(250,258),(251,259),(252,255),(253,260),(254,261),(255,262),(256,264),(257,265),(258,267),(259,268),(260,269),(261,270),(262,271),(263,272),(264,273),(265,274),(266,275),(267,276),(268,277),(269,278),(270,279),(271,280),(272,281),(273,282),(274,283),(275,285),(276,286),(277,287),(278,288),(279,289),(280,290),(281,291),(282,292),(283,293),(284,294),(285,295),(286,297),(287,298),(288,299),(289,300),(290,301),(291,302),(292,303),(293,304),(294,305),(295,306),(296,307),(297,308),(298,309),(299,311),(300,312),(301,313),(302,314),(303,315),(304,316),(305,317),(306,318),(307,319),(525,537),(309,321),(310,322),(311,323),(312,324),(313,325),(314,326),(315,327),(316,328),(317,329),(318,330),(319,331),(320,332),(321,333),(322,334),(323,335),(324,336),(325,337),(326,338),(327,339),(328,340),(329,341),(330,342),(331,343),(332,344),(333,345),(334,346),(335,347),(336,348),(337,350),(338,349),(339,351),(340,352),(341,353),(342,354),(343,355),(344,356),(345,357),(346,358),(347,359),(348,360),(349,361),(350,362),(351,363),(352,364),(353,365),(354,366),(355,367),(356,368),(357,369),(358,370),(359,371),(360,372),(361,373),(362,374),(363,375),(364,376),(365,377),(366,378),(367,379),(368,380),(369,381),(370,382),(371,383),(372,384),(373,385),(374,386),(375,387),(376,388),(377,389),(378,390),(379,391),(380,392),(381,393),(382,394),(383,395),(384,396),(385,397),(386,398),(387,399),(388,400),(389,401),(390,402),(391,403),(392,404),(393,405),(394,406),(395,407),(396,408),(397,409),(398,410),(399,411),(400,412),(401,413),(402,414),(403,415),(404,416),(405,417),(406,418),(407,419),(408,420),(409,421),(410,422),(411,423),(412,424),(413,425),(414,426),(415,427),(416,428),(417,429),(418,430),(419,431),(420,432),(421,433),(422,434),(423,435),(424,436),(425,437),(426,438),(427,439),(428,440),(429,441),(430,442),(431,443),(432,444),(433,445),(434,446),(435,447),(436,448),(437,449),(438,450),(439,451),(440,452),(441,453),(442,454),(443,455),(444,456),(445,457),(446,458),(447,459),(448,460),(449,461),(450,462),(451,463),(452,464),(453,465),(454,466),(455,467),(456,468),(457,469),(458,470),(459,471),(460,472),(461,473),(462,474),(463,475),(464,476),(465,477),(466,478),(467,479),(468,480),(469,481),(470,482),(471,483),(472,484),(473,485),(474,486),(475,487),(476,488),(477,489),(478,490),(479,491),(480,492),(481,493),(482,494),(483,495),(484,496),(485,497),(486,498),(487,499),(488,500),(489,501),(490,502),(491,503),(492,504),(493,505),(554,566),(495,507),(553,565),(497,509),(498,510),(499,511),(500,512),(501,513),(503,515),(504,516),(505,517),(506,518),(507,519),(508,520),(509,521),(510,522),(511,523),(512,524),(513,525),(514,526),(515,527),(516,528),(517,529),(518,530),(519,531),(520,532),(521,533),(522,534),(552,563),(524,536),(526,538),(527,539),(528,540),(529,541),(530,542),(531,543),(532,544),(533,545),(534,546),(535,547),(536,548),(537,549),(538,550),(539,551),(540,552),(541,553),(542,554),(543,555),(544,556),(545,557),(546,558),(547,559),(548,560),(549,561),(550,562),(551,564),(555,567),(556,568),(557,569),(558,570),(559,571),(560,572),(561,573),(562,574),(563,575),(564,576),(565,577),(566,578),(567,579),(568,580),(569,581),(570,582),(571,584),(572,583),(573,585),(574,586),(575,587),(576,588),(577,589),(578,590),(579,591),(580,592),(581,593),(582,594),(583,595),(584,596),(585,597),(586,598),(587,599),(588,600),(589,601),(590,602),(591,603),(592,604),(593,605),(594,606),(595,607),(596,608),(597,609),(598,610),(599,611),(600,612),(601,613),(602,614),(603,615),(604,616),(605,617),(606,618),(607,619),(608,620),(609,621),(610,622),(611,623),(612,624),(615,627),(614,626),(616,628),(617,629),(618,630),(619,631),(620,632),(621,633),(622,634),(623,635),(624,637),(625,638),(626,639),(627,640),(628,641),(629,642),(630,643),(631,644);
/*!40000 ALTER TABLE `ingresos_principalesfuentes` ENABLE KEYS */;
UNLOCK TABLES;

--
-- Table structure for table `ingresos_principalesfuentes_fuente`
--

DROP TABLE IF EXISTS `ingresos_principalesfuentes_fuente`;
/*!40101 SET @saved_cs_client     = @@character_set_client */;
/*!40101 SET character_set_client = utf8 */;
CREATE TABLE `ingresos_principalesfuentes_fuente` (
  `id` int(11) NOT NULL AUTO_INCREMENT,
  `principalesfuentes_id` int(11) NOT NULL,
  `fuentes_id` int(11) NOT NULL,
  PRIMARY KEY (`id`),
  UNIQUE KEY `ingresos_principale_principalesfuentes_id_3f0fc07074d9ef7a_uniq` (`principalesfuentes_id`,`fuentes_id`),
  KEY `ingresos_principalesfuentes_fuente_56886b06` (`principalesfuentes_id`),
  KEY `ingresos_principalesfuentes_fuente_825ed759` (`fuentes_id`)
) ENGINE=MyISAM AUTO_INCREMENT=1446 DEFAULT CHARSET=latin1;
/*!40101 SET character_set_client = @saved_cs_client */;

--
-- Dumping data for table `ingresos_principalesfuentes_fuente`
--

LOCK TABLES `ingresos_principalesfuentes_fuente` WRITE;
/*!40000 ALTER TABLE `ingresos_principalesfuentes_fuente` DISABLE KEYS */;
INSERT INTO `ingresos_principalesfuentes_fuente` VALUES (1,1,1),(2,1,9),(3,2,1),(4,2,10),(5,2,11),(6,2,4),(7,3,11),(8,4,1),(9,5,1),(10,5,4),(11,6,1),(12,6,10),(13,7,1),(14,7,4),(15,7,9),(16,8,1),(17,9,1),(18,9,11),(19,10,1),(20,10,9),(21,11,1),(22,11,11),(23,11,9),(24,12,1),(25,13,1),(26,14,1),(27,15,11),(28,16,1),(29,16,2),(30,16,3),(31,16,4),(32,17,1),(33,17,10),(34,18,11),(35,18,7),(36,19,1),(37,19,2),(38,20,1),(39,20,11),(40,20,4),(41,20,12),(42,21,1),(43,21,4),(44,22,1),(45,23,1),(46,23,12),(47,23,9),(48,24,1),(49,25,1),(50,25,6),(51,25,9),(52,26,3),(53,26,1),(54,26,11),(55,26,9),(56,27,1),(57,28,1),(58,28,2),(59,28,10),(60,28,9),(61,29,1),(62,29,2),(63,29,10),(64,30,1),(65,30,9),(66,31,1),(67,31,2),(68,32,1),(69,33,1),(70,33,4),(71,34,1),(72,35,1),(73,35,2),(74,35,3),(75,35,4),(76,35,5),(77,36,4),(78,37,1),(79,37,2),(80,37,3),(81,38,1),(82,38,2),(83,38,3),(84,38,4),(85,39,1),(86,39,2),(87,39,3),(88,39,4),(89,39,5),(90,40,1),(91,41,1),(92,41,2),(93,41,3),(94,41,4),(95,41,10),(96,42,1),(97,42,3),(98,42,4),(99,42,9),(100,43,1),(101,44,1),(102,45,8),(103,45,9),(104,45,4),(105,45,12),(106,46,1),(107,46,11),(108,46,9),(109,47,1),(110,47,2),(111,47,3),(112,47,4),(113,48,1),(114,48,4),(115,48,9),(116,49,1),(117,49,3),(118,49,4),(119,50,1),(120,50,2),(121,50,11),(122,50,4),(123,51,1),(124,51,13),(125,52,1),(126,52,13),(127,53,9),(128,54,8),(129,54,9),(130,54,4),(131,54,12),(132,55,1),(133,56,1),(134,56,10),(135,57,9),(136,57,4),(137,58,1),(138,58,9),(139,59,1),(140,60,1),(141,60,10),(142,61,1),(143,62,1),(144,63,1),(145,64,1),(146,64,4),(147,65,1),(148,65,4),(149,66,1),(150,66,4),(151,66,9),(152,67,1),(153,67,9),(154,68,1),(155,69,1),(156,69,9),(157,70,1),(158,70,11),(159,70,9),(160,71,1),(161,71,2),(162,71,11),(163,71,10),(164,72,1),(165,72,2),(166,72,4),(167,73,1),(168,73,2),(169,73,4),(170,74,1),(171,75,1),(172,76,1),(173,76,9),(174,77,1),(175,78,1),(176,79,1),(177,79,9),(178,80,1),(179,80,2),(180,80,3),(181,81,1),(182,81,2),(183,81,12),(184,82,1),(185,82,11),(186,83,9),(187,84,1),(188,84,2),(189,84,4),(190,85,1),(191,85,2),(192,85,11),(193,86,1),(194,86,9),(195,87,1),(196,88,1),(197,88,2),(198,88,11),(199,89,2),(200,89,11),(201,90,1),(202,91,1),(203,91,2),(204,91,3),(205,91,4),(206,92,1),(207,93,1),(208,94,1),(209,94,10),(210,95,1),(211,95,10),(212,96,1),(213,97,1),(214,98,1),(215,98,13),(216,98,9),(217,99,1),(218,100,1),(219,101,9),(220,102,1),(221,103,1),(222,103,2),(223,104,1),(224,104,11),(225,105,1),(226,105,2),(227,105,10),(228,106,1),(229,106,10),(230,107,1),(231,107,12),(232,107,9),(233,108,1),(234,108,11),(235,109,1),(236,109,9),(237,110,1),(238,110,9),(239,111,9),(240,112,1),(241,113,1),(242,113,11),(243,113,7),(244,114,1),(245,114,10),(246,114,4),(247,115,9),(248,116,1),(249,116,2),(250,117,1),(251,118,1),(252,118,3),(253,118,4),(254,119,1),(255,119,2),(256,119,9),(257,120,1),(258,121,1),(259,122,3),(260,122,1),(261,122,11),(262,122,9),(263,123,1),(264,123,2),(265,124,1),(266,124,6),(267,125,1),(268,125,7),(269,126,1),(270,127,1),(271,127,9),(272,128,1),(273,129,1),(274,130,1),(275,130,13),(276,130,6),(277,131,1),(278,131,6),(279,132,1),(280,132,2),(281,132,10),(282,133,1),(283,133,2),(284,134,1),(285,134,3),(286,134,4),(287,134,5),(288,135,1),(289,135,2),(290,135,3),(291,136,1),(292,137,1),(293,137,2),(294,137,3),(295,137,4),(296,138,1),(297,138,11),(298,139,1),(299,139,2),(300,139,3),(301,139,4),(302,140,1),(303,141,1),(304,141,2),(305,141,4),(306,141,7),(307,142,1),(308,142,2),(309,142,3),(310,142,4),(311,142,12),(312,143,1),(313,143,2),(314,143,6),(315,144,1),(316,145,1),(317,146,1),(318,146,9),(319,147,1),(320,147,4),(321,147,9),(322,148,9),(323,148,13),(324,149,1),(325,150,1),(326,150,2),(327,150,3),(328,151,8),(329,151,1),(330,151,3),(331,151,11),(332,152,1),(333,152,2),(334,152,3),(335,153,1),(336,153,2),(337,154,1),(338,154,9),(339,155,1),(340,156,1),(341,156,2),(342,156,3),(343,156,4),(344,156,6),(345,157,1),(346,157,2),(347,157,4),(348,158,1),(349,158,2),(350,158,4),(351,158,5),(352,159,1),(353,159,2),(354,159,4),(355,160,1),(356,160,2),(357,160,3),(358,160,4),(359,161,1),(360,162,1),(361,162,9),(362,163,1),(363,164,1),(364,165,1),(365,165,2),(366,166,1),(367,167,1),(368,167,9),(369,168,9),(370,169,1),(371,169,13),(372,170,1),(373,171,1),(374,171,2),(375,172,1),(376,173,1),(377,173,11),(378,173,6),(379,174,1),(380,174,10),(381,175,1),(382,176,1),(383,176,12),(384,177,1),(385,177,11),(386,178,1),(387,178,9),(388,179,1),(389,179,2),(390,180,1),(391,181,7),(392,181,1),(393,181,3),(394,181,9),(395,182,1),(396,183,1),(397,183,2),(398,184,1),(399,185,8),(400,185,1),(401,185,9),(402,186,1),(403,186,2),(404,187,1),(405,187,9),(406,188,1),(407,189,1),(408,190,1),(409,191,1),(410,191,4),(411,192,1),(412,193,1),(413,194,1),(414,195,1),(415,196,1),(416,197,1),(417,198,1),(418,199,1),(419,200,1),(420,200,2),(421,200,4),(422,201,1),(423,202,1),(424,202,6),(425,203,1),(426,204,1),(427,205,1),(428,206,1),(429,207,1),(430,207,2),(431,208,1),(432,208,3),(433,208,4),(434,208,9),(435,209,1),(436,210,1),(437,211,1),(438,212,1),(439,212,11),(440,212,4),(441,213,1),(442,214,1),(443,214,11),(444,214,4),(445,214,12),(446,215,1),(447,215,3),(448,215,4),(449,216,1),(450,217,9),(451,218,1),(452,218,11),(453,219,1),(454,219,9),(455,220,1),(456,220,2),(457,220,3),(458,220,4),(459,221,1),(460,222,1),(461,222,3),(462,223,1),(463,223,2),(464,223,4),(465,224,1),(466,225,1),(467,225,2),(468,225,3),(469,225,4),(470,225,9),(471,225,10),(472,226,1),(473,226,2),(474,226,11),(475,226,4),(476,227,1),(477,228,1),(478,228,4),(479,229,1),(480,230,1),(481,230,2),(482,230,4),(483,231,1),(484,232,1),(485,232,4),(486,232,5),(487,232,9),(488,233,1),(489,233,4),(490,233,9),(491,234,1),(492,234,3),(493,235,1),(494,235,4),(495,236,4),(496,237,1),(497,237,4),(498,238,10),(499,239,1),(500,239,3),(501,239,4),(502,240,1),(503,240,2),(504,240,9),(505,241,1),(506,241,3),(507,241,4),(508,242,1),(509,243,9),(510,244,1),(511,244,2),(512,244,3),(513,244,4),(514,245,1),(515,245,2),(516,245,4),(517,246,1),(518,246,4),(519,247,1),(520,247,9),(521,248,1),(522,248,4),(523,249,1),(524,249,4),(525,250,1),(526,250,2),(527,250,3),(528,250,4),(529,251,1),(530,252,1),(531,252,4),(532,252,9),(533,253,8),(534,253,11),(535,254,1),(536,254,9),(537,255,1),(538,256,1),(539,257,1),(540,257,3),(541,258,11),(542,259,1),(543,259,9),(544,260,1),(545,261,8),(546,261,1),(547,261,9),(548,262,1),(549,262,2),(550,262,4),(551,263,1),(552,263,2),(553,263,5),(554,263,6),(555,264,9),(556,264,7),(557,265,8),(558,265,1),(559,265,4),(560,265,9),(561,266,1),(562,266,2),(563,266,6),(564,267,1),(565,268,8),(566,268,5),(567,269,1),(568,270,9),(569,270,4),(570,270,6),(571,271,1),(572,271,9),(573,272,9),(574,273,1),(575,274,1),(576,274,9),(577,275,1),(578,276,1),(579,276,2),(580,277,3),(581,277,1),(582,277,2),(583,277,11),(584,277,4),(585,278,1),(586,279,4),(587,280,1),(588,280,3),(589,280,9),(590,281,1),(591,281,2),(592,281,4),(593,282,1),(594,283,1),(595,283,2),(596,284,1),(597,284,11),(598,285,1),(599,285,3),(600,285,4),(601,286,1),(602,286,9),(603,287,1),(604,288,1),(605,288,9),(606,289,1),(607,289,11),(608,289,9),(609,290,1),(610,290,9),(611,291,1),(612,292,1),(613,292,2),(614,293,1),(615,293,2),(616,293,4),(617,293,9),(618,294,1),(619,294,2),(620,294,10),(621,295,8),(622,295,1),(623,296,1),(624,296,4),(625,297,1),(626,297,2),(627,298,1),(628,298,10),(629,299,1),(630,300,1),(631,301,1),(632,302,1),(633,302,2),(634,302,4),(635,302,9),(636,303,1),(637,303,2),(638,303,3),(639,303,4),(640,304,1),(641,305,1),(642,305,2),(643,306,1),(644,307,1),(645,307,3),(646,307,4),(1157,525,4),(1156,525,1),(649,309,1),(650,309,9),(651,310,1),(652,310,2),(653,310,4),(654,310,6),(655,311,1),(656,311,2),(657,311,4),(658,312,8),(659,312,1),(660,312,4),(661,313,1),(662,313,3),(663,313,4),(664,314,1),(665,315,1),(666,315,9),(667,316,1),(668,317,1),(669,318,1),(670,318,9),(671,319,1),(672,319,2),(673,320,1),(674,320,2),(675,321,1),(676,321,9),(677,322,1),(678,323,1),(679,324,1),(680,325,1),(681,325,2),(682,326,1),(683,326,2),(684,326,3),(685,327,1),(686,327,10),(687,328,1),(688,328,9),(689,329,1),(690,330,1),(691,330,9),(692,331,1),(693,332,1),(694,332,3),(695,333,1),(696,333,2),(697,333,4),(698,334,1),(699,334,2),(700,335,1),(701,335,2),(702,335,9),(703,336,1),(704,336,2),(705,336,7),(706,337,1),(707,337,3),(708,337,4),(709,338,1),(710,338,2),(711,338,3),(712,339,1),(713,339,11),(714,340,1),(715,340,2),(716,340,3),(717,340,4),(718,341,1),(719,342,1),(720,342,4),(721,342,5),(722,343,1),(723,343,4),(724,344,1),(725,344,3),(726,344,4),(727,345,1),(728,346,1),(729,347,1),(730,347,9),(731,348,9),(732,349,1),(733,350,1),(734,350,11),(735,351,1),(736,351,9),(737,352,1),(738,352,9),(739,353,1),(740,353,9),(741,354,1),(742,354,9),(743,355,1),(744,355,9),(745,356,1),(746,356,9),(747,357,1),(748,357,9),(749,358,1),(750,358,9),(751,359,1),(752,359,9),(753,360,1),(754,360,2),(755,361,1),(756,361,10),(757,362,1),(758,362,3),(759,363,13),(760,364,1),(761,364,2),(762,365,1),(763,365,10),(764,365,9),(765,366,1),(766,366,2),(767,367,1),(768,367,2),(769,367,3),(770,368,1),(771,368,2),(772,368,3),(773,369,1),(774,370,1),(775,370,2),(776,370,4),(777,371,1),(778,372,1),(779,373,1),(780,374,1),(781,375,1),(782,375,3),(783,375,9),(784,376,1),(785,376,9),(786,377,1),(787,377,2),(788,377,3),(789,378,1),(790,378,9),(791,379,1),(792,380,1),(793,380,9),(794,381,1),(795,381,11),(796,381,9),(797,382,1),(798,382,9),(799,383,1),(800,384,1),(801,384,10),(802,385,1),(803,386,1),(804,387,1),(805,387,2),(806,387,3),(807,388,1),(808,388,4),(809,388,9),(810,389,1),(811,390,1),(812,390,2),(813,390,9),(814,391,1),(815,391,2),(816,392,1),(817,392,9),(818,393,9),(819,394,9),(820,394,2),(821,395,1),(822,395,7),(823,395,9),(824,396,1),(825,396,9),(826,397,1),(827,397,9),(828,398,1),(829,398,9),(830,399,1),(831,400,1),(832,400,9),(833,401,1),(834,401,11),(835,402,1),(836,402,9),(837,403,1),(838,403,3),(839,404,7),(840,405,1),(841,406,1),(842,407,1),(843,407,9),(844,408,1),(845,408,9),(846,409,1),(847,409,9),(848,410,9),(849,411,1),(850,411,10),(851,412,1),(852,412,11),(853,413,9),(854,414,1),(855,415,1),(856,416,1),(857,417,1),(858,417,9),(859,418,1),(860,418,2),(861,419,1),(862,419,9),(863,420,1),(864,420,9),(865,421,1),(866,421,9),(867,422,1),(868,423,1),(869,423,11),(870,423,12),(871,423,9),(872,424,1),(873,424,11),(874,424,4),(875,425,1),(876,425,9),(877,426,3),(878,426,1),(879,426,2),(880,426,11),(881,427,3),(882,427,1),(883,427,10),(884,427,11),(885,428,1),(886,428,7),(887,429,1),(888,429,11),(889,430,1),(890,430,6),(891,430,9),(892,431,1),(893,431,9),(894,432,1),(895,432,11),(896,432,9),(897,433,1),(898,433,2),(899,433,12),(900,433,7),(901,434,1),(902,435,1),(903,435,9),(904,436,1),(905,436,9),(906,437,1),(907,437,9),(908,438,1),(909,438,9),(910,439,1),(911,439,9),(912,440,1),(913,440,9),(914,441,1),(915,441,4),(916,441,9),(917,442,1),(918,443,1),(919,443,9),(920,444,1),(921,444,2),(922,444,3),(923,444,4),(924,445,1),(925,445,2),(926,445,4),(927,445,6),(928,446,1),(929,446,9),(930,447,8),(931,447,1),(932,447,2),(933,447,4),(934,447,12),(935,448,8),(936,448,1),(937,448,2),(938,448,6),(939,449,1),(940,449,2),(941,449,3),(942,450,1),(943,450,9),(944,451,1),(945,451,9),(946,452,1),(947,452,2),(948,452,3),(949,452,4),(950,452,9),(951,453,1),(952,453,2),(953,454,1),(954,454,9),(955,455,1),(956,455,9),(957,456,1),(958,456,4),(959,456,9),(960,457,1),(961,457,11),(962,457,9),(963,458,1),(964,458,9),(965,459,1),(966,459,11),(967,459,9),(968,460,1),(969,460,9),(970,461,1),(971,461,9),(972,462,1),(973,462,2),(974,462,4),(975,462,9),(976,463,1),(977,464,1),(978,464,9),(979,465,1),(980,465,9),(981,466,1),(982,466,10),(983,466,3),(984,466,4),(985,467,1),(986,467,9),(987,468,1),(988,468,9),(989,469,1),(990,469,2),(991,469,4),(992,469,10),(993,470,1),(994,471,8),(995,471,1),(996,471,10),(997,471,4),(998,471,9),(999,472,1),(1000,472,2),(1001,472,3),(1002,472,4),(1003,472,6),(1004,472,9),(1005,473,1),(1006,473,9),(1007,474,1),(1008,474,4),(1009,475,1),(1010,475,2),(1011,475,9),(1012,476,7),(1013,477,1),(1014,477,5),(1015,477,9),(1016,478,1),(1017,478,9),(1018,479,1),(1019,479,12),(1020,480,1),(1021,480,9),(1022,481,1),(1023,481,12),(1024,482,1),(1025,482,9),(1026,483,1),(1027,483,9),(1028,484,1),(1029,484,9),(1030,485,8),(1031,485,1),(1032,486,1),(1033,486,9),(1034,487,1),(1035,487,11),(1036,488,8),(1037,488,1),(1038,489,1),(1039,489,4),(1040,489,9),(1041,490,1),(1042,490,2),(1043,490,3),(1044,490,4),(1045,490,9),(1046,490,10),(1047,491,1),(1048,491,2),(1049,491,3),(1050,492,8),(1051,492,1),(1052,492,4),(1053,492,6),(1054,493,1),(1055,493,2),(1056,493,4),(1057,493,9),(1243,554,9),(1242,554,4),(1060,495,1),(1061,495,2),(1062,495,3),(1063,495,9),(1241,554,1),(1240,553,9),(1239,553,1),(1067,497,1),(1068,497,11),(1069,498,1),(1070,499,1),(1071,499,9),(1072,500,1),(1073,500,11),(1074,500,4),(1075,500,6),(1076,500,9),(1077,501,1),(1078,501,7),(1079,501,9),(1085,503,6),(1084,503,4),(1083,503,1),(1086,503,9),(1087,504,11),(1088,504,4),(1089,505,1),(1090,505,4),(1091,505,5),(1092,505,6),(1093,505,7),(1094,505,13),(1095,506,8),(1096,506,1),(1097,506,2),(1098,506,3),(1099,506,4),(1100,507,8),(1101,507,1),(1102,507,5),(1103,507,7),(1104,508,1),(1105,508,2),(1106,508,3),(1107,508,4),(1108,508,9),(1109,509,1),(1110,509,4),(1111,509,9),(1112,510,1),(1113,510,9),(1114,511,1),(1115,511,5),(1116,512,1),(1117,512,10),(1118,513,1),(1119,514,1),(1120,514,9),(1121,515,1),(1122,515,9),(1123,516,1),(1124,516,9),(1125,517,1),(1126,517,2),(1127,517,3),(1128,517,4),(1129,517,8),(1130,517,12),(1131,518,1),(1132,518,9),(1133,519,1),(1134,519,10),(1135,519,3),(1136,520,1),(1137,520,2),(1138,520,3),(1139,520,6),(1140,520,9),(1141,521,1),(1142,521,2),(1143,521,3),(1144,522,1),(1145,522,2),(1146,522,4),(1147,522,9),(1238,552,3),(1237,552,2),(1236,552,1),(1151,524,1),(1152,524,2),(1153,524,11),(1154,524,4),(1155,524,9),(1158,526,9),(1159,527,1),(1160,527,2),(1161,527,3),(1162,527,6),(1163,527,9),(1164,528,1),(1165,528,2),(1166,528,4),(1167,528,9),(1168,529,1),(1169,529,2),(1170,529,4),(1171,529,10),(1172,530,1),(1173,530,4),(1174,530,9),(1175,531,1),(1176,531,9),(1177,532,3),(1178,532,1),(1179,532,2),(1180,532,11),(1181,533,1),(1182,534,1),(1183,534,4),(1184,534,9),(1185,535,1),(1186,536,1),(1187,536,2),(1188,536,3),(1189,536,9),(1190,537,1),(1191,537,7),(1192,537,4),(1193,537,9),(1194,538,1),(1195,538,11),(1196,538,4),(1197,538,5),(1198,539,1),(1199,540,1),(1200,540,2),(1201,540,4),(1202,540,5),(1203,540,9),(1204,541,1),(1205,542,1),(1206,542,2),(1207,542,3),(1208,542,6),(1209,542,9),(1210,543,1),(1211,543,5),(1212,543,9),(1213,544,1),(1214,544,3),(1215,544,4),(1216,544,9),(1217,545,7),(1218,546,1),(1219,546,2),(1220,546,3),(1221,546,9),(1222,547,1),(1223,547,2),(1224,547,4),(1225,548,1),(1226,549,8),(1227,549,1),(1228,549,2),(1229,549,3),(1230,549,4),(1231,550,1),(1232,550,2),(1233,550,4),(1234,551,9),(1235,551,4),(1244,555,1),(1245,556,1),(1246,556,2),(1247,556,4),(1248,557,1),(1249,557,10),(1250,558,1),(1251,558,4),(1252,558,9),(1253,559,1),(1254,559,2),(1255,559,3),(1256,559,6),(1257,559,10),(1258,559,12),(1259,560,1),(1260,561,1),(1261,561,2),(1262,561,3),(1263,562,1),(1264,562,10),(1265,562,4),(1266,563,1),(1267,563,2),(1268,564,1),(1269,564,2),(1270,564,3),(1271,565,1),(1272,565,2),(1273,565,3),(1274,565,4),(1275,565,11),(1276,565,12),(1277,566,1),(1278,567,10),(1279,568,1),(1280,568,4),(1281,569,6),(1282,570,3),(1283,570,1),(1284,570,11),(1285,570,4),(1286,570,7),(1287,571,9),(1288,572,3),(1289,572,1),(1290,572,2),(1291,572,11),(1292,572,4),(1293,573,1),(1294,573,2),(1295,573,3),(1296,573,4),(1297,574,9),(1298,574,13),(1299,575,1),(1300,576,1),(1301,576,2),(1302,576,3),(1303,576,4),(1304,576,5),(1305,577,1),(1306,577,4),(1307,577,9),(1308,578,1),(1309,579,1),(1310,579,3),(1311,579,4),(1312,579,12),(1313,580,1),(1314,580,11),(1315,581,1),(1316,581,2),(1317,582,1),(1318,582,9),(1319,583,1),(1320,583,9),(1321,584,1),(1322,584,3),(1323,584,9),(1324,585,1),(1325,585,13),(1326,586,1),(1327,586,10),(1328,587,1),(1329,588,1),(1330,588,3),(1331,588,4),(1332,589,1),(1333,589,2),(1334,589,4),(1335,589,12),(1336,590,1),(1337,590,10),(1338,590,3),(1339,590,4),(1340,591,1),(1341,591,2),(1342,591,4),(1343,591,9),(1344,592,1),(1345,592,4),(1346,593,1),(1347,593,5),(1348,593,9),(1349,594,1),(1350,594,2),(1351,594,4),(1352,595,3),(1353,595,13),(1354,595,6),(1355,596,1),(1356,596,10),(1357,596,9),(1358,597,1),(1359,597,3),(1360,597,4),(1361,598,1),(1362,598,2),(1363,598,3),(1364,598,4),(1365,599,1),(1366,599,2),(1367,599,3),(1368,599,4),(1369,599,11),(1370,599,12),(1371,600,1),(1372,600,2),(1373,600,3),(1374,600,4),(1375,600,12),(1376,601,1),(1377,601,9),(1378,602,1),(1379,602,2),(1380,602,5),(1381,603,1),(1382,603,9),(1383,604,1),(1384,604,12),(1385,605,1),(1386,606,1),(1387,606,11),(1388,606,9),(1389,607,1),(1390,607,10),(1391,608,1),(1392,609,1),(1393,609,5),(1394,610,1),(1395,610,3),(1396,610,13),(1397,611,1),(1398,612,1),(1399,612,6),(1414,617,1),(1413,616,2),(1412,616,1),(1411,615,1),(1410,615,8),(1405,614,1),(1406,614,2),(1407,614,3),(1408,614,4),(1409,614,9),(1415,617,10),(1416,618,4),(1417,618,2),(1418,618,3),(1419,618,12),(1420,619,1),(1421,619,4),(1422,620,1),(1423,620,9),(1424,621,1),(1425,621,9),(1426,622,1),(1427,622,3),(1428,623,1),(1429,623,4),(1430,624,4),(1431,624,13),(1432,625,1),(1433,626,3),(1434,626,11),(1435,627,1),(1436,628,1),(1437,628,3),(1438,628,9),(1439,629,1),(1440,630,1),(1441,630,12),(1442,630,13),(1443,630,9),(1444,631,1),(1445,631,9);
/*!40000 ALTER TABLE `ingresos_principalesfuentes_fuente` ENABLE KEYS */;
UNLOCK TABLES;

--
-- Table structure for table `ingresos_principalforma`
--

DROP TABLE IF EXISTS `ingresos_principalforma`;
/*!40101 SET @saved_cs_client     = @@character_set_client */;
/*!40101 SET character_set_client = utf8 */;
CREATE TABLE `ingresos_principalforma` (
  `id` int(11) NOT NULL AUTO_INCREMENT,
  `principal` int(11) NOT NULL,
  `encuesta_id` int(11) NOT NULL,
  PRIMARY KEY (`id`),
  KEY `ingresos_principalforma_1de70ac4` (`encuesta_id`)
) ENGINE=MyISAM AUTO_INCREMENT=526 DEFAULT CHARSET=latin1;
/*!40101 SET character_set_client = @saved_cs_client */;

--
-- Dumping data for table `ingresos_principalforma`
--

LOCK TABLES `ingresos_principalforma` WRITE;
/*!40000 ALTER TABLE `ingresos_principalforma` DISABLE KEYS */;
INSERT INTO `ingresos_principalforma` VALUES (1,1,3),(2,1,5),(3,5,2),(4,1,6),(5,3,7),(6,5,4),(7,5,8),(8,1,10),(9,1,9),(10,1,11),(11,3,12),(12,1,13),(13,1,15),(14,3,14),(15,1,18),(16,1,17),(17,1,19),(18,1,21),(19,1,22),(20,3,23),(21,1,25),(22,1,26),(23,1,27),(24,1,28),(25,1,31),(26,1,32),(27,1,33),(28,1,35),(29,1,34),(30,1,37),(31,1,38),(32,5,39),(33,1,41),(34,1,42),(35,1,43),(36,3,44),(37,1,45),(38,1,46),(39,1,47),(40,1,48),(41,1,49),(42,1,51),(43,1,52),(44,1,53),(45,1,54),(46,1,55),(47,1,56),(48,2,57),(49,1,60),(50,3,61),(51,3,63),(52,1,64),(53,1,65),(54,1,66),(55,1,67),(56,3,68),(57,1,69),(58,1,70),(59,2,71),(60,1,72),(61,1,73),(62,3,74),(63,1,75),(64,1,76),(65,1,77),(66,1,78),(67,3,79),(68,1,80),(69,1,81),(70,1,82),(71,1,83),(72,1,84),(73,1,85),(74,1,86),(75,1,89),(76,1,90),(77,1,91),(78,1,92),(79,1,93),(80,1,94),(81,1,95),(82,1,96),(83,1,97),(84,1,98),(85,1,99),(86,1,100),(87,1,101),(88,1,102),(89,1,103),(90,3,104),(91,1,105),(92,3,106),(93,1,108),(94,1,109),(95,1,110),(96,1,112),(97,1,113),(98,1,114),(99,1,115),(100,3,118),(101,1,119),(102,3,122),(103,1,123),(104,1,124),(105,1,125),(106,3,126),(107,3,128),(108,1,129),(109,1,130),(110,1,131),(111,1,132),(112,1,133),(113,1,134),(114,1,135),(115,1,136),(116,1,137),(117,1,138),(118,1,139),(119,1,140),(120,1,141),(121,3,142),(122,1,143),(123,3,144),(124,1,146),(125,1,147),(126,1,148),(127,1,149),(128,1,151),(129,3,152),(130,1,154),(131,1,156),(132,1,157),(133,1,158),(134,1,159),(135,1,160),(136,1,161),(137,1,162),(138,1,163),(139,1,164),(140,1,165),(141,1,166),(142,1,168),(143,1,169),(144,1,170),(145,1,171),(146,3,172),(147,3,173),(148,3,174),(149,5,175),(150,1,176),(151,1,177),(152,1,178),(153,1,179),(154,1,180),(155,1,181),(156,3,182),(157,1,186),(158,1,187),(159,1,189),(160,1,190),(161,1,191),(162,1,192),(163,1,193),(164,3,194),(165,1,195),(166,1,196),(167,3,197),(168,3,198),(169,1,199),(170,1,200),(171,1,201),(172,1,202),(173,1,203),(174,3,204),(175,3,205),(176,3,206),(177,1,207),(178,3,208),(179,3,209),(180,1,210),(181,3,211),(182,3,212),(183,1,213),(184,1,214),(185,1,215),(186,1,216),(187,1,217),(188,1,218),(189,1,219),(190,1,220),(191,1,222),(192,1,224),(193,1,225),(194,1,226),(195,1,227),(196,1,228),(197,1,231),(198,1,234),(199,1,235),(200,1,236),(201,3,238),(202,1,239),(203,1,240),(204,1,241),(205,1,242),(206,1,244),(207,1,246),(208,1,247),(209,1,248),(210,3,249),(211,3,250),(212,1,251),(213,1,252),(214,1,254),(215,1,256),(216,1,259),(217,1,255),(218,1,260),(219,1,261),(220,1,262),(221,1,264),(222,1,265),(223,1,268),(224,1,269),(225,1,270),(226,3,271),(227,1,272),(228,1,273),(229,1,274),(230,1,275),(231,1,276),(232,1,277),(233,1,278),(234,1,279),(235,1,280),(236,3,282),(237,1,283),(238,1,285),(239,1,286),(240,1,287),(241,1,288),(242,1,289),(243,1,290),(244,1,291),(245,1,292),(246,1,293),(247,5,294),(248,1,295),(249,1,297),(250,1,298),(251,1,299),(252,1,300),(253,3,301),(254,5,302),(255,3,303),(256,3,304),(257,3,305),(258,5,306),(259,3,307),(260,3,308),(261,5,309),(262,1,310),(263,3,311),(264,1,312),(265,3,313),(266,3,314),(267,1,315),(268,4,316),(269,3,317),(270,3,318),(271,3,319),(439,1,537),(273,1,321),(274,3,322),(275,1,323),(276,1,324),(277,1,325),(278,1,326),(279,5,327),(280,1,328),(281,3,329),(282,1,330),(283,3,331),(284,3,332),(285,1,333),(286,1,334),(287,1,335),(288,1,336),(289,3,337),(290,3,338),(291,3,339),(292,1,343),(293,3,344),(294,3,345),(295,3,346),(296,3,347),(297,3,348),(298,1,350),(299,1,349),(300,3,352),(301,1,353),(302,3,354),(303,1,355),(304,1,356),(305,1,357),(306,3,358),(307,1,360),(308,1,361),(309,1,366),(310,5,367),(311,5,369),(312,1,370),(313,1,372),(314,3,373),(315,3,374),(316,1,375),(317,3,376),(318,3,377),(319,3,378),(320,1,379),(321,1,380),(322,1,381),(323,1,382),(324,1,383),(325,1,384),(326,1,385),(327,1,386),(328,1,388),(329,1,390),(330,1,391),(331,1,393),(332,1,394),(333,1,395),(334,1,396),(335,1,397),(336,1,398),(337,1,399),(338,1,400),(339,1,401),(340,1,402),(341,1,403),(342,2,404),(343,1,406),(344,1,407),(345,1,408),(346,5,409),(347,5,412),(348,1,414),(349,1,415),(350,1,417),(351,1,418),(352,1,419),(353,1,420),(354,1,421),(355,1,423),(356,5,424),(357,5,426),(358,1,427),(359,5,428),(360,1,430),(361,1,431),(362,5,433),(363,1,434),(364,1,435),(365,1,436),(366,3,438),(367,1,439),(368,3,440),(369,3,441),(370,1,442),(371,1,443),(372,5,444),(373,1,445),(374,1,446),(375,1,447),(376,1,448),(377,1,449),(378,5,450),(379,1,452),(380,1,453),(381,1,454),(382,5,455),(383,1,456),(384,1,457),(385,5,458),(386,1,459),(387,1,460),(388,1,461),(389,1,462),(390,5,463),(391,1,467),(392,1,468),(393,1,469),(394,1,470),(395,5,471),(396,5,473),(397,1,475),(398,5,477),(399,5,479),(400,1,482),(401,1,483),(402,1,484),(403,1,489),(404,1,491),(405,1,493),(406,1,494),(407,1,495),(408,1,496),(409,1,498),(410,1,499),(411,1,500),(412,1,501),(413,1,502),(414,1,503),(415,1,504),(416,1,507),(457,1,565),(418,1,510),(419,1,511),(420,1,512),(421,1,513),(423,1,515),(424,1,516),(425,1,517),(426,1,518),(427,1,519),(428,1,520),(429,1,521),(430,1,525),(431,2,528),(432,1,529),(433,5,530),(434,5,531),(435,5,532),(436,1,533),(437,5,534),(456,1,563),(440,5,539),(441,5,540),(442,5,541),(443,1,542),(444,1,543),(445,1,544),(446,1,545),(447,1,546),(448,1,547),(449,5,548),(450,1,549),(451,1,550),(452,5,551),(453,1,553),(454,5,554),(455,1,557),(458,1,566),(459,1,567),(460,3,568),(461,1,569),(462,3,570),(463,1,571),(464,3,572),(465,3,573),(466,1,574),(467,1,575),(468,3,576),(469,1,577),(470,3,578),(471,3,579),(472,1,580),(473,1,582),(474,3,583),(475,1,587),(476,1,590),(477,1,591),(478,3,592),(479,1,593),(480,5,594),(481,3,595),(482,1,596),(483,1,597),(484,3,598),(485,3,599),(486,1,601),(487,3,602),(488,3,603),(489,3,604),(490,1,605),(491,1,606),(492,1,607),(493,3,608),(494,3,609),(495,1,610),(496,1,611),(497,1,612),(498,3,613),(499,3,614),(500,3,615),(501,1,616),(502,3,617),(503,1,618),(504,3,619),(505,1,621),(506,3,622),(507,3,623),(508,3,624),(511,3,627),(510,1,626),(512,2,628),(513,3,629),(514,1,631),(515,3,632),(516,1,633),(517,1,634),(518,1,636),(519,1,637),(520,1,638),(521,1,640),(522,2,641),(523,3,642),(524,3,643),(525,1,644);
/*!40000 ALTER TABLE `ingresos_principalforma` ENABLE KEYS */;
UNLOCK TABLES;

--
-- Table structure for table `ingresos_productos`
--

DROP TABLE IF EXISTS `ingresos_productos`;
/*!40101 SET @saved_cs_client     = @@character_set_client */;
/*!40101 SET character_set_client = utf8 */;
CREATE TABLE `ingresos_productos` (
  `id` int(11) NOT NULL AUTO_INCREMENT,
  `nombre` varchar(200) NOT NULL,
  `unidad` varchar(20) NOT NULL,
  PRIMARY KEY (`id`)
) ENGINE=MyISAM AUTO_INCREMENT=5 DEFAULT CHARSET=latin1;
/*!40101 SET character_set_client = @saved_cs_client */;

--
-- Dumping data for table `ingresos_productos`
--

LOCK TABLES `ingresos_productos` WRITE;
/*!40000 ALTER TABLE `ingresos_productos` DISABLE KEYS */;
INSERT INTO `ingresos_productos` VALUES (1,'Leche fresca, litros vendidos diarios','Litros'),(2,'Quesos, cuajadas, otros. Libras diarias','Libras'),(3,'Huevos, unidades diario','unidad'),(4,'Miel','Litros');
/*!40000 ALTER TABLE `ingresos_productos` ENABLE KEYS */;
UNLOCK TABLES;

--
-- Table structure for table `ingresos_productosprincipales`
--

DROP TABLE IF EXISTS `ingresos_productosprincipales`;
/*!40101 SET @saved_cs_client     = @@character_set_client */;
/*!40101 SET character_set_client = utf8 */;
CREATE TABLE `ingresos_productosprincipales` (
  `id` int(11) NOT NULL AUTO_INCREMENT,
  `nombre` varchar(200) NOT NULL,
  PRIMARY KEY (`id`)
) ENGINE=MyISAM AUTO_INCREMENT=16 DEFAULT CHARSET=latin1;
/*!40101 SET character_set_client = @saved_cs_client */;

--
-- Dumping data for table `ingresos_productosprincipales`
--

LOCK TABLES `ingresos_productosprincipales` WRITE;
/*!40000 ALTER TABLE `ingresos_productosprincipales` DISABLE KEYS */;
INSERT INTO `ingresos_productosprincipales` VALUES (1,'Maíz/Maicillo'),(2,'Frijol'),(3,'Café'),(4,'Cacao'),(5,'Plátano'),(6,'Hortalizas'),(7,'Frutas'),(8,'Raíces/tubérculos'),(9,'Procesados'),(10,'Ganado mayor'),(11,'Lácteos'),(12,'Huevos'),(13,'Leña'),(14,'Miel'),(15,'Ganado menor');
/*!40000 ALTER TABLE `ingresos_productosprincipales` ENABLE KEYS */;
UNLOCK TABLES;

--
-- Table structure for table `ingresos_productosprocesado`
--

DROP TABLE IF EXISTS `ingresos_productosprocesado`;
/*!40101 SET @saved_cs_client     = @@character_set_client */;
/*!40101 SET character_set_client = utf8 */;
CREATE TABLE `ingresos_productosprocesado` (
  `id` int(11) NOT NULL AUTO_INCREMENT,
  `producto_id` int(11) NOT NULL,
  `cantidad` double NOT NULL,
  `monto` double NOT NULL,
  `encuesta_id` int(11) NOT NULL,
  PRIMARY KEY (`id`),
  KEY `ingresos_productosprocesado_2d3cc3fc` (`producto_id`),
  KEY `ingresos_productosprocesado_1de70ac4` (`encuesta_id`)
) ENGINE=MyISAM AUTO_INCREMENT=66 DEFAULT CHARSET=latin1;
/*!40101 SET character_set_client = @saved_cs_client */;

--
-- Dumping data for table `ingresos_productosprocesado`
--

LOCK TABLES `ingresos_productosprocesado` WRITE;
/*!40000 ALTER TABLE `ingresos_productosprocesado` DISABLE KEYS */;
INSERT INTO `ingresos_productosprocesado` VALUES (1,4,2400,15600,51),(2,1,48,5760,56),(3,4,2100,2100,57),(4,4,3840,7680,62),(5,4,900,0,135),(6,2,5000,5000,136),(7,2,2000,2000,140),(8,1,4128,3552,147),(9,1,14400,14400,149),(10,8,3600,3600,155),(11,2,15000,6000,157),(12,2,12000,6000,165),(13,5,70,1150,219),(14,4,360,1440,235),(15,2,0,1200,239),(16,4,0,840,239),(17,5,5760,5760,277),(18,8,36,3600,287),(19,2,8000,8000,354),(20,2,8000,2000,360),(21,1,10950,10950,361),(22,1,13925,13925,393),(23,1,2615,200,407),(24,2,1000,1000,407),(25,3,6,90,407),(26,5,18000,7200,442),(27,2,7200,2400,445),(28,2,9600,3840,447),(29,5,600,7200,449),(30,2,2400,2400,452),(31,8,60,1400,459),(32,4,10,400,460),(33,5,48000,0,484),(34,1,1350,8100,485),(35,2,800,300,488),(36,2,14400,2400,496),(37,1,1200,4800,497),(38,2,5400,18000,504),(59,5,3000,3000,607),(40,2,14400,14400,515),(41,2,11100,3100,517),(42,2,240,2400,519),(43,5,4800,4800,519),(44,5,120,15,532),(45,1,3000,1000,534),(58,4,1750,1750,586),(47,1,22000,6600,538),(48,2,2400,600,538),(49,2,6000,1800,548),(50,1,720,240,549),(51,2,3600,1200,549),(52,2,28800,11520,550),(53,2,7200,1200,552),(54,2,2000,4000,554),(55,2,10800,4800,555),(56,4,14000,7200,555),(57,2,87600,87600,557),(60,4,12775,12775,614),(61,6,5000,5000,614),(62,8,7200,7200,618),(63,2,6000,2400,621),(64,1,17,500,600),(65,7,10,200,600);
/*!40000 ALTER TABLE `ingresos_productosprocesado` ENABLE KEYS */;
UNLOCK TABLES;

--
-- Table structure for table `ingresos_vendeproducto`
--

DROP TABLE IF EXISTS `ingresos_vendeproducto`;
/*!40101 SET @saved_cs_client     = @@character_set_client */;
/*!40101 SET character_set_client = utf8 */;
CREATE TABLE `ingresos_vendeproducto` (
  `id` int(11) NOT NULL AUTO_INCREMENT,
  `principal_id` int(11) NOT NULL,
  `forma` int(11) NOT NULL,
  `encuesta_id` int(11) NOT NULL,
  PRIMARY KEY (`id`),
  KEY `ingresos_vendeproducto_140605c7` (`principal_id`),
  KEY `ingresos_vendeproducto_1de70ac4` (`encuesta_id`)
) ENGINE=MyISAM AUTO_INCREMENT=2518 DEFAULT CHARSET=latin1;
/*!40101 SET character_set_client = @saved_cs_client */;

--
-- Dumping data for table `ingresos_vendeproducto`
--

LOCK TABLES `ingresos_vendeproducto` WRITE;
/*!40000 ALTER TABLE `ingresos_vendeproducto` DISABLE KEYS */;
INSERT INTO `ingresos_vendeproducto` VALUES (1,2,1,3),(2,3,1,3),(3,4,3,3),(4,1,1,5),(5,2,1,5),(6,1,5,2),(7,2,5,2),(8,3,5,2),(9,4,5,2),(10,5,5,2),(11,6,5,2),(12,7,5,2),(13,8,5,2),(14,9,5,2),(15,10,5,2),(16,11,5,2),(17,12,5,2),(18,13,5,2),(19,14,5,2),(20,15,5,2),(21,1,1,6),(22,2,1,6),(23,3,1,6),(24,5,1,6),(25,1,5,7),(26,2,3,7),(27,3,3,7),(28,4,3,7),(29,5,5,7),(30,6,5,7),(31,7,5,7),(32,8,1,7),(33,9,5,7),(34,10,5,7),(35,11,5,7),(36,12,1,7),(37,13,5,7),(38,14,5,7),(39,15,5,7),(40,1,5,4),(41,2,5,4),(42,3,5,4),(43,4,5,4),(44,5,5,4),(45,6,5,4),(46,7,5,4),(47,8,5,4),(48,9,5,4),(49,10,5,4),(50,11,5,4),(51,12,5,4),(52,13,5,4),(53,14,5,4),(54,15,5,4),(55,12,1,8),(56,1,5,8),(57,2,5,8),(58,3,5,8),(59,4,5,8),(60,5,5,8),(61,6,5,8),(62,7,5,8),(63,8,5,8),(64,9,5,8),(65,10,5,8),(66,11,5,8),(67,13,5,8),(68,14,5,8),(69,15,5,8),(70,1,1,10),(71,2,1,10),(72,3,1,10),(73,4,3,10),(74,15,1,10),(75,2,1,9),(76,3,1,9),(77,1,1,11),(78,2,5,11),(79,3,5,11),(80,4,5,11),(81,5,5,11),(82,6,5,11),(83,7,5,11),(84,8,5,11),(85,9,5,11),(86,10,5,11),(87,11,5,11),(88,12,5,11),(89,13,5,11),(90,14,5,11),(91,15,5,11),(92,2,3,12),(93,3,3,12),(94,4,3,12),(95,1,1,13),(96,3,1,13),(97,1,1,15),(98,2,1,15),(99,12,1,15),(100,3,5,15),(101,4,5,15),(102,5,5,15),(103,6,5,15),(104,7,5,15),(105,8,5,15),(106,9,5,15),(107,10,5,15),(108,11,5,15),(109,13,5,15),(110,14,5,15),(111,15,5,15),(112,3,3,14),(113,4,3,14),(114,12,1,14),(115,1,1,18),(116,2,1,18),(117,1,1,17),(118,2,1,17),(119,3,1,17),(120,12,1,17),(121,1,5,19),(122,2,5,19),(123,3,5,19),(124,4,5,19),(125,5,5,19),(126,6,5,19),(127,7,5,19),(128,8,5,19),(129,9,5,19),(130,10,5,19),(131,11,5,19),(132,12,5,19),(133,13,5,19),(134,14,5,19),(135,15,5,19),(136,3,1,21),(137,1,1,22),(138,2,1,22),(139,12,1,22),(140,3,5,22),(141,4,5,22),(142,5,5,22),(143,6,5,22),(144,7,5,22),(145,8,5,22),(146,9,5,22),(147,10,5,22),(148,11,5,22),(149,13,5,22),(150,14,5,22),(151,15,5,22),(152,1,1,24),(153,2,1,24),(154,3,1,24),(155,1,5,25),(156,2,5,25),(157,1,1,26),(158,2,1,26),(159,12,1,26),(160,2,1,27),(161,3,1,27),(162,2,1,28),(163,12,1,28),(164,15,1,28),(165,6,1,31),(166,1,5,31),(167,2,5,31),(168,3,5,31),(169,4,5,31),(170,5,5,31),(171,7,5,31),(172,8,5,31),(173,9,5,31),(174,10,5,31),(175,11,5,31),(176,12,5,31),(177,13,5,31),(178,14,5,31),(179,15,5,31),(180,1,5,32),(181,2,1,32),(182,3,5,32),(183,4,5,32),(184,5,5,32),(185,6,5,32),(186,7,5,32),(187,8,5,32),(188,9,5,32),(189,10,1,32),(190,11,5,32),(191,12,5,32),(192,13,5,32),(193,14,5,32),(194,15,5,32),(195,1,5,33),(196,2,1,33),(197,3,5,33),(198,4,5,33),(199,5,5,33),(200,6,5,33),(201,7,5,33),(202,8,5,33),(203,9,5,33),(204,10,1,33),(205,11,5,33),(206,12,5,33),(207,13,5,33),(208,14,5,33),(209,15,5,33),(210,1,1,35),(211,2,3,35),(212,1,5,34),(213,2,1,34),(214,3,5,34),(215,4,5,34),(216,5,5,34),(217,6,5,34),(218,7,5,34),(219,8,5,34),(220,9,5,34),(221,10,1,34),(222,11,5,34),(223,12,5,34),(224,13,5,34),(225,14,5,34),(226,15,5,34),(227,3,1,37),(228,1,5,36),(229,2,5,36),(230,3,5,36),(231,4,5,36),(232,5,5,36),(233,6,5,36),(234,7,5,36),(235,8,5,36),(236,9,5,36),(237,10,1,36),(238,11,5,36),(239,12,1,36),(240,13,5,36),(241,14,5,36),(242,15,5,36),(243,1,1,38),(244,2,1,38),(245,3,3,38),(246,4,3,38),(247,1,5,39),(248,2,5,39),(249,3,5,39),(250,4,5,39),(251,5,5,39),(252,6,5,39),(253,7,5,39),(254,8,5,39),(255,9,5,39),(256,10,5,39),(257,11,5,39),(258,12,5,39),(259,13,5,39),(260,14,5,39),(261,15,5,39),(262,2,1,41),(263,3,3,41),(264,4,3,41),(265,3,1,42),(266,2,1,42),(267,5,1,42),(268,4,1,42),(269,8,1,42),(270,1,1,43),(271,2,1,43),(272,10,1,43),(273,12,1,43),(274,3,3,44),(275,4,3,44),(276,2,3,45),(277,4,1,45),(278,12,1,45),(279,1,5,46),(280,2,5,46),(281,3,5,46),(282,4,5,46),(283,5,5,46),(284,6,5,46),(285,7,5,46),(286,8,5,46),(287,9,5,46),(288,10,5,46),(289,11,5,46),(290,12,5,46),(291,13,5,46),(292,14,5,46),(293,15,5,46),(294,1,1,47),(295,2,1,47),(296,10,1,47),(297,12,1,47),(298,1,1,48),(299,2,1,48),(300,3,1,48),(301,8,1,48),(302,10,1,48),(303,2,1,49),(304,3,1,49),(305,7,1,49),(306,1,5,50),(307,2,5,50),(308,3,5,50),(309,4,5,50),(310,5,5,50),(311,6,5,50),(312,7,5,50),(313,8,5,50),(314,9,5,50),(315,10,5,50),(316,11,5,50),(317,12,5,50),(318,13,1,50),(319,14,5,50),(320,15,5,50),(321,3,1,51),(322,4,1,51),(323,8,1,51),(324,1,1,52),(325,2,3,52),(326,3,3,52),(327,4,3,52),(328,5,1,52),(329,10,1,52),(330,12,1,52),(331,15,1,52),(332,1,1,53),(333,2,3,53),(334,3,2,53),(335,5,1,53),(336,12,1,53),(337,15,1,53),(338,8,3,54),(339,10,1,54),(340,15,1,54),(341,1,1,55),(342,2,5,55),(343,3,1,55),(344,4,5,55),(345,5,5,55),(346,6,5,55),(347,7,5,55),(348,8,5,55),(349,9,5,55),(350,10,1,55),(351,11,1,55),(352,12,5,55),(353,13,5,55),(354,14,5,55),(355,15,5,55),(356,1,1,56),(357,3,1,56),(358,4,1,56),(359,3,2,57),(360,6,1,57),(361,7,1,57),(362,8,1,57),(363,1,5,59),(364,2,5,59),(365,3,5,59),(366,4,5,59),(367,5,5,59),(368,6,5,59),(369,7,5,59),(370,8,5,59),(371,9,5,59),(372,10,5,59),(373,11,5,59),(374,12,5,59),(375,13,1,59),(376,14,5,59),(377,15,5,59),(378,2,1,60),(379,4,1,60),(380,3,1,60),(381,5,1,60),(382,3,1,61),(383,4,3,61),(384,1,5,62),(385,2,5,62),(386,3,5,62),(387,4,5,62),(388,5,5,62),(389,6,5,62),(390,7,5,62),(391,8,5,62),(392,9,1,62),(393,10,5,62),(394,11,5,62),(395,12,1,62),(396,13,5,62),(397,14,5,62),(398,15,5,62),(399,1,1,63),(400,2,1,63),(401,4,3,63),(402,1,5,64),(403,2,5,64),(404,3,5,64),(405,4,5,64),(406,11,1,64),(407,1,3,65),(408,2,3,65),(409,3,3,65),(410,2,1,66),(411,3,2,66),(412,1,1,67),(413,2,1,67),(414,1,3,68),(415,2,3,68),(416,1,1,69),(417,2,3,69),(418,3,1,69),(419,4,3,69),(420,8,3,69),(421,15,1,69),(422,1,1,70),(423,2,1,70),(424,3,2,70),(425,8,1,70),(426,3,2,71),(427,1,1,72),(428,3,3,72),(429,4,3,72),(430,8,3,72),(431,1,1,73),(432,2,1,73),(433,3,1,73),(434,4,3,73),(435,5,1,73),(436,2,3,74),(437,3,1,75),(438,10,1,76),(439,2,1,77),(440,3,1,77),(441,4,1,77),(442,12,1,77),(443,1,1,78),(444,2,3,78),(445,3,3,78),(446,4,3,78),(447,5,1,78),(448,8,3,78),(449,11,1,78),(450,12,1,78),(451,15,1,78),(452,1,3,79),(453,2,3,79),(454,8,3,79),(455,10,1,79),(456,1,1,80),(457,1,1,81),(458,2,3,81),(459,3,1,81),(460,4,3,81),(461,8,3,81),(462,1,1,82),(463,1,1,83),(464,1,1,84),(465,2,1,84),(466,15,1,84),(467,2,3,85),(468,3,2,85),(469,4,3,85),(470,10,1,85),(471,11,1,85),(472,12,1,85),(473,1,5,86),(474,2,5,86),(475,3,5,86),(476,4,5,86),(477,5,5,86),(478,6,5,86),(479,7,5,86),(480,8,5,86),(481,9,5,86),(482,10,1,86),(483,11,1,86),(484,12,1,86),(485,13,5,86),(486,14,5,86),(487,15,5,86),(488,2,3,89),(489,3,2,89),(490,4,3,89),(491,8,3,89),(492,10,1,89),(493,12,1,89),(494,15,1,89),(495,1,1,90),(496,2,1,90),(497,3,5,90),(498,4,5,90),(499,5,5,90),(500,6,5,90),(501,7,5,90),(502,8,5,90),(503,9,5,90),(504,10,1,90),(505,11,1,90),(506,12,1,90),(507,13,5,90),(508,14,5,90),(509,15,5,90),(510,2,1,91),(511,3,1,91),(512,8,1,91),(513,15,1,91),(514,3,1,92),(515,15,1,92),(516,1,1,93),(517,2,1,93),(518,3,1,93),(519,4,1,93),(520,5,1,93),(521,6,1,93),(522,7,1,93),(523,8,1,93),(524,9,1,93),(525,10,1,93),(526,11,1,93),(527,12,1,93),(528,13,1,93),(529,14,1,93),(530,15,1,93),(531,1,5,94),(532,2,5,94),(533,3,5,94),(534,4,5,94),(535,5,5,94),(536,6,5,94),(537,7,5,94),(538,8,5,94),(539,9,5,94),(540,10,5,94),(541,11,5,94),(542,12,5,94),(543,13,5,94),(544,14,5,94),(545,15,5,94),(546,1,1,96),(547,2,1,96),(548,2,1,97),(549,3,3,97),(550,1,1,98),(551,2,1,98),(552,1,1,99),(553,2,1,99),(554,1,1,100),(555,2,1,100),(556,12,1,100),(557,1,1,101),(558,2,1,101),(559,3,1,101),(560,1,1,102),(561,2,1,102),(562,1,1,103),(563,2,1,103),(564,2,3,104),(565,1,1,105),(566,2,1,105),(567,1,3,106),(568,2,3,106),(569,4,3,106),(570,1,1,108),(571,2,1,108),(572,8,1,108),(573,1,1,109),(574,1,1,110),(575,2,5,110),(576,3,5,110),(577,4,5,110),(578,5,5,110),(579,6,5,110),(580,7,5,110),(581,8,5,110),(582,9,5,110),(583,10,5,110),(584,11,5,110),(585,12,5,110),(586,13,5,110),(587,14,5,110),(588,15,5,110),(589,1,1,112),(590,2,1,112),(591,3,1,112),(592,2,1,113),(593,3,1,113),(594,1,1,114),(595,2,5,114),(596,3,5,114),(597,4,5,114),(598,5,5,114),(599,6,5,114),(600,7,5,114),(601,8,5,114),(602,9,5,114),(603,10,5,114),(604,11,5,114),(605,12,5,114),(606,13,5,114),(607,14,5,114),(608,15,5,114),(609,1,1,115),(610,2,1,115),(611,2,3,118),(612,3,3,118),(613,4,3,118),(614,1,1,119),(615,2,1,119),(616,3,1,119),(617,4,1,119),(618,5,1,119),(619,10,1,119),(620,1,3,122),(621,2,3,122),(622,3,3,122),(623,3,1,123),(624,1,1,124),(625,2,1,124),(626,12,1,124),(627,3,1,125),(628,2,3,126),(629,3,3,126),(630,4,3,126),(631,1,1,127),(632,15,1,127),(633,3,2,128),(634,15,1,128),(635,1,1,129),(636,2,1,129),(637,3,3,129),(638,5,1,129),(639,10,1,129),(640,11,1,129),(641,12,1,129),(642,15,1,129),(643,2,1,130),(644,4,1,130),(645,1,1,131),(646,2,1,131),(647,3,1,131),(648,5,1,131),(649,15,1,131),(650,2,1,132),(651,3,1,132),(652,10,1,132),(653,15,1,132),(654,2,1,133),(655,3,1,133),(656,1,1,134),(657,2,3,134),(658,4,1,134),(659,10,1,134),(660,2,1,135),(661,1,1,136),(662,3,1,136),(663,1,1,137),(664,2,1,137),(665,3,1,137),(666,4,1,137),(667,8,1,137),(668,1,1,138),(669,2,1,138),(670,3,1,138),(671,10,1,138),(672,12,1,138),(673,2,1,139),(674,3,1,139),(675,10,1,139),(676,11,1,139),(677,1,1,140),(678,2,1,140),(679,3,1,140),(680,5,1,140),(681,2,1,141),(682,3,1,141),(683,1,3,142),(684,2,3,142),(685,3,3,142),(686,1,1,143),(687,2,1,143),(688,10,1,143),(689,11,1,143),(690,1,3,144),(691,2,3,144),(692,3,3,144),(693,8,3,144),(694,1,1,145),(695,3,1,145),(696,10,1,145),(697,12,1,145),(698,1,1,146),(699,2,1,146),(700,3,1,146),(701,1,1,147),(702,2,1,147),(703,9,1,147),(704,11,1,147),(705,12,1,147),(706,1,1,148),(707,2,1,148),(708,5,1,148),(709,7,1,148),(710,12,1,148),(711,15,1,148),(712,1,3,149),(713,2,3,149),(714,3,3,149),(715,4,3,149),(716,5,1,149),(717,1,1,151),(718,2,1,151),(719,3,1,151),(720,4,1,151),(721,2,3,152),(722,3,3,152),(723,4,3,152),(724,2,1,154),(725,3,2,154),(726,4,3,154),(727,8,1,154),(728,1,1,156),(729,2,1,156),(730,1,1,157),(731,2,1,157),(732,3,1,157),(733,4,3,157),(734,1,1,158),(735,2,3,158),(736,3,1,158),(737,1,1,159),(738,2,1,159),(739,3,1,159),(740,10,1,159),(741,11,1,159),(742,12,1,159),(743,15,1,159),(744,2,1,160),(745,3,1,160),(746,4,1,160),(747,2,1,161),(748,2,1,162),(749,3,1,162),(750,1,1,163),(751,2,1,163),(752,10,1,163),(753,11,1,163),(754,12,1,163),(755,1,1,164),(756,2,1,164),(757,12,1,164),(758,1,1,165),(759,2,1,165),(760,8,1,165),(761,9,1,165),(762,10,1,165),(763,11,1,165),(764,12,1,165),(765,1,1,150),(766,2,1,150),(767,3,1,150),(768,4,1,150),(769,5,1,150),(770,6,1,150),(771,8,1,150),(772,9,1,150),(773,10,1,150),(774,11,1,150),(775,12,1,150),(776,13,1,150),(777,14,1,150),(778,15,1,150),(779,1,1,166),(780,2,1,166),(781,7,1,166),(782,1,1,168),(783,2,1,168),(784,3,1,168),(785,5,1,168),(786,1,1,169),(787,2,1,169),(788,3,1,169),(789,4,1,169),(790,1,1,170),(791,2,1,170),(792,3,1,170),(793,4,3,170),(794,2,1,171),(795,12,1,171),(796,1,1,172),(797,2,1,172),(798,4,3,172),(799,5,1,172),(800,2,3,173),(801,3,1,173),(802,4,3,173),(803,15,1,173),(804,2,3,174),(805,2,1,176),(806,1,1,177),(807,2,1,177),(808,3,1,177),(809,12,1,177),(810,2,1,178),(811,3,1,178),(812,10,1,178),(813,12,1,178),(814,1,1,179),(815,2,1,179),(816,3,1,179),(817,3,1,180),(818,12,1,180),(819,13,1,180),(820,15,1,180),(821,1,1,181),(822,2,3,181),(823,3,3,182),(824,1,1,167),(825,2,1,167),(826,10,1,167),(827,11,1,167),(828,2,1,186),(829,4,3,186),(830,1,1,187),(831,2,1,187),(832,3,1,187),(833,1,1,188),(834,2,1,188),(835,1,1,189),(836,2,1,189),(837,2,1,190),(838,4,3,190),(839,2,1,191),(840,3,1,191),(841,5,1,191),(842,8,1,191),(843,1,1,192),(844,2,1,192),(845,1,3,193),(846,2,3,193),(847,1,1,194),(848,2,3,194),(849,3,3,194),(850,1,1,195),(851,2,1,195),(852,1,1,196),(853,2,1,196),(854,1,3,197),(855,2,3,197),(856,1,3,198),(857,2,3,198),(858,1,1,199),(859,2,1,199),(860,3,1,199),(861,1,1,200),(862,2,1,200),(863,1,1,201),(864,2,1,201),(865,3,1,201),(866,1,1,202),(867,2,1,202),(868,3,1,202),(869,1,1,203),(870,2,1,203),(871,3,1,203),(872,1,3,204),(873,2,3,204),(874,1,3,205),(875,2,3,205),(876,1,3,206),(877,2,3,206),(878,2,1,207),(879,4,3,207),(880,5,1,207),(881,10,1,207),(882,11,3,207),(883,3,3,208),(884,1,3,209),(885,3,3,209),(886,1,1,210),(887,2,1,210),(888,1,3,211),(889,2,3,211),(890,1,3,212),(891,2,3,212),(892,1,1,213),(893,2,1,213),(894,1,1,214),(895,2,1,214),(896,1,1,215),(897,2,1,215),(898,12,1,215),(899,1,1,216),(900,2,1,216),(901,1,1,217),(902,2,1,217),(903,1,5,218),(904,2,5,218),(905,3,5,218),(906,4,5,218),(907,5,1,218),(908,6,1,218),(909,7,5,218),(910,8,5,218),(911,9,5,218),(912,10,5,218),(913,11,5,218),(914,12,5,218),(915,13,5,218),(916,14,5,218),(917,15,5,218),(918,1,5,219),(919,15,5,219),(920,1,1,220),(921,2,1,220),(922,1,1,222),(923,2,1,222),(924,1,1,224),(925,1,5,225),(926,2,5,225),(927,3,5,225),(928,4,5,225),(929,5,5,225),(930,6,5,225),(931,7,5,225),(932,8,5,225),(933,9,5,225),(934,10,5,225),(935,11,1,225),(936,12,5,225),(937,13,5,225),(938,14,5,225),(939,15,5,225),(940,1,1,226),(941,10,1,227),(942,11,1,227),(943,12,1,227),(944,1,1,228),(945,2,1,228),(946,1,1,231),(947,2,1,231),(948,3,1,231),(949,10,1,232),(950,12,1,232),(951,1,1,234),(952,2,1,234),(953,1,5,235),(954,2,5,235),(955,4,5,235),(956,5,5,235),(957,6,5,235),(958,7,5,235),(959,8,5,235),(960,9,1,235),(961,10,5,235),(962,11,5,235),(963,12,5,235),(964,13,5,235),(965,14,5,235),(966,15,5,235),(967,1,1,236),(968,2,1,236),(969,1,3,238),(970,2,3,238),(971,1,5,239),(972,2,5,239),(973,3,5,239),(974,4,5,239),(975,5,5,239),(976,6,5,239),(977,7,5,239),(978,8,5,239),(979,9,1,239),(980,10,5,239),(981,11,1,239),(982,12,5,239),(983,13,5,239),(984,14,5,239),(985,15,5,239),(986,1,5,240),(987,2,5,240),(988,3,5,240),(989,4,5,240),(990,5,5,240),(991,6,5,240),(992,7,5,240),(993,8,5,240),(994,9,5,240),(995,10,5,240),(996,11,5,240),(997,12,1,240),(998,13,5,240),(999,14,5,240),(1000,15,1,240),(1001,1,1,241),(1002,2,1,241),(1003,4,1,241),(1004,15,1,241),(1005,1,1,242),(1006,2,5,242),(1007,3,5,242),(1008,4,5,242),(1009,5,5,242),(1010,6,5,242),(1011,7,5,242),(1012,8,5,242),(1013,9,5,242),(1014,10,5,242),(1015,11,5,242),(1016,12,5,242),(1017,13,5,242),(1018,14,5,242),(1019,15,1,242),(1020,1,5,243),(1021,2,5,243),(1022,3,5,243),(1023,4,5,243),(1024,5,5,243),(1025,6,5,243),(1026,7,5,243),(1027,8,5,243),(1028,9,5,243),(1029,10,5,243),(1030,11,5,243),(1031,12,1,243),(1032,13,5,243),(1033,14,5,243),(1034,15,5,243),(1035,1,1,244),(1036,2,1,244),(1037,3,1,244),(1038,14,1,244),(1039,1,1,246),(1040,2,1,246),(1041,1,5,247),(1042,2,5,247),(1043,3,5,247),(1044,4,5,247),(1045,5,5,247),(1046,6,5,247),(1047,7,5,247),(1048,8,5,247),(1049,9,5,247),(1050,10,5,247),(1051,11,5,247),(1052,12,5,247),(1053,13,5,247),(1054,14,5,247),(1055,15,5,247),(1056,1,1,248),(1057,2,1,248),(1058,10,1,248),(1059,1,3,249),(1060,2,3,249),(1061,3,3,249),(1062,3,3,250),(1063,10,1,252),(1064,2,1,254),(1065,1,1,256),(1066,2,1,256),(1067,1,1,257),(1068,1,1,259),(1069,2,1,259),(1070,1,1,255),(1071,2,1,255),(1072,12,1,255),(1073,15,1,255),(1074,13,1,260),(1075,2,1,261),(1076,1,1,262),(1077,2,1,262),(1078,1,1,264),(1079,2,1,264),(1080,1,1,265),(1081,2,1,265),(1082,1,1,268),(1083,2,1,268),(1084,12,1,268),(1085,1,1,269),(1086,2,1,269),(1087,13,1,270),(1088,2,1,271),(1089,3,3,271),(1090,14,3,271),(1091,1,1,272),(1092,2,1,272),(1093,1,1,273),(1094,1,1,274),(1095,12,1,274),(1096,13,1,274),(1097,1,1,275),(1098,1,1,275),(1099,10,1,275),(1100,1,1,276),(1101,2,1,276),(1102,13,1,277),(1103,1,1,278),(1104,12,1,279),(1105,1,1,280),(1106,2,1,280),(1107,3,1,280),(1108,12,1,280),(1109,1,3,282),(1110,2,3,282),(1111,5,3,282),(1112,1,1,283),(1113,2,1,283),(1114,1,1,285),(1115,2,1,285),(1116,1,1,286),(1117,2,1,286),(1118,3,1,286),(1119,1,1,287),(1120,2,1,287),(1121,11,1,287),(1122,12,1,287),(1123,15,1,287),(1124,1,1,288),(1125,2,1,288),(1126,3,1,288),(1127,1,1,289),(1128,2,1,289),(1129,3,1,289),(1130,10,1,289),(1131,11,1,289),(1132,12,1,289),(1133,1,1,290),(1134,2,1,290),(1135,12,1,290),(1136,2,1,291),(1137,3,1,291),(1138,10,1,291),(1139,11,1,291),(1140,1,1,292),(1141,2,1,292),(1142,1,1,293),(1143,2,1,293),(1144,10,1,293),(1145,11,1,293),(1146,1,5,294),(1147,2,5,294),(1148,3,5,294),(1149,4,5,294),(1150,5,5,294),(1151,6,5,294),(1152,7,5,294),(1153,8,5,294),(1154,9,5,294),(1155,10,5,294),(1156,11,5,294),(1157,11,5,294),(1158,13,5,294),(1159,14,5,294),(1160,15,5,294),(1161,1,1,295),(1162,2,1,295),(1163,1,1,297),(1164,1,1,297),(1165,1,5,298),(1166,1,1,299),(1167,2,1,299),(1168,5,1,299),(1169,12,1,299),(1170,3,5,299),(1171,4,5,299),(1172,13,5,299),(1173,15,5,299),(1174,1,1,300),(1175,2,1,300),(1176,1,5,301),(1177,2,5,301),(1178,3,1,301),(1179,4,5,301),(1180,5,5,301),(1181,6,5,301),(1182,7,5,301),(1183,8,5,301),(1184,9,5,301),(1185,10,5,301),(1186,11,5,301),(1187,12,5,301),(1188,13,5,301),(1189,14,5,301),(1190,15,5,301),(1191,1,5,302),(1192,2,5,302),(1193,3,5,302),(1194,4,5,302),(1195,5,5,302),(1196,6,5,302),(1197,7,5,302),(1198,8,5,302),(1199,9,5,302),(1200,10,5,302),(1201,11,5,302),(1202,12,5,302),(1203,13,5,302),(1204,14,5,302),(1205,15,5,302),(1206,1,1,303),(1207,3,3,303),(1208,2,5,303),(1209,4,5,303),(1210,5,5,303),(1211,6,5,303),(1212,7,5,303),(1213,8,5,303),(1214,9,5,303),(1215,10,5,303),(1216,11,5,303),(1217,12,5,303),(1218,13,5,303),(1219,14,5,303),(1220,15,5,303),(1221,1,1,304),(1222,2,3,304),(1223,3,3,304),(1224,7,1,304),(1225,10,1,304),(1226,11,5,304),(1227,13,5,304),(1228,15,1,304),(1229,1,1,305),(1230,3,1,305),(1231,2,3,307),(1232,3,3,307),(1233,4,3,307),(1234,5,1,307),(1235,7,1,307),(1236,12,1,307),(1237,14,3,307),(1238,15,1,307),(1239,1,3,308),(1240,2,3,308),(1241,4,3,308),(1242,1,5,309),(1243,2,5,309),(1244,3,5,309),(1245,4,5,309),(1246,6,5,309),(1247,7,5,309),(1248,8,5,309),(1249,9,5,309),(1250,10,5,309),(1251,11,5,309),(1252,12,5,309),(1253,13,5,309),(1254,14,5,309),(1255,15,5,309),(1256,1,1,310),(1257,2,1,310),(1258,3,1,310),(1259,5,1,310),(1260,1,3,311),(1261,2,3,311),(1262,4,3,311),(1263,1,5,312),(1264,2,5,312),(1265,3,5,312),(1266,4,5,312),(1267,5,5,312),(1268,6,5,312),(1269,7,5,312),(1270,8,5,312),(1271,9,5,312),(1272,10,5,312),(1273,11,5,312),(1274,12,5,312),(1275,13,1,312),(1276,14,1,312),(1277,15,1,312),(1278,1,3,313),(1279,2,3,313),(1280,1,1,314),(1281,2,1,314),(1282,3,5,314),(1283,4,5,314),(1284,5,1,314),(1285,7,1,314),(1286,8,1,314),(1287,10,1,314),(1288,11,5,314),(1289,12,1,314),(1290,13,5,314),(1291,14,3,314),(1292,15,1,314),(1293,1,1,315),(1294,2,1,315),(1295,3,5,315),(1296,11,1,315),(1297,1,5,316),(1298,2,5,316),(1299,3,5,316),(1300,4,5,316),(1301,5,5,316),(1302,6,4,316),(1303,7,5,316),(1304,8,4,316),(1305,9,5,316),(1306,10,5,316),(1307,11,5,316),(1308,12,5,316),(1309,13,5,316),(1310,14,5,316),(1311,15,5,316),(1312,1,3,317),(1313,2,3,317),(1314,1,3,318),(1315,2,3,318),(1316,3,3,318),(1317,1,3,319),(1318,2,3,319),(1319,3,5,319),(1320,4,5,319),(1321,5,1,319),(1322,7,1,319),(1323,12,1,319),(1324,13,5,319),(1325,14,3,319),(1326,15,1,319),(2228,11,5,540),(2227,10,5,540),(2226,9,5,540),(2225,8,5,540),(2224,7,5,540),(2223,6,5,540),(2222,5,5,540),(2221,4,5,540),(2220,3,5,540),(2219,2,5,540),(2218,1,5,540),(2217,12,1,539),(2216,2,5,539),(2215,1,5,539),(2214,3,1,537),(1342,1,5,321),(1343,2,5,321),(1344,3,5,321),(1345,4,5,321),(1346,5,5,321),(1347,6,5,321),(1348,7,5,321),(1349,8,5,321),(1350,9,5,321),(1351,10,5,321),(1352,11,5,321),(1353,12,5,321),(1354,13,5,321),(1355,13,5,321),(1356,15,5,321),(1357,1,3,322),(1358,2,3,322),(1359,3,3,322),(1360,1,1,323),(1361,2,3,323),(1362,3,3,323),(1363,10,1,323),(1364,11,1,323),(1365,12,1,323),(1366,15,5,323),(1367,1,5,324),(1368,2,5,324),(1369,3,5,324),(1370,4,5,324),(1371,5,5,324),(1372,6,5,324),(1373,7,5,324),(1374,8,5,324),(1375,9,5,324),(1376,10,5,324),(1377,11,1,324),(1378,12,1,324),(1379,13,1,324),(1380,14,1,324),(1381,13,1,324),(1382,1,1,325),(1383,2,1,325),(1384,5,1,325),(1385,12,1,325),(1386,15,1,325),(1387,1,1,326),(1388,2,1,326),(1389,3,5,326),(1390,4,5,326),(1391,5,5,326),(1392,6,5,326),(1393,7,5,326),(1394,8,5,326),(1395,9,5,326),(1396,10,5,326),(1397,11,5,326),(1398,12,5,326),(1399,13,5,326),(1400,14,5,326),(1401,15,5,326),(1402,1,5,327),(1403,2,5,327),(1404,4,5,327),(1405,5,5,327),(1406,6,5,327),(1407,7,5,327),(1408,8,5,327),(1409,9,5,327),(1410,10,5,327),(1411,11,5,327),(1412,12,5,327),(1413,13,5,327),(1414,14,5,327),(1415,15,5,327),(1416,1,1,328),(1417,3,1,328),(1418,1,3,329),(1419,2,3,329),(1420,1,1,330),(1421,2,2,330),(1422,1,3,331),(1423,2,3,331),(1424,2,3,332),(1425,4,3,332),(1426,5,1,332),(1427,2,1,333),(1428,3,1,333),(1429,1,1,334),(1430,2,1,334),(1431,3,1,334),(1432,4,1,334),(1433,1,1,335),(1434,2,1,335),(1435,3,1,335),(1436,1,1,336),(1437,2,1,336),(1438,1,1,337),(1439,1,1,338),(1440,2,1,338),(1441,3,3,338),(1442,4,3,338),(1443,12,1,338),(1444,15,1,338),(1445,1,3,339),(1446,2,3,339),(1447,3,1,343),(1448,1,5,344),(1449,2,3,344),(1450,3,3,344),(1451,4,3,344),(1452,5,5,344),(1453,6,5,344),(1454,7,5,344),(1455,8,5,344),(1456,9,5,344),(1457,10,5,344),(1458,11,5,344),(1459,12,5,344),(1460,13,5,344),(1461,14,5,344),(1462,15,5,344),(1463,1,3,345),(1464,2,3,345),(1465,3,3,345),(1466,1,3,346),(1467,2,3,346),(1468,3,3,346),(1469,1,3,347),(1470,2,3,347),(1471,3,3,347),(1472,1,3,348),(1473,2,3,348),(1474,1,1,350),(1475,2,1,350),(1476,3,1,350),(1477,15,1,350),(1478,1,1,349),(1479,2,1,349),(1480,10,1,349),(1481,11,1,349),(1482,11,1,349),(1483,15,1,349),(1484,2,1,352),(1485,1,1,353),(1486,8,1,353),(1487,12,1,353),(1488,2,3,354),(1489,3,3,354),(1490,14,3,354),(1491,2,1,355),(1492,14,1,355),(1493,1,1,356),(1494,2,1,356),(1495,3,1,356),(1496,15,1,356),(1497,1,1,357),(1498,2,1,357),(1499,1,3,358),(1500,2,3,358),(1501,1,5,359),(1502,9,1,360),(1503,1,1,361),(1504,2,1,361),(1505,9,1,361),(1506,12,1,361),(1507,1,5,362),(1508,2,5,362),(1509,3,5,362),(1510,4,5,362),(1511,5,5,362),(1512,6,5,362),(1513,7,5,362),(1514,8,5,362),(1515,9,5,362),(1516,10,5,362),(1517,11,5,362),(1518,12,5,362),(1519,13,5,362),(1520,14,5,362),(1521,15,5,362),(1522,1,5,363),(1523,2,5,363),(1524,3,5,363),(1525,4,5,363),(1526,5,5,363),(1527,6,5,363),(1528,7,5,363),(1529,8,5,363),(1530,9,5,363),(1531,10,5,363),(1532,11,5,363),(1533,12,5,363),(1534,13,5,363),(1535,14,5,363),(1536,15,5,363),(1537,1,5,364),(1538,2,5,364),(1539,3,5,364),(1540,4,5,364),(1541,5,5,364),(1542,6,5,364),(1543,7,5,364),(1544,8,5,364),(1545,9,5,364),(1546,10,5,364),(1547,11,5,364),(1548,12,5,364),(1549,13,5,364),(1550,14,5,364),(1551,15,5,364),(1552,1,5,366),(1553,2,5,366),(1554,3,5,366),(1555,4,5,366),(1556,5,5,366),(1557,6,5,366),(1558,7,5,366),(1559,8,5,366),(1560,9,5,366),(1561,10,5,366),(1562,11,5,366),(1563,12,1,366),(1564,13,5,366),(1565,14,5,366),(1566,15,5,366),(1567,1,5,367),(1568,2,5,367),(1569,3,5,367),(1570,4,5,367),(1571,5,5,367),(1572,7,5,367),(1573,8,5,367),(1574,9,5,367),(1575,10,5,367),(1576,11,5,367),(1577,12,5,367),(1578,13,5,367),(1579,14,5,367),(1580,15,5,367),(1581,1,5,369),(1582,2,5,369),(1583,3,5,369),(1584,4,5,369),(1585,5,5,369),(1586,6,5,369),(1587,7,5,369),(1588,8,5,369),(1589,9,5,369),(1590,10,5,369),(1591,11,5,369),(1592,12,5,369),(1593,13,5,369),(1594,14,5,369),(1595,15,5,369),(1596,1,1,370),(1597,2,1,370),(1598,1,1,372),(1599,2,3,372),(1600,1,3,373),(1601,2,3,373),(1602,2,3,374),(1603,3,3,374),(1604,4,1,375),(1605,1,3,376),(1606,2,3,376),(1607,3,3,376),(1608,1,3,377),(1609,2,3,377),(1610,1,3,378),(1611,2,3,378),(1612,3,3,378),(1613,10,1,378),(1614,12,1,378),(1615,2,1,379),(1616,10,1,379),(1617,15,1,379),(1618,2,1,380),(1619,3,1,380),(1620,5,1,380),(1621,1,1,381),(1622,2,1,381),(1623,3,1,381),(1624,2,1,382),(1625,3,1,382),(1626,11,1,382),(1627,1,1,383),(1628,2,1,383),(1629,1,1,384),(1630,2,1,384),(1631,3,1,384),(1632,1,1,385),(1633,2,1,385),(1634,3,1,385),(1635,1,1,386),(1636,2,1,386),(1637,3,1,386),(1638,15,1,386),(1639,1,1,390),(1640,1,1,391),(1641,2,1,391),(1642,9,1,393),(1643,9,1,394),(1644,15,1,394),(1645,1,1,395),(1646,2,1,395),(1647,3,1,395),(1648,1,1,396),(1649,2,1,396),(1650,1,1,397),(1651,2,1,397),(1652,3,1,397),(1653,1,1,398),(1654,2,1,398),(1655,3,1,398),(1656,1,1,399),(1657,4,1,399),(1658,8,1,399),(1659,10,1,399),(1660,11,1,399),(1661,15,1,399),(1662,1,1,400),(1663,2,1,400),(1664,1,1,401),(1665,2,1,401),(1666,3,1,401),(1667,1,1,402),(1668,2,1,402),(1669,10,1,402),(1670,15,1,402),(1671,1,1,403),(1672,2,1,403),(1673,11,1,403),(1674,1,1,406),(1675,2,1,406),(1676,1,1,407),(1677,2,1,407),(1678,3,1,407),(1679,7,1,407),(1680,9,1,407),(1681,12,1,407),(1682,1,5,408),(1683,2,1,408),(1684,12,1,408),(1685,15,1,408),(1686,3,5,408),(1687,4,5,408),(1688,5,5,408),(1689,6,5,408),(1690,7,5,408),(1691,8,5,408),(1692,9,5,408),(1693,11,5,408),(1694,1,5,409),(1695,2,5,409),(1696,3,5,409),(1697,4,5,409),(1698,5,5,409),(1699,6,5,409),(1700,7,5,409),(1701,8,5,409),(1702,9,5,409),(1703,10,5,409),(1704,11,5,409),(1705,12,5,409),(1706,13,5,409),(1707,14,5,409),(1708,15,5,409),(1709,1,1,411),(1710,2,1,411),(1711,1,5,412),(1712,2,5,412),(1713,3,5,412),(1714,4,5,412),(1715,5,5,412),(1716,6,5,412),(1717,7,5,412),(1718,8,5,412),(1719,9,5,412),(1720,10,5,412),(1721,11,5,412),(1722,12,5,412),(1723,13,5,412),(1724,14,5,412),(1725,15,5,412),(1726,1,1,414),(1727,2,1,414),(1728,3,5,414),(1729,4,5,414),(1730,5,5,414),(1731,6,5,414),(1732,7,5,414),(1733,8,5,414),(1734,9,5,414),(1735,10,5,414),(1736,11,5,414),(1737,12,5,414),(1738,13,5,414),(1739,14,5,414),(1740,15,5,414),(1741,2,1,415),(1742,1,1,417),(1743,2,1,417),(1744,6,2,417),(1745,1,1,418),(1746,2,1,418),(1747,1,1,419),(1748,2,1,420),(1749,1,1,421),(1750,2,1,421),(1751,1,1,423),(1752,2,1,423),(1753,12,1,423),(1754,1,5,424),(1755,2,5,424),(1756,3,5,424),(1757,4,5,424),(1758,5,5,424),(1759,6,5,424),(1760,7,5,424),(1761,8,5,424),(1762,9,5,424),(1763,10,5,424),(1764,11,5,424),(1765,12,5,424),(1766,13,5,424),(1767,14,5,424),(1768,15,5,424),(1769,1,5,426),(1770,2,5,426),(1771,3,5,426),(1772,4,5,426),(1773,5,5,426),(1774,6,5,426),(1775,7,5,426),(1776,8,5,426),(1777,9,5,426),(1778,10,5,426),(1779,11,5,426),(1780,12,5,426),(1781,13,5,426),(1782,14,5,426),(1783,15,5,426),(1784,1,1,427),(1785,2,1,427),(1786,1,5,428),(1787,2,5,428),(1788,3,5,428),(1789,4,5,428),(1790,5,5,428),(1791,6,5,428),(1792,7,5,428),(1793,8,5,428),(1794,9,5,428),(1795,10,5,428),(1796,11,5,428),(1797,12,5,428),(1798,13,5,428),(1799,14,5,428),(1800,14,5,428),(1801,15,5,428),(1802,1,1,430),(1803,2,1,430),(1804,1,1,431),(1805,2,5,431),(1806,3,5,431),(1807,4,5,431),(1808,5,5,431),(1809,6,5,431),(1810,7,5,431),(1811,8,5,431),(1812,9,5,431),(1813,10,5,431),(1814,11,5,431),(1815,12,5,431),(1816,13,5,431),(1817,14,5,431),(1818,15,5,431),(1819,1,1,434),(1820,2,3,434),(1821,3,1,434),(1822,5,1,434),(1823,11,1,435),(1824,2,1,436),(1825,3,3,438),(1826,4,3,438),(1827,12,1,438),(1828,15,1,438),(1829,1,1,439),(1830,2,1,439),(1831,3,3,440),(1832,4,3,440),(1833,12,1,440),(1834,15,1,440),(1835,2,3,441),(1836,3,3,441),(1837,5,1,441),(1838,12,1,441),(1839,1,1,442),(1840,2,1,442),(1841,12,1,442),(1842,1,1,443),(1843,2,1,443),(1844,3,5,443),(1845,4,5,443),(1846,5,5,443),(1847,6,5,443),(1848,7,5,443),(1849,8,5,443),(1850,9,5,443),(1851,10,5,443),(1852,11,5,443),(1853,12,5,443),(1854,13,5,443),(1855,14,5,443),(1856,15,5,443),(1857,1,5,444),(1858,2,5,444),(1859,3,5,444),(1860,4,5,444),(1861,5,5,444),(1862,6,5,444),(1863,7,5,444),(1864,8,5,444),(1865,9,5,444),(1866,10,5,444),(1867,11,5,444),(1868,12,5,444),(1869,13,5,444),(1870,14,5,444),(1871,15,5,444),(1872,1,1,445),(1873,2,1,445),(1874,1,5,446),(1875,2,5,446),(1876,3,5,446),(1877,4,5,446),(1878,5,5,446),(1879,6,5,446),(1880,7,5,446),(1881,8,5,446),(1882,9,5,446),(1883,10,5,446),(1884,11,5,446),(1885,12,5,446),(1886,13,5,446),(1887,14,5,446),(1888,15,5,446),(1889,1,1,447),(1890,2,1,447),(1891,12,1,447),(1892,1,1,448),(1893,2,1,448),(1894,3,5,448),(1895,4,5,448),(1896,5,5,448),(1897,6,5,448),(1898,7,5,448),(1899,8,5,448),(1900,9,5,448),(1901,10,5,448),(1902,11,5,448),(1903,12,1,448),(1904,13,5,448),(1905,14,5,448),(1906,15,5,448),(1907,1,1,449),(1908,2,1,449),(1909,1,5,450),(1910,2,5,450),(1911,3,5,450),(1912,4,5,450),(1913,5,5,450),(1914,6,5,450),(1915,7,5,450),(1916,8,5,450),(1917,9,5,450),(1918,10,5,450),(1919,11,5,450),(1920,12,5,450),(1921,13,5,450),(1922,14,5,450),(1923,15,5,450),(1924,1,1,452),(1925,2,1,452),(1926,3,5,452),(1927,4,5,452),(1928,5,5,452),(1929,6,5,452),(1930,7,5,452),(1931,8,5,452),(1932,9,1,452),(1933,10,5,452),(1934,11,1,452),(1935,12,1,452),(1936,13,5,452),(1937,14,5,452),(1938,15,5,452),(1939,2,1,453),(1940,3,1,453),(1941,12,1,453),(1942,1,5,454),(1943,2,5,454),(1944,3,5,454),(1945,4,5,454),(1946,5,5,454),(1947,6,5,454),(1948,7,5,454),(1949,8,1,454),(1950,9,5,454),(1951,10,5,454),(1952,11,5,454),(1953,11,5,454),(1954,12,5,454),(1955,13,5,454),(1956,14,5,454),(1957,15,5,454),(1958,1,5,455),(1959,2,5,455),(1960,3,5,455),(1961,4,5,455),(1962,5,5,455),(1963,6,5,455),(1964,7,5,455),(1965,8,5,455),(1966,9,5,455),(1967,10,5,455),(1968,11,5,455),(1969,12,5,455),(1970,13,5,455),(1971,14,5,455),(1972,15,5,455),(1973,1,1,456),(1974,2,1,456),(1975,1,1,457),(1976,2,1,457),(1977,3,1,457),(1978,1,5,458),(1979,2,5,458),(1980,3,5,458),(1981,4,5,458),(1982,5,5,458),(1983,6,5,458),(1984,7,5,458),(1985,8,5,458),(1986,9,5,458),(1987,10,5,458),(1988,11,5,458),(1989,12,5,458),(1990,13,5,458),(1991,14,5,458),(1992,15,5,458),(1993,2,1,459),(1994,3,1,459),(1995,5,1,459),(1996,7,1,459),(1997,8,1,459),(1998,12,1,459),(1999,13,1,459),(2000,1,1,460),(2001,7,1,460),(2002,10,1,460),(2003,13,1,460),(2004,15,1,460),(2005,2,1,461),(2006,3,1,461),(2007,11,1,461),(2008,12,1,461),(2009,15,1,461),(2010,2,1,462),(2011,6,1,462),(2012,1,5,463),(2013,2,5,463),(2014,3,5,463),(2015,4,5,463),(2016,5,5,463),(2017,6,5,463),(2018,7,5,463),(2019,8,5,463),(2020,9,5,463),(2021,10,5,463),(2022,11,5,463),(2023,12,5,463),(2024,13,5,463),(2025,14,5,463),(2026,15,5,463),(2027,10,1,464),(2028,15,1,464),(2029,6,1,466),(2030,8,1,466),(2031,1,1,467),(2032,10,1,469),(2033,15,1,470),(2034,1,5,471),(2035,2,5,471),(2036,3,5,471),(2037,4,5,471),(2038,5,5,471),(2039,6,5,471),(2040,7,5,471),(2041,8,5,471),(2042,9,5,471),(2043,10,5,471),(2044,11,5,471),(2045,12,5,471),(2046,13,5,471),(2047,14,5,471),(2048,15,5,471),(2049,1,5,473),(2050,2,5,473),(2051,3,5,473),(2052,4,5,473),(2053,5,5,473),(2054,6,5,473),(2055,7,5,473),(2056,8,5,473),(2057,9,5,473),(2058,10,5,473),(2059,11,5,473),(2060,12,5,473),(2061,13,5,473),(2062,14,5,473),(2063,15,5,473),(2064,15,1,474),(2065,2,1,475),(2066,1,5,477),(2067,2,5,477),(2068,3,5,477),(2069,4,5,477),(2070,5,5,477),(2071,6,5,477),(2072,7,5,477),(2073,8,5,477),(2074,9,5,477),(2075,10,5,477),(2076,11,5,477),(2077,12,5,477),(2078,13,5,477),(2079,14,5,477),(2080,15,1,477),(2081,15,1,478),(2082,1,5,479),(2083,2,5,479),(2084,3,5,479),(2085,4,5,479),(2086,5,5,479),(2087,6,5,479),(2088,7,5,479),(2089,8,5,479),(2090,9,5,479),(2091,10,5,479),(2092,11,5,479),(2093,12,1,479),(2094,13,5,479),(2095,13,5,479),(2096,15,5,479),(2097,10,1,481),(2098,11,1,481),(2099,3,1,482),(2100,5,1,482),(2101,1,1,483),(2102,2,1,483),(2103,3,1,483),(2104,1,1,484),(2105,2,1,484),(2106,12,1,484),(2107,5,1,486),(2108,15,1,488),(2109,1,1,489),(2110,2,1,489),(2111,12,1,489),(2112,12,1,490),(2113,1,1,491),(2114,2,1,491),(2115,1,1,493),(2116,2,1,493),(2117,1,1,494),(2118,2,1,494),(2119,1,1,495),(2120,2,1,495),(2121,1,1,496),(2122,2,1,496),(2123,9,1,496),(2124,1,1,497),(2125,2,1,497),(2126,3,1,497),(2127,1,1,498),(2128,2,1,498),(2129,1,1,499),(2130,2,1,499),(2131,1,1,500),(2132,2,1,500),(2133,1,1,501),(2134,2,1,501),(2135,12,1,501),(2136,1,1,502),(2137,2,1,502),(2138,10,1,502),(2139,11,1,502),(2140,15,1,502),(2141,1,1,503),(2142,2,1,503),(2143,3,1,503),(2144,12,1,503),(2145,1,1,504),(2146,2,1,504),(2147,3,1,504),(2148,11,1,504),(2149,12,1,504),(2150,13,1,504),(2151,1,1,507),(2152,2,1,507),(2153,10,1,507),(2154,11,1,507),(2329,1,1,567),(2328,2,1,565),(2327,1,1,563),(2158,1,1,510),(2159,1,1,511),(2160,2,1,511),(2161,1,1,512),(2162,3,1,512),(2163,12,1,512),(2164,15,1,512),(2165,2,1,513),(2167,1,1,515),(2168,2,1,515),(2169,1,1,516),(2170,2,1,516),(2171,1,1,517),(2172,2,1,517),(2173,3,1,517),(2174,12,1,517),(2175,1,1,518),(2176,2,1,518),(2177,12,1,518),(2178,13,1,518),(2179,15,1,518),(2180,1,1,519),(2181,2,1,519),(2182,3,1,519),(2183,13,1,519),(2184,15,1,519),(2185,1,1,520),(2186,2,1,520),(2187,3,1,520),(2188,5,1,520),(2189,6,1,520),(2190,7,1,520),(2191,8,1,520),(2192,12,1,520),(2193,15,1,520),(2194,5,1,521),(2195,7,1,521),(2196,12,1,521),(2197,15,1,521),(2198,1,1,525),(2199,2,1,525),(2200,1,1,527),(2201,2,1,527),(2202,1,2,528),(2203,2,2,528),(2204,1,1,529),(2205,2,1,529),(2206,12,1,530),(2207,12,1,531),(2208,12,1,532),(2209,1,1,533),(2210,2,1,533),(2211,12,1,533),(2212,10,1,534),(2213,12,1,536),(2229,12,5,540),(2230,13,5,540),(2231,14,5,540),(2232,15,5,540),(2233,1,5,541),(2234,2,5,541),(2235,3,5,541),(2236,4,5,541),(2237,5,5,541),(2238,6,1,541),(2239,7,5,541),(2240,8,5,541),(2241,9,5,541),(2242,10,5,541),(2243,11,5,541),(2244,12,5,541),(2245,13,5,541),(2246,14,5,541),(2247,15,5,541),(2248,1,5,542),(2249,2,5,542),(2250,3,1,542),(2251,4,5,542),(2252,5,1,542),(2253,6,5,542),(2254,7,5,542),(2255,8,5,542),(2256,9,5,542),(2257,10,5,542),(2258,11,5,542),(2259,12,5,542),(2260,13,5,542),(2261,14,5,542),(2262,15,5,542),(2263,3,1,543),(2264,1,1,544),(2265,2,1,544),(2266,11,1,544),(2267,3,1,545),(2268,1,5,546),(2269,2,5,546),(2270,3,1,546),(2271,4,5,546),(2272,5,5,546),(2273,6,5,546),(2274,7,5,546),(2275,8,5,546),(2276,9,5,546),(2277,10,5,546),(2278,11,5,546),(2279,12,5,546),(2280,13,5,546),(2281,14,5,546),(2282,15,5,546),(2283,3,1,547),(2284,10,1,548),(2285,2,1,549),(2286,7,1,549),(2287,8,1,549),(2288,9,1,549),(2289,12,1,549),(2290,1,5,550),(2291,2,5,550),(2292,3,1,550),(2293,4,5,550),(2294,5,5,550),(2295,6,5,550),(2296,7,5,550),(2297,8,5,550),(2298,9,5,550),(2299,10,5,550),(2300,11,5,550),(2301,12,5,550),(2302,13,5,550),(2303,14,5,550),(2304,15,5,550),(2305,1,1,553),(2306,2,5,553),(2307,3,1,553),(2308,15,1,553),(2309,1,5,554),(2310,2,5,554),(2311,12,5,554),(2312,9,1,555),(2313,15,1,556),(2314,1,1,557),(2315,2,1,557),(2316,15,1,557),(2317,1,3,559),(2318,2,1,559),(2319,1,1,560),(2320,2,3,560),(2321,10,1,561),(2322,11,1,561),(2323,12,1,561),(2324,13,1,561),(2325,1,3,562),(2326,2,1,562),(2330,5,1,567),(2331,6,1,567),(2332,1,3,568),(2333,2,3,568),(2334,3,5,568),(2335,1,1,569),(2336,2,1,569),(2337,1,1,570),(2338,2,3,570),(2339,1,1,571),(2340,2,1,571),(2341,10,1,571),(2342,15,1,571),(2343,2,3,572),(2344,3,1,572),(2345,1,3,573),(2346,2,1,573),(2347,1,1,574),(2348,2,1,574),(2349,10,1,574),(2350,11,1,574),(2351,15,1,574),(2352,2,1,575),(2353,1,3,576),(2354,2,3,576),(2355,3,1,576),(2356,1,3,577),(2357,2,3,577),(2358,3,3,577),(2359,10,1,577),(2360,11,1,577),(2361,15,1,577),(2362,1,3,578),(2363,2,3,578),(2364,3,5,578),(2365,4,5,578),(2366,5,5,578),(2367,6,5,578),(2368,7,5,578),(2369,8,5,578),(2370,9,5,578),(2371,10,5,578),(2372,11,5,578),(2373,12,5,578),(2374,13,5,578),(2375,14,5,578),(2376,15,5,578),(2377,1,3,579),(2378,1,1,580),(2379,1,3,582),(2380,2,1,582),(2381,12,1,582),(2382,15,1,582),(2383,1,3,583),(2384,1,3,585),(2385,2,1,585),(2386,1,1,587),(2387,1,1,588),(2388,2,1,588),(2389,15,1,588),(2390,1,1,590),(2391,2,1,590),(2392,1,1,591),(2393,15,1,591),(2394,1,3,592),(2395,2,5,593),(2396,1,3,595),(2397,2,3,595),(2398,1,1,596),(2399,2,1,596),(2400,1,1,597),(2401,1,3,598),(2402,2,2,598),(2403,1,3,599),(2404,2,3,599),(2405,3,5,599),(2406,14,5,599),(2407,1,1,601),(2408,2,1,601),(2409,5,1,601),(2410,10,1,601),(2411,1,3,602),(2412,1,1,603),(2413,2,3,603),(2414,12,1,603),(2415,1,3,604),(2416,2,3,604),(2417,3,1,604),(2418,12,1,604),(2419,1,1,605),(2420,1,1,606),(2421,2,1,606),(2422,10,1,606),(2423,5,1,607),(2424,1,3,608),(2425,2,3,608),(2426,1,3,609),(2427,2,3,609),(2428,1,3,610),(2429,2,3,610),(2430,3,1,610),(2431,10,1,610),(2432,11,1,610),(2433,12,1,610),(2434,15,1,610),(2435,1,1,611),(2436,2,1,611),(2437,10,1,611),(2438,11,1,611),(2439,12,1,611),(2440,15,1,611),(2441,1,1,612),(2442,2,1,612),(2443,3,3,612),(2444,10,1,612),(2445,11,1,612),(2446,12,1,612),(2447,15,1,612),(2448,1,3,613),(2449,2,3,613),(2450,1,3,614),(2451,2,3,614),(2452,1,3,615),(2453,2,3,615),(2454,1,1,616),(2455,2,1,616),(2456,1,3,617),(2457,2,3,617),(2458,3,3,617),(2459,1,1,618),(2460,1,1,620),(2461,2,1,620),(2462,5,1,620),(2463,8,1,620),(2464,15,1,620),(2465,1,1,621),(2466,1,3,600),(2467,3,3,600),(2468,1,3,622),(2469,2,3,622),(2470,15,1,622),(2471,3,1,624),(2472,11,1,624),(2490,1,3,629),(2489,10,1,628),(2488,5,3,628),(2487,1,3,628),(2486,2,3,627),(2485,1,3,627),(2479,1,1,626),(2480,2,1,626),(2481,4,1,626),(2482,5,1,626),(2483,11,1,626),(2484,15,1,626),(2491,2,3,629),(2492,10,1,630),(2493,11,1,630),(2494,1,3,631),(2495,1,3,632),(2496,2,3,632),(2497,1,1,633),(2498,1,1,634),(2499,2,1,634),(2500,3,3,634),(2501,1,3,635),(2502,2,1,635),(2503,10,1,636),(2504,10,1,637),(2505,12,1,637),(2506,1,1,638),(2507,2,1,638),(2508,1,1,640),(2509,2,1,640),(2510,1,1,641),(2511,2,1,641),(2512,1,3,642),(2513,2,3,642),(2514,1,3,643),(2515,2,3,643),(2516,1,1,644),(2517,2,1,644);
/*!40000 ALTER TABLE `ingresos_vendeproducto` ENABLE KEYS */;
UNLOCK TABLES;

--
-- Table structure for table `lugar_comarca`
--

DROP TABLE IF EXISTS `lugar_comarca`;
/*!40101 SET @saved_cs_client     = @@character_set_client */;
/*!40101 SET character_set_client = utf8 */;
CREATE TABLE `lugar_comarca` (
  `id` int(11) NOT NULL AUTO_INCREMENT,
  `municipio_id` int(11) NOT NULL,
  `nombre` varchar(40) NOT NULL,
  PRIMARY KEY (`id`),
  KEY `lugar_comarca_f3143aaa` (`municipio_id`)
) ENGINE=MyISAM AUTO_INCREMENT=78 DEFAULT CHARSET=latin1;
/*!40101 SET character_set_client = @saved_cs_client */;

--
-- Dumping data for table `lugar_comarca`
--

LOCK TABLES `lugar_comarca` WRITE;
/*!40000 ALTER TABLE `lugar_comarca` DISABLE KEYS */;
INSERT INTO `lugar_comarca` VALUES (1,4015,'San Antonio'),(2,4015,'San Benito'),(3,4005,'Carpas Nº 2'),(4,4005,'Colonia# 1'),(5,2,'Los Araditos'),(6,4005,'El Cortijo'),(7,4005,'La Lana'),(8,4005,'La nueva'),(9,4005,'Colonia # 2'),(10,4005,'Carpas Nº 1'),(11,4005,'La Inmaculada'),(12,4005,'El Cacao'),(13,4005,'Rancho Alegre'),(14,4005,'El Comejen'),(15,4005,'Lana Arriba'),(16,4005,'Manceras'),(17,3020,'Ceiba Herrada'),(18,1,'El Carrizal'),(19,4005,'Carpas No. 3'),(20,1,'El Jicaro'),(21,1,'El Pavon'),(22,2025,'Cusmaji'),(23,4005,'Cerro Verde'),(24,515,'Las Vueltas'),(25,4005,'El Rosario'),(26,4015,'Quilile'),(27,4015,'Yale Nº 2'),(28,4015,'Guasaca Abajo'),(29,4015,'Yale Nº 1'),(30,4015,'Ronca'),(31,4015,'La Pita'),(32,4015,'Quilile'),(33,4015,'San Juaquin'),(34,4015,'La Tronca'),(35,4015,'Wasaka Sureste'),(36,4015,'Granadillo No. 1'),(37,4015,'Embudo'),(38,4015,'Wasaka Abajo'),(39,4015,'Yale Nº 3'),(40,4015,'Granadillo Nº 2'),(41,4015,'Tigre'),(42,1,'Zacaton'),(43,1,'La Montaña'),(44,1,'Las Pozas'),(45,1,'Peri Urbano'),(46,3005,'Loma de Piedra'),(47,3010,'El Zamorano'),(48,2025,'Las Marias'),(49,2025,'La Concepción'),(50,2025,'El Jocote'),(51,2025,'Sawaska'),(52,515,'La Piedra'),(53,515,'Susucayan'),(54,2025,'La Plazuela'),(55,515,'Sabana Grande'),(56,510,'Mina Plata'),(57,505,'Campo Hermoso'),(58,535,'Ocote Seco'),(59,535,'Paraisito'),(60,550,'Cerro Grande'),(61,505,'Puntalito'),(62,515,'Las Vegas'),(63,550,'Las Garcias'),(64,550,'El Limón'),(72,555,'Zapotillal'),(66,535,'Brujil'),(67,505,'Santa Barbara'),(68,535,'Las Cañas 2'),(70,555,'San Bartolo'),(71,555,'Vigia Norte'),(73,555,'Arenale'),(74,555,'El Coco'),(75,555,'Panalí'),(76,555,'Los Olivos'),(77,555,'Caulatú');
/*!40000 ALTER TABLE `lugar_comarca` ENABLE KEYS */;
UNLOCK TABLES;

--
-- Table structure for table `lugar_comunidad`
--

DROP TABLE IF EXISTS `lugar_comunidad`;
/*!40101 SET @saved_cs_client     = @@character_set_client */;
/*!40101 SET character_set_client = utf8 */;
CREATE TABLE `lugar_comunidad` (
  `id` int(11) NOT NULL AUTO_INCREMENT,
  `municipio_id` int(11) NOT NULL,
  `nombre` varchar(40) NOT NULL,
  PRIMARY KEY (`id`),
  KEY `lugar_comunidad_f3143aaa` (`municipio_id`)
) ENGINE=MyISAM DEFAULT CHARSET=latin1;
/*!40101 SET character_set_client = @saved_cs_client */;

--
-- Dumping data for table `lugar_comunidad`
--

LOCK TABLES `lugar_comunidad` WRITE;
/*!40000 ALTER TABLE `lugar_comunidad` DISABLE KEYS */;
/*!40000 ALTER TABLE `lugar_comunidad` ENABLE KEYS */;
UNLOCK TABLES;

--
-- Table structure for table `lugar_departamento`
--

DROP TABLE IF EXISTS `lugar_departamento`;
/*!40101 SET @saved_cs_client     = @@character_set_client */;
/*!40101 SET character_set_client = utf8 */;
CREATE TABLE `lugar_departamento` (
  `id` int(11) NOT NULL,
  `nombre` varchar(30) NOT NULL,
  `slug` varchar(50) DEFAULT NULL,
  `extension` decimal(10,2) DEFAULT NULL,
  PRIMARY KEY (`id`),
  UNIQUE KEY `nombre` (`nombre`),
  UNIQUE KEY `slug` (`slug`)
) ENGINE=MyISAM DEFAULT CHARSET=latin1;
/*!40101 SET character_set_client = @saved_cs_client */;

--
-- Dumping data for table `lugar_departamento`
--

LOCK TABLES `lugar_departamento` WRITE;
/*!40000 ALTER TABLE `lugar_departamento` DISABLE KEYS */;
INSERT INTO `lugar_departamento` VALUES (5,'Nueva Segovia','Nueva-segovia','3491.28'),(10,'Jinotega','jinotega','9222.40'),(20,'Madriz','madriz','1708.23'),(25,'Estelí','esteli','2229.69'),(30,'Chinandega','chinandega','4822.46'),(35,'León','leon','5138.03'),(40,'Matagalpa','matagalpa','6803.86'),(50,'Boaco','boaco','4176.68'),(55,'Managua','managua','3465.10'),(60,'Masaya','masaya','610.78'),(65,'Chontales','chontales','6481.27'),(70,'Granada','granada','1039.68'),(75,'Carazo','carazo','1081.40'),(80,'Rivas','rivas','2161.82'),(85,'Rí­o San Juan','Rio-san-juan','7540.90'),(91,'RAAN','RAAN','32819.68'),(93,'RAAS','RAAS','27546.32'),(99,'Cobertura Nacional','cobertura-nacional','333333.00');
/*!40000 ALTER TABLE `lugar_departamento` ENABLE KEYS */;
UNLOCK TABLES;

--
-- Table structure for table `lugar_municipio`
--

DROP TABLE IF EXISTS `lugar_municipio`;
/*!40101 SET @saved_cs_client     = @@character_set_client */;
/*!40101 SET character_set_client = utf8 */;
CREATE TABLE `lugar_municipio` (
  `id` int(11) NOT NULL,
  `departamento_id` int(11) NOT NULL,
  `nombre` varchar(30) NOT NULL,
  `slug` varchar(50) DEFAULT NULL,
  `extension` decimal(10,2) DEFAULT NULL,
  `latitud` decimal(8,5) DEFAULT NULL,
  `longitud` decimal(8,5) DEFAULT NULL,
  PRIMARY KEY (`id`),
  UNIQUE KEY `nombre` (`nombre`),
  UNIQUE KEY `slug` (`slug`),
  KEY `lugar_municipio_8865b15a` (`departamento_id`)
) ENGINE=MyISAM DEFAULT CHARSET=latin1;
/*!40101 SET character_set_client = @saved_cs_client */;

--
-- Dumping data for table `lugar_municipio`
--

LOCK TABLES `lugar_municipio` WRITE;
/*!40000 ALTER TABLE `lugar_municipio` DISABLE KEYS */;
INSERT INTO `lugar_municipio` VALUES (505,5,'Jalapa','jalapa','0.00','13.92286','-86.12520'),(510,5,'Murra','murra','0.00','13.75900','-86.01799'),(515,5,'El Jí­caro','El-jicaro','0.00','13.72326','-86.13705'),(520,5,'San Fernando','San-fernando','0.00','13.67729','-86.31484'),(525,5,'Mozonte','mozonte','0.00','13.66168','-86.43706'),(530,5,'Dipilto','dipilto','0.00','13.72243','-86.50720'),(535,5,'Macuelizo','macuelizo','0.00','13.65239','-86.61380'),(540,5,'Santa Marí­a','santamaria','0.00','13.74753','-86.71077'),(545,5,'Ocotal','ocotal','0.00','13.63432','-86.47745'),(550,5,'Ciudad Antigua','Ciudad-antigua','0.00','13.64217','-86.30893'),(555,5,'Quilalí','quilali','0.00','13.56675','-86.02952'),(560,5,'Wiwili de Nueva Segovia','Wiwili-nuevasegovia','0.00','13.62667','-85.82369'),(1005,10,'Wiwilí','Wiwili','0.00','13.62130','-85.81864'),(1010,10,'El Cúa','El-cua','0.00','13.36764','-85.67330'),(1012,10,'San José Bocay','San-jose-bocay','0.00','13.61976','-85.50080'),(1015,10,'Sta. María de Pantasma','Santa-maria-pantasma','0.00','13.36667','-85.95000'),(1020,10,'San Rafael del Norte','San-rafael-del-norte','0.00','13.21391','-86.11043'),(1025,10,'San Sebastian de Yalí','yali','0.00','13.30500','-86.18636'),(1030,10,'La Concordia','La-concordia','0.00','13.19535','-86.16693'),(1035,10,'Jinotega','jinotega','0.00','13.09165','-86.00121'),(2005,20,'Somoto','somoto','0.00','13.48129','-86.58337'),(2010,20,'Totogalpa','totogalpa','0.00','13.56336','-86.49281'),(2015,20,'Telpaneca','telpaneca','0.00','13.53131','-86.28693'),(2020,20,'San Juan de Río Coco','San-juan-rio-coco','0.00','13.54458','-86.16537'),(2025,20,'Palacaguina','palacaguina','0.00','13.45597','-86.40710'),(2030,20,'Yalaguina','yalaguina','0.00','13.48351','-86.49344'),(2035,20,'San Lucas','San-lucas','0.00','13.41358','-86.61176'),(2040,20,'Las Sabanas','Las-sabanas','0.00','13.34324','-86.62194'),(2045,20,'San José de Cusmapa','San-jose-cusmapa','0.00','13.28847','-86.65489'),(2505,25,'Pueblo Nuevo','Pueblo-nuevo','0.00','13.37937','-86.48077'),(2510,25,'Condega','condega','0.00','13.36213','-86.39789'),(2515,25,'Estelí','esteli','0.00','13.08948','-86.35551'),(2520,25,'San Juan de Limay','Sanjuan-limay','0.00','13.17489','-86.61234'),(2525,25,'La Trinidad','trinidad','0.00','12.96823','-86.23604'),(2530,25,'San Nicolás','San-nicolas','0.00','12.93312','-86.34700'),(3005,30,'San Pedro del Norte','San-pedro-del-norte','0.00','13.27596','-86.87777'),(3010,30,'San Francisco del Norte','San-francisco-del-norte','0.00','13.20016','-86.77192'),(3015,30,'Cinco Pinos','Cinco-pinos','0.00','13.23036','-86.86719'),(3020,30,'Santo Tomás del Norte','Santo-tomas-del-norte','0.00','13.18701','-86.92352'),(3025,30,'El Viejo','El-viejo','0.00','12.66228','-87.16541'),(3030,30,'Pto. Morazán','Puerto-morazan','0.00','12.76721','-87.13388'),(3035,30,'Somotillo','somotillo','0.00','13.04495','-86.90499'),(3040,30,'Villanueva','villanueva','0.00','12.96391','-86.81468'),(3045,30,'Chinandega','chinandega','0.00','12.62872','-87.13149'),(3050,30,'El Realejo','El-realejo','0.00','12.54551','-87.16736'),(3055,30,'Corinto','corinto','0.00','12.48461','-87.17122'),(3060,30,'Chichigalpa','chichigalpa','0.00','12.57224','-87.02849'),(3065,30,'Posoltega','posotelga','0.00','12.54410','-86.98010'),(3505,35,'Achuapa','achuapa','0.00','13.05433','-86.59070'),(3510,35,'El Sauce','El-sauce','0.00','12.88694','-86.53952'),(3515,35,'Santa Rosa del Peñon','Santa-rosa-del-penon','0.00','12.80142','-86.37144'),(3520,35,'El Jicaral','El-jicaral','0.00','12.72672','-86.38134'),(3525,35,'Larreynaga','larreynaga','0.00','12.59311','-86.68015'),(3530,35,'Telica','telica','0.00','12.52152','-86.86030'),(3535,35,'Quezalguaque','quezalguaque','0.00','12.50614','-86.90366'),(3540,35,'León','leon','0.00','12.43481','-86.88174'),(3545,35,'La Paz Centro','La-paz-centro','0.00','12.34011','-86.67625'),(3550,35,'Nagarote','nagarote','0.00','12.26531','-86.56812'),(4005,40,'Rancho Grande','Rancho-grande','0.00','13.25352','-85.55268'),(4010,40,'Rí­o Blanco','Rio-blanco','0.00','12.93044','-85.22610'),(4015,40,'El Tuma - La Dalia','El-tuma','0.00','13.13735','-85.73788'),(4020,40,'San Isidro','San-isidro','0.00','12.92937','-86.19550'),(4025,40,'Sébaco','sebaco','0.00','12.85190','-86.09696'),(4030,40,'Matagalpa','matagalpa','0.00','12.92709','-85.91747'),(4035,40,'San Ramón','San-ramon','0.00','12.92254','-85.83968'),(4040,40,'Matiguás','matiguas','0.00','12.83710','-85.46079'),(4045,40,'Muy Muy','muymuy','0.00','12.76125','-85.63123'),(4050,40,'Esquipulas','esquipulas','0.00','12.66446','-85.78909'),(4055,40,'San Dionisio','San-dionisio','0.00','12.76190','-85.85091'),(4060,40,'Terrabona','terrabona','0.00','12.73009','-85.96487'),(4065,40,'Ciudad Darí­o','Ciudad-dario','0.00','12.73000','-86.12457'),(5005,50,'San José de los Remates','San-jose-de-los-remates','0.00','12.59748','-85.76253'),(5010,50,'Boaco','boaco','0.00','12.47160','-85.65952'),(5015,50,'Camoapa','camoapa','0.00','12.38377','-85.51465'),(5020,50,'Santa Lucía','Santa-lucia','0.00','12.53226','-85.71156'),(5025,50,'Teustepe','teustepe','0.00','12.41979','-85.79922'),(5030,50,'San  Lorenzo','San-lorenzo','0.00','12.37789','-85.66718'),(5505,55,'San Francisco Libre','San-francisco-libre','0.00','12.50458','-86.30105'),(5510,55,'Tipitapa','tipitapa','0.00','12.19662','-86.09682'),(5515,55,'Mateare','mateare','0.00','12.23536','-86.43013'),(5520,55,'Villa Carlos Fonseca','Villa-carlos-fonseca','0.00','11.97924','-86.50809'),(5522,55,'Ciudad Sandino','Ciudad-sandino','0.00','12.16082','-86.35004'),(5525,55,'Managua','managua','0.00','12.14746','-86.27339'),(5530,55,'Ticuantepe','ticuantepe','0.00','12.02125','-86.20288'),(5532,55,'El Crucero','El-crucero','0.00','11.97865','-86.31076'),(5535,55,'San Rafael del Sur','San-rafael-del-sur','0.00','11.84681','-86.43977'),(6005,60,'Nindirí','nindiri','0.00','12.00243','-86.12067'),(6010,60,'Masaya','masaya','0.00','11.97735','-86.09606'),(6015,60,'Tisma','tisma','0.00','12.08133','-86.01921'),(6020,60,'La Concepción','La-concepcion','0.00','11.93615','-86.19220'),(6025,60,'Masatepe','masatepe','0.00','11.91344','-86.14475'),(6030,60,'Nandasmo','nandasmo','0.00','11.90933','-86.13055'),(6035,60,'Catarina','catarina','0.00','11.91078','-86.07407'),(6040,60,'San Juan de Oriente','San-juan-de-oriente','0.00','11.90479','-86.07311'),(6045,60,'Niquinohomo','niquinomo','0.00','11.90408','-86.09472'),(6505,65,'Comalapa','comalapa','0.00','12.28340','-85.51142'),(6507,65,'San Francisco Cuapa','San-francisco-cuapa','0.00','12.26671','-85.38308'),(6510,65,'Juigalpa','juigalpa','0.00','12.10580','-85.36842'),(6515,65,'La Libertad','La-libertad','0.00','12.21539','-85.16549'),(6520,65,'Santo Domingo','Santo-domingo','0.00','12.26301','-85.08232'),(6525,65,'Santo Tomás','Santo-tomas','0.00','12.06902','-85.09340'),(6530,65,'San Pedro de Lóvago','San-pedro-de-lovago','0.00','12.12852','-85.11572'),(6535,65,'Acoyapa','acoyapa','0.00','11.96764','-85.17044'),(6540,65,'Villa Sandino','Villa-sandino','0.00','12.04779','-84.99334'),(6545,65,'El Coral','El-coral','0.00','11.91576','-84.65041'),(7005,70,'Diriá','diria','0.00','11.88416','-86.05565'),(7010,70,'Diriomo','diriomo','0.00','11.87494','-86.05110'),(7015,70,'Granada','granada','0.00','11.93095','-85.95696'),(7020,70,'Nandaime','nandaime','0.00','11.75630','-86.05345'),(7505,75,'San Marcos','San-marcos','0.00','11.90651','-86.20314'),(7510,75,'Jinotepe','jinotepe','0.00','11.84831','-86.19846'),(7515,75,'Dolores','dolores','0.00','11.85565','-86.21535'),(7520,75,'Diriamba','diriamba','0.00','11.85572','-86.24074'),(7525,75,'El Rosario','El-rosario','0.00','11.83224','-86.16484'),(7530,75,'La Paz de Carazo','La-paz-de-carazo','0.00','11.82206','-86.12750'),(7535,75,'Santa Teresa','Santa-tereza','0.00','11.80272','-86.16281'),(7540,75,'La Conquista','La-conquista','0.00','11.73336','-86.19297'),(8005,80,'Tola','tola','0.00','11.43868','-85.93907'),(8010,80,'Belén','belen','0.00','11.50081','-85.89014'),(8015,80,'Potosí','potosi','0.00','11.49320','-85.85709'),(8020,80,'Buenos Aires','Buenos-aires','0.00','11.46923','-85.81701'),(8025,80,'Moyogalpa','moyogalpa','0.00','11.53947','-85.69746'),(8030,80,'Altagracia','altagracia','0.00','11.56547','-85.57793'),(8035,80,'San Jorge','San-jorge','0.00','11.45532','-85.80074'),(8040,80,'Rivas','rivas','0.00','11.43975','-85.82880'),(8045,80,'San Juan del Sur','San-juan-del-sur','0.00','11.25384','-85.87177'),(8050,80,'Cárdenas','cardenas','0.00','11.19521','-85.50886'),(8505,85,'Morrito','morrito','0.00','11.62130','-85.08169'),(8510,85,'El Almendro','El-almendro','0.00','11.67684','-84.70362'),(8515,85,'San Miguelito','San-miguelito','0.00','11.40156','-84.90005'),(8520,85,'San Carlos','San-carlos','0.00','11.12088','-84.77837'),(8525,85,'El Castillo','El-castillo','0.00','11.03969','-84.47295'),(8530,85,'San Juan del Norte','San-juan-del-norte','0.00','10.94671','-83.73479'),(9105,91,'Waspán','waspan','0.00','14.74386','-83.96885'),(9110,91,'Puerto Cabezas','Puerto-cabezas','0.00','14.03313','-83.38223'),(9115,91,'Rosita','rosita','0.00','13.91060','-84.39153'),(9120,91,'Bonanza','bonanza','0.00','14.02584','-84.62088'),(9127,91,'Mulukuku','mulukuku','0.00','13.15000','-84.96667'),(9125,91,'Waslala','waslala','0.00','13.33465','-85.37099'),(9130,91,'Siuna','siuna','0.00','13.73857','-84.78491'),(9135,91,'Prinzapolka','prinzapolka','0.00','13.40611','-83.56229'),(9305,93,'Paiwas','paiwas','0.00','12.78548','-85.12402'),(9310,93,'La Cruz de Río Grande','La-cruz-rio-grande','0.00','13.11145','-84.18835'),(9312,93,'Desembocadura de Río Grande','Desembocadura-rio-grande','0.00','12.93208','-83.57697'),(9315,93,'Laguna de Perlas','Laguna-de-perlas','0.00','12.34096','-83.67052'),(9316,93,'El Tortuguero','El-tortuguero','0.00','12.82085','-84.19906'),(9320,93,'Rama','rama','0.00','12.16004','-84.21913'),(9323,93,'El Ayote','El-ayote','0.00','12.49486','-84.81943'),(9325,93,'Muelle de los Bueyes','Muelle-de-los-bueyes','0.00','12.06764','-84.53749'),(9330,93,'Kukra - Hill','Kukra-hill','0.00','12.24163','-83.74532'),(9335,93,'Corn Island','Corn-island','0.00','12.18017','-83.05975'),(9340,93,'Bluefields','bluefields','0.00','12.01144','-83.76388'),(9345,93,'Nueva Guinea','Nueva-guinea','0.00','11.68827','-84.45794'),(1040,10,'Altowangky','altowanky','0.00',NULL,NULL),(1,30,'San Juan de Cinco Pinos','san-juan-de-cinco-pinos',NULL,NULL,NULL),(2,30,'Araditos','araditos',NULL,NULL,NULL);
/*!40000 ALTER TABLE `lugar_municipio` ENABLE KEYS */;
UNLOCK TABLES;

--
-- Table structure for table `medios_contraparte`
--

DROP TABLE IF EXISTS `medios_contraparte`;
/*!40101 SET @saved_cs_client     = @@character_set_client */;
/*!40101 SET character_set_client = utf8 */;
CREATE TABLE `medios_contraparte` (
  `id` int(11) NOT NULL AUTO_INCREMENT,
  `nombre` varchar(200) NOT NULL,
  PRIMARY KEY (`id`)
) ENGINE=MyISAM AUTO_INCREMENT=7 DEFAULT CHARSET=latin1;
/*!40101 SET character_set_client = @saved_cs_client */;

--
-- Dumping data for table `medios_contraparte`
--

LOCK TABLES `medios_contraparte` WRITE;
/*!40000 ALTER TABLE `medios_contraparte` DISABLE KEYS */;
INSERT INTO `medios_contraparte` VALUES (1,'ADDAC'),(2,'Francisco Palma'),(5,'COACOV'),(4,'OCTUPAN'),(6,'UGAQ');
/*!40000 ALTER TABLE `medios_contraparte` ENABLE KEYS */;
UNLOCK TABLES;

--
-- Table structure for table `medios_encuesta`
--

DROP TABLE IF EXISTS `medios_encuesta`;
/*!40101 SET @saved_cs_client     = @@character_set_client */;
/*!40101 SET character_set_client = utf8 */;
CREATE TABLE `medios_encuesta` (
  `id` int(11) NOT NULL AUTO_INCREMENT,
  `municipio_id` int(11) NOT NULL,
  `comarca_id` int(11) NOT NULL,
  `beneficiario` varchar(200) NOT NULL,
  `encuestador_id` int(11) NOT NULL,
  `contraparte_id` int(11),
  `usuario_id` int(11) NOT NULL,
  PRIMARY KEY (`id`),
  KEY `medios_encuesta_f3143aaa` (`municipio_id`),
  KEY `medios_encuesta_9667869b` (`comarca_id`),
  KEY `medios_encuesta_38e1e44c` (`encuestador_id`),
  KEY `medios_encuesta_2840256` (`contraparte_id`),
  KEY `medios_encuesta_c9c24747` (`usuario_id`)
) ENGINE=MyISAM AUTO_INCREMENT=645 DEFAULT CHARSET=latin1;
/*!40101 SET character_set_client = @saved_cs_client */;

--
-- Dumping data for table `medios_encuesta`
--

LOCK TABLES `medios_encuesta` WRITE;
/*!40000 ALTER TABLE `medios_encuesta` DISABLE KEYS */;
INSERT INTO `medios_encuesta` VALUES (1,4015,2,'Israel García López Nose',1,1,1),(2,1,5,'Lucia Romana Casco Carrazco',4,2,3),(3,4005,3,'Carlos Ariel Martinez Herrera',3,1,2),(4,1,5,'Flor de Maria Zeron',4,2,3),(5,4005,4,'Epifania Sobeyda Tinoco Hernandez',3,1,4),(6,4005,6,'Arnulfo Josè Torrez Gutierrez',3,1,2),(7,4005,7,'Thelma Rivera Guido ',5,1,4),(8,1,5,'Nelson José Sánchez',4,2,3),(9,4005,3,'Cristina del C Chavarria Herrera',3,1,2),(10,4005,8,'Maria Azucena Tercero González',6,1,4),(11,1,5,'Yader Paul Vílchez',7,2,3),(12,4005,3,'Timoteo Sanchez Aguilar',3,1,2),(13,4005,9,'Cayetano Alberto Montenegro',8,1,4),(14,4005,10,'Reina Isabel Hernandez Garcia',10,1,2),(15,1,5,'Gerson Arien Sánchez López',9,2,3),(16,1,5,'Emilia Estrada López',9,2,3),(17,4005,6,'Francisco Torrez Gutierrez',5,1,2),(18,4005,4,'Rosa Lidia Tinoco Hernández ',8,1,4),(19,1,5,'Ayda Luz Castro Lagos',7,2,3),(20,1,5,'Juana Bautista Rivera Zepeda',9,2,3),(21,4005,10,'Maria Agustina Coyado Hernandez ',8,1,4),(22,1,5,'Floricelda Baquedano Espinoza',9,2,3),(23,4005,7,'Ramon Otoniel Mayorga Aguinasa',10,1,2),(24,4005,11,'Juana Maria Blandón Gutiérrez',8,1,4),(25,1,5,'Byron Edonel Teran Castro',11,2,3),(26,1,5,'Armando Willian Sánchez',13,2,3),(27,4005,13,'Francisco Noel Castillo Aguini',8,1,4),(28,4005,12,'Jose Guillermo Zamora Garcia',12,1,2),(29,1,5,'Betulia Escalante Arevalo',13,2,3),(30,1,5,'Nieves Castro Soriano',13,2,3),(31,1,5,'Eber Martinez Izaguirrez',11,2,3),(32,1,5,'Carlos Aguilar',14,2,3),(33,1,5,'Edy Fanor Teran',14,2,3),(34,1,5,'Oscar Antonio Escalante',14,2,3),(35,4005,10,'José Alberto Martinez Jarquín ',8,1,4),(36,1,5,'Albertina Rivera',14,2,3),(37,4005,10,'Virginia Martinez Perez',8,1,2),(38,4005,3,'Jacinto Barrera González ',8,1,4),(39,1,5,'Maria Cruz Gómez',11,2,3),(40,1,5,'Nuris Adilsa Moreno',13,2,3),(41,4005,14,'Lucia Gonzalez Polanco',15,1,2),(42,4005,15,'Napolión Centeno Murrillo',5,1,4),(43,3020,17,'Eduardo Sánchez Trujillo',16,2,3),(44,4005,7,'Ramón Gonzalez Maldonado',10,1,4),(45,4005,16,'German Mendez Martinez',5,1,2),(46,3020,17,'Guillermo Soriano',16,2,3),(47,3020,17,'José Dolores Sánchez Trujillo',16,2,3),(48,4005,4,'Juan Francisco Cruz López',17,1,4),(49,4005,10,'Espectación Castellon Luquez',10,1,2),(50,1,18,'Arsenio Rivera Pérez',14,2,3),(51,4005,10,'Lucrecia López Hernández',17,1,4),(52,4005,16,'Benigno Loasiga Miranda',5,1,2),(53,4005,19,'Adalides Rodriguez Ortega',17,1,4),(54,4005,16,'Rafael Antonio Osorio Loasiga',5,1,2),(55,1,18,'Herminio Arce',14,2,3),(56,4005,7,'Francisco Carasolio López Flores ',17,1,4),(57,4005,8,'Florencia Espinoza Matmorros',17,1,2),(58,1,18,'Zenovia Rivera Pérez',14,2,3),(59,1,18,'Arnulfo Rivera Pérez',14,2,3),(60,4005,19,'José Pantaleón Peréz',3,1,4),(61,4005,14,'Eufemia Guerrero Bucardo',17,1,2),(62,1,18,'Yesica Milady Martinez Mondragon',14,2,3),(63,4005,14,'Roger Antonio Blandon Sovalbarro',17,1,2),(64,1,18,'Fidencia Soriano',4,2,3),(65,4005,8,'Francis Martinez Zelaya ',18,1,4),(66,4005,5,'Boanerge Blandon Castellon',17,1,2),(67,1,18,'Edamiro Espinal',7,2,3),(68,4005,10,'Blanca Estela Peréz Flores',18,1,4),(69,4005,14,'Alfredo Perez Hernandez',17,1,2),(70,4005,7,'Jesus Daniel Lopez Castro',17,1,2),(71,4005,7,'Juan Hernandez Chavarria',17,1,2),(72,4005,7,'Lucrecia Gonzalez Vivas',17,1,2),(73,4005,15,'Leonel Centeno Herrera',5,1,2),(74,4005,19,'Martin Garcia Tremino',8,1,2),(75,4005,16,'Teodoro Alaniz Cerrato',5,1,2),(76,4005,16,'Meyling del Carmen Blandon Lorios',3,1,2),(77,4005,3,'Enoc Gutierrez Arauz',3,1,2),(78,4005,19,'Felix Marlon Rodriguez Ortega',5,1,2),(79,4005,10,'Mauricio José Masis',10,1,2),(80,1,18,'Rita Clementina Ramirez',20,2,3),(81,4005,7,'NIcanora Rodriguez Hernandez',19,1,2),(82,1,18,'Auxiliadora Varela López',20,2,3),(83,1,18,'Carmela Vásquez',20,2,3),(84,4005,4,'Jayra Edelma Tinoco Hernandez',6,1,2),(85,4005,19,'José Esteban Blandon Mendoza',17,1,4),(86,1,20,'Luis Alberto Martínez',9,2,3),(87,1,20,'Osmin Martínez Ordoñez',9,2,3),(88,4005,4,'Maria Nelly Mendiola Polanco',6,1,2),(89,4005,4,'Juan Blas Urbina Pineda',17,1,4),(90,1,20,'Antonio Elias Garcia Osorto',11,2,3),(91,4005,7,'Graciela Hernández Dávila ',17,1,4),(92,4005,4,'Fatima del Socorro Mejia Valdivia',6,1,2),(93,1,20,'Jorge Grinera',9,2,3),(94,1,20,'Nelson Gutiérrez Espino',7,2,3),(95,1,20,'Santiago Olivas',7,2,3),(96,1,21,'Precentaciom Quiroz Pavon',20,2,3),(97,4005,4,'Wilmer Antonio Pérez Hernández',5,1,4),(98,1,21,'Luis Herrera Vallejos',20,2,3),(99,1,21,'Santos Tercero',11,2,3),(100,4005,4,'Alba Luz Calero Herrera',6,1,2),(101,4005,7,'Pastora Díaz López',5,1,4),(102,1,21,'Gertrudiz Tercero',21,2,3),(103,1,21,'Luis Zepeda',20,2,3),(104,4005,12,'Efrain Rodriguez Aguilar',19,1,2),(105,1,21,'Bernardo Tercero ',20,2,3),(106,4005,19,'Silverio Ochoa',18,1,4),(107,1,21,'Luis Alfredo Varela Aguilar',7,2,3),(108,4005,12,'Gloria Esperanza Castro Martinez',12,1,2),(109,1,21,'Adonis Soriano',9,2,3),(110,1,21,'Carlos Tercero',9,2,3),(111,1,21,'Reynaldo Espinoza',9,2,3),(112,4005,9,'Dora Martinez',18,1,4),(113,4005,12,'Pedro Castillo Chavarria',19,1,2),(114,1,21,'Juana del Socorro Padilla',7,2,3),(115,4005,9,'Ervin Ariel Torrez',18,1,4),(116,1,21,'Agustina Mejia González',7,2,3),(117,1,21,'Martha Alicia Padilla Castro',11,2,3),(118,4005,16,'Ana Maria Olivas Rivera ',3,1,4),(119,4005,12,'Omar Valle Orozco',19,1,2),(120,4005,16,'Leyla Toruño Cruz',15,1,4),(121,4005,8,'Florentina del Socorro Chavarria',19,1,2),(122,4005,19,'Lionel Delgadillo',18,1,4),(123,4005,8,'Alejandra Gonzalez Ruiz',19,1,2),(124,4005,14,'Seydi del Carmen Baldizón López',15,1,4),(125,4005,23,'Bernardino Avilez',19,1,2),(126,4005,19,'Agustin Rugama Castro',3,1,4),(127,4005,23,'Zenon Ramon Gonzalez Hernandez',6,1,2),(128,4005,6,'Domingo Picado Garcia',3,1,4),(129,4005,13,'Francisco Rivas Orozco',6,1,2),(130,4005,13,'Jose Mercedes Suazo Arbizu',6,1,2),(131,4005,13,'Miguel Angel Herrera',6,1,2),(132,4005,11,'Maria Epifania Diaz  l',6,1,2),(133,4005,11,'Estela Cruz',6,1,2),(134,4005,11,'Israel Fuente Tercero',6,1,2),(135,4005,11,'Reynaldo Alberto Barrera Hernandez',6,1,2),(136,4005,7,'Silvia Elena Lopez Flores',19,1,2),(137,4005,7,'Euseco Salomon Pineda Hernandez',12,1,2),(138,4005,7,'Teodoro Ronadre Suarez',12,1,2),(139,4005,7,'Oscar Perez Estrada',12,1,2),(140,4005,6,'Santiago Gutiérrez López',5,1,2),(141,4005,4,'Francisca Perez Hernandez',17,1,2),(142,4005,9,'Ariel Vallecillo',18,1,2),(143,1,5,'Eduardo Escalante',22,2,3),(144,4005,9,'Guadalupe Tercero Martinez',18,1,2),(145,1,5,'Modesta Hernández',22,2,3),(146,4005,3,'Maria Elsa Martinez',18,1,2),(147,515,24,'Nubia Mercedes Gómez Ortiz ',23,1,4),(148,1,5,'Aristides Hernández Arce',16,2,3),(149,4005,9,'Tomas Balladares',18,1,2),(150,1,5,'Rigoberto Macareño',22,2,3),(151,4005,3,'Marvin José Reyes Barrera',8,1,2),(152,4005,19,'Wilfredo Perez mendoza',8,1,2),(153,4005,11,'Fermin Martinez Paiz',8,1,2),(154,4005,14,'José Miguel Montoya Rostran',17,1,2),(155,4005,4,'Maria Montenegro Velazquez',17,1,2),(156,4005,9,'Cruz Vallecillo Rivas',18,1,2),(157,4005,16,'Angel Flores Gutierrez',3,1,2),(158,4005,16,'Henry Antonio Valdivia Mendoza',3,1,2),(159,4005,12,'Tomas Ebil Garcia Dormuz',12,1,2),(160,4005,6,'Francisco Lopez Gonzalez',3,1,2),(161,4005,16,'Maria Cristina Perez Murillo',3,1,2),(162,4005,11,'Maximo Dionisio laguna Martinez',8,1,2),(163,515,24,'Juana Maria Herrera Rugama ',23,5,4),(164,515,24,'Berenice del Carmen Galindo R',23,NULL,4),(165,515,24,'Ada Luz Cerna Peréz',23,5,4),(166,1,5,'Vilma Vílchez',16,2,3),(167,1,5,'Javier Castro Rodríguez',16,2,3),(168,4005,16,'Julio Ramon Siles Rayte',3,1,2),(169,4005,10,'Adrian Antonio Rizo Quintero',8,1,2),(170,4005,3,'Eusebio Suazo Chavarria',8,1,2),(171,4005,9,'José Javier Lopéz M',3,1,2),(172,4005,25,'Ernesto Larios',19,1,2),(173,4005,19,'Tito Diomedes Rodriguez Ortega',6,1,2),(174,4005,14,'Santos Morales Lopez',19,1,2),(175,4005,8,'Erminia Hernandez Gomez',6,1,2),(176,4005,25,'Victorina Dormus Aguilar',19,1,2),(177,4015,26,'Denis Centeno Hernandez',1,1,2),(178,4015,27,'Juan Ramon Ochoa Martinez',8,1,2),(179,4015,28,'Narciso Hernandez Díaz',8,1,2),(180,4015,29,'Lilliam Leyva Zamora',1,1,2),(181,4015,30,'Moises Mayorga Cordero',1,1,2),(182,4015,31,'Maria Felia Picado Lopez',12,1,2),(183,1,5,'Candida Aurora Mondragon',22,2,3),(184,1,5,'Dania Lizeth Aguilar',11,2,3),(185,1,5,'Norma Sánchez Aguilar',20,2,3),(186,4015,32,'Jesus Precioso Rodriguez Garit',12,1,2),(187,4015,33,'Claudio Gonzales O.',18,1,4),(188,1,5,'Rosibel Sánchez Serrato',20,2,3),(189,1,5,'Mario Zeron Castro',20,2,3),(190,4015,34,'Mario Ramon Pineda Blandon',12,1,2),(191,4015,35,'Victor Manuel Gutierrez Rugama',1,1,4),(192,1,5,'Elba Rodriguez Vildel',20,2,3),(193,4015,36,'Nora Valiente',18,1,4),(194,4015,34,'Luz Marina Cruz Gutierrez',12,1,2),(195,1,5,'Adali Sánchez Hernández',21,2,3),(196,4015,37,'Julio Lopez Perez',18,1,4),(197,4015,38,'Javier A Morales Gonzalez',18,1,2),(198,4015,36,'Ivania Valiente Amador',18,1,2),(199,4015,39,'Jose Adan Torrez Baldelomar',18,1,2),(200,4015,39,'Miriam Gonzalez Chavarria',18,1,2),(201,4015,33,'Benigno Hernandez',18,1,2),(202,4015,33,'Cruz Centeno',18,1,2),(203,4015,33,'Vidal Suenz',18,1,2),(204,4015,40,'Orlando Calero',18,1,2),(205,4015,41,'Ignacia Maya Martinez',18,1,2),(206,4015,41,'Rosa Nelly Herrera Gomez',18,1,2),(207,4015,34,'Marvin Rafael Pineda Blandon',12,1,2),(208,4015,1,'Porfirio Vargas Mendoza',12,1,2),(209,4015,1,'Mayra del Carmen Chavarria Blancher',12,1,2),(210,4015,37,'Silverio Ramos',18,1,4),(211,4015,38,'Janeth Rayo',18,1,4),(212,4015,40,'Gloria Gonzales Castellón',18,1,4),(213,4015,26,'Marlón Sotelo',18,1,4),(214,4015,26,'Edelma Montenegro',18,1,4),(215,1,5,'Magda Luz Zerón Castro',4,2,3),(216,1,21,'Wiston Cañada Ochoa',21,2,3),(217,4015,29,'Fanor Perez Perez',18,1,4),(218,1,42,'Rodolfo Soriano',4,2,3),(219,1,42,'Ruperto Mondragon',4,2,3),(220,4015,29,'José Alfredo Aguilar Morán',8,1,4),(221,1,42,'Olga Maria Mondragon',4,2,3),(222,4015,29,'José Antonio Sánchez Paíz',8,1,4),(223,1,42,'Asuncion Betancaurth ',21,2,3),(224,4015,29,'Hipolita Sánchez Martínez',8,1,4),(225,1,42,'Maria de los Angeles Soriano',7,2,3),(226,4015,29,'Fusto Eduardo Sánchez',8,1,4),(227,1,42,'Humberto Soriano Laínez',21,2,3),(228,4015,27,'Marcos Gonzales Ochoa',18,1,4),(229,1,42,'Mireya Ramona Mondragon López',22,2,3),(230,1,42,'Erlin José Espinal',22,2,3),(231,4015,39,'José Miguel Real Matamoros',18,1,4),(232,1,42,'Rodolfo Muñoz Escalante',22,2,3),(233,1,42,'Lucinda Casco',7,2,3),(234,4015,39,'Israel Castro Gonzales',18,1,4),(235,1,43,'Bayardo López Izaguirre',4,2,3),(236,4015,39,'Carlos Castro Rocha',24,1,4),(237,1,43,'Bismark Martínez Escalante',21,2,3),(238,4015,35,'Victorino Marcial Manzanares Aguinaga',1,1,4),(239,1,43,'Mariluz Arce Agular',4,2,3),(240,1,43,'Andrea Reyes Garache',4,2,3),(241,4015,30,'Francisco Bermudez',1,1,4),(242,1,43,'Marlene Ponce Lainez',21,2,3),(243,1,44,'Buena Bentura Tercero',14,2,3),(244,4015,31,'Carlos Ramón Díaz Castro',12,1,4),(245,1,44,'Lino Calix',14,2,3),(246,4015,27,'Francisco Espinoza',3,1,4),(247,1,44,'Manuel Martínez',14,2,3),(248,1,44,'Ramon Moreno Ochoa',22,2,3),(249,4015,31,'Juaquin López Arauz',18,1,4),(250,4015,35,'Flora Hernanez',1,1,2),(251,1,44,'Ramon Martínez Espinal',22,2,3),(252,1,44,'Wilmer Mondragon',11,2,3),(253,1,44,'Ayda Luz Alvarez Sánchez',22,2,3),(254,4015,33,'Silvio Lionel Davila Picado',8,1,2),(255,4015,33,'Reyna Isabel Barrera',18,1,2),(256,4015,27,'Maria de los Angeles Gonzalez Mendoza',3,1,4),(257,1,44,'Eneida Pineda Aguilar',22,2,3),(258,1,45,'Leonso Oviedo',11,2,3),(259,4015,29,'Rufino González',18,1,4),(260,1,45,'Rufina del Carmen Betancourth',7,2,3),(261,4015,27,'Alba Luz Sevilla Alvarado',8,1,4),(262,1,45,'Nerling Gaspar Rodríguez',13,2,3),(263,1,45,'Reyna Isabel Oseda Mondragon',13,2,3),(264,4015,33,'Maria Isabel Hernandez',18,1,2),(265,4015,33,'Juan Ramón González Grando',3,1,4),(266,1,45,'Maria Elena Sánchez Erazo',13,2,3),(267,1,45,'Martha Maradiaga Rivera',21,2,3),(268,4015,37,'Julio López Perez',18,1,4),(269,4015,33,'Juana Lidia Davila Picado',18,1,2),(270,1,45,'Maria Cecilia Sánchez',13,2,3),(271,4015,31,'Miguel Angel Altamirano Picado',12,1,4),(272,4015,33,'Maria Emilia Escorcia Hernandez',18,1,2),(273,1,45,'Miriam del Socorro Sánchez',13,2,3),(274,1,45,'Ana Dilia Montoya Oviedo',11,2,3),(275,4015,33,'Juan Martinez',18,1,2),(276,4015,1,'Enrrique Picado',18,1,4),(277,1,45,'Candida Herrera Ordoñes',21,2,3),(278,4015,33,'Santos Isabel Figueroa Rivera',3,1,2),(279,1,45,'Lorena del Carmen Vásquez',13,2,3),(280,4015,1,'Benjamin Herrera',18,1,4),(281,1,45,'Martha Lizeth Espinoza Aguilera',13,2,3),(282,4015,30,'Harvy Rodriguez Castro',18,1,4),(283,4015,33,'Hector Antonio Centeno morales',8,1,2),(284,1,45,'Bertha Lidia Maradiaga',21,2,3),(285,4015,29,'Pascula  Castro Garcia',18,1,4),(286,4015,29,'Javier Adrian Blandón',18,1,4),(287,3005,45,'Martha Mirian Rodríguez',16,2,3),(288,4015,29,'Juan Francisco Guido Rizo',18,1,4),(289,3005,46,'Alejandro Rivas Briceño',16,2,3),(290,3005,46,'Darwin Briceño Soriano',11,2,3),(291,4015,29,'Jorge A. Mairena Hernández',3,1,4),(292,4015,33,'Leandra Ramona Mendoza Martinez',18,1,2),(293,3010,47,'Arnoldo Baquedano Espinales',21,2,3),(294,2025,22,'Francisca Carrasco Tercero',25,4,4),(295,3005,45,'José Maria Sánchez',16,2,3),(296,2025,22,'Sonia Matute Espinoza',25,4,4),(297,4015,33,'Ivania Vanega Lopez',8,1,2),(298,2025,22,'Ines Antonio Garcia Castillo',25,4,4),(299,4015,2,'Israel Garcia López',1,1,3),(300,4015,1,'Santos Sixto Zamora Teriero',12,1,2),(301,4015,1,'Mario de Jesus González Montenegro',12,1,3),(302,2025,22,'Calixta Calderón Calderon',25,4,4),(303,4015,1,'Flora Peralta Tobargo',12,1,3),(304,4015,2,'Cristobal fFederico García',1,1,3),(305,4015,1,'Juana Rosa Valle Laos',12,1,2),(306,2025,22,'Maria del Carmen González Garcia',25,4,4),(307,4015,2,'Manuel García',1,1,3),(308,4015,34,'Juan Ramon Castro',18,1,2),(309,2025,22,'Aurora Delfina González Gutierrez',26,4,4),(310,4015,2,'Enma Granado Hernández',1,1,3),(311,4015,34,'Francisco Zamora',18,1,2),(312,2025,22,'Leonardo López Martinez',26,4,4),(313,4015,36,'Melba Hurtado',18,1,2),(314,4015,2,'Noel Rodríguez Chavarria',1,1,3),(315,4015,2,'Yadira del Carmen Truin Soto',1,1,3),(316,2025,22,'Marcelino Garcia Alfaro',26,4,4),(317,4015,36,'Francisco Molinares Salgado',18,1,2),(318,4015,36,'Marvin Martinez',18,1,2),(319,4015,2,'Martin Rayo Chavarria',1,1,3),(321,2025,22,'Maria Esther Ruíz Garcia ',26,4,4),(322,4015,36,'Jeaneth Kuant centeno',18,1,2),(323,4015,2,'Bonifacio Garcia',1,1,3),(324,2025,22,'Juana Francisca Gutierrez Matay',26,4,4),(325,4015,2,'Maria Magdalena Luna Martínez',18,1,3),(326,4015,2,'Juana Hernández Chavarria',18,1,3),(327,2025,48,'Ciriaco Muñoz',27,4,4),(328,4015,37,'Isidio Martínez Luna',3,1,3),(329,4015,36,'Genaro Sanchez Flores',18,1,2),(330,4015,37,'Miguel Angel Aguirre B.',3,1,3),(331,4015,36,'Maribel Castro Herrera',18,1,2),(332,4015,34,'Ernesto Pineda Matamoros',12,1,2),(333,4015,40,'Eliseo Gonzalez Elhter',24,1,2),(334,4015,39,'Apolinar Gonzalez Ochoa',24,1,2),(335,4015,39,'Jamilet Castro ordoñez',24,1,2),(336,4015,39,'Wilfredo Chavarria Rodriguez',24,1,2),(337,4015,40,'Carmen Vanessa Zeledon Rivera',8,1,2),(338,4015,40,'Ciriaco Rodriguez Martinez',8,1,2),(339,4015,40,'Laura Calero',18,1,2),(340,2025,48,'Lilliam López González',27,4,4),(341,2025,48,'Maria Leonarda Dávila González',27,4,4),(342,2025,48,'Fernando Muñoz Gómez',27,4,4),(343,4015,37,'Margarita López Blandón',8,1,3),(344,4015,1,'Wilfredo Chavarria Blaucher',12,1,3),(345,4060,36,'Gery Jack Hurtado Castro',18,1,2),(346,4015,36,'Felipe Flores Zeas',18,1,3),(347,4015,36,'Alvaro Castro Herrera',18,1,3),(348,4015,40,'Alejandro zamora',18,1,2),(349,4015,40,'Felipa Lopez Soza',8,1,2),(350,4015,27,'Sixta Mendoza Blanhes',8,1,3),(351,2025,49,'Lilliam Reyes González',28,4,3),(352,4015,40,'Lesther thomas Gutierrez Kuant',8,1,2),(353,4015,31,'Gladys Del Socorro Arauz Otero',12,1,2),(354,4015,31,'Martha Lorena Altamirano Picado',12,1,2),(355,4015,31,'Dora Lopez Paez',12,1,2),(356,4015,26,'Francisco centeno Hernandez',29,1,2),(357,4015,26,'Jose Alfredo centeno Hernandez',1,1,2),(358,4015,38,'Lucas Dormuz Potoy',18,1,2),(359,2025,50,'Santos Danelia López González',27,4,3),(360,2025,50,'Lidia del Carmen López Vallecillo',26,4,3),(361,2025,50,'Kenia Maria López Prado',30,4,3),(362,2025,50,'Gregorio Martínez López',27,4,3),(363,2025,50,'Damaris Lilliana Glez López',27,4,3),(364,2025,50,'Juan Alberto Florian Vallecillo',27,4,3),(365,2025,48,'Paulina Aguilar López',27,NULL,4),(366,2025,50,'Carmen Evangelina González Florián',27,4,3),(367,2025,50,'Maria Teresa Florián Vallecillo',27,4,3),(368,2030,48,'Valeria López Davila',27,4,4),(369,2025,50,'Wilmer Antonio Pérez Prado',26,4,3),(370,2025,50,'Cándida Rosa Alvarado González',26,4,3),(371,2025,48,'Josefina Gonzáles Muñoz',27,4,4),(372,4015,40,'Joel Gutierrez',18,1,2),(373,4015,40,'Mayra Castro Perez',18,1,2),(374,4015,40,'Crecencio Castro Garcia',8,1,2),(375,4015,40,'Santos Díaz Garcia',8,1,2),(376,4015,40,'Emilio Hernandez Aguirre',12,1,2),(377,4015,40,'Domingo Arauz Hernandez',18,1,2),(378,4015,40,'Esperanza Melendez',18,1,2),(379,4015,29,'Mayra Ortega Elsther',1,1,2),(380,4015,29,'Pedro Rayo Leiva',3,1,2),(381,4015,29,'Marlene Rogriguez',18,1,2),(382,4015,29,'Benito Escoto Moreno',3,1,2),(383,4015,29,'Cristino Salomon Gonzalez Rodriguez',1,1,2),(384,4015,27,'Zacaria Morgonto',18,1,2),(385,4015,27,'Antonia Rivera',18,1,2),(386,4015,27,'Raul Sevilla Altamirano',18,1,2),(387,2025,48,'Martha Flora López',26,4,4),(388,2025,48,'Juan Antonio Pineda',26,4,4),(389,2025,48,'Silvestre Dávila López',26,4,4),(390,2025,48,'Imelda González Dávila',26,4,4),(391,4015,27,'Guillermo A Hernandez',18,1,2),(392,2025,48,'Mariano Dávila López',26,4,4),(393,2025,49,'Maria Salomé Garcia P',30,4,4),(394,2025,49,'Ana Rosa Córdoba Herrera',30,4,4),(395,4015,39,'Antonia Guillen',18,1,2),(396,4015,39,'Hilder Martinez',18,1,2),(397,4015,39,'Concepción Gonzalez Ochoa',18,1,2),(398,4015,39,'Marvin Antonio Sevilla Lopez',18,1,2),(399,4015,26,'Guadalupe Cruz Mairena',1,1,2),(400,4015,32,'Daniel Escorcia Martinez',29,1,2),(401,4015,32,'Pablo A Rogdriguez',18,1,2),(402,4015,26,'Douglas Lopez Montenegro',1,1,2),(403,4015,26,'Victorino Montenegro Rodriguez',18,1,2),(404,2025,48,'Miltón Ariel Poveda ',30,4,4),(405,2035,49,'Suyapa del Rosario Garcia ',30,4,4),(406,2025,49,'Rosa Maria Córdoba González',28,4,4),(407,2025,50,'Imelda de Jesús López López',30,4,3),(408,2025,50,'Manuel Antonio López González',30,4,3),(409,2025,50,'Francisco López Vallecillo',30,4,3),(410,2025,49,'Miguelina Muñoz Talavera ',30,4,4),(411,4060,32,'Wilmer Zamora',18,1,2),(412,2025,50,'Maritza Zeneyda González',30,4,3),(413,2025,49,'Pablo José Pineda Espino',30,4,4),(414,2025,50,'Olga Maria López Pineda',30,4,3),(415,4015,28,'Genara Flores Hernandez',3,1,2),(416,2025,49,'Yanina del Socorro Andón Olivas',28,4,4),(417,2025,51,'Pedro José Vallecillo Martínez',26,4,3),(418,4015,27,'Rogelio Espinoza',18,1,2),(419,2025,49,'Carlos Alberto González Garcia',28,4,4),(420,2025,51,'Pedro Pablo Vallecillo González',26,4,3),(421,2025,51,'José Alejandro Vallecillo Olivas',26,4,3),(422,2025,49,'Sandra Espinoza Córdoba ',28,4,4),(423,4015,27,'Sandra Elena Ochoa T',3,1,2),(424,2025,51,'Justo Elias Martínez García',27,4,3),(425,2025,49,'Mónico Antonio Córdoba.',28,4,4),(426,2025,51,'José Gabriel Vallecillo ',27,4,3),(427,4015,27,'Abel Martinez Mendoza',18,1,2),(428,2025,51,'Rafaela del C. Vallecillo Pérez',28,4,3),(429,2025,49,'Elia Maria Córdoba Garcia',28,4,4),(430,4015,28,'Juan Pablo Rayo Torrez',18,1,2),(431,2025,51,'Gregoria de Jesus Vallecillo',28,4,3),(432,2025,49,'Cleotilde Soto Vargas',28,4,4),(433,2025,51,'Ignacio de Loyola Vallecillo Pérez',28,4,3),(434,4015,35,'Elias Zeledon Roa',1,1,2),(435,2025,51,'Maria Emilia González Muñoz',30,4,3),(436,2025,51,'José Ramón Olivas López',30,4,3),(437,2025,51,'Pascual González González',30,4,3),(438,4015,35,'Juana Aguilar Cruz',3,1,2),(439,4015,35,'Nolvia Azucena Aguilar orozco',3,1,2),(440,4015,35,'Juana Aguilar Cruz',3,1,2),(441,4015,35,'Benito Gonzalez Vanega',3,1,2),(442,515,52,'Aurora Sarantes Cruz',31,5,4),(443,2025,51,'Edgar Antonio Udiel Vallecillo',27,4,3),(444,2025,51,'Asunción del Rosario López Cardenas',30,4,3),(445,515,53,'Jovania del Socorro Sarantes López',23,5,4),(446,2025,54,'Francisco Méndez González',26,4,3),(447,515,55,'Elda Maria Sarantes López',31,5,4),(448,2025,54,'Elia Maria Matey Gadea',26,4,3),(449,515,53,'Jaciela Nohemi Gutierrez López',31,5,4),(450,2025,54,'Milcen Yunieth Matey Iglesias',26,4,3),(451,510,56,'Mayra de Carmen Izaguire Guerrero',31,5,4),(452,2025,54,'Rosa Argentina Rodríguez',26,4,3),(453,510,56,'Luis Eduardo Barahona Palma ',23,5,4),(454,2025,54,'Carlos Ivan López Córdoba',26,4,3),(455,2025,54,'Flavio Méndez González',26,4,3),(456,510,56,'Octavio Cruz Cerna',31,5,4),(457,2025,54,'Mario Matey Gadea',26,4,3),(458,2025,54,'José Antonio Matey Iglesias',26,4,3),(459,510,56,'Herlinda Damaris Herrera',23,5,4),(460,2025,54,'Natividad Matey Iglesias',30,4,3),(461,510,56,'Iris Yolanda Siles',23,5,4),(462,2025,54,'Maria Antonia Córdoba',30,4,3),(463,2025,54,'Enrique López Gutiérrez',30,4,3),(464,510,56,'Candida Cruz Espinales',23,5,4),(465,505,57,'José Angel Matute',23,5,4),(466,2025,54,'Marta Alicia Matey Martínez',30,4,3),(467,505,57,'Sonia Mariana Ramirez Acevedo',31,5,4),(468,2025,54,'Ma. Magdalena Mathey Talavera',30,4,3),(469,2025,54,'Gonzalo Cardenas Rosales',30,4,3),(470,2025,54,'Flora Matey Matey',30,4,3),(471,2025,54,'Abel López Guerrero',30,4,3),(472,505,57,'Leyding Libeth Oyes',31,5,4),(473,2025,54,'Erlinda Matey López',30,4,3),(474,515,58,'Maria  Isabel Sandoval Sandoval',23,5,4),(475,2025,54,'Concepción del Rosario Ruíz Ruíz',28,4,3),(476,505,57,'Gloria Rodriguez Romero',23,2,4),(477,2025,54,'Griselda del Carmen Calderón Córdoba',28,4,3),(478,505,57,'Digna Rubenia Sevilla Lira',23,5,4),(479,2025,54,'Fidel López Melgara',28,4,3),(480,505,57,'Marcia Osorio Reyes',23,5,4),(481,535,59,'Prudencia del Carmen Herrera S',23,5,4),(482,550,60,'Joselino Guerrero Melgara',31,5,4),(483,510,56,'Edwin Ali Barahona Palma',23,5,4),(484,510,56,'Gertrudiz Guzmán',31,5,4),(485,2025,49,'Evarista Calderón Garcia',30,4,4),(486,550,60,'Martin Martinez Alvarado ',31,5,4),(487,550,60,'Santos Andres Guerrero',31,5,4),(488,505,61,'Nerys Elena González Herrera',31,5,4),(489,515,52,'Yelba Maria Ruiz Olivera',31,5,2),(490,515,61,'Mirena Lisseth López ',31,5,4),(491,515,62,'Angelica Sevilla Zamora',31,5,2),(492,550,63,'José Silvano Gutierrez López',31,5,4),(493,515,62,'Rufino Adrian Rodriguez Rivera',31,5,2),(494,550,63,'Petronila Cardenas ',31,5,4),(495,515,62,'Eulofio Muñoz Melgara',31,5,2),(496,515,62,'Graciela del Carmen Gonzalez',31,5,2),(497,550,63,'Pastora Gutierrez Perez',31,5,4),(498,550,64,'Natividad de Jesús Ramirez Reyes',31,5,4),(499,515,62,'Lucas Antonio Almendarez Hernandez',31,5,2),(500,515,53,'Blanca Nidia Maradiaga Gradiz',31,5,4),(501,550,63,'Juana Francisca Talavera Melgara ',23,5,4),(502,515,24,'Maxima Mendoza Sarantes',23,5,2),(503,550,60,'Santos Eulogio Guerrero Martinez',31,5,4),(504,515,24,'Liana Maritza Rueda Lopez',23,5,2),(505,550,60,'Juana Martines Cardenas ',23,5,4),(507,505,61,'Esperanza del Carmen Perez Morales',31,5,4),(509,515,62,'Elsa del Carmen Bustamante Espinoza',31,NULL,4),(510,505,24,'Rosa Amelia Ortiz Espinoza',23,5,4),(511,2025,49,'Santos Gerbacio Pineda Perez',28,4,4),(512,515,53,'Dania Antonia Jarquin Molina ',23,5,4),(513,515,53,'Zulema de Jesús González',23,5,4),(515,515,52,'Angelina Sarantes Cruz',23,5,4),(516,515,62,'Rosa Olivia Martinez Laguna ',31,5,4),(517,515,62,'Juana Maria González',31,5,4),(518,510,56,'Freddy Centeno Balladares',31,5,4),(519,510,56,'Maria Estela Gonzales Rocha ',23,5,4),(520,510,56,'Maria Rufina Martinez',31,5,4),(521,550,64,'Maria de los Angeles Reyes Alfaro ',31,5,4),(522,550,64,'Bianey del Carmen López Reyes',31,5,4),(523,550,64,'Maritza Olivas Benavidez',31,5,4),(524,550,63,'Socorro del Carmen Cardenas Gutierrez',31,5,4),(525,515,53,'Guillermina Martinez Mario ',31,5,4),(526,515,53,'Maria Antonia Zelaya Maradiaga',31,5,4),(527,505,57,'Senia Janeth Sevilla',31,5,4),(528,505,57,'Haydee Garcia Palma ',31,5,4),(529,515,52,'Azucena del Socorro Martinez R',23,5,4),(530,535,58,'Leana Francisca García Rodriguez',23,5,2),(531,535,59,'Calixta Hernandez Herrera',23,5,2),(532,535,59,'Blanca Azucena Lopez',23,5,2),(533,535,59,'Dina del Carmen Hernandez Zelaya',23,5,2),(534,535,58,'Juana Leonor Sandoval',23,5,2),(565,555,70,'Santos Everling Mezas González',34,6,3),(536,535,59,'Rosa Adilia Caceres Sanchez',31,5,2),(537,535,66,'Silvia Benigna Hernandez Gaitan',31,5,4),(538,505,67,'Erminda de los Angeles Gomez Ortiz',23,5,4),(539,535,68,'Carla Baneza Caseres',31,5,3),(540,535,58,'Julia Esther Salgado Sandoval',31,5,3),(541,535,58,'Rosa Eudomilia Maradiaga Caceres',31,5,3),(542,535,66,'Ignacia del Carmen Martínez R.',32,5,3),(543,535,66,'Miguel Montano Duarte',32,5,3),(566,505,67,'Juana del Carmen Herrera Poza',23,5,4),(544,505,61,'Maria Julia Morales Benavidez',31,5,4),(545,535,66,'Camilo Antonio Maradiaga Montano',32,5,3),(546,535,66,'Santos Isac Duarte López',32,5,3),(547,535,66,'Luis Alfredo Andrade Lago',32,5,3),(548,535,59,'Julia Martinez Marin',31,5,2),(549,505,67,'Sayda Delmin Mejia',23,5,4),(550,535,66,'Melania Hernández Vallecillo',31,5,3),(551,535,59,'Angelica Maria Vazquez',31,5,2),(552,505,67,'Bemilda del Socorro Corrales',23,5,4),(553,535,66,'Martha Maria Hernández Sánchez',31,5,3),(554,505,61,'Reyna Esperanza Jimenez',31,5,3),(555,505,67,'Felicita del Socorro ',23,5,4),(556,535,59,'Santos Sabina Estrada Iglesia',23,5,4),(557,505,61,'Trinidad de Jesus Castellon Gonzalez',31,5,2),(558,535,58,'Dinora Mariela Sandoval',23,5,2),(559,555,70,'Julio Trujillo',33,6,3),(560,555,70,'Juan Garcia Maradiaga',33,6,3),(561,535,59,'Yenis Lorena Caceres Herrera',23,5,4),(562,555,70,'Gladys del Carmen Zeledon Rodriguez',33,6,3),(563,555,71,'Silvia Fajardo Herrera',35,6,3),(564,505,61,'Martha Mejia Vanegas',31,5,4),(567,555,70,'Aquilino Florian Herrera',34,6,2),(568,555,70,'Lazaro Herrera Florian ',36,6,3),(569,555,70,'Dagoberto Rojas Pérez',36,6,3),(570,555,72,'Dorlan Augusto Padilla González',36,6,3),(571,555,70,'Eva Elia Aguilera Herrera',33,6,2),(572,555,72,'Bladimir Gutiérrez Moreno',36,6,3),(573,555,72,'Alcides Ruiz González',36,6,3),(574,555,70,'Lidia  de los A Herrera Arauz',33,6,2),(575,555,72,'Circunsicion de Jesus Bucardo González',36,6,3),(576,555,73,'Paula Jamileth Ruiz Zeledon',37,6,3),(577,555,70,'Francisco Herrera Arauz',33,6,2),(578,555,74,'Terencio Ortuño Arcia',38,6,3),(579,555,70,'Marizol Herrera Arauz',33,6,2),(580,555,73,'Felicita Rodriguez Corrales',37,6,3),(581,555,70,'Geronima Rivera Jarquin',39,6,3),(582,555,70,'Julia Ibarra Bellorin',33,6,3),(583,555,70,'Rene Venavidez Aguilera',33,6,2),(584,555,70,'José Enrique Marin Herrera',33,6,3),(585,555,70,'Pablo A. Trujillo',33,6,3),(586,555,70,'Juana Ediza Zavala Gonzalez',34,6,2),(587,555,70,'Denis Javier Bellorin Castro',33,6,3),(588,555,62,'Luis Reynaldo Sandoval Altamirano',33,6,3),(589,555,70,'Eva Elia Meza Salgado',34,6,2),(590,555,70,'Cruz Gutiérrez Polanco',36,6,3),(591,555,73,'Rosa Emilia Espinales Garcia',37,6,3),(592,555,70,'Rosario Benavidez Benavidez',39,6,4),(593,555,70,'Karlota Peralta Chavarria',36,6,3),(594,555,74,'Angela Azucena Benanvidez',38,6,2),(595,555,70,'Adela Maradiaga Garcia',39,6,4),(596,555,73,'Benjamin Lumbi Rugama',39,6,3),(597,555,75,'Isidro Ubeda Montalvan',34,6,3),(598,555,70,'Estelvina  Centeno Gonzalez',34,6,2),(599,555,74,'Santos Ramiro Matey López',38,6,3),(600,555,70,'Lidia Gonzalez Cornejo ',39,6,4),(601,555,75,'Juan Agustin Moreno Castellon',38,6,3),(602,555,70,'Rosa María Matey Perez',34,6,2),(603,555,72,'Hilario Gonzalez',36,6,2),(604,555,72,'Ricardo Alegria Hernandez',36,6,2),(605,555,76,'Ramona Cordobas Gonzalez',35,6,2),(606,555,71,'Maura Gutierrez centeno',35,6,2),(607,555,71,'Ulices Ramiro Espinoza Torrez',35,6,2),(608,555,70,'Francisca Trujillo Velazquez',34,6,2),(609,555,70,'Vicenta Alaniz Martinez',34,6,2),(610,555,77,'Neftali Perez Sevilla',33,6,2),(611,555,77,'Hernaldo Miguel Bellorin R',33,6,2),(612,555,77,'Miguel Angel Bellorin Rodriguez',33,6,2),(613,555,74,'Pedro Antonio Matey Lopez',38,6,2),(614,555,74,'Faustino Bacilo Castellon',38,6,2),(615,555,74,'Santos Mendez mejia',38,6,2),(616,555,74,'Juan Alberto Martinez Perez',38,6,2),(617,555,75,'Agustin Irene Moreno Castellon',38,6,2),(618,555,70,'Oscar Primitivo Zamora Morales',39,6,2),(619,555,70,'Margarita de los A Aguilera H',33,6,2),(620,505,67,'Maria Julia Saurez Espinoza',23,5,4),(621,505,67,'Francisco Castro Baquedano',23,5,4),(622,505,67,'Dionicio Blandón Dávila',33,6,4),(623,555,77,'Mayel Antonio Vásquez González',33,6,4),(624,555,77,'Eudoro Vásquez Bellorin',33,6,4),(627,555,67,'Melba Maria Meneses Benavides ',34,6,4),(626,505,67,'José Francisco Torez',33,6,4),(628,555,67,'Margarita Zambrano González',34,6,4),(629,555,75,'Samuel Danilo López Landero',36,6,4),(630,555,75,'Gumercindo Aguilar Bellorin',39,6,4),(631,555,67,'  Rafael Bellorin Corea                             ',33,6,4),(632,555,73,'Juan Francisco Mendez Cruz',37,6,4),(633,555,73,'Eusebio Arostegui Rayo',37,6,4),(634,555,73,'Cristobal Lovo',37,6,4),(635,555,62,'Concepción Gutierrez Polanco ',33,6,4),(636,555,70,'Elvira Garcia Castillo',37,6,4),(637,555,70,'Migdalia del Socorro Florian',37,6,4),(638,555,70,'Juan Jairo Perez',37,6,4),(639,555,70,'Rosibel Ramirez Acuña',39,6,4),(640,555,70,'Natalia Castro Landero ',39,6,4),(641,555,70,'Maria Luisa Zamora Morales',39,6,4),(642,555,70,'Cruz Adelina',39,6,4),(643,555,70,'Teofila Melgara Cornejo ',39,6,4),(644,555,73,'Raúl Martinez Acuña',37,6,4);
/*!40000 ALTER TABLE `medios_encuesta` ENABLE KEYS */;
UNLOCK TABLES;

--
-- Table structure for table `medios_recolector`
--

DROP TABLE IF EXISTS `medios_recolector`;
/*!40101 SET @saved_cs_client     = @@character_set_client */;
/*!40101 SET character_set_client = utf8 */;
CREATE TABLE `medios_recolector` (
  `id` int(11) NOT NULL AUTO_INCREMENT,
  `nombre` varchar(200) NOT NULL,
  PRIMARY KEY (`id`)
) ENGINE=MyISAM AUTO_INCREMENT=40 DEFAULT CHARSET=latin1;
/*!40101 SET character_set_client = @saved_cs_client */;

--
-- Dumping data for table `medios_recolector`
--

LOCK TABLES `medios_recolector` WRITE;
/*!40000 ALTER TABLE `medios_recolector` DISABLE KEYS */;
INSERT INTO `medios_recolector` VALUES (1,'Elvis Antonio Cruz Centeno'),(7,'Karen Baquedano Espinoza'),(3,'Luis A. González M'),(4,'Rodolfo Muñoz'),(5,'Melva Gómez'),(6,'Milton Francisco Escorcia Altamirano'),(8,'Roberto Escorcia M'),(9,'Indiana Baquedano Espinoza'),(10,'Niel Peterson Martinez'),(11,'Bernardo Palma M.'),(12,'Edwin Valle Martinez'),(13,'Willian Sánchez Sánchez'),(14,'Osmin Rocha Vallecillo'),(15,'Antonio Rueda Pereira'),(16,'Francisco Palma M. '),(17,'Marlón Miranda'),(18,'Margiana E. Flores'),(19,'Margarita Cerrato Ordoñez'),(20,'Esteban Rodríguez'),(21,'Yessenia Del C. Cadeno M.'),(22,'Jairo Palma Muñoz'),(23,'Anaun Carrasco Romero '),(24,'Manuel Rivera'),(25,'Lilliana Rubio'),(26,'Wilmer Olivas'),(27,'Josué Herrera'),(28,'Nolan Olivas'),(29,'Elias Antonio Cruz centeno'),(30,'Nelson Martínez'),(31,'Celso Cerna'),(32,'Anain Carrasco'),(33,'Francisco Calderon'),(34,'Gloria Gonzalez'),(35,'Lexania Vigia'),(36,'Lazaro Diaz Guzman'),(37,'Gloria Vasquez'),(38,'Wilber Antonio Torrez Tercero'),(39,'Lexania Palacios');
/*!40000 ALTER TABLE `medios_recolector` ENABLE KEYS */;
UNLOCK TABLES;

--
-- Table structure for table `participacion_ciudadana_frecuencia`
--

DROP TABLE IF EXISTS `participacion_ciudadana_frecuencia`;
/*!40101 SET @saved_cs_client     = @@character_set_client */;
/*!40101 SET character_set_client = utf8 */;
CREATE TABLE `participacion_ciudadana_frecuencia` (
  `id` int(11) NOT NULL AUTO_INCREMENT,
  `organismo` int(11) NOT NULL,
  `respuesta` int(11) NOT NULL,
  `encuesta_id` int(11) NOT NULL,
  PRIMARY KEY (`id`),
  KEY `participacion_ciudadana_frecuencia_1de70ac4` (`encuesta_id`)
) ENGINE=MyISAM AUTO_INCREMENT=839 DEFAULT CHARSET=latin1;
/*!40101 SET character_set_client = @saved_cs_client */;

--
-- Dumping data for table `participacion_ciudadana_frecuencia`
--

LOCK TABLES `participacion_ciudadana_frecuencia` WRITE;
/*!40000 ALTER TABLE `participacion_ciudadana_frecuencia` DISABLE KEYS */;
INSERT INTO `participacion_ciudadana_frecuencia` VALUES (1,1,4,3),(2,2,1,3),(3,1,1,5),(4,2,2,5),(5,1,4,7),(6,1,1,7),(7,1,4,6),(8,2,2,6),(9,1,1,8),(10,2,4,8),(11,1,4,10),(12,2,1,10),(13,1,4,9),(14,2,2,9),(15,1,4,12),(16,2,1,12),(17,1,4,13),(18,2,1,13),(19,1,2,15),(20,1,2,14),(21,2,1,14),(22,1,4,16),(23,1,1,18),(24,2,4,18),(25,1,4,17),(26,2,2,17),(27,1,2,19),(28,1,4,20),(29,1,4,21),(30,2,1,21),(31,1,1,22),(32,1,2,23),(33,2,1,23),(34,1,1,24),(35,2,1,24),(36,1,2,25),(37,2,2,25),(38,1,3,26),(39,2,3,26),(40,1,1,27),(41,2,2,27),(42,1,4,28),(43,2,1,28),(44,1,1,29),(45,2,1,29),(46,1,2,30),(47,2,2,30),(48,1,1,32),(49,2,4,32),(50,1,4,35),(51,2,1,35),(52,1,4,34),(53,2,4,34),(54,1,4,37),(55,2,1,37),(56,2,1,38),(57,1,2,40),(58,2,2,40),(59,1,2,41),(60,2,1,41),(61,1,4,42),(62,2,2,42),(63,1,1,43),(64,1,4,44),(65,2,1,44),(66,1,4,45),(67,2,2,45),(68,1,1,46),(69,1,4,48),(70,2,1,48),(71,1,1,47),(72,2,1,49),(73,1,1,51),(74,2,1,51),(75,1,4,52),(76,2,1,52),(77,1,1,53),(78,2,1,53),(79,1,4,54),(80,2,1,54),(81,1,1,56),(82,2,1,56),(83,1,4,57),(84,2,1,57),(85,1,4,60),(86,2,2,60),(87,1,4,61),(88,2,1,61),(89,1,4,63),(90,2,1,63),(91,1,1,65),(92,2,1,65),(93,1,4,66),(94,2,1,66),(95,1,1,67),(96,1,4,68),(97,2,4,68),(98,1,4,69),(99,2,1,69),(100,1,4,70),(101,2,1,70),(102,1,4,71),(103,2,1,71),(104,1,4,72),(105,2,1,72),(106,1,1,73),(107,2,1,73),(108,1,1,74),(109,2,1,74),(110,1,4,75),(111,2,2,75),(112,1,4,76),(113,2,4,76),(114,1,4,77),(115,2,4,77),(116,1,4,78),(117,2,1,78),(118,1,4,79),(119,2,1,79),(120,1,4,81),(121,2,1,81),(122,1,4,84),(123,2,1,84),(124,1,4,85),(125,2,1,85),(126,1,1,86),(127,1,2,87),(128,1,4,88),(129,2,1,88),(130,1,4,89),(131,2,1,89),(132,1,2,90),(133,1,4,91),(134,2,2,91),(135,1,4,92),(136,2,1,92),(137,1,1,93),(138,1,2,94),(139,1,2,95),(140,1,2,96),(141,1,4,97),(142,2,2,97),(143,1,4,100),(144,2,1,100),(145,1,2,101),(146,1,2,102),(147,1,1,103),(148,1,4,104),(149,2,1,104),(150,1,4,106),(151,2,1,106),(152,1,2,107),(153,1,1,108),(154,2,1,108),(155,1,1,111),(156,1,4,112),(157,2,1,112),(158,1,3,113),(159,2,1,113),(160,1,2,114),(161,1,4,115),(162,2,1,115),(163,1,2,116),(164,1,1,118),(165,2,1,118),(166,1,4,119),(167,2,1,119),(168,1,2,120),(169,2,2,120),(170,2,1,121),(171,1,1,122),(172,2,1,122),(173,1,4,123),(174,2,1,123),(175,1,4,124),(176,2,1,124),(177,1,1,125),(178,2,1,125),(179,1,2,126),(180,2,1,126),(181,1,4,127),(182,2,1,127),(183,1,2,128),(184,2,4,128),(185,1,1,129),(186,2,1,129),(187,1,4,130),(188,2,1,130),(189,1,2,131),(190,2,2,131),(191,1,4,132),(192,2,1,132),(193,1,1,133),(194,2,1,133),(195,1,4,134),(196,2,1,134),(197,1,4,135),(198,2,1,135),(199,1,2,136),(200,2,1,136),(201,1,4,137),(202,2,1,137),(203,1,4,138),(204,2,1,138),(205,1,4,139),(206,2,1,139),(207,1,4,140),(208,2,4,140),(209,1,3,141),(210,2,1,141),(211,1,4,142),(212,2,1,142),(213,1,4,144),(214,2,1,144),(215,1,1,145),(216,1,1,146),(217,1,4,149),(218,2,1,149),(219,1,4,151),(220,2,1,151),(221,1,4,152),(222,2,1,152),(223,1,1,153),(224,2,4,153),(225,1,4,154),(226,2,1,154),(227,1,4,155),(228,2,1,155),(229,1,4,156),(230,2,1,156),(231,1,4,157),(232,2,2,157),(233,1,3,158),(234,2,2,158),(235,1,4,159),(236,2,1,159),(237,1,4,160),(238,2,2,160),(239,1,4,161),(240,2,2,161),(241,1,1,162),(242,2,2,162),(243,1,2,163),(244,1,2,164),(245,2,2,164),(246,1,1,150),(247,2,1,150),(248,1,1,166),(249,1,2,168),(250,2,4,168),(251,1,4,169),(252,2,1,169),(253,1,4,170),(254,2,1,170),(255,1,4,171),(256,2,4,171),(257,1,4,172),(258,2,1,172),(259,1,1,173),(260,2,1,173),(261,1,1,174),(262,2,1,174),(263,1,4,175),(264,2,1,175),(265,1,4,176),(266,2,1,176),(267,1,4,177),(268,2,4,177),(269,1,4,178),(270,1,4,180),(271,2,4,180),(272,1,4,181),(273,2,4,181),(274,1,4,182),(275,2,2,182),(276,1,1,183),(277,1,1,184),(278,2,4,184),(279,1,2,185),(280,1,4,186),(281,2,1,186),(282,1,1,187),(283,2,1,187),(284,1,4,188),(285,2,3,188),(286,1,4,189),(287,1,4,190),(288,2,1,190),(289,1,1,191),(290,2,1,191),(291,1,2,192),(292,1,4,193),(293,2,1,193),(294,1,2,194),(295,2,1,194),(296,2,3,195),(297,1,4,196),(298,2,1,196),(299,1,1,197),(300,2,1,197),(301,1,4,198),(302,2,1,198),(303,1,1,199),(304,2,1,199),(305,1,4,200),(306,2,1,200),(307,1,4,201),(308,2,1,201),(309,1,1,202),(310,2,1,202),(311,1,4,203),(312,2,1,203),(313,1,3,204),(314,2,1,204),(315,1,4,205),(316,2,1,205),(317,1,4,206),(318,2,1,206),(319,1,4,207),(320,2,1,207),(321,1,4,208),(322,2,2,208),(323,1,1,209),(324,2,1,209),(325,1,4,210),(326,2,1,210),(327,1,1,211),(328,2,1,211),(329,1,3,212),(330,2,1,212),(331,1,4,213),(332,2,1,213),(333,2,2,214),(334,1,4,215),(335,2,4,215),(336,1,1,216),(337,1,4,217),(338,2,4,217),(339,1,4,220),(340,2,4,220),(341,1,4,222),(342,2,4,222),(343,1,4,224),(344,2,4,224),(345,1,4,226),(346,2,4,226),(347,1,1,228),(348,2,1,228),(349,1,2,230),(350,1,4,231),(351,2,1,231),(352,1,1,232),(353,2,4,232),(354,1,4,234),(355,2,1,234),(356,1,1,235),(357,2,4,235),(358,2,1,236),(359,1,1,237),(360,2,1,237),(361,1,4,238),(362,2,1,238),(363,1,2,241),(364,2,2,241),(365,1,4,244),(366,2,4,244),(367,1,4,246),(368,2,4,246),(369,1,2,247),(370,1,4,249),(371,2,1,249),(372,1,1,250),(373,2,1,250),(374,1,1,254),(375,2,4,254),(376,1,4,256),(377,2,4,256),(378,1,1,259),(379,2,1,259),(380,1,1,255),(381,2,1,255),(382,1,1,261),(383,2,4,261),(384,2,2,262),(385,1,2,263),(386,2,1,263),(387,1,2,264),(388,2,1,264),(389,1,4,265),(390,1,2,267),(391,1,1,268),(392,1,4,269),(393,2,1,269),(394,1,1,271),(395,2,1,271),(396,1,1,272),(397,2,2,272),(398,1,2,273),(399,2,2,273),(400,1,1,275),(401,2,1,275),(402,1,1,276),(403,2,1,276),(404,1,1,277),(405,1,4,278),(406,1,1,279),(407,2,1,279),(408,1,4,280),(409,2,1,280),(410,1,2,281),(411,1,4,282),(412,2,1,282),(413,1,4,283),(414,2,4,283),(415,1,4,285),(416,2,1,285),(417,1,4,286),(418,2,4,286),(419,1,2,287),(420,1,3,288),(421,2,1,288),(422,1,2,291),(423,2,4,291),(424,2,1,292),(425,1,1,293),(426,2,1,294),(427,1,2,296),(428,2,2,296),(429,1,4,297),(430,2,4,297),(431,1,1,298),(432,2,1,298),(433,1,1,299),(434,2,3,299),(435,1,4,300),(436,2,3,300),(437,1,1,301),(438,2,2,301),(439,1,1,302),(440,2,1,302),(441,1,4,303),(442,2,1,303),(443,1,4,304),(444,1,1,305),(445,2,1,305),(446,1,1,306),(447,2,1,306),(448,1,2,307),(449,2,1,307),(450,1,4,308),(451,2,1,308),(452,1,2,309),(453,2,2,309),(454,1,4,310),(455,2,1,310),(456,1,1,311),(457,2,1,311),(458,1,1,312),(459,2,1,312),(460,1,4,313),(461,2,1,313),(462,1,1,314),(463,2,1,314),(464,2,1,315),(465,1,1,316),(466,2,1,316),(467,1,1,317),(468,2,1,317),(469,1,1,318),(470,2,1,318),(471,1,1,319),(472,2,4,319),(769,1,4,537),(474,2,1,321),(475,1,4,322),(476,2,1,322),(477,1,4,323),(478,2,4,323),(479,1,2,324),(480,2,2,324),(481,2,1,325),(482,2,1,326),(483,2,2,327),(484,1,4,328),(485,2,4,328),(486,1,4,329),(487,2,1,329),(488,1,4,330),(489,2,4,330),(490,1,4,331),(491,2,1,331),(492,1,4,332),(493,2,1,332),(494,1,1,333),(495,2,1,333),(496,1,2,334),(497,2,2,334),(498,1,1,335),(499,2,1,335),(500,1,4,336),(501,2,4,336),(502,1,4,337),(503,1,4,338),(504,2,4,338),(505,1,4,339),(506,2,1,339),(507,1,2,340),(508,2,1,340),(509,2,1,341),(510,2,1,342),(511,1,4,343),(512,2,4,343),(513,1,4,344),(514,2,2,344),(515,1,4,345),(516,2,1,345),(517,1,4,346),(518,2,1,346),(519,1,4,347),(520,2,1,347),(521,1,4,348),(522,2,1,348),(523,1,1,351),(524,2,1,351),(525,1,4,349),(526,2,4,349),(527,1,4,352),(528,2,4,352),(529,1,1,353),(530,2,2,353),(531,1,4,354),(532,2,1,354),(533,1,1,355),(534,2,1,355),(535,1,4,356),(536,2,4,356),(537,1,4,357),(538,2,4,357),(539,1,4,358),(540,2,2,358),(541,1,1,359),(542,2,1,359),(543,1,2,360),(544,2,1,360),(545,1,4,362),(546,2,2,362),(547,1,4,363),(548,2,2,363),(549,1,4,364),(550,2,2,364),(551,1,2,365),(552,2,1,365),(553,1,3,366),(554,2,2,366),(555,1,1,367),(556,2,1,367),(557,2,2,368),(558,2,2,369),(559,1,2,370),(560,2,1,370),(561,2,2,371),(562,1,4,372),(563,2,1,372),(564,1,4,373),(565,2,1,373),(566,1,4,374),(567,2,4,374),(568,1,4,375),(569,2,4,375),(570,1,4,376),(571,2,2,376),(572,1,4,377),(573,2,1,377),(574,1,4,378),(575,2,1,378),(576,1,1,379),(577,2,1,379),(578,1,4,380),(579,2,4,380),(580,1,1,381),(581,2,1,381),(582,1,2,382),(583,2,4,382),(584,1,2,383),(585,2,2,383),(586,1,1,384),(587,2,1,384),(588,1,4,385),(589,2,1,385),(590,2,1,386),(591,1,1,387),(592,2,1,387),(593,1,3,388),(594,2,1,388),(595,1,2,389),(596,2,1,389),(597,1,2,390),(598,2,1,390),(599,1,1,391),(600,2,1,391),(601,1,1,392),(602,2,1,392),(603,2,1,394),(604,1,4,395),(605,2,1,395),(606,1,4,396),(607,2,1,396),(608,1,3,397),(609,2,2,397),(610,1,4,398),(611,2,1,398),(612,1,4,399),(613,2,4,399),(614,1,4,400),(615,2,4,400),(616,2,1,401),(617,1,1,402),(618,2,1,402),(619,1,2,403),(620,2,1,403),(621,1,1,406),(622,2,1,406),(623,1,3,407),(624,2,1,407),(625,1,3,409),(626,2,2,409),(627,1,1,411),(628,2,1,411),(629,1,1,413),(630,2,2,413),(631,1,2,414),(632,2,1,414),(633,1,4,415),(634,2,4,415),(635,2,1,416),(636,1,2,417),(637,2,1,417),(638,1,1,418),(639,2,1,418),(640,1,1,419),(641,2,1,419),(642,1,2,421),(643,2,2,421),(644,1,1,422),(645,2,1,422),(646,1,1,423),(647,2,3,423),(648,1,1,424),(649,2,1,424),(650,1,1,425),(651,2,1,425),(652,2,1,426),(653,1,1,427),(654,2,1,427),(655,1,1,428),(656,2,1,428),(657,1,1,429),(658,2,1,429),(659,1,1,430),(660,2,1,430),(661,1,4,431),(662,2,1,431),(663,1,1,432),(664,2,1,432),(665,1,1,434),(666,2,1,434),(667,1,1,433),(668,2,1,433),(669,1,1,435),(670,2,1,435),(671,1,1,437),(672,2,1,437),(673,1,4,438),(674,2,4,438),(675,1,2,439),(676,2,4,439),(677,1,4,440),(678,2,4,440),(679,1,4,441),(680,2,4,441),(681,1,4,443),(682,2,1,443),(683,1,1,444),(684,2,1,444),(685,1,2,446),(686,2,2,446),(687,1,2,448),(688,2,1,448),(689,1,1,449),(690,2,1,449),(691,1,3,450),(692,2,4,450),(693,2,1,452),(694,1,1,454),(695,2,1,454),(696,1,2,455),(697,2,1,455),(698,1,1,456),(699,2,1,456),(700,1,1,457),(701,2,1,457),(702,2,2,458),(703,1,1,459),(704,2,1,459),(705,1,2,460),(706,1,4,464),(707,2,4,464),(708,1,4,465),(709,2,4,465),(710,1,1,468),(711,2,1,468),(712,1,1,471),(713,2,1,471),(714,1,4,474),(715,2,4,474),(716,1,4,475),(717,2,4,475),(718,1,4,476),(719,2,4,476),(720,1,4,477),(721,2,1,477),(722,1,3,478),(723,2,4,478),(724,1,4,479),(725,2,1,479),(726,1,4,480),(727,2,4,480),(728,1,4,481),(729,2,4,481),(730,1,3,483),(731,1,2,485),(732,1,2,487),(733,2,2,487),(734,1,2,503),(735,2,2,503),(736,1,2,505),(737,2,2,505),(806,1,4,571),(805,1,1,569),(740,1,1,507),(741,2,1,507),(804,1,2,568),(803,2,4,566),(744,1,3,510),(745,2,3,510),(746,1,2,511),(747,2,2,511),(748,1,4,515),(749,1,4,515),(750,1,2,518),(751,2,2,518),(752,1,1,520),(753,1,3,521),(754,2,3,521),(755,1,1,524),(756,2,1,524),(757,1,2,527),(758,2,3,527),(759,1,4,528),(760,2,4,528),(761,1,1,529),(762,2,1,529),(763,1,2,530),(764,2,2,530),(802,1,4,566),(801,1,1,565),(767,1,2,536),(768,2,2,536),(770,2,4,537),(771,1,4,538),(772,2,4,538),(773,1,2,540),(774,2,2,540),(775,1,2,541),(776,2,4,541),(777,1,2,542),(778,2,2,542),(779,1,1,545),(780,2,1,545),(781,1,4,546),(782,2,4,546),(783,1,1,547),(784,2,1,547),(785,1,2,549),(786,2,4,549),(787,1,4,550),(788,2,4,550),(789,1,4,552),(790,2,4,552),(791,1,1,554),(792,2,1,554),(793,1,1,555),(794,1,1,555),(795,1,2,558),(796,2,2,558),(797,1,2,561),(798,2,2,561),(799,1,4,564),(800,2,4,564),(807,2,4,571),(808,1,3,574),(809,1,2,575),(810,2,3,575),(811,1,3,579),(812,1,2,582),(813,1,1,585),(814,1,1,587),(815,1,1,586),(816,1,3,591),(817,1,2,597),(818,1,2,602),(819,1,1,603),(820,1,1,604),(821,2,2,611),(822,2,1,612),(823,1,1,613),(824,1,1,614),(825,2,2,615),(826,1,2,616),(827,1,2,621),(828,2,2,621),(829,1,1,600),(835,1,3,638),(834,1,3,637),(832,1,2,626),(833,2,2,626),(836,1,1,640),(837,1,2,641),(838,1,1,642);
/*!40000 ALTER TABLE `participacion_ciudadana_frecuencia` ENABLE KEYS */;
UNLOCK TABLES;

--
-- Table structure for table `participacion_ciudadana_participacion`
--

DROP TABLE IF EXISTS `participacion_ciudadana_participacion`;
/*!40101 SET @saved_cs_client     = @@character_set_client */;
/*!40101 SET character_set_client = utf8 */;
CREATE TABLE `participacion_ciudadana_participacion` (
  `id` int(11) NOT NULL AUTO_INCREMENT,
  `organismo` int(11) NOT NULL,
  `respuesta` int(11) NOT NULL,
  `encuesta_id` int(11) NOT NULL,
  PRIMARY KEY (`id`),
  KEY `participacion_ciudadana_participacion_1de70ac4` (`encuesta_id`)
) ENGINE=MyISAM AUTO_INCREMENT=1173 DEFAULT CHARSET=latin1;
/*!40101 SET character_set_client = @saved_cs_client */;

--
-- Dumping data for table `participacion_ciudadana_participacion`
--

LOCK TABLES `participacion_ciudadana_participacion` WRITE;
/*!40000 ALTER TABLE `participacion_ciudadana_participacion` DISABLE KEYS */;
INSERT INTO `participacion_ciudadana_participacion` VALUES (1,1,3,3),(2,2,2,3),(3,1,1,5),(4,2,1,5),(5,1,2,2),(6,2,4,2),(7,1,4,7),(8,2,2,7),(9,1,2,4),(10,2,4,4),(11,1,3,6),(12,2,2,6),(13,1,2,8),(14,2,4,8),(15,1,1,10),(16,2,1,10),(17,1,3,9),(18,2,2,9),(19,1,2,11),(20,2,4,11),(21,1,3,12),(22,2,3,12),(23,1,3,13),(24,2,2,13),(25,1,2,15),(26,1,2,14),(27,2,1,14),(28,1,2,16),(29,1,3,18),(30,2,1,18),(31,1,3,17),(32,2,3,17),(33,1,3,19),(34,1,3,20),(35,1,1,21),(36,2,1,21),(37,1,1,22),(38,1,3,23),(39,2,1,23),(40,1,1,24),(41,2,1,24),(42,1,3,25),(43,2,2,25),(44,1,3,26),(45,2,3,26),(46,1,2,27),(47,2,1,27),(48,1,2,28),(49,2,1,28),(50,1,1,29),(51,2,2,29),(52,1,2,30),(53,2,2,30),(54,1,1,31),(55,1,2,32),(56,2,4,32),(57,1,3,33),(58,1,3,35),(59,2,1,35),(60,1,4,34),(61,1,4,37),(62,2,1,37),(63,1,4,36),(64,1,4,38),(65,2,1,38),(66,1,2,39),(67,1,2,40),(68,2,2,40),(69,1,2,41),(70,2,1,41),(71,1,1,42),(72,2,2,42),(73,1,1,43),(74,1,3,44),(75,2,1,44),(76,1,1,45),(77,2,2,45),(78,1,1,46),(79,1,4,48),(80,2,1,48),(81,1,1,47),(82,1,3,49),(83,2,1,49),(84,1,2,50),(85,1,1,51),(86,2,1,51),(87,1,2,52),(88,2,2,52),(89,1,1,53),(90,2,1,53),(91,1,4,54),(92,2,2,54),(93,1,1,56),(94,2,1,56),(95,1,2,55),(96,1,2,57),(97,2,1,57),(98,1,2,58),(99,1,2,59),(100,1,2,60),(101,2,2,60),(102,1,4,61),(103,2,1,61),(104,1,2,62),(105,1,4,63),(106,2,1,63),(107,1,2,64),(108,1,1,65),(109,2,1,65),(110,1,4,66),(111,2,1,66),(112,1,1,67),(113,1,4,68),(114,2,1,68),(115,1,3,69),(116,2,1,69),(117,1,4,70),(118,2,1,70),(119,1,3,71),(120,2,1,71),(121,1,4,72),(122,2,1,72),(123,1,1,73),(124,2,1,73),(125,1,1,74),(126,2,1,74),(127,1,4,75),(128,2,2,75),(129,1,3,76),(130,2,3,76),(131,1,3,77),(132,2,3,77),(133,1,2,78),(134,2,2,78),(135,1,3,79),(136,2,2,79),(137,1,2,81),(138,2,1,81),(139,1,1,82),(140,1,1,83),(141,1,1,84),(142,2,1,84),(143,1,4,85),(144,2,1,85),(145,1,1,86),(146,1,2,87),(147,1,3,88),(148,2,1,88),(149,1,4,89),(150,2,1,89),(151,1,1,90),(152,1,2,91),(153,2,2,91),(154,1,2,92),(155,2,1,92),(156,1,1,93),(157,1,2,94),(158,1,2,95),(159,1,2,96),(160,1,3,97),(161,2,3,97),(162,1,2,98),(163,1,2,99),(164,1,1,100),(165,2,1,100),(166,1,2,101),(167,2,4,101),(168,1,3,102),(169,1,2,103),(170,1,1,104),(171,2,1,104),(172,1,2,105),(173,1,4,106),(174,2,1,106),(175,1,2,107),(176,1,1,108),(177,2,1,108),(178,1,2,109),(179,1,3,110),(180,1,1,111),(181,1,4,112),(182,2,1,112),(183,1,3,113),(184,2,1,113),(185,1,1,114),(186,1,4,115),(187,2,1,115),(188,1,2,116),(189,1,3,117),(190,1,2,118),(191,2,2,118),(192,1,2,119),(193,2,1,119),(194,1,2,120),(195,2,2,120),(196,1,1,121),(197,2,1,121),(198,1,1,122),(199,2,1,122),(200,1,3,123),(201,2,1,123),(202,1,4,124),(203,2,1,124),(204,1,1,125),(205,2,1,125),(206,1,1,126),(207,2,1,126),(208,1,3,127),(209,2,1,127),(210,1,3,128),(211,2,4,128),(212,1,2,129),(213,2,2,129),(214,1,3,130),(215,2,1,130),(216,1,1,131),(217,2,1,131),(218,1,3,132),(219,2,1,132),(220,1,1,133),(221,2,2,133),(222,1,1,134),(223,2,1,134),(224,1,2,135),(225,2,1,135),(226,1,2,136),(227,2,1,136),(228,1,4,137),(229,2,2,137),(230,1,3,138),(231,2,2,138),(232,1,3,139),(233,2,1,139),(234,2,3,140),(235,1,1,141),(236,2,1,141),(237,1,4,142),(238,2,1,142),(239,1,2,143),(240,1,4,144),(241,2,1,144),(242,1,2,145),(243,1,4,146),(244,2,1,146),(245,1,2,147),(246,2,3,147),(247,1,3,148),(248,1,4,149),(249,2,1,149),(250,1,1,151),(251,2,1,151),(252,1,4,152),(253,2,2,152),(254,1,2,153),(255,2,4,153),(256,1,3,154),(257,2,1,154),(258,1,4,155),(259,2,1,155),(260,1,4,156),(261,2,1,156),(262,1,2,157),(263,2,2,157),(264,1,3,158),(265,2,3,158),(266,1,2,159),(267,2,1,159),(268,1,4,160),(269,2,2,160),(270,1,3,161),(271,2,3,161),(272,1,1,162),(273,2,2,162),(274,1,2,163),(275,2,2,163),(276,1,2,164),(277,2,2,164),(278,1,2,165),(279,2,2,165),(280,1,1,150),(281,2,1,150),(282,1,2,166),(283,1,2,168),(284,2,2,168),(285,1,2,169),(286,2,1,169),(287,1,4,170),(288,2,3,170),(289,1,3,171),(290,2,3,171),(291,1,4,172),(292,2,1,172),(293,1,1,173),(294,2,1,173),(295,1,1,174),(296,2,1,174),(297,1,2,175),(298,2,1,175),(299,1,1,176),(300,2,1,176),(301,1,4,177),(302,2,4,177),(303,1,3,178),(304,1,2,179),(305,1,2,180),(306,2,2,180),(307,1,2,181),(308,2,2,181),(309,1,3,182),(310,2,2,182),(311,1,2,167),(312,1,2,183),(313,1,1,184),(314,1,1,185),(315,1,4,186),(316,2,2,186),(317,1,1,187),(318,2,1,187),(319,1,4,188),(320,2,2,188),(321,1,2,189),(322,1,4,190),(323,2,2,190),(324,1,2,191),(325,2,2,191),(326,1,2,192),(327,1,4,193),(328,2,1,193),(329,1,2,194),(330,2,1,194),(331,2,2,195),(332,1,4,196),(333,2,1,196),(334,1,1,197),(335,2,1,197),(336,1,4,198),(337,2,1,198),(338,1,1,199),(339,2,1,199),(340,1,4,200),(341,2,1,200),(342,1,4,201),(343,2,1,201),(344,1,1,202),(345,2,1,202),(346,1,4,203),(347,2,1,203),(348,1,3,204),(349,2,1,204),(350,1,4,205),(351,2,1,205),(352,1,4,206),(353,2,1,206),(354,1,3,207),(355,2,1,207),(356,1,3,208),(357,2,1,208),(358,1,3,209),(359,2,2,209),(360,1,4,210),(361,2,1,210),(362,1,1,211),(363,2,1,211),(364,1,3,212),(365,2,1,212),(366,1,4,213),(367,2,2,213),(368,1,4,214),(369,2,2,214),(370,1,2,215),(371,1,2,216),(372,1,2,217),(373,2,1,217),(374,1,4,218),(375,2,4,218),(376,1,2,219),(377,2,4,219),(378,1,4,220),(379,2,4,220),(380,1,1,221),(381,2,4,221),(382,1,4,222),(383,2,4,222),(384,1,2,223),(385,1,4,224),(386,2,4,224),(387,1,2,225),(388,2,4,225),(389,1,4,226),(390,2,4,226),(391,1,3,227),(392,1,1,228),(393,2,1,228),(394,1,1,229),(395,2,4,229),(396,1,1,230),(397,2,4,230),(398,1,4,231),(399,2,1,231),(400,1,1,232),(401,2,4,232),(402,1,2,233),(403,1,1,234),(404,2,1,234),(405,1,2,235),(406,2,4,235),(407,1,1,236),(408,2,1,236),(409,1,1,237),(410,2,4,237),(411,1,4,238),(412,2,1,238),(413,1,2,239),(414,2,4,239),(415,1,2,240),(416,2,4,240),(417,1,2,241),(418,2,2,241),(419,1,1,242),(420,2,4,242),(421,1,2,243),(422,1,2,244),(423,2,2,244),(424,1,2,245),(425,1,2,246),(426,2,2,246),(427,1,2,247),(428,1,2,248),(429,1,4,249),(430,2,1,249),(431,1,2,250),(432,2,2,250),(433,1,2,251),(434,1,2,252),(435,1,2,253),(436,1,2,254),(437,2,2,254),(438,1,4,256),(439,2,4,256),(440,1,2,257),(441,1,2,258),(442,1,1,259),(443,2,1,259),(444,1,1,255),(445,2,1,255),(446,1,3,260),(447,2,1,260),(448,1,1,261),(449,2,4,261),(450,1,1,262),(451,2,1,262),(452,1,1,263),(453,2,1,263),(454,1,4,264),(455,2,1,264),(456,1,4,265),(457,1,1,266),(458,2,3,266),(459,1,3,267),(460,1,4,268),(461,2,1,268),(462,1,1,269),(463,2,1,269),(464,1,2,270),(465,2,2,270),(466,1,2,271),(467,2,1,271),(468,1,1,272),(469,2,1,272),(470,1,3,273),(471,2,1,273),(472,1,2,274),(473,2,2,274),(474,1,1,275),(475,2,1,275),(476,1,1,276),(477,2,1,276),(478,1,3,277),(479,2,3,277),(480,1,4,278),(481,1,2,279),(482,2,2,279),(483,1,4,280),(484,2,1,280),(485,1,3,281),(486,2,3,281),(487,1,4,282),(488,2,1,282),(489,1,4,283),(490,2,4,283),(491,1,2,284),(492,1,4,285),(493,2,1,285),(494,1,4,286),(495,2,2,286),(496,1,2,287),(497,1,3,288),(498,2,1,288),(499,1,3,289),(500,2,3,289),(501,1,2,290),(502,1,3,291),(503,2,4,291),(504,1,3,292),(505,2,1,292),(506,1,1,293),(507,1,1,294),(508,2,1,294),(509,1,3,295),(510,1,3,296),(511,2,3,296),(512,1,4,297),(513,2,4,297),(514,1,1,298),(515,2,1,298),(516,1,1,299),(517,2,4,299),(518,1,2,300),(519,2,2,300),(520,1,2,301),(521,2,2,301),(522,1,1,302),(523,2,1,302),(524,1,2,303),(525,2,1,303),(526,1,3,304),(527,2,3,304),(528,1,1,305),(529,2,1,305),(530,1,2,306),(531,2,2,306),(532,1,1,307),(533,2,1,307),(534,1,4,308),(535,2,1,308),(536,1,2,309),(537,2,1,309),(538,1,2,310),(539,2,1,310),(540,1,1,311),(541,2,1,311),(542,1,1,312),(543,2,1,312),(544,1,4,313),(545,2,1,313),(546,1,2,314),(547,2,2,314),(548,1,3,315),(549,2,3,315),(550,1,2,316),(551,2,1,316),(552,1,1,317),(553,2,1,317),(554,1,1,318),(555,2,1,318),(556,1,2,319),(557,2,4,319),(983,2,4,537),(982,1,4,537),(560,1,2,321),(561,2,2,321),(562,1,4,322),(563,2,1,322),(564,1,4,323),(565,2,4,323),(566,1,2,324),(567,2,1,324),(568,1,4,325),(569,2,1,325),(570,1,4,326),(571,2,1,326),(572,1,3,327),(573,2,2,327),(574,1,4,328),(575,2,4,328),(576,1,4,329),(577,2,1,329),(578,1,2,330),(579,2,2,330),(580,1,4,331),(581,2,1,331),(582,1,3,332),(583,2,1,332),(584,1,1,333),(585,2,1,333),(586,1,2,334),(587,2,2,334),(588,1,1,335),(589,2,1,335),(590,1,4,336),(591,2,4,336),(592,1,3,337),(593,2,2,337),(594,1,4,338),(595,2,1,338),(596,1,2,339),(597,2,1,339),(598,1,3,340),(599,2,2,340),(600,1,3,341),(601,2,2,341),(602,1,3,342),(603,2,1,342),(604,1,4,343),(605,2,4,343),(606,1,2,344),(607,2,1,344),(608,1,4,345),(609,2,1,345),(610,1,4,346),(611,2,1,346),(612,1,4,347),(613,2,1,347),(614,1,4,348),(615,2,1,348),(616,1,4,350),(617,2,4,350),(618,1,1,351),(619,2,1,351),(620,1,4,349),(621,2,4,349),(622,1,4,352),(623,2,4,352),(624,1,2,353),(625,2,2,353),(626,1,2,354),(627,2,2,354),(628,1,2,355),(629,2,1,355),(630,1,4,356),(631,2,4,356),(632,1,4,357),(633,2,4,357),(634,1,3,358),(635,2,1,358),(636,1,2,359),(637,2,2,359),(638,1,3,360),(639,2,2,360),(640,1,2,361),(641,1,3,362),(642,2,2,362),(643,1,2,363),(644,2,1,363),(645,1,3,364),(646,2,1,364),(647,1,3,365),(648,2,1,365),(649,1,2,366),(650,2,1,366),(651,1,4,367),(652,2,1,367),(653,1,2,368),(654,2,2,368),(655,1,2,369),(656,2,1,369),(657,1,2,370),(658,2,1,370),(659,1,3,371),(660,2,2,371),(661,1,4,372),(662,2,1,372),(663,1,4,373),(664,2,1,373),(665,1,4,374),(666,2,4,374),(667,1,4,375),(668,2,4,375),(669,1,3,376),(670,2,2,376),(671,1,4,377),(672,2,1,377),(673,1,4,378),(674,2,1,378),(675,1,2,379),(676,2,2,379),(677,1,4,380),(678,2,4,380),(679,1,1,381),(680,2,1,381),(681,1,3,382),(682,2,3,382),(683,1,2,383),(684,2,2,383),(685,1,1,384),(686,2,1,384),(687,1,4,385),(688,2,1,385),(689,1,4,386),(690,2,1,386),(691,1,2,387),(692,2,1,387),(693,1,2,388),(694,2,1,388),(695,1,1,389),(696,2,1,389),(697,1,2,390),(698,2,1,390),(699,1,1,391),(700,2,1,391),(701,1,2,392),(702,2,1,392),(703,1,3,393),(704,2,2,393),(705,1,2,394),(706,2,3,394),(707,1,4,395),(708,2,1,395),(709,1,3,396),(710,2,1,396),(711,1,2,397),(712,2,1,397),(713,1,4,398),(714,2,1,398),(715,1,2,399),(716,2,2,399),(717,1,4,400),(718,2,4,400),(719,1,2,401),(720,2,1,401),(721,1,2,402),(722,2,2,402),(723,1,3,403),(724,2,2,403),(725,1,3,404),(726,2,2,404),(727,1,3,405),(728,2,4,405),(729,1,2,406),(730,2,2,406),(731,1,2,407),(732,2,1,407),(733,1,2,408),(734,2,2,408),(735,1,2,409),(736,2,2,409),(737,1,2,410),(738,2,2,410),(739,1,4,411),(740,2,2,411),(741,1,3,412),(742,2,2,412),(743,1,2,413),(744,2,1,413),(745,1,3,414),(746,2,1,414),(747,1,3,415),(748,2,3,415),(749,1,2,416),(750,2,2,416),(751,1,2,417),(752,2,1,417),(753,1,1,418),(754,2,1,418),(755,1,1,419),(756,2,1,419),(757,1,4,420),(758,2,4,420),(759,1,2,421),(760,2,4,421),(761,1,2,422),(762,2,2,422),(763,1,2,423),(764,2,2,423),(765,1,1,424),(766,2,1,424),(767,1,1,425),(768,2,1,425),(769,1,2,426),(770,2,1,426),(771,1,1,427),(772,2,1,427),(773,1,2,428),(774,2,2,428),(775,1,2,429),(776,2,2,429),(777,1,1,430),(778,2,1,430),(779,1,3,431),(780,2,1,431),(781,1,1,432),(782,2,1,432),(783,1,2,434),(784,2,2,434),(785,1,1,433),(786,2,1,433),(787,1,2,435),(788,2,1,435),(789,1,2,436),(790,2,1,436),(791,1,2,437),(792,2,1,437),(793,1,2,438),(794,2,2,438),(795,1,2,439),(796,2,2,439),(797,1,2,440),(798,2,2,440),(799,1,3,441),(800,2,3,441),(801,1,3,442),(802,2,3,442),(803,1,2,443),(804,2,1,443),(805,1,1,444),(806,2,1,444),(807,1,3,445),(808,2,3,445),(809,1,2,446),(810,2,1,446),(811,1,2,447),(812,2,2,447),(813,1,3,448),(814,2,1,448),(815,1,1,449),(816,2,3,449),(817,1,2,450),(818,2,4,450),(819,1,1,451),(820,2,1,451),(821,1,3,452),(822,2,1,452),(823,1,3,453),(824,2,3,453),(825,1,2,454),(826,2,1,454),(827,1,2,455),(828,2,1,455),(829,1,2,456),(830,2,1,456),(831,1,2,457),(832,2,1,457),(833,1,3,458),(834,2,2,458),(835,1,2,459),(836,2,2,459),(837,1,1,460),(838,2,3,460),(839,1,4,461),(840,2,3,461),(841,2,3,462),(842,1,2,463),(843,2,1,463),(844,1,3,464),(845,2,4,464),(846,1,2,465),(847,2,4,465),(848,1,1,466),(849,2,1,466),(850,1,2,467),(851,2,2,467),(852,1,2,468),(853,2,1,468),(854,1,4,469),(855,2,4,469),(856,1,4,470),(857,2,4,470),(858,1,1,471),(859,2,1,471),(860,1,2,472),(861,2,2,472),(862,1,3,473),(863,1,2,474),(864,2,2,474),(865,1,4,475),(866,2,4,475),(867,1,2,476),(868,2,4,476),(869,1,3,477),(870,2,2,477),(871,1,2,478),(872,2,4,478),(873,1,3,479),(874,2,2,479),(875,1,2,480),(876,2,4,480),(877,1,4,481),(878,2,4,481),(879,1,4,482),(880,2,4,482),(881,1,3,483),(882,2,2,483),(883,1,1,484),(884,2,4,484),(885,1,2,485),(886,2,1,485),(887,1,3,486),(888,2,3,486),(889,1,1,487),(890,2,1,487),(891,1,3,488),(892,2,3,488),(893,1,3,489),(894,2,3,489),(895,1,2,490),(896,2,2,490),(897,1,3,491),(898,2,3,491),(899,1,3,492),(900,2,2,492),(901,1,4,493),(902,2,3,493),(903,1,3,494),(904,2,3,494),(905,1,3,495),(906,2,3,495),(907,1,3,496),(908,2,3,496),(909,1,1,497),(910,2,3,497),(911,1,4,498),(912,2,3,498),(913,1,3,499),(914,2,3,499),(915,1,3,500),(916,2,4,500),(917,1,3,501),(918,2,3,501),(919,1,2,502),(920,2,2,502),(921,1,2,503),(922,2,2,503),(923,1,4,504),(924,2,2,504),(925,1,2,505),(926,2,2,505),(1039,1,2,567),(1038,2,4,566),(929,1,1,507),(930,2,1,507),(1037,1,4,566),(1036,1,1,565),(933,1,3,509),(934,1,3,509),(935,1,3,510),(936,2,3,510),(937,1,1,511),(938,2,1,511),(939,1,2,512),(940,2,2,512),(941,1,2,513),(945,2,3,515),(944,1,3,515),(946,1,2,516),(947,2,2,516),(948,1,1,517),(949,1,1,517),(950,1,1,518),(951,2,2,518),(952,1,4,519),(953,2,2,519),(954,1,1,520),(955,1,3,521),(956,1,3,521),(957,1,3,522),(958,2,2,522),(959,1,4,523),(960,1,4,523),(961,1,2,524),(962,1,2,524),(963,1,4,525),(964,2,4,525),(965,1,4,526),(966,2,4,526),(967,1,1,527),(968,2,2,527),(969,1,2,528),(970,2,3,528),(971,1,2,529),(972,2,2,529),(973,1,2,530),(974,2,2,530),(975,1,4,531),(976,1,4,534),(977,2,4,534),(1035,2,4,563),(1034,1,2,563),(980,1,2,536),(981,2,2,536),(984,1,3,538),(985,2,3,538),(986,1,3,539),(987,2,2,539),(988,1,2,540),(989,2,2,540),(990,1,3,541),(991,2,3,541),(992,1,2,542),(993,2,2,542),(994,1,2,543),(995,2,2,543),(996,1,2,544),(997,2,2,544),(998,1,1,545),(999,2,1,545),(1000,1,3,546),(1001,2,3,546),(1002,1,1,547),(1003,2,1,547),(1004,1,4,548),(1005,2,4,548),(1006,1,3,549),(1007,1,3,549),(1008,1,4,550),(1009,2,4,550),(1010,1,4,552),(1011,2,4,552),(1012,1,2,553),(1013,2,2,553),(1014,1,3,554),(1015,2,3,554),(1016,1,1,555),(1017,2,1,555),(1018,1,3,556),(1019,2,3,556),(1020,1,3,557),(1021,2,3,557),(1022,1,1,558),(1023,2,1,558),(1024,1,3,559),(1025,2,3,559),(1026,1,2,560),(1027,2,3,560),(1028,1,2,561),(1029,2,2,561),(1030,1,2,562),(1031,2,3,562),(1032,1,3,564),(1033,2,3,564),(1040,2,3,567),(1041,1,1,568),(1042,2,2,568),(1043,1,1,569),(1044,1,3,571),(1045,2,3,571),(1046,1,3,572),(1047,2,3,572),(1048,1,2,573),(1049,2,2,573),(1050,1,3,574),(1051,2,3,574),(1052,1,1,575),(1053,2,2,575),(1054,1,2,576),(1055,2,3,576),(1056,1,3,577),(1057,2,3,577),(1058,1,4,578),(1059,2,2,578),(1060,1,3,579),(1061,2,3,579),(1062,1,3,581),(1063,2,4,581),(1064,1,3,582),(1065,2,3,582),(1066,1,2,584),(1067,2,3,584),(1068,1,1,583),(1069,2,2,583),(1070,2,1,585),(1071,1,2,587),(1072,2,3,587),(1073,1,2,586),(1074,2,2,586),(1075,1,3,588),(1076,2,3,588),(1077,1,3,589),(1078,2,3,589),(1079,1,4,590),(1080,2,4,590),(1081,1,3,591),(1082,2,3,591),(1083,1,2,592),(1084,2,2,592),(1085,1,4,593),(1086,2,4,593),(1087,1,1,594),(1088,1,3,595),(1089,1,2,596),(1090,1,2,597),(1091,1,1,598),(1092,2,1,598),(1093,1,2,599),(1094,2,1,599),(1095,1,2,601),(1096,2,1,601),(1097,1,2,602),(1098,2,2,602),(1099,1,1,603),(1100,2,3,603),(1101,1,1,604),(1102,2,3,604),(1103,1,2,605),(1104,2,2,605),(1105,1,3,606),(1106,2,2,606),(1107,1,2,607),(1108,1,3,608),(1109,2,3,608),(1110,1,3,609),(1111,2,3,609),(1112,1,3,610),(1113,2,3,610),(1114,1,3,611),(1115,2,2,611),(1116,1,3,612),(1117,2,2,612),(1118,1,2,613),(1119,2,2,613),(1120,1,1,614),(1121,2,1,614),(1122,1,2,615),(1123,2,1,615),(1124,1,2,616),(1125,2,3,616),(1126,1,4,617),(1127,2,3,617),(1128,1,3,618),(1129,1,3,619),(1130,2,4,619),(1131,1,3,620),(1132,2,3,620),(1133,1,4,621),(1134,2,4,621),(1135,1,1,600),(1136,1,3,622),(1137,2,2,622),(1138,1,2,623),(1139,1,2,624),(1140,2,2,624),(1146,2,3,627),(1145,1,3,627),(1143,1,3,626),(1144,2,3,626),(1147,1,3,628),(1148,2,3,628),(1149,1,3,630),(1150,2,3,630),(1151,1,2,631),(1152,2,2,631),(1153,1,1,632),(1154,2,2,632),(1155,1,2,633),(1156,2,2,633),(1157,1,2,634),(1158,2,2,634),(1159,1,3,635),(1160,2,3,635),(1161,1,1,636),(1162,1,3,637),(1163,2,3,637),(1164,1,3,638),(1165,2,3,638),(1166,1,2,639),(1167,1,1,640),(1168,1,1,641),(1169,1,2,642),(1170,1,3,643),(1171,1,3,644),(1172,2,3,644);
/*!40000 ALTER TABLE `participacion_ciudadana_participacion` ENABLE KEYS */;
UNLOCK TABLES;

--
-- Table structure for table `participacion_ciudadana_participacioncpc`
--

DROP TABLE IF EXISTS `participacion_ciudadana_participacioncpc`;
/*!40101 SET @saved_cs_client     = @@character_set_client */;
/*!40101 SET character_set_client = utf8 */;
CREATE TABLE `participacion_ciudadana_participacioncpc` (
  `id` int(11) NOT NULL AUTO_INCREMENT,
  `organismo` int(11) NOT NULL,
  `hombre` int(11) NOT NULL,
  `mujer` int(11) NOT NULL,
  `ambos` int(11) NOT NULL,
  `encuesta_id` int(11) NOT NULL,
  PRIMARY KEY (`id`),
  KEY `participacion_ciudadana_participacioncpc_1de70ac4` (`encuesta_id`)
) ENGINE=MyISAM AUTO_INCREMENT=545 DEFAULT CHARSET=latin1;
/*!40101 SET character_set_client = @saved_cs_client */;

--
-- Dumping data for table `participacion_ciudadana_participacioncpc`
--

LOCK TABLES `participacion_ciudadana_participacioncpc` WRITE;
/*!40000 ALTER TABLE `participacion_ciudadana_participacioncpc` DISABLE KEYS */;
INSERT INTO `participacion_ciudadana_participacioncpc` VALUES (1,2,1,0,0,3),(2,1,0,1,0,5),(3,2,0,1,0,5),(4,2,1,1,0,7),(5,2,1,1,0,7),(6,2,1,0,0,6),(7,1,1,0,0,8),(8,2,0,1,0,10),(9,2,0,1,0,9),(10,2,1,0,0,12),(11,2,1,0,0,13),(12,1,0,1,0,15),(13,1,0,1,0,14),(14,2,0,1,0,14),(15,2,0,1,0,18),(16,2,1,0,0,17),(17,1,0,1,0,19),(18,1,0,1,0,22),(19,1,0,0,2,23),(20,2,0,0,2,23),(21,1,0,1,0,24),(22,2,1,1,0,24),(23,1,0,1,0,25),(24,2,0,1,0,25),(25,1,0,0,2,26),(26,2,0,0,2,26),(27,2,1,0,0,27),(28,1,0,0,0,28),(29,2,1,2,0,28),(30,1,0,0,2,29),(31,2,0,0,2,29),(32,1,0,1,0,30),(33,2,0,1,0,30),(34,1,0,1,0,32),(35,2,1,0,0,35),(36,2,0,0,2,37),(37,2,1,0,0,38),(38,1,0,0,1,40),(39,2,0,0,1,40),(40,1,0,1,0,41),(41,2,0,1,0,41),(42,2,1,0,0,42),(43,1,1,0,0,43),(44,2,0,0,1,44),(45,2,1,0,0,45),(46,1,0,0,1,46),(47,2,0,0,1,48),(48,1,1,0,0,47),(49,2,1,0,0,49),(50,1,0,1,0,51),(51,2,0,1,0,51),(52,2,1,0,0,52),(53,1,0,0,1,53),(54,2,1,0,0,53),(55,1,1,0,0,56),(56,2,0,0,1,56),(57,2,0,0,2,57),(58,2,1,0,0,60),(59,2,0,1,0,61),(60,2,1,0,0,63),(61,1,1,1,0,65),(62,2,0,1,0,65),(63,2,1,0,0,66),(64,1,1,0,0,67),(65,2,1,1,0,68),(66,2,1,1,0,69),(67,2,1,0,0,70),(68,2,1,0,0,71),(69,2,0,1,0,72),(70,1,1,0,0,73),(71,2,1,0,0,73),(72,1,0,1,0,74),(73,2,1,0,0,74),(74,2,1,0,0,75),(75,2,1,0,0,78),(76,2,1,0,0,79),(77,2,1,1,0,81),(78,2,0,1,0,84),(79,2,1,0,0,85),(80,1,1,0,0,86),(81,1,0,0,1,87),(82,2,0,1,0,88),(83,2,1,0,0,89),(84,1,0,0,2,90),(85,2,0,1,0,91),(86,2,0,0,2,92),(87,1,0,0,2,93),(88,1,0,0,2,94),(89,1,0,0,2,95),(90,1,1,0,0,96),(91,1,1,0,0,97),(92,2,0,1,0,100),(93,1,0,0,1,101),(94,2,1,0,0,102),(95,1,1,0,0,103),(96,2,1,0,0,104),(97,1,1,1,0,106),(98,1,1,0,0,107),(99,1,1,0,0,108),(100,2,1,3,0,108),(101,1,0,1,0,111),(102,2,0,1,0,112),(103,1,1,0,0,113),(104,2,0,0,2,113),(105,1,0,1,0,114),(106,2,1,0,0,115),(107,1,0,1,0,116),(108,1,0,1,0,118),(109,2,0,1,0,118),(110,1,0,0,0,119),(111,2,1,0,0,119),(112,1,0,1,0,120),(113,2,0,1,0,120),(114,2,0,1,0,121),(115,1,1,0,0,122),(116,2,1,1,0,122),(117,2,1,1,0,123),(118,2,0,1,0,124),(119,1,0,0,2,125),(120,2,0,0,2,125),(121,1,1,0,0,126),(122,2,1,0,0,126),(123,2,0,0,2,127),(124,2,1,0,0,128),(125,1,0,1,0,129),(126,2,0,0,2,129),(127,2,1,0,0,130),(128,1,1,0,0,131),(129,2,1,0,0,131),(130,2,0,1,0,132),(131,1,0,0,2,133),(132,2,0,1,0,133),(133,2,0,0,2,134),(134,2,0,0,2,135),(135,1,1,0,0,136),(136,2,1,1,0,136),(137,1,0,0,0,137),(138,2,1,0,0,137),(139,1,0,0,0,138),(140,2,1,0,0,138),(141,1,0,0,0,139),(142,2,1,0,0,139),(143,1,0,1,0,141),(144,2,1,0,0,141),(145,2,1,1,0,142),(146,2,1,0,0,144),(147,1,0,1,0,145),(148,2,1,1,0,146),(149,2,1,1,0,149),(150,2,1,0,0,151),(151,2,0,0,2,152),(152,1,0,1,0,153),(153,2,1,0,0,154),(154,2,0,1,0,155),(155,2,1,1,0,156),(156,2,1,0,0,157),(157,1,1,0,0,158),(158,2,1,0,0,158),(159,2,2,1,0,159),(160,2,1,0,0,160),(161,2,0,1,0,161),(162,1,0,1,0,162),(163,2,0,1,0,162),(164,1,1,0,0,163),(165,1,1,0,0,164),(166,2,1,0,0,164),(167,1,1,0,0,168),(168,2,1,0,0,169),(169,2,1,0,0,170),(170,2,1,0,0,172),(171,1,2,1,0,173),(172,2,1,0,0,173),(173,1,1,0,0,174),(174,2,0,0,2,174),(175,2,0,1,0,175),(176,2,1,3,0,176),(177,2,1,1,0,182),(178,1,1,0,0,184),(179,1,0,1,0,185),(180,1,1,0,0,187),(181,2,1,1,0,187),(182,2,0,1,0,188),(183,2,1,0,0,190),(184,1,0,0,1,191),(185,2,0,0,1,191),(186,1,0,1,0,192),(187,2,1,0,0,193),(188,1,0,1,0,194),(189,2,0,1,0,194),(190,2,1,0,0,195),(191,2,1,0,0,196),(192,1,1,0,0,197),(193,2,1,1,0,197),(194,2,0,1,0,198),(195,1,1,0,0,199),(196,2,1,1,0,199),(197,2,0,1,0,200),(198,2,1,1,0,201),(199,1,1,0,0,202),(200,2,1,1,0,202),(201,2,1,0,0,203),(202,2,1,0,0,204),(203,2,1,0,0,205),(204,2,0,1,0,206),(205,2,2,0,0,207),(206,2,1,0,0,208),(207,1,1,0,0,209),(208,2,1,1,0,209),(209,2,1,1,0,210),(210,1,1,1,0,211),(211,2,1,1,0,211),(212,2,1,1,0,212),(213,2,1,1,0,213),(214,2,1,1,0,214),(215,1,1,0,0,216),(216,1,1,0,0,228),(217,1,1,0,0,228),(218,1,0,0,2,230),(219,2,1,0,0,231),(220,1,1,0,0,232),(221,2,1,1,0,234),(222,1,1,0,0,235),(223,2,0,0,1,236),(224,1,1,0,0,237),(225,2,0,1,0,238),(226,1,0,0,1,241),(227,2,0,0,1,241),(228,1,0,1,0,247),(229,2,1,1,0,249),(230,1,0,1,0,250),(231,2,0,1,0,250),(232,1,1,0,0,254),(233,1,0,1,0,259),(234,2,1,1,0,259),(235,1,1,1,0,255),(236,2,2,3,0,255),(237,1,1,1,0,261),(238,2,1,0,0,262),(239,1,0,0,2,263),(240,1,1,0,0,264),(241,2,1,2,0,264),(242,1,0,1,0,267),(243,2,1,1,0,268),(244,2,0,1,0,269),(245,1,1,0,0,271),(246,2,1,1,0,271),(247,1,0,1,0,272),(248,2,1,1,0,272),(249,1,0,1,0,273),(250,2,1,0,0,273),(251,1,1,0,0,275),(252,2,1,0,0,275),(253,1,1,0,0,276),(254,2,1,0,0,276),(255,1,1,0,0,277),(256,1,1,0,0,279),(257,2,0,1,0,279),(258,2,1,0,0,280),(259,1,1,0,0,281),(260,2,1,0,0,282),(261,2,1,2,0,285),(262,1,0,1,0,287),(263,2,1,0,0,288),(264,1,1,0,0,291),(265,2,0,0,2,292),(266,1,0,0,2,293),(267,2,0,1,0,294),(268,1,0,1,0,296),(269,2,0,1,0,296),(270,1,1,0,0,298),(271,2,1,0,0,298),(272,1,0,1,0,299),(273,2,0,1,0,299),(274,2,1,0,0,300),(275,1,1,1,0,301),(276,2,1,1,0,301),(277,1,1,0,0,302),(278,2,1,0,0,302),(279,2,2,1,0,303),(280,1,2,1,0,305),(281,2,3,1,0,305),(282,1,0,1,0,306),(283,2,0,1,0,306),(284,1,1,1,0,307),(285,2,0,1,0,307),(286,2,1,0,0,308),(287,1,0,0,1,309),(288,2,0,0,1,309),(289,2,0,1,0,310),(290,1,1,0,0,311),(291,2,1,1,0,311),(292,1,0,1,0,312),(293,2,0,1,0,312),(294,2,0,1,0,313),(295,1,0,0,2,314),(296,2,0,0,2,314),(297,2,0,1,0,315),(298,1,0,0,1,316),(299,2,0,0,1,316),(300,1,1,0,0,317),(301,2,1,0,0,317),(302,1,1,0,0,318),(303,2,1,0,0,318),(304,1,1,1,0,319),(305,2,0,0,0,319),(492,1,1,0,0,540),(307,2,0,1,0,321),(308,2,0,1,0,322),(309,1,0,0,1,324),(310,2,0,0,1,324),(311,2,2,2,0,325),(312,2,1,2,0,326),(313,2,0,0,1,327),(314,2,1,1,0,329),(315,2,1,0,0,331),(316,2,1,0,0,332),(317,1,1,0,0,333),(318,2,1,0,0,333),(319,1,0,0,2,334),(320,2,1,0,0,334),(321,1,0,0,2,335),(322,2,0,0,2,335),(323,2,1,1,0,339),(324,1,0,0,1,340),(325,2,0,0,1,340),(326,2,0,1,0,341),(327,2,0,0,1,342),(328,2,1,0,0,344),(329,2,0,1,0,345),(330,2,0,1,0,346),(331,2,1,1,0,347),(332,2,1,1,0,348),(333,1,0,1,0,351),(334,2,0,1,0,351),(335,1,1,0,0,353),(336,2,0,1,0,353),(337,2,0,0,2,354),(338,1,1,0,0,355),(339,2,1,1,0,355),(340,1,0,1,0,359),(341,2,0,0,2,359),(342,1,0,1,0,360),(343,2,0,1,0,360),(344,2,0,0,2,362),(345,2,0,0,2,363),(346,2,1,0,0,364),(347,1,0,1,0,365),(348,2,0,1,0,365),(349,2,0,1,0,366),(350,1,0,1,0,367),(351,2,0,1,0,367),(352,2,0,1,0,368),(353,2,1,0,0,369),(354,1,1,0,0,370),(355,2,0,0,2,370),(356,2,0,0,2,371),(357,2,1,0,0,372),(358,2,0,1,0,373),(359,2,1,0,0,376),(360,2,1,1,0,377),(361,2,0,1,0,378),(362,1,1,1,0,379),(363,2,1,1,0,379),(364,1,1,1,0,381),(365,2,1,1,0,381),(366,1,1,0,0,382),(367,1,0,0,2,383),(368,2,0,0,2,383),(369,1,1,0,0,384),(370,2,1,0,0,384),(371,2,1,1,0,385),(372,2,1,1,0,386),(373,1,0,1,0,387),(374,2,0,1,0,387),(375,1,0,0,1,388),(376,2,0,0,1,388),(377,1,0,1,0,389),(378,2,0,0,1,389),(379,1,0,1,0,390),(380,2,0,1,0,390),(381,1,1,0,0,391),(382,2,1,0,0,391),(383,1,0,0,1,392),(384,2,0,0,1,392),(385,2,0,1,0,395),(386,2,1,0,0,396),(387,2,1,0,0,397),(388,2,1,0,0,398),(389,2,1,1,0,401),(390,1,1,0,0,402),(391,2,1,0,0,402),(392,2,1,0,0,403),(393,1,0,1,0,406),(394,2,1,1,0,406),(395,1,0,1,0,407),(396,1,1,0,0,409),(397,2,1,0,0,409),(398,2,1,0,0,411),(399,1,1,0,0,413),(400,2,1,1,0,413),(401,1,1,0,0,414),(402,2,0,1,0,416),(403,1,0,0,2,417),(404,2,0,1,0,417),(405,1,1,0,0,418),(406,2,1,1,0,418),(407,1,1,0,0,419),(408,2,1,0,0,419),(409,1,0,1,0,421),(410,2,0,1,0,421),(411,1,0,1,0,422),(412,2,0,1,0,422),(413,1,0,1,0,423),(414,1,1,0,0,424),(415,2,0,0,2,424),(416,1,1,0,0,425),(417,2,1,0,0,425),(418,2,0,0,2,426),(419,1,1,0,0,427),(420,2,1,0,0,427),(421,1,0,1,0,428),(422,2,0,1,0,428),(423,1,0,1,0,429),(424,2,0,1,0,429),(425,1,0,1,0,430),(426,2,1,0,0,430),(427,2,0,0,2,431),(428,1,0,1,0,432),(429,2,0,1,0,432),(430,1,1,0,0,434),(431,2,1,0,0,434),(432,1,1,0,0,433),(433,1,0,1,0,435),(434,2,0,1,0,435),(435,1,0,1,0,437),(436,2,0,0,2,437),(437,1,0,1,0,439),(438,2,0,0,2,443),(439,1,0,1,0,444),(440,2,0,0,2,444),(441,2,1,0,0,446),(442,1,0,1,0,448),(443,2,0,1,0,448),(444,1,1,0,0,449),(445,1,0,1,0,450),(446,2,0,1,0,452),(447,1,1,0,0,454),(448,2,1,0,0,454),(449,1,1,0,0,455),(450,2,1,0,0,455),(451,1,1,0,0,456),(452,2,1,0,0,456),(453,1,1,0,0,457),(454,2,1,0,0,457),(455,2,0,0,2,458),(456,1,1,1,0,459),(457,2,1,1,0,459),(458,1,1,0,0,460),(459,1,0,1,0,468),(460,2,0,0,2,468),(461,1,0,0,2,471),(462,2,0,0,2,471),(463,2,0,0,2,477),(464,2,0,0,2,479),(465,1,1,0,0,483),(466,1,1,0,0,485),(467,2,0,0,1,485),(468,1,1,1,0,487),(469,2,1,0,0,487),(470,1,1,0,0,503),(471,1,1,0,0,505),(472,2,0,0,1,505),(508,1,1,0,0,565),(474,1,0,1,0,507),(475,1,1,0,0,510),(476,2,1,0,0,510),(477,1,1,0,0,511),(478,2,1,0,0,511),(479,1,1,0,0,518),(480,1,0,0,1,520),(481,1,0,1,0,521),(482,2,0,1,0,521),(483,1,0,1,0,524),(484,1,0,1,0,527),(485,2,0,0,1,527),(486,1,1,0,0,529),(487,2,1,0,0,529),(488,1,0,1,0,530),(489,2,1,1,0,530),(490,1,0,1,0,536),(491,2,0,1,0,536),(493,2,1,0,0,540),(494,1,0,1,0,541),(495,1,0,1,0,542),(496,2,0,1,0,542),(497,1,1,0,0,545),(498,2,1,0,0,545),(499,1,1,0,0,547),(500,2,1,0,0,547),(501,1,1,0,0,549),(502,1,1,0,0,554),(503,2,1,0,0,554),(504,1,0,0,1,555),(505,2,0,0,1,555),(506,1,0,0,1,561),(507,2,0,0,1,561),(509,1,1,0,0,568),(510,1,1,0,0,569),(511,1,0,1,0,574),(512,1,0,1,0,575),(513,1,0,1,0,579),(514,1,0,1,0,582),(515,1,1,0,0,585),(516,1,1,0,0,587),(517,1,1,0,0,586),(518,1,0,1,0,591),(519,1,1,0,0,597),(520,1,1,0,0,602),(521,1,1,0,0,603),(522,2,1,0,0,603),(523,1,1,0,0,604),(524,2,1,0,0,604),(525,2,1,0,0,611),(526,2,1,0,0,612),(527,1,0,1,0,613),(528,1,1,0,0,614),(529,2,0,1,0,614),(530,1,1,0,0,615),(531,1,1,0,0,615),(532,1,1,0,0,616),(533,1,0,0,1,621),(534,2,0,0,1,621),(535,1,1,1,0,600),(541,1,1,0,0,638),(540,1,0,1,0,637),(538,1,0,1,0,626),(539,2,1,0,0,626),(542,1,1,0,0,640),(543,1,0,1,0,641),(544,1,0,1,0,642);
/*!40000 ALTER TABLE `participacion_ciudadana_participacioncpc` ENABLE KEYS */;
UNLOCK TABLES;

--
-- Table structure for table `produccion_arboles`
--

DROP TABLE IF EXISTS `produccion_arboles`;
/*!40101 SET @saved_cs_client     = @@character_set_client */;
/*!40101 SET character_set_client = utf8 */;
CREATE TABLE `produccion_arboles` (
  `id` int(11) NOT NULL AUTO_INCREMENT,
  `patio` double NOT NULL,
  `otra` double NOT NULL,
  `encuesta_id` int(11) NOT NULL,
  PRIMARY KEY (`id`),
  KEY `produccion_arboles_1de70ac4` (`encuesta_id`)
) ENGINE=MyISAM AUTO_INCREMENT=558 DEFAULT CHARSET=latin1;
/*!40101 SET character_set_client = @saved_cs_client */;

--
-- Dumping data for table `produccion_arboles`
--

LOCK TABLES `produccion_arboles` WRITE;
/*!40000 ALTER TABLE `produccion_arboles` DISABLE KEYS */;
INSERT INTO `produccion_arboles` VALUES (1,0,5,3),(2,15,0,2),(3,0,10,6),(4,20,0,7),(5,0,0,4),(6,5,0,8),(7,50,200,10),(8,70,40,9),(9,15,0,11),(10,10,15,12),(11,0,35,13),(12,0,0,14),(13,5,0,15),(14,8,0,17),(15,24,0,18),(16,8,0,19),(17,3,0,20),(18,20,0,21),(19,5,0,22),(20,10,0,23),(21,0,123,24),(22,7,0,25),(23,10,0,26),(24,24,30,27),(25,2,0,28),(26,50,0,29),(27,3,0,30),(28,50,0,31),(29,50,0,32),(30,11,22,33),(31,15,0,34),(32,30,20,37),(33,4,0,36),(34,156,178,38),(35,6,0,39),(36,4,0,40),(37,7,8,41),(38,56,130,42),(39,10,0,43),(40,50,0,44),(41,5,30,45),(42,2,0,46),(43,12,0,47),(44,16,22,48),(45,35,0,49),(46,36,0,51),(47,3,180,52),(48,60,100,53),(49,0,20,54),(50,15,0,56),(51,20,180,57),(52,6,0,58),(53,0,30,60),(54,20,80,61),(55,0,0,62),(56,2,15,63),(57,40,40,65),(58,4,30,66),(59,30,0,67),(60,0,20,68),(61,20,200,69),(62,25,10,70),(63,0,7,71),(64,0,30,72),(65,0,7,73),(66,20,25,74),(67,3,0,75),(68,6,2,76),(69,0,25,77),(70,50,30,78),(71,10,0,79),(72,18,0,80),(73,20,50,81),(74,20,0,82),(75,12,0,83),(76,9,8,84),(77,43,80,85),(78,55,0,86),(79,4,0,88),(80,6,190,89),(81,20,0,90),(82,8,6,91),(83,15,40,92),(84,24,275,93),(85,10,0,94),(86,14,0,95),(87,14,0,96),(88,0,20,97),(89,40,0,98),(90,15,0,99),(91,7,30,100),(92,12,0,101),(93,70,0,102),(94,12,0,103),(95,20,0,104),(96,8,0,105),(97,0,40,106),(98,15,0,108),(99,25,0,109),(100,120,0,110),(101,12,0,111),(102,0,100,112),(103,4,6,113),(104,10,0,114),(105,0,30,115),(106,2,0,116),(107,5,60,118),(108,15,320,119),(109,20,25,120),(110,6,0,121),(111,26,100,122),(112,2,62,123),(113,22,0,124),(114,36,100,125),(115,50,150,126),(116,25,60,127),(117,20,5,128),(118,20,600,129),(119,0,11,130),(120,30,200,131),(121,10,120,132),(122,18,100,133),(123,30,60,134),(124,6,80,135),(125,20,0,136),(126,10,200,137),(127,15,540,138),(128,25,150,139),(129,20,20,140),(130,23,0.5,141),(131,0,35,142),(132,10,0,143),(133,0,40,144),(134,0.016,0,145),(135,0,100,146),(136,25,10,147),(137,9,1.5,148),(138,25,100,149),(139,0.016,0,150),(140,30,1000,151),(141,165,150,152),(142,3,0,153),(143,20,80,154),(144,40,0,155),(145,0,40,156),(146,0,30,157),(147,0,100,158),(148,0,800,159),(149,0,30,160),(150,0,40,161),(151,0,0,162),(152,30,20,163),(153,15,18,164),(154,30,40,165),(155,0,1,166),(156,10,30,168),(157,14,0,169),(158,4,0,170),(159,20,0,171),(160,100,0,172),(161,18,90,173),(162,0,18,174),(163,0,5,175),(164,30,181,176),(165,2,0,177),(166,0,0,178),(167,0,0,179),(168,4,0,180),(169,7,0,181),(170,8,90,182),(171,4,0,167),(172,12,0,183),(173,8,0,184),(174,18,0,185),(175,25,2000,186),(176,8,0,188),(177,7,0,189),(178,20,10,190),(179,50,200,191),(180,21,0,192),(181,20,0,193),(182,8,0,194),(183,22,0,195),(184,20,60,197),(185,40,40,198),(186,10,40,199),(187,0,20,200),(188,0,40,201),(189,0,0,202),(190,0,0,203),(191,0,20,204),(192,0,100,205),(193,40,60,206),(194,20,500,207),(195,100,50,208),(196,50,500,209),(197,60,100,211),(198,20,20,212),(199,0,20,213),(200,0,20,214),(201,18,0,215),(202,40,0,216),(203,40,0,219),(204,50,0,221),(205,6,0,222),(206,15,0,224),(207,8,0,226),(208,0,0.25,227),(209,100,0,228),(210,25,0,229),(211,16,0,231),(212,11,0,232),(213,100,0,233),(214,0,0,235),(215,10,0,237),(216,0,32,238),(217,0,0,239),(218,0,0,240),(219,40,35,241),(220,0,0,242),(221,70,200,244),(222,50,0,245),(223,0,10,246),(224,40,0,247),(225,25,0,248),(226,0,20,249),(227,15,120,250),(228,25,0,251),(229,20,20,252),(230,12,0,253),(231,0,0,254),(232,5,0,256),(233,14,0,257),(234,10,0,258),(235,0,0,255),(236,4,0,260),(237,20,0,262),(238,3,0,263),(239,0,0,264),(240,15,0,265),(241,20,0,266),(242,0,20,268),(243,0,0,269),(244,10,550,271),(245,0,0,272),(246,4,0,273),(247,20,0,274),(248,0,0,275),(249,0,200,276),(250,3,0,277),(251,0,0,278),(252,12,0,279),(253,0,25,280),(254,3,0,281),(255,200,0,282),(256,0,0,283),(257,11,0,287),(258,0,12,289),(259,0.25,0,290),(260,0,30,291),(261,0,0,292),(262,15,80,293),(263,10,0,294),(264,2,0,295),(265,10,0,296),(266,0,0,297),(267,25,0,298),(268,10,60,299),(269,50,800,300),(270,30,200,301),(271,2,0,302),(272,100,450,303),(273,10,0,304),(274,0.011,0,305),(275,6,0,306),(276,30,100,307),(277,25,30,308),(278,8,0,309),(279,10,10,310),(280,20,10,311),(281,7,50,312),(282,0,12,313),(283,40,51,314),(284,6,10,315),(285,20,80,316),(286,10,40,317),(287,10,100,318),(288,30,200,319),(486,20,8,537),(290,15,0,321),(291,20,40,322),(292,50,50,323),(293,10,7,324),(294,6,0,327),(295,30,80,328),(296,0,10,329),(297,5,0,330),(298,20,0,331),(299,30,270,332),(300,0,0,333),(301,0,0,334),(302,0,0,335),(303,0,0,336),(304,0,0,337),(305,0,0,338),(306,0,200,339),(307,10,0,340),(308,40,0,341),(309,15,10,342),(310,30,300,344),(311,0,0,345),(312,0,70,346),(313,0,100,347),(314,20,40,348),(315,10,0,350),(316,15,0,349),(317,0,8,351),(318,0,0,352),(319,10,45,353),(320,200,2000,354),(321,100,1000,355),(322,10,10,356),(323,6,8,357),(324,15,40,358),(325,3,0,359),(326,7,6,360),(327,2,0,362),(328,4,0,363),(329,3,0,364),(330,9,0,365),(331,3,0,366),(332,10,12,367),(333,4,0,368),(334,90,0,369),(335,15,5,370),(336,2,0,371),(337,0,12,372),(338,20,0,373),(339,20,0,374),(340,8,0,375),(341,30,40,376),(342,20,50,377),(343,0,70,378),(344,4,0,379),(345,0,0,380),(346,10,40,381),(347,7,0,382),(348,12,5,383),(349,20,20,384),(350,0,40,385),(351,0,100,386),(352,30,0,387),(353,15,0,388),(354,10,0,389),(355,16,0,390),(356,0,0,391),(357,0,30,392),(358,0,0,394),(359,0,100,395),(360,0,200,396),(361,0,20,397),(362,0,0,398),(363,50,0,399),(364,10,0,400),(365,8,20,401),(366,26,0,402),(367,0,20,403),(368,4,0,406),(369,0,0.07,408),(370,10,0,409),(371,0,0,411),(372,0,0,412),(373,8,0,413),(374,0.07,0,414),(375,20,15,415),(376,30,0,417),(377,0,0,418),(378,12,0,420),(379,8,5,421),(380,2,0,422),(381,8,0,423),(382,0,100,424),(383,15,0,425),(384,12,0,426),(385,0,0,427),(386,34,0,429),(387,150,0,430),(388,20,8,431),(389,0,10,432),(390,25,0,433),(391,10,20,434),(392,0,0,435),(393,12,0,437),(394,4,3,438),(395,6,0,439),(396,4,3,440),(397,0,320,441),(398,12,8,442),(399,0,27,443),(400,10,25,445),(401,0,4,446),(402,5,0,447),(403,20,0,448),(404,6,0,449),(405,10,0,450),(406,20,0,451),(407,20,0,452),(408,15,0,453),(409,20,3,454),(410,60,40,455),(411,15,60,456),(412,8,8,457),(413,10,5,458),(414,20,25,459),(415,20,35,460),(416,0,30,461),(417,10,0,464),(418,5,0,465),(419,16,0,466),(420,0,3,467),(421,13,0,468),(422,18,0,469),(423,0.07,0,470),(424,24,0,471),(425,4,0,474),(426,8,18,475),(427,3,1,476),(428,4,0,477),(429,6,0,478),(430,12,0,479),(431,7,0,480),(432,25,0,481),(433,15,10,482),(434,6,2,483),(435,40,0,484),(436,25,10,486),(437,15,7,487),(438,100,0,488),(439,15,0,489),(440,25,0,490),(441,0,0,491),(442,10,20,492),(443,5,0,493),(444,0,30,494),(445,0,12,495),(446,5,0,496),(447,16,30,497),(448,40,0,498),(449,2,0,499),(450,6,0,500),(451,21,0,501),(452,30,20,502),(453,40,18,503),(454,5,10,504),(455,7,20,505),(513,0.25,0,570),(457,20,0,507),(512,0,0,567),(459,17,0,510),(460,30,0,511),(461,8,10,512),(462,2,0,513),(464,30,60,515),(465,10,20,516),(466,0,15,517),(467,0,0,518),(468,20,30,519),(469,45,15,520),(470,10,200,521),(471,3,0,522),(472,0,30,523),(473,30,0,524),(474,20,0,525),(475,5,0,526),(476,15,0,527),(477,20,0,528),(478,15,0,529),(479,20,0,530),(480,0,15,531),(481,10,0,532),(482,9,8,533),(483,0,20,534),(511,10,0,566),(485,13,0,536),(487,6,0,538),(488,6,0,539),(489,60,40,540),(490,90,100,541),(491,30,20,542),(492,12,0,543),(493,12,0,544),(494,10,8,545),(495,5,3,546),(496,15,8,547),(497,12,0,548),(498,20,300,549),(499,10,0,550),(500,0,0,551),(501,6,0,552),(502,5,2,553),(503,20,0,554),(504,12,0,556),(505,7,0,557),(506,50,0,558),(507,0.07,0,559),(508,0.07,0,560),(509,1,10,561),(510,40,0,564),(514,70,0,571),(515,0.25,0,572),(516,0.25,0,573),(517,0.0625,0,574),(518,0.25,0.25,575),(519,0.5,0,576),(520,0.0625,0,577),(521,0,0,579),(522,16,0,580),(523,8,0,582),(524,12,20,583),(525,0.25,0,585),(526,0.07,0,587),(527,0.07,0,588),(528,0,0,589),(529,0.07,0,590),(530,0.07,0,593),(531,0.25,0,597),(532,0,0,598),(533,0.07,0,601),(534,0,0,602),(535,0.0625,0,603),(536,0,0,605),(537,0,0,606),(538,20,0,607),(539,0,0,608),(540,0,0,609),(541,50,0,610),(542,16,0,611),(543,0,20,612),(544,0,0,613),(545,15,0,617),(546,5,5,619),(547,25,0,620),(548,24,41,621),(549,0.25,0,624),(552,10,0,628),(551,20,15,626),(553,16,0,632),(554,16,0,633),(555,0.0625,0,634),(556,0.25,0,635),(557,16,0,644);
/*!40000 ALTER TABLE `produccion_arboles` ENABLE KEYS */;
UNLOCK TABLES;

--
-- Table structure for table `produccion_calidadpatio`
--

DROP TABLE IF EXISTS `produccion_calidadpatio`;
/*!40101 SET @saved_cs_client     = @@character_set_client */;
/*!40101 SET character_set_client = utf8 */;
CREATE TABLE `produccion_calidadpatio` (
  `id` int(11) NOT NULL AUTO_INCREMENT,
  `calidad` int(11) NOT NULL,
  `encuesta_id` int(11) NOT NULL,
  PRIMARY KEY (`id`),
  KEY `produccion_calidadpatio_1de70ac4` (`encuesta_id`)
) ENGINE=MyISAM AUTO_INCREMENT=521 DEFAULT CHARSET=latin1;
/*!40101 SET character_set_client = @saved_cs_client */;

--
-- Dumping data for table `produccion_calidadpatio`
--

LOCK TABLES `produccion_calidadpatio` WRITE;
/*!40000 ALTER TABLE `produccion_calidadpatio` DISABLE KEYS */;
INSERT INTO `produccion_calidadpatio` VALUES (1,3,3),(2,3,5),(3,2,2),(4,3,6),(5,2,7),(6,3,4),(7,2,8),(8,3,10),(9,2,9),(10,2,11),(11,2,12),(12,2,13),(13,2,14),(14,2,15),(15,3,16),(16,2,17),(17,2,18),(18,1,19),(19,3,20),(20,2,21),(21,2,22),(22,2,23),(23,1,24),(24,3,25),(25,2,26),(26,3,28),(27,3,29),(28,3,30),(29,1,31),(30,2,32),(31,3,33),(32,2,34),(33,2,37),(34,3,36),(35,2,38),(36,3,39),(37,2,40),(38,2,41),(39,2,42),(40,2,43),(41,2,45),(42,3,46),(43,2,47),(44,2,48),(45,2,49),(46,3,50),(47,2,51),(48,2,52),(49,2,53),(50,2,54),(51,3,55),(52,2,56),(53,2,57),(54,3,58),(55,3,60),(56,2,61),(57,2,62),(58,2,63),(59,2,64),(60,2,65),(61,2,66),(62,2,67),(63,3,68),(64,2,69),(65,2,70),(66,3,71),(67,3,72),(68,2,73),(69,2,74),(70,2,75),(71,3,76),(72,3,77),(73,1,78),(74,1,79),(75,2,80),(76,2,81),(77,2,82),(78,2,83),(79,3,84),(80,2,85),(81,2,86),(82,2,89),(83,1,90),(84,2,91),(85,3,92),(86,1,93),(87,2,94),(88,2,95),(89,2,96),(90,2,97),(91,2,98),(92,3,99),(93,3,100),(94,2,101),(95,2,102),(96,3,104),(97,3,105),(98,2,107),(99,2,108),(100,2,109),(101,2,110),(102,2,111),(103,3,113),(104,2,114),(105,3,116),(106,3,117),(107,2,118),(108,3,119),(109,2,120),(110,2,121),(111,3,122),(112,3,123),(113,2,124),(114,3,125),(115,2,126),(116,3,127),(117,2,128),(118,2,129),(119,3,130),(120,2,132),(121,2,133),(122,2,134),(123,3,135),(124,3,136),(125,3,137),(126,3,138),(127,3,139),(128,2,140),(129,2,141),(130,3,142),(131,2,143),(132,2,147),(133,1,148),(134,2,150),(135,2,151),(136,2,152),(137,3,153),(138,1,155),(139,3,157),(140,2,158),(141,3,159),(142,2,160),(143,2,161),(144,2,162),(145,2,163),(146,2,164),(147,2,165),(148,1,166),(149,3,168),(150,2,170),(151,2,171),(152,2,173),(153,3,174),(154,3,175),(155,3,176),(156,2,177),(157,3,178),(158,3,179),(159,3,180),(160,3,181),(161,3,182),(162,2,167),(163,2,184),(164,1,185),(165,3,186),(166,2,188),(167,2,189),(168,3,190),(169,1,191),(170,2,192),(171,3,194),(172,2,195),(173,2,197),(174,2,207),(175,2,208),(176,2,209),(177,2,211),(178,2,215),(179,2,216),(180,2,218),(181,2,219),(182,3,220),(183,1,221),(184,3,222),(185,3,223),(186,3,225),(187,3,226),(188,3,227),(189,3,228),(190,2,229),(191,3,231),(192,2,232),(193,2,233),(194,3,234),(195,2,235),(196,3,236),(197,2,237),(198,2,239),(199,2,240),(200,1,241),(201,2,242),(202,3,243),(203,2,244),(204,2,245),(205,2,246),(206,2,247),(207,2,248),(208,3,250),(209,2,251),(210,2,252),(211,2,253),(212,3,254),(213,2,257),(214,2,258),(215,3,260),(216,3,261),(217,2,262),(218,3,263),(219,3,265),(220,2,266),(221,3,270),(222,3,271),(223,2,273),(224,1,274),(225,3,277),(226,3,278),(227,2,279),(228,3,281),(229,3,283),(230,2,287),(231,3,288),(232,2,290),(233,2,291),(234,2,293),(235,2,294),(236,3,295),(237,2,296),(238,3,297),(239,2,298),(240,2,299),(241,2,300),(242,2,301),(243,3,302),(244,2,303),(245,2,304),(246,2,305),(247,2,306),(248,1,307),(249,3,309),(250,2,310),(251,2,312),(252,2,314),(253,2,315),(254,2,316),(255,2,319),(435,2,537),(257,3,321),(258,2,323),(259,3,324),(260,3,326),(261,2,328),(262,2,330),(263,3,332),(264,3,334),(265,3,335),(266,3,336),(267,3,337),(268,3,339),(269,2,340),(270,2,341),(271,2,342),(272,3,343),(273,2,344),(274,3,350),(275,3,351),(276,3,352),(277,3,353),(278,2,354),(279,2,355),(280,2,356),(281,2,357),(282,3,358),(283,3,359),(284,3,360),(285,3,361),(286,3,362),(287,2,363),(288,2,364),(289,2,365),(290,3,366),(291,2,367),(292,3,368),(293,2,369),(294,3,371),(295,2,374),(296,3,376),(297,3,379),(298,3,380),(299,3,382),(300,3,383),(301,2,387),(302,2,388),(303,2,389),(304,2,390),(305,3,392),(306,3,393),(307,2,394),(308,3,395),(309,3,398),(310,2,399),(311,2,400),(312,2,402),(313,3,405),(314,3,406),(315,3,407),(316,2,408),(317,2,409),(318,3,410),(319,2,412),(320,2,413),(321,2,414),(322,2,415),(323,2,417),(324,3,419),(325,3,420),(326,3,421),(327,3,423),(328,2,424),(329,3,425),(330,3,426),(331,3,428),(332,3,429),(333,2,431),(334,2,432),(335,3,433),(336,3,434),(337,3,435),(338,3,436),(339,2,437),(340,2,438),(341,3,439),(342,2,440),(343,2,441),(344,1,442),(345,3,443),(346,3,444),(347,2,445),(348,3,446),(349,2,447),(350,2,448),(351,2,449),(352,3,450),(353,2,451),(354,2,452),(355,2,454),(356,1,455),(357,2,456),(358,2,457),(359,2,458),(360,2,459),(361,1,460),(362,3,461),(363,2,462),(364,3,463),(365,3,464),(366,2,465),(367,1,466),(368,2,467),(369,2,468),(370,2,469),(371,2,470),(372,2,471),(373,3,472),(374,3,473),(375,3,474),(376,2,475),(377,3,476),(378,2,477),(379,3,478),(380,1,479),(381,3,480),(382,2,481),(383,2,482),(384,2,483),(385,1,484),(386,3,485),(387,2,486),(388,2,487),(389,1,488),(390,2,489),(391,2,490),(392,3,491),(393,2,492),(394,3,493),(395,3,495),(396,2,497),(397,2,498),(398,3,499),(399,3,500),(400,2,501),(401,2,502),(402,1,503),(403,3,504),(404,2,505),(461,3,567),(406,1,507),(460,2,566),(408,3,509),(409,2,510),(410,2,511),(411,3,512),(412,3,513),(414,2,515),(415,2,516),(416,3,517),(417,2,518),(418,1,520),(419,1,521),(420,3,522),(421,2,523),(422,1,524),(423,2,525),(424,3,526),(425,2,527),(426,2,528),(427,2,529),(428,2,530),(429,3,531),(430,1,532),(431,2,533),(432,2,534),(459,3,563),(434,2,536),(436,2,538),(437,1,539),(438,2,540),(439,2,541),(440,2,542),(441,2,543),(442,2,544),(443,2,546),(444,2,547),(445,3,548),(446,1,549),(447,2,550),(448,3,551),(449,2,552),(450,1,553),(451,1,554),(452,3,555),(453,1,556),(454,2,557),(455,2,558),(456,2,560),(457,1,561),(458,2,564),(462,3,568),(463,2,570),(464,1,571),(465,2,572),(466,2,573),(467,3,574),(468,2,575),(469,2,576),(470,3,577),(471,3,578),(472,2,580),(473,3,581),(474,2,582),(475,3,584),(476,3,583),(477,2,585),(478,2,587),(479,2,588),(480,3,589),(481,2,590),(482,3,591),(483,2,593),(484,3,594),(485,2,597),(486,3,598),(487,3,599),(488,3,601),(489,3,602),(490,2,603),(491,3,605),(492,3,606),(493,2,607),(494,2,610),(495,2,611),(496,3,612),(497,3,613),(498,3,614),(499,3,615),(500,3,616),(501,2,617),(502,1,619),(503,1,620),(504,2,621),(505,3,622),(506,2,623),(507,2,624),(510,3,627),(509,2,626),(511,2,628),(512,3,629),(513,3,630),(514,2,632),(515,2,633),(516,2,634),(517,3,636),(518,3,637),(519,3,638),(520,2,644);
/*!40000 ALTER TABLE `produccion_calidadpatio` ENABLE KEYS */;
UNLOCK TABLES;

--
-- Table structure for table `produccion_canuales`
--

DROP TABLE IF EXISTS `produccion_canuales`;
/*!40101 SET @saved_cs_client     = @@character_set_client */;
/*!40101 SET character_set_client = utf8 */;
CREATE TABLE `produccion_canuales` (
  `id` int(11) NOT NULL AUTO_INCREMENT,
  `nombre` varchar(200) NOT NULL,
  `unidad` varchar(6) NOT NULL,
  PRIMARY KEY (`id`)
) ENGINE=MyISAM AUTO_INCREMENT=9 DEFAULT CHARSET=latin1;
/*!40101 SET character_set_client = @saved_cs_client */;

--
-- Dumping data for table `produccion_canuales`
--

LOCK TABLES `produccion_canuales` WRITE;
/*!40000 ALTER TABLE `produccion_canuales` DISABLE KEYS */;
INSERT INTO `produccion_canuales` VALUES (1,'54. Malanga','saco'),(2,'55. Yuca','saco'),(3,'56. Quequisque','saco'),(4,'57. Camote','saco'),(5,'58. Piña','docena'),(6,'59. Citricos','Libras'),(7,'60. Papaya','docena'),(8,'61. Arroz','qq');
/*!40000 ALTER TABLE `produccion_canuales` ENABLE KEYS */;
UNLOCK TABLES;

--
-- Table structure for table `produccion_chortalizas`
--

DROP TABLE IF EXISTS `produccion_chortalizas`;
/*!40101 SET @saved_cs_client     = @@character_set_client */;
/*!40101 SET character_set_client = utf8 */;
CREATE TABLE `produccion_chortalizas` (
  `id` int(11) NOT NULL AUTO_INCREMENT,
  `nombre` varchar(200) NOT NULL,
  `unidad` varchar(6) NOT NULL,
  PRIMARY KEY (`id`)
) ENGINE=MyISAM AUTO_INCREMENT=12 DEFAULT CHARSET=latin1;
/*!40101 SET character_set_client = @saved_cs_client */;

--
-- Dumping data for table `produccion_chortalizas`
--

LOCK TABLES `produccion_chortalizas` WRITE;
/*!40000 ALTER TABLE `produccion_chortalizas` DISABLE KEYS */;
INSERT INTO `produccion_chortalizas` VALUES (1,'62. Tomate','saco'),(2,'63. Chiltoma','Libras'),(3,'64. Chiltoma grande','Libras'),(4,'65. Cebolla criolla','saco'),(5,'66. Cebolla amarilla','qq'),(6,'67. Zanahoria','saco'),(7,'68. Remolacha','saco'),(8,'69. Rábano','saco'),(9,'70. Pepino','saco'),(10,'71. Ayote','unidad'),(11,'72. Pipián','unidad');
/*!40000 ALTER TABLE `produccion_chortalizas` ENABLE KEYS */;
UNLOCK TABLES;

--
-- Table structure for table `produccion_consumodiario`
--

DROP TABLE IF EXISTS `produccion_consumodiario`;
/*!40101 SET @saved_cs_client     = @@character_set_client */;
/*!40101 SET character_set_client = utf8 */;
CREATE TABLE `produccion_consumodiario` (
  `id` int(11) NOT NULL AUTO_INCREMENT,
  `maiz` double NOT NULL,
  `frijol` double NOT NULL,
  `encuesta_id` int(11) NOT NULL,
  PRIMARY KEY (`id`),
  KEY `produccion_consumodiario_1de70ac4` (`encuesta_id`)
) ENGINE=MyISAM AUTO_INCREMENT=640 DEFAULT CHARSET=latin1;
/*!40101 SET character_set_client = @saved_cs_client */;

--
-- Dumping data for table `produccion_consumodiario`
--

LOCK TABLES `produccion_consumodiario` WRITE;
/*!40000 ALTER TABLE `produccion_consumodiario` DISABLE KEYS */;
INSERT INTO `produccion_consumodiario` VALUES (1,5,5,3),(2,1,1,5),(3,4,1,4),(4,3,1,2),(5,5,2.5,6),(6,5,3,7),(7,3,1,8),(8,1.5,0.5,10),(9,4,2,9),(10,3,1,11),(11,10,5,12),(12,3,5,13),(13,5,2,14),(14,3,1,15),(15,12,1,16),(16,5,3,17),(17,3,2,18),(18,3,1,19),(19,1,0.5,20),(20,3.5,1.5,21),(21,4,1.5,22),(22,10,5,23),(23,6,3,24),(24,3,2,25),(25,3,1,26),(26,5,2,27),(27,5,4,28),(28,5,2,29),(29,4,1,30),(30,5,2,31),(31,5,2,32),(32,3,1,33),(33,6,2,34),(34,2.5,2,35),(35,2.5,1.5,37),(36,1,0.5,36),(37,5,2,38),(38,5,2,39),(39,3,1,40),(40,5,3,41),(41,6,3,42),(42,3,1,43),(43,10,5,44),(44,6,3,45),(45,4,1,46),(46,3,1,47),(47,4,3,48),(48,6,3,49),(49,3,1,50),(50,10,6,51),(51,6.5,2,52),(52,5,4,53),(53,3,1.5,54),(54,4,1,55),(55,5,1.5,56),(56,2.5,2,57),(57,12,2,58),(58,3,1,59),(59,10,4,60),(60,6,3,61),(61,4,0.5,62),(62,2,1.5,63),(63,4,1.5,64),(64,6,2,65),(65,2,1,66),(66,8,2,67),(67,3,2,68),(68,12,6,69),(69,5,3,70),(70,10,6,71),(71,5,3,72),(72,2.5,1,73),(73,2.5,1,74),(74,4,1,75),(75,4,2.5,76),(76,6.5,5,77),(77,3,2.5,78),(78,5,2,79),(79,6,2,80),(80,10,5,81),(81,6,2,82),(82,6,2,83),(83,4,2,84),(84,5,4,85),(85,5,1,86),(86,2,0.5,87),(87,5,3,88),(88,4,4,89),(89,8,2,90),(90,3.5,2,91),(91,7,4,92),(92,3,1,93),(93,3,0.5,94),(94,5,2,95),(95,7,2,96),(96,4,2,97),(97,6,1,98),(98,6,2,99),(99,5,4,100),(100,6,4,101),(101,6,2,102),(102,7,2,103),(103,2,1,104),(104,4,2,105),(105,6,3,106),(106,2,1,107),(107,3,1,108),(108,2,2,109),(109,2,0.5,111),(110,2,1,112),(111,10,3,113),(112,6,1.5,114),(113,1,0.5,115),(114,4,1,116),(115,5,0,117),(116,10,2,118),(117,10,5,119),(118,3,0.5,120),(119,4,2,121),(120,10,5,122),(121,3,3,123),(122,1,0.5,124),(123,4,2,125),(124,6,4,126),(125,6,3,127),(126,4,2,128),(127,2.5,1,129),(128,2.5,2,130),(129,4,2,131),(130,5,1.5,132),(131,2.5,2,133),(132,5,2,134),(133,2,2,135),(134,3,2,136),(135,5,3,137),(136,8,8,138),(137,4,2,139),(138,6,3,140),(139,5,3,141),(140,5,2,142),(141,3,1,143),(142,6,2,144),(143,12,3,145),(144,5,4,146),(145,2,1,147),(146,6,2,148),(147,10,3,149),(148,3,1,150),(149,2.5,1.5,151),(150,7,4,152),(151,5,3,153),(152,3,1,154),(153,2,1,155),(154,20,5,156),(155,10,4,157),(156,8,2,158),(157,5,2,159),(158,5,3,160),(159,10,4,161),(160,2.5,0.5,162),(161,2,1,163),(162,5,2,164),(163,4,16,166),(164,10,5,168),(165,4,3,169),(166,10,5,170),(167,2,0.5,171),(168,3,0.5,172),(169,10,3,173),(170,5,2,174),(171,2.5,2,175),(172,5,4,176),(173,15,2,177),(174,15,4,178),(175,10,3,179),(176,10,5,180),(177,5,3,181),(178,5,3,182),(179,6,1,167),(180,4,1,183),(181,3,2,184),(182,2,0.5,185),(183,6,5,186),(184,5,4,187),(185,8,2,188),(186,7,2,189),(187,7,5,190),(188,5,2,191),(189,4,2,192),(190,1,1,193),(191,10,3,194),(192,6,3,195),(193,4,2,196),(194,5,1,197),(195,2,1,198),(196,10,3,199),(197,4,3,200),(198,5,4,201),(199,3,2,202),(200,5,2,203),(201,1,1,204),(202,4,5,205),(203,2,1,206),(204,15,5,207),(205,2,3,208),(206,3,1.5,209),(207,5,3,210),(208,3,0.75,211),(209,5,1.5,212),(210,2,1,213),(211,3,3,214),(212,3,1,215),(213,3,1,216),(214,5,2,217),(215,6,3,218),(216,2,1,219),(217,4,1,220),(218,8,3,221),(219,3.5,1,222),(220,8,2,223),(221,5,2,224),(222,2,1,225),(223,3,2,226),(224,4,1,227),(225,2,3,228),(226,4,1,229),(227,2,1,230),(228,7,4,231),(229,3,1,232),(230,3,1,233),(231,3,2,234),(232,15,4,235),(233,5,2,236),(234,3,1,237),(235,4,1,238),(236,6,1,239),(237,6,2,240),(238,7,5,241),(239,7,2,242),(240,6,2,243),(241,4,1,244),(242,6,2,245),(243,10,3,246),(244,12,2,247),(245,8,2,248),(246,3,2,249),(247,9,4,250),(248,6,1,251),(249,2,1,252),(250,2,1,253),(251,10,5,254),(252,3,1.5,256),(253,8,1,257),(254,2,1,259),(255,1.66,1,255),(256,6,3,260),(257,20,7,261),(258,3,1,262),(259,5,2,263),(260,7.5,3,264),(261,10,2,265),(262,6,2,266),(263,5,2,267),(264,4,3,268),(265,6.6,2.5,269),(266,13,2,270),(267,6,3,271),(268,1,1.5,272),(269,4,1.5,273),(270,5,2,274),(271,1.25,1,275),(272,5,2.5,276),(273,6,3,277),(274,7.5,4,278),(275,9,2,279),(276,4,2.5,280),(277,5,1.5,281),(278,2,1,282),(279,3,1,283),(280,2,1,284),(281,10,4,285),(282,2.5,1.5,286),(283,2,1,287),(284,3,1.33,288),(285,3,2,289),(286,3,0.5,290),(287,4,2,291),(288,3,1,292),(289,5,1.5,293),(290,4,2,294),(291,3,1,295),(292,4,2,296),(293,3.5,2,297),(294,3,1,298),(295,5,2,299),(296,5,2,300),(297,10,6,301),(298,4,2,302),(299,7,2,303),(300,6,1,304),(301,8,5,305),(302,6,2,306),(303,8,1.5,307),(304,10,5,308),(305,2,1,309),(306,5,2,310),(307,6,3,311),(308,5,3,312),(309,5,4,313),(310,20,5,314),(311,6,3,315),(312,4,1.5,316),(313,10,2,317),(314,5,2,318),(315,5,3,319),(532,3,1,537),(317,5,2,321),(318,3,1,322),(319,3.5,2,323),(320,6,2,324),(321,5,3,325),(322,5,2,326),(323,6,1,327),(324,5,1.5,328),(325,2,0.5,329),(326,5,3,330),(327,6,4,331),(328,10,5,332),(329,10,5,333),(330,6,3,334),(331,4,3,335),(332,3.5,1,336),(333,2,1,337),(334,5,2,338),(335,6,5,339),(336,2,1,340),(337,6,1,341),(338,8,2,342),(339,2,1,343),(340,6,3,344),(341,2,1,345),(342,3,4,346),(343,2,1,347),(344,5,4,348),(345,3,1,350),(346,6,1.5,349),(347,4,1,351),(348,3.5,2.5,352),(349,3,1,353),(350,3,1.5,354),(351,8,6,355),(352,20,3,356),(353,10,5,358),(354,4,2,359),(355,3,1,360),(356,7,2,361),(357,4,1.5,362),(358,3,1,363),(359,6,2,364),(360,6,1.5,365),(361,3,1,366),(362,2,1,367),(363,3,1,368),(364,6,2,369),(365,8,3,370),(366,5,2,371),(367,3,2,372),(368,2,1,373),(369,7,5,374),(370,1,0.5,375),(371,6,4,376),(372,12,5,377),(373,4,2,378),(374,10,5,379),(375,5,2,380),(376,5,3,381),(377,5,2,382),(378,5,1,383),(379,5,3,384),(380,3,2,385),(381,6,2,386),(382,4,2,387),(383,6,2,388),(384,5,1,389),(385,4,2,390),(386,10,5,391),(387,12,2,392),(388,6,2,393),(389,3,2,394),(390,10,3,395),(391,0,4,396),(392,10,5,397),(393,3,2,398),(394,10,5,399),(395,4,0.5,400),(396,6,2,401),(397,20,6,402),(398,2,1,403),(399,4,1,404),(400,4,2,405),(401,5,2,406),(402,8,3,407),(403,4,1,408),(404,4,2,409),(405,4,1,410),(406,1,1,411),(407,3,1,412),(408,6,3,413),(409,4,2,414),(410,5,2,415),(411,3,1,416),(412,4,2,417),(413,10,5,418),(414,6,2,419),(415,4,2,420),(416,6,3,421),(417,5,2,422),(418,2,0.75,423),(419,7,3,424),(420,6,2,425),(421,5,1,426),(422,2,1.5,427),(423,6,2.5,428),(424,4,2,429),(425,5,2,430),(426,5,2,431),(427,6.5,2,432),(428,12,4,433),(429,5,1.5,434),(430,4,2,435),(431,4,2,436),(432,4,2,437),(433,2,0.5,438),(434,3,6,439),(435,2,0.5,440),(436,3,1,441),(437,3,1.5,442),(438,4,2,443),(439,5,2,444),(440,2,2,445),(441,5,1,446),(442,4,2,447),(443,8,1.5,448),(444,2,1,449),(445,6,2,450),(446,3,1,451),(447,6,2,452),(448,2,1,453),(449,5,1,454),(450,7,2,455),(451,4,1,456),(452,5,1.5,457),(453,6,1.5,458),(454,2,1,459),(455,3,1,460),(456,2,1,461),(457,7,1.5,462),(458,6,1.5,463),(459,3,1,464),(460,2,0.5,465),(461,6,2,466),(462,2,1,467),(463,4,1,468),(464,15,6,469),(465,8,2,470),(466,6,1,471),(467,4,1,472),(468,8,2,473),(469,2,1,474),(470,5,2,475),(471,2,0.5,476),(472,4,0.5,477),(473,5,2,478),(474,3,1,479),(475,3,1,480),(476,4,2,481),(477,4,2,482),(478,2,1,483),(479,4,1,484),(480,6,2,485),(481,3,1,486),(482,7,3,487),(483,3,1,488),(484,1,1,489),(485,2,0.5,490),(486,6,3,491),(487,3,1,492),(488,6,2,493),(489,3,2,494),(490,6,2,495),(491,6,2,496),(492,5,2,497),(493,4,3,498),(494,6,5,499),(495,5,3,500),(496,4,1.5,501),(497,13,5,502),(498,6,3,503),(499,3,2,504),(500,7,2,505),(561,3,1,566),(502,6,1.5,507),(560,2,1,565),(504,1,1,509),(505,3,3,510),(506,7,2,511),(507,3,1,512),(508,2,2,513),(510,6,2,515),(511,1,1,516),(512,6,3,517),(513,3,1,518),(514,2,1,519),(515,3,2,520),(516,4,3,521),(517,6,2,522),(518,4,2,523),(519,3,1,524),(520,4,2,525),(521,4,2,526),(522,2,1.5,527),(523,3,2,528),(524,4,2,529),(525,3,1,530),(526,6,2,531),(527,2,1,532),(528,4,1.5,533),(529,6,2,534),(559,4,2,563),(531,2,1,536),(533,6,2,538),(534,3,2,539),(535,5,1.5,540),(536,7,2,541),(537,5,2,542),(538,5,1,543),(539,3,1,544),(540,7,3,545),(541,3,2,546),(542,4,2,547),(543,5,2,548),(544,4,1,549),(545,3,1,550),(546,2,2,551),(547,4,2,552),(548,3,1,553),(549,3,1.5,554),(550,10,3,555),(551,3,2,556),(552,3,1.5,557),(553,5,1,558),(554,6,1.5,559),(555,4,2,560),(556,5,1.5,561),(557,4,2,562),(558,3,1,564),(562,4,1,567),(563,8,2,568),(564,6,1.5,569),(565,3,1,570),(566,4,2,571),(567,6,2,572),(568,5,1,573),(569,1,1,574),(570,14,3,575),(571,4,1,576),(572,4,1,577),(573,6,1,578),(574,1,0.5,579),(575,6,2,580),(576,4,2,581),(577,3,1,582),(578,12,6,583),(579,3,1,584),(580,4,2,585),(581,8,1,586),(582,2,1,587),(583,6,2,588),(584,5,2,589),(585,5,2,590),(586,6,2,591),(587,4,1,592),(588,3,1,593),(589,4,1.5,594),(590,3,1,595),(591,2,1,596),(592,4,2,597),(593,6,2,598),(594,6,2,599),(595,4,2,600),(596,6,2,601),(597,2,1,602),(598,8,2,603),(599,12,5,604),(600,6,2,605),(601,5,2,606),(602,5,2,607),(603,4,2,608),(604,3,1.5,609),(605,8,3,610),(606,12,4,611),(607,8,5,612),(608,3,5,613),(609,2,1,614),(610,6,1,615),(611,4,2,616),(612,8,3,617),(613,4,2,618),(614,1,0.5,619),(615,4,1,620),(616,8,2,621),(617,3,2,622),(618,2,1,623),(619,3,1,624),(622,5,2,627),(621,2,1.5,626),(623,3,2,628),(624,5,2,629),(625,2,1,630),(626,12,6,631),(627,6,2,632),(628,6,2,633),(629,12,2,634),(630,2,0.5,635),(631,5,1,636),(632,2,0.5,637),(633,5,2,638),(634,2,1,639),(635,2,1,640),(636,3,1.5,641),(637,3,1,642),(638,6,1,643),(639,3,1,644);
/*!40000 ALTER TABLE `produccion_consumodiario` ENABLE KEYS */;
UNLOCK TABLES;

--
-- Table structure for table `produccion_cperiodos`
--

DROP TABLE IF EXISTS `produccion_cperiodos`;
/*!40101 SET @saved_cs_client     = @@character_set_client */;
/*!40101 SET character_set_client = utf8 */;
CREATE TABLE `produccion_cperiodos` (
  `id` int(11) NOT NULL AUTO_INCREMENT,
  `nombre` varchar(200) NOT NULL,
  `unidad` varchar(6) NOT NULL,
  PRIMARY KEY (`id`)
) ENGINE=MyISAM AUTO_INCREMENT=5 DEFAULT CHARSET=latin1;
/*!40101 SET character_set_client = @saved_cs_client */;

--
-- Dumping data for table `produccion_cperiodos`
--

LOCK TABLES `produccion_cperiodos` WRITE;
/*!40000 ALTER TABLE `produccion_cperiodos` DISABLE KEYS */;
INSERT INTO `produccion_cperiodos` VALUES (1,'46. Maíz','qq'),(2,'47. Maíz en elote','qq'),(3,'48. Frijol','qq'),(4,'49. Sorgo','qq');
/*!40000 ALTER TABLE `produccion_cperiodos` ENABLE KEYS */;
UNLOCK TABLES;

--
-- Table structure for table `produccion_cpermanentes`
--

DROP TABLE IF EXISTS `produccion_cpermanentes`;
/*!40101 SET @saved_cs_client     = @@character_set_client */;
/*!40101 SET character_set_client = utf8 */;
CREATE TABLE `produccion_cpermanentes` (
  `id` int(11) NOT NULL AUTO_INCREMENT,
  `nombre` varchar(200) NOT NULL,
  `unidad` varchar(6) NOT NULL,
  PRIMARY KEY (`id`)
) ENGINE=MyISAM AUTO_INCREMENT=5 DEFAULT CHARSET=latin1;
/*!40101 SET character_set_client = @saved_cs_client */;

--
-- Dumping data for table `produccion_cpermanentes`
--

LOCK TABLES `produccion_cpermanentes` WRITE;
/*!40000 ALTER TABLE `produccion_cpermanentes` DISABLE KEYS */;
INSERT INTO `produccion_cpermanentes` VALUES (1,'50. Café','qq'),(2,'51. Cacao','qq'),(3,'52. Plátano','cabeza'),(4,'53. Guineo','cabeza');
/*!40000 ALTER TABLE `produccion_cpermanentes` ENABLE KEYS */;
UNLOCK TABLES;

--
-- Table structure for table `produccion_cultivosanuales`
--

DROP TABLE IF EXISTS `produccion_cultivosanuales`;
/*!40101 SET @saved_cs_client     = @@character_set_client */;
/*!40101 SET character_set_client = utf8 */;
CREATE TABLE `produccion_cultivosanuales` (
  `id` int(11) NOT NULL AUTO_INCREMENT,
  `cultivos_id` int(11) NOT NULL,
  `manzana` double NOT NULL,
  `produccion` double NOT NULL,
  `encuesta_id` int(11) NOT NULL,
  PRIMARY KEY (`id`),
  KEY `produccion_cultivosanuales_168c2801` (`cultivos_id`),
  KEY `produccion_cultivosanuales_1de70ac4` (`encuesta_id`)
) ENGINE=MyISAM AUTO_INCREMENT=190 DEFAULT CHARSET=latin1;
/*!40101 SET character_set_client = @saved_cs_client */;

--
-- Dumping data for table `produccion_cultivosanuales`
--

LOCK TABLES `produccion_cultivosanuales` WRITE;
/*!40000 ALTER TABLE `produccion_cultivosanuales` DISABLE KEYS */;
INSERT INTO `produccion_cultivosanuales` VALUES (1,1,1,40,7),(2,2,0.25,5,7),(3,2,0.25,0.25,9),(4,8,0.5,0.5,9),(5,1,0.25,16,14),(6,6,20,20,14),(7,2,0.5,0.5,23),(8,6,10,5000,23),(9,8,0.25,0.25,23),(10,1,0.25,10,38),(11,6,0.25,15000,41),(12,1,1,60,42),(13,2,0.5,50,45),(14,2,0.0625,0,46),(15,1,0.0025,15,49),(16,2,0.0025,70,49),(17,6,35,4000,49),(18,1,0.25,4,51),(19,6,2,3500,52),(20,6,0.5,6000,53),(21,1,0.5,10,54),(22,2,1,20,54),(23,6,0.25,500,55),(24,1,0.25,15,57),(25,6,0.5,20000,57),(26,1,0.5,6,69),(27,1,0.75,20,70),(28,1,0.25,12,72),(29,1,0.25,12,73),(30,2,0.5,11,73),(31,2,0.25,0.25,74),(32,1,0.5,15,77),(33,1,0.125,15,78),(34,6,0.125,100000,78),(35,1,1.5,50,79),(36,1,1,22,81),(37,1,0.25,4,89),(38,2,0.0625,0,90),(39,1,0.5,3,91),(40,1,0.0625,330,93),(41,2,0.0625,1100,93),(42,3,0.0625,10,93),(43,4,0.0625,1100,93),(44,5,0.0625,50,93),(45,6,0.0625,5,93),(46,1,0.0625,0,106),(47,2,1,80,108),(48,1,0.25,0.25,118),(49,2,0.25,0.25,118),(50,1,0.25,0,125),(51,1,0.5,45,129),(52,1,1,40,131),(53,1,0.25,6,137),(54,2,0.125,5,137),(55,8,0.5,4,138),(56,8,0.5,3,139),(57,6,0.25,10000,140),(58,1,0.25,50,144),(59,8,1,1,145),(60,1,0.25,5,147),(61,2,0.25,30,154),(62,2,0.25,0,158),(63,2,0.25,0,161),(64,2,0.25,5,165),(65,4,0.25,3,165),(66,2,0.5,50,168),(67,2,0.25,0,176),(68,1,0.5,60,191),(69,2,0.0625,0.0625,191),(70,2,0.25,0,192),(71,2,0.25,6,197),(72,8,0.25,8,209),(73,4,0.25,8,218),(74,2,0.0625,0,219),(75,8,0.125,2.5,219),(76,2,0.0625,0,221),(77,5,0.0625,0,221),(78,6,0.25,0,227),(79,2,0.0625,0,229),(80,6,0.25,0,229),(81,8,0.25,2.5,229),(82,2,0.0625,0,233),(83,2,0.37,12,244),(84,2,0.0625,0,252),(85,4,0.0625,0,252),(86,2,0.25,10,254),(87,2,0.0625,0,258),(88,6,0.0625,5000,258),(89,8,0.25,0,258),(90,2,0.125,8,265),(91,2,0.0625,0.0625,271),(92,2,0.5,12,288),(93,2,0.5,9,289),(94,4,0.25,7.5,289),(95,7,0.25,30,289),(96,6,0.25,0,290),(97,1,0.125,8,291),(98,2,0.0625,0,293),(99,5,0.0625,0,293),(100,6,0.0625,0,293),(101,2,0.0625,0,295),(102,1,0.0625,3,300),(103,8,1,15,301),(104,2,0.125,0,303),(105,8,0.5,0,303),(106,1,0.5,12,307),(107,2,0.25,14,307),(108,1,0.25,10,314),(109,4,0.06,1,316),(110,2,0.5,225,319),(111,2,0.125,5,323),(112,2,0.0625,5,325),(113,2,0.25,0,326),(114,6,0.75,0,339),(115,8,0.5,8,339),(116,2,0.25,8,353),(117,2,0.0625,9,354),(118,4,0.5,3,370),(119,8,0.25,4,380),(120,2,0.25,50,393),(121,2,0.625,0,399),(122,2,0.25,8,413),(123,1,0.75,8,427),(124,2,0.25,0,430),(125,2,230,0,431),(126,2,0.0125,0,433),(127,6,0.0625,25,433),(128,2,0.25,0,441),(129,8,0.25,0,441),(130,1,0.06,2,451),(131,2,0.04,10,453),(132,6,0.064,4,453),(133,2,0.0208,3,454),(134,2,0.25,6,455),(135,2,0.04,5,456),(136,6,0.24,0,456),(137,7,0.06,0,456),(138,1,0.06,27,459),(139,2,0.06,12,459),(140,6,0.06,30,459),(141,6,0.0208,30,460),(142,6,0.11,10,461),(143,2,0.07,5,462),(144,2,0.25,0,484),(145,2,1.06,0,485),(146,2,0.06,0.06,487),(147,6,0.25,1,487),(148,2,250,0,488),(149,6,0.0625,0,490),(150,2,0.0625,0,494),(151,2,100,1,495),(152,6,25,0,497),(153,6,25,0,498),(154,3,0.0625,0,503),(155,6,34,0,503),(156,2,0.0625,3,507),(157,6,0.0625,0,516),(158,2,0.25,15,517),(159,6,0.0625,0,517),(160,1,0.25,3,519),(161,6,0.18,20,519),(162,6,0.25,10,520),(163,1,0.125,3,521),(164,5,0.25,18,521),(165,6,0.25,75,541),(166,6,0.06,0,547),(167,1,0.6,3,549),(168,2,0.6,2,549),(169,4,0.6,4,549),(170,6,0.6,6,549),(171,6,0.06,30,550),(172,6,0.07,1,554),(173,6,0.12,0,558),(174,6,0.5,0,571),(175,5,0.25,3000,580),(176,6,0.07,0,601),(177,6,0.0625,50000,612),(178,6,0.0625,0,617),(179,2,0.12,5,621),(180,6,0.06,0,621),(181,6,0.25,0,624),(184,1,8,0,86),(183,6,0.0625,1000,626),(185,2,1,0,86),(186,4,0.5,0,86),(187,6,50,1,86),(188,4,0.0625,0,90),(189,6,0.5,25,90);
/*!40000 ALTER TABLE `produccion_cultivosanuales` ENABLE KEYS */;
UNLOCK TABLES;

--
-- Table structure for table `produccion_cultivosperiodos`
--

DROP TABLE IF EXISTS `produccion_cultivosperiodos`;
/*!40101 SET @saved_cs_client     = @@character_set_client */;
/*!40101 SET character_set_client = utf8 */;
CREATE TABLE `produccion_cultivosperiodos` (
  `id` int(11) NOT NULL AUTO_INCREMENT,
  `cultivos_id` int(11) NOT NULL,
  `primera` double NOT NULL,
  `postrera` double NOT NULL,
  `apante` double NOT NULL,
  `p_primera` double NOT NULL,
  `p_postrera` double NOT NULL,
  `p_apante` double NOT NULL,
  `encuesta_id` int(11) NOT NULL,
  PRIMARY KEY (`id`),
  KEY `produccion_cultivosperiodos_168c2801` (`cultivos_id`),
  KEY `produccion_cultivosperiodos_1de70ac4` (`encuesta_id`)
) ENGINE=MyISAM AUTO_INCREMENT=1199 DEFAULT CHARSET=latin1;
/*!40101 SET character_set_client = @saved_cs_client */;

--
-- Dumping data for table `produccion_cultivosperiodos`
--

LOCK TABLES `produccion_cultivosperiodos` WRITE;
/*!40000 ALTER TABLE `produccion_cultivosperiodos` DISABLE KEYS */;
INSERT INTO `produccion_cultivosperiodos` VALUES (1,1,1,0,0,15,0,0,1),(2,3,0,0,2,0,0,23,1),(3,1,3,0,0,40,0,0,3),(4,3,0,0,1.5,0,0,30,3),(5,1,2,0,0,50,0,0,5),(6,3,0,0,2,0,0,25,5),(7,1,0,0.125,0,0,3,0,4),(8,1,3,0,0,48,0,0,6),(9,3,0,0,3.5,0,0,60,6),(10,1,2,0,0,10,0,0,7),(11,3,0,0,1,5,0,0,7),(12,1,0,0.5,0,0,10,0,8),(13,1,1,0,0,20,0,0,10),(14,3,0,0,2,50,0,0,10),(15,1,1.5,0,0,30,0,0,9),(16,3,0,0,2,0,0,25,9),(17,1,0,7,0,0,80,0,11),(18,1,1,0,0,15,0,0,12),(19,3,0,0,1,0,0,19,12),(20,1,2,0,0,20,0,0,13),(21,3,0,0,2,0,0,30,13),(22,1,0.5,0.5,0,8,10,0,15),(23,3,1,1,0,9,11,0,15),(24,1,2,2,0,10,10,0,16),(25,1,2,0,0,50,0,0,17),(26,3,0,0,2,0,0,35,17),(27,1,1.5,0,0,14,0,0,18),(28,3,0,0,1.5,0,0,14,18),(29,1,16,16,0,4,6,0,19),(30,3,25,0,0,1.5,0,0,19),(31,1,2,0,0,18,2,0,21),(32,3,0,0,2,0,0,1.85,21),(33,1,1,2.5,0,20,30,0,22),(34,3,1,1,0,8,10,0,22),(35,1,4,0,0,40,0,0,23),(36,3,0,0,3,0,0,30,23),(37,1,3,0,0,30,0,0,24),(38,3,0,0,3,0,0,15,24),(39,1,1,1,0,15,19,0,25),(40,3,2,1,0,5,11,0,25),(41,1,2,2,0,20,22,0,26),(42,3,1,2,0,15,20,0,26),(43,4,2,0,0,0,36,0,26),(44,1,1,0,0,15,0,0,27),(45,3,0,0,1,1,0,12,27),(46,1,2,0,0,20,0,0,28),(47,3,0,0,5,0,0,40,28),(48,1,1.5,0.5,0,12,3,0,29),(49,3,0,0.5,0,4,0,0,29),(50,1,1,1,0,6,10,0,30),(51,3,0.5,0.5,0,1,1,0,30),(52,4,1,1,0,3,5,0,30),(53,1,2.5,0,0,10,0,0,31),(54,1,3.5,3,0,13,16,0,32),(55,3,2.5,2.5,0,5,0,0,32),(56,1,2,1,0,30,15,0,33),(57,3,0,1,0,0,7,0,33),(58,1,2.5,1,0,26,0,0,34),(59,3,0,2.5,0,0,8,0,34),(60,1,2,0,0,10,0,0,35),(61,3,0,0,2,0,0,7,35),(62,1,2.5,0,0,30,0,0,37),(63,3,0,0,0.75,0,0,7,37),(64,1,2,0,0,30,0,0,38),(65,3,0,0,2,0,0,40,38),(66,1,0,0.5,0,0,3,0,39),(67,1,0.5,0.5,0,4,4,0,40),(68,3,0.5,0,0,4,0,0,40),(69,1,2,0,0,20,0,0,41),(70,3,0,0,2,0,0,15,41),(71,1,4,0,0,50,0,0,42),(72,3,0,0,3,0,0,10,42),(73,1,0,2,0,0,35,0,43),(74,3,0,0.25,0,0,5,0,43),(75,4,0.5,0,0,0,14,0,43),(76,1,2,0,2,20,0,20,44),(77,3,0,0,2,0,0,16,44),(78,1,4,0,0,18,0,0,45),(79,3,0,0,3,0,0,18,45),(80,1,0.5,1,0,10,8,0,46),(81,4,1.25,0,0,0,12,0,46),(82,1,0,1,0,0,12,0,47),(83,3,0,0.5,0,0,4,0,47),(84,1,2.5,2.5,0,30,0,0,48),(85,3,0,2,2,0,0,23,48),(86,1,1.5,0,2,30,0,30,49),(87,3,0,0,1.5,0,0,30,49),(88,1,1.5,1,0,20,10,0,50),(89,3,0,0.5,0,0,5,0,50),(90,1,2,0,0,10,0,0,51),(91,3,0,0,2,0,0,4,51),(92,1,3,0,0,40,0,0,52),(93,3,0,0,9,0,0,75,52),(94,1,4,0,0,80,0,0,53),(95,3,0,0,5,0,0,93,53),(96,1,2,0,0,12,0,0,54),(97,3,0,0,2,0,0,10,54),(98,1,3,2,0,35,28,0,55),(99,3,0,2,0,0,5,0,55),(100,4,1.5,0,0,30,0,0,55),(101,1,2,0,0,30,0,30,56),(102,3,0,0,1.5,1.5,0,8,56),(103,1,1.5,0,0,20,0,0,57),(104,3,0,0,1,0,0,25,57),(105,1,1,1.5,0,1,0,0,58),(106,1,1.5,1,0,20,10,0,59),(107,3,0,0.5,0,0,5,0,59),(108,1,25,0,0,50,0,0,60),(109,3,0,0,5,65,0,0,60),(110,1,0.5,0,0,10,0,0,61),(111,3,0,0,1,0,0,5,61),(112,1,1,0,0,17,0,0,63),(113,3,0,0,1,0,0,14,63),(114,1,0,1.5,0,0,24,0,64),(115,3,0,0.75,0,0,6,0,64),(116,1,1,0,0,7,0,0,65),(117,2,0,0,0,0,0,6,65),(118,1,1.5,0,0,20,0,0,66),(119,3,0,0,3,0,0,50,66),(120,1,1,2,0,6,13,0,67),(121,3,0,4,0,0,25,0,67),(122,1,1,0,0,20,0,0,68),(123,3,0,0,1,0,0,20,68),(124,1,4,0,0,70,0,0,69),(125,3,0,0,4,0,0,50,69),(126,1,2,0,0,40,0,0,70),(127,3,0,0,1.5,0,0,25,70),(128,1,1.5,0,0,15,0,0,71),(129,3,0,0,1,0,0,10,71),(130,1,1,0,0,30,0,0,72),(131,3,0,0,1,0,0,8,72),(132,1,1.5,0,0,17,0,0,73),(133,3,0,0,1,0,12,0,73),(134,1,1,0,0,15,0,0,74),(135,3,0,0,1,0,0,15,74),(136,1,3,0,0,17,0,0,75),(137,3,0,0,1,0,0,10,75),(138,1,1.5,0,0,8,0,0,76),(139,3,0,0,2,0,0,20,76),(140,1,1.5,0,0,15,0,0,77),(141,3,0,0,3,0,0,45,77),(142,1,3,0,0,60,0,0,78),(143,3,0,0,4,0,0,100,78),(144,1,2,0,0,50,0,0,79),(145,3,0,0,2,0,0,30,79),(146,1,0,1,0,0,10,0,80),(147,3,0,0.5,0,0,5,0,80),(148,1,2,0,0,25,0,0,81),(149,3,0,2,0,0,16,0,81),(150,1,1,0,0,8,0,0,82),(151,1,0.5,0.5,0,10,10,0,83),(152,3,0,0.5,0,0,1,0,83),(153,1,2,0,0,40,0,0,84),(154,3,0,0,2,0,0,20,84),(155,1,1,0,0,20,0,0,85),(156,3,0,0,2,0,0,20,85),(157,1,2,2,0,12,18,0,86),(158,3,0,0.25,0,0,3,0,87),(159,1,2,0,0,20,0,0,89),(160,3,0,0,2,0,0,25,89),(161,1,2,2,0,20,20,0,90),(162,3,1,1.5,0,8,20,0,90),(163,1,1,0,0,15,0,0,91),(164,3,0,0,1,0,0,9,91),(165,1,1.5,0,0,12,0,0,92),(166,3,0,0,1.5,0,0,15,92),(167,1,1,1.5,0,15,20,0,93),(168,3,0,0.5,0,0,4,0,93),(169,1,1,1,0,6,14,0,94),(170,3,0,0.5,0,0,1,0,94),(171,4,0,1,0,0,11,0,94),(172,1,0,1,0,0,18,0,95),(173,3,0,2,0,0,5,0,95),(174,1,0.5,0.5,0,6,6,0,96),(175,1,8,0,0,50,0,0,97),(176,3,0,0,5,0,65,0,97),(177,1,1,1,0,12,20,0,98),(178,3,0,0.5,0,0,6,0,98),(179,1,1,1,0,25,20,0,99),(180,1,5,0,0,40,0,0,100),(181,3,0,0,5,0,0,30,100),(182,1,2,0,0,10,0,0,101),(183,3,1,0,0,10,0,0,101),(184,1,1,1,0,20,25,0,102),(185,3,0,0.75,0,0,8,0,102),(186,1,0,1,0,0,20,0,103),(187,3,0,1,0,0,10,0,103),(188,1,1,0,0,15,0,0,104),(189,3,0,0,1.75,0,0,27,104),(190,1,1,1,0,10,20,0,105),(191,3,0.5,0.5,0,10,12,0,105),(192,1,2,0,0,17,0,0,106),(193,3,0,0,2,0,0,7,106),(194,1,1,0,0,20,0,0,108),(195,3,0,0,1.5,0,0,22,108),(196,1,2,3,0,22,52,0,109),(197,3,0,1.5,0,0,13,0,109),(198,4,2,0,0,0,18,0,109),(199,1,1.25,1.5,0,18,30,0,110),(200,3,0,1,0,0,27,0,110),(201,1,0.5,0.5,0,7,7,0,111),(202,3,0.25,0.25,0,1,0,1,111),(203,4,0.5,0,0,0,20,0,111),(204,1,1,0,0,15,0,0,112),(205,3,0,0,1,0,0,25,112),(206,1,1,0,0,8,0,0,113),(207,3,0,0,1,0,0,13,113),(208,1,0.5,1,0,12,19,0,114),(209,4,0.5,0,0,0,13,0,114),(210,1,4,0,0,15,0,0,115),(211,2,0,0,3,0,0,28,115),(212,1,0,1,0,0,12,0,116),(213,3,0,0.5,0,0,5,0,116),(214,1,0.5,0,0,6,0,0,117),(215,4,0.5,0,0,7,0,0,117),(216,1,3,0,0,15,0,0,118),(217,3,0,0,1.5,0,0,14,118),(218,1,9,0,0,110,0,0,119),(219,3,0,0,5,0,0,90,119),(220,1,1,0,0,10,0,0,120),(221,3,0,0,0.5,0,0,4,120),(222,3,0.5,0,0,1.75,0,0,121),(223,1,4,0,0,60,0,0,122),(224,3,0,0,5,0,0,35,122),(225,1,1,0,0,22,0,0,124),(226,3,0,0,1,0,0,8,124),(227,1,1,0,0,10,0,0,125),(228,3,1.5,0,0,1,0,0,125),(229,1,2,0,0,20,0,0,126),(230,3,0,0,2,0,0,20,126),(231,1,2,0,0,30,0,0,127),(232,3,0,0,3,0,0,28,127),(233,1,1.5,0,0,25,0,0,128),(234,3,0,0,0.5,0,0,10,128),(235,1,8,0,0,160,0,0,129),(236,3,0,0,8,0,0,96,129),(237,1,2,0,0,35,0,0,130),(238,3,0,0,2,0,0,30,130),(239,1,2,0,0,50,0,0,131),(240,3,0,0,2,0,0,25,131),(241,1,2,0,0,15,0,0,132),(242,3,0,0,2,0,0,20,132),(243,1,1,0,0,11,0,0,133),(244,3,0,0,2,0,0,24,133),(245,1,3,0,0,40,0,0,134),(246,3,0,0,4,0,0,60,134),(247,1,2,0,0,16,0,0,135),(248,3,0,0,1.5,0,0,12,135),(249,1,0,3,0,0,30,0,136),(250,3,0,0,2,0,0,15,136),(251,1,1,1,0,15,20,0,137),(252,3,0,1,0.5,0,5,10,137),(253,1,2,2,0,30,60,0,138),(254,3,0,2,3,0,20,45,138),(255,1,2,0,3,5,0,0,139),(256,3,0.25,0,2,1,0,18,139),(257,1,2,0,0,25,0,0,140),(258,3,0,0,2,0,0,20,140),(259,1,3,0,0,4,0,0,141),(260,3,0,0,4,0,0,15,141),(261,1,3,0,0,36,0,0,142),(262,3,0,0,3,0,0,33,142),(263,1,1,1,0,20,20,0,143),(264,3,0,5,0,0,40,0,143),(265,1,1,0,0,5,0,0,144),(266,3,0,0,1,0,0,4,144),(267,1,0,4,0,0,63,0,145),(268,3,0,2,0,0,0,0,145),(269,1,2,0,0,30,0,0,146),(270,3,0,0,20,0,0,20,146),(271,1,1.5,0,0,35,0,0,147),(272,3,1,1.5,0,6,220,0,147),(273,1,1,2,0,10,40,0,148),(274,3,0.5,2,0,2,20,0,148),(275,4,2,0,0,0,30,0,148),(276,1,2,0,0,0,0,0,149),(277,4,0,0,11,0,0,11,149),(278,1,2,2,0,15,20,0,150),(279,3,0,3,0,0,30,0,150),(280,1,5,0,0,150,0,0,151),(281,3,0,0,5,0,0,75,151),(282,1,3,0,0,60,0,0,152),(283,3,0,0,3,0,0,60,152),(284,1,2,0,0,18,0,0,153),(285,3,0,0,1,0,0,6,153),(286,1,1.5,0,0,15,0,0,154),(287,3,1.5,0,0,20,0,0,154),(288,4,9,0,0,0,0,0,154),(289,1,1,0,0,7,0,0,155),(290,3,0,0,1,0,0,4,155),(291,1,1.5,0,0,28,0,0,156),(292,3,0,0,1,0,0,25,156),(293,1,5,0,0,100,0,0,157),(294,3,0,0,4,0,0,48,157),(295,1,3,0,0,30,0,0,158),(296,3,0,0,1.5,0,0,18,158),(297,1,3,1,0,35,10,0,159),(298,3,0,0,6,0,0,60,159),(299,1,5,0,0,100,0,0,160),(300,3,0,0,2,0,0,30,160),(301,1,2,0,0,8,0,0,161),(302,3,0,0,2,0,0,12,161),(303,1,1,0,0,8,0,0,162),(304,3,0,0,1,0,0,12,162),(305,1,5,2,0,80,35,0,163),(306,3,4,5,0,60,10,0,163),(307,1,2,0.5,0,20,5,0,164),(308,3,1,1,0,10,12,0,164),(309,1,1.5,1,0,35,15,0,165),(310,3,2,3,0,40,50,0,165),(311,1,0.5,0,0,13,0,0,166),(312,3,0.5,0,0,4,0,0,166),(313,1,0,2,0,0,35,0,167),(314,3,0,15,0,0,12,0,167),(315,4,15,0,0,9,0,0,167),(316,1,2,0,0,10,0,0,168),(317,3,0,0,2,0,0,10,168),(318,1,1.5,0,0,20,0,0,169),(319,1,6,0,0,60,0,0,170),(320,3,0,0,6,0,0,60,170),(321,1,4,0,0,0,100,0,171),(322,3,0,0,15,0,375,0,171),(323,1,3,0,0,40,0,0,172),(324,3,4,0,0,70,0,0,172),(325,1,2,0,0,30,0,0,173),(326,3,0,0,2,0,0,35,173),(327,1,1,0,0,7,0,0,174),(328,3,0,0,1.25,0,0,1.25,174),(329,1,1,0,0,15,0,0,176),(330,3,0,0,1,0,0,30,176),(331,1,3.5,0,0,40,0,0,177),(332,3,0,0,4,0,0,45,177),(333,1,4,0,0,50,0,0,178),(334,3,0,0,7,0,0,50,178),(335,1,3,0,0,75,0,0,179),(336,3,0,0,3,0,0,45,179),(337,1,0.5,0,0,10,0,0,180),(338,3,0,0,0.5,0,0,6,180),(339,1,1,0,0,12,0,0,181),(340,3,0,0,1,0,0,14,181),(341,1,1,0,0,10,0,0,182),(342,3,1,0,1.5,10,0,5,182),(343,1,1,1,0,10,15,0,183),(344,3,1,1,0,13,17,0,183),(345,1,0,2,0,0,15,0,184),(346,3,0,0.5,0,0,6,0,184),(347,1,0,1,0,0,9,0,185),(348,3,0,2,0,0,7,0,185),(349,1,4,0,0,50,0,0,186),(350,3,0,0,4,0,0,80,186),(351,1,1,0,0,20,0,0,187),(352,3,0,0,1,0,0,15,187),(353,1,0,1,0,17,7,0,188),(354,3,1,2,0,3,6,0,188),(355,1,3,2,0,40,25,0,189),(356,3,2,4,0,2,20,0,189),(357,1,1,0,0,20,0,0,190),(358,3,0,0,3,0,0,40,190),(359,1,2,0,0,30,0,0,191),(360,3,0,0,2,0,0,20,191),(361,1,1,1,0,12,9,0,192),(362,1,2,0,0,40,0,0,193),(363,3,0,0,2,0,0,20,193),(364,1,5,0,0,80,0,0,194),(365,3,0,0,5,0,0,80,194),(366,1,1,1,0,15,13,0,195),(367,3,0,2,0,0,13,0,195),(368,1,1,0,0,20,0,0,196),(369,3,0,0,1,0,0,15,196),(370,1,2,0,0,25,0,0,197),(371,3,0,0,2,0,0,25,197),(372,1,1.5,0,0,45,0,0,198),(373,3,0,0,1.5,0,0,20,198),(374,1,2,0,0,40,0,0,199),(375,3,0,0,2,0,0,18,199),(376,1,5,0,0,100,0,0,200),(377,3,0,0,5,0,0,50,200),(378,1,3,0,0,60,0,0,201),(379,3,0,0,3,0,0,40,201),(380,1,1,0,0,20,0,0,202),(381,3,0,0,1,0,0,15,202),(382,1,1,0,0,10,0,0,203),(383,3,0,0,1,0,0,15,203),(384,1,2,0,0,40,0,0,204),(385,3,0,0,2,0,0,30,204),(386,1,4,0,0,35,0,0,205),(387,3,0,0,2,0,0,4,205),(388,1,1,0,0,12,0,0,206),(389,3,0,0,1,0,0,15,206),(390,1,0.5,0,0,8,0,0,207),(391,3,0,0,3,0,0,45,207),(392,1,0.5,0,0,10,0,0,208),(393,3,0,0,0.5,0,0,3,208),(394,1,2,0,0,25,0,0,209),(395,3,0,0.5,1,0,6,10,209),(396,1,1,0,0,15,0,0,210),(397,3,0,0,1,0,0,10,210),(398,1,2,0,0,45,0,0,211),(399,3,0,0,2.75,0,0,12,211),(400,1,2,0,0,60,0,0,212),(401,3,0,0,1,0,0,10,212),(402,1,4.5,0,0,50,0,0,213),(403,3,0,4.5,4.5,0,0,105,213),(404,1,3,1,0,70,12,0,214),(405,3,0,0,4,0,0,80,214),(406,1,1.5,1.5,0,11,15,0,215),(407,3,0,1.5,0,0,4,0,215),(408,1,1,1.5,0,18,32,0,216),(409,3,0.5,1,0,4,14,0,216),(410,3,0,0,2,0,0,8,217),(411,1,2,2.5,0,13,18,0,218),(412,3,0,0.5,0,0,3,0,218),(413,4,0.5,0,0,0,6,0,218),(414,1,1,1,0,7,7,0,219),(415,3,0,0.25,0,0,2,0,219),(416,4,1,0,0,0,7,0,219),(417,1,0,7,0,0,80,0,220),(418,3,0,0,7,0,0,10,220),(419,1,1,1,0,6,9,0,221),(420,3,0,0.5,0,0,2,0,221),(421,1,5,0,0,100,0,0,222),(422,3,0,0,5,0,0,110,222),(423,1,0,1,0,0,12,0,223),(424,3,0,0.25,0,0,2,0,223),(425,1,3,0,0,60,0,0,224),(426,3,0,0,3,0,0,70,224),(427,1,3,0,0,70,0,0,226),(428,3,0,0,3,0,0,50,226),(429,1,0,2,0,0,30,0,227),(430,3,0,0.75,0,0,8,0,227),(431,4,1.5,0,0,0,26,0,227),(432,3,0,0,5,0,0,30,228),(433,1,1,1,0,9,12,0,229),(434,3,0,1,0,0,5,0,229),(435,4,0.25,0,0,0,8,0,229),(436,1,0.5,1,0,7,12,0,230),(437,3,0.5,1,0,4,4,0,230),(438,1,3.5,0,0,40,0,0,231),(439,3,0,40,0,40,0,0,231),(440,1,1,1,0,8,6,0,232),(441,4,0.5,0,0,0,10,0,232),(442,1,1,1,0,9,9,0,233),(443,3,0,0.5,0,0,3,0,233),(444,1,1,0,0,30,0,0,234),(445,3,0,0,1,0,0,18,234),(446,1,2,2,0,38,32,0,235),(447,3,0,1,0,0,5,0,235),(448,4,2,0,0,0,20,0,235),(449,1,2,0,0,40,0,0,236),(450,3,0,0,2,30,0,0,236),(451,1,1,1,0,10,8,0,237),(452,3,0.5,0.75,0,2,6,0,237),(453,4,1,0,0,0,6,0,237),(454,1,2,0,0,30,0,0,238),(455,3,0,0,4,0,0,22,238),(456,1,1,0.5,0,7,10,0,239),(457,3,0,0.25,0,0,4,0,239),(458,1,1,1,0,6,8,0,240),(459,3,0,2,0,0,6,0,240),(460,4,0.5,0,0,0,9,0,240),(461,1,6,0,0,100,0,0,241),(462,3,0,0,6,0,0,68,241),(463,1,1,0.75,0,13,6,0,242),(464,3,0,1,0,0,3.5,0,242),(465,4,1,0,0,0,12,0,242),(466,1,1,0.25,0,10,8,0,243),(467,3,0,1,0,0,5,0,243),(468,1,3,0,0,75,0,0,244),(469,3,2,2.5,1.5,8,15,20,244),(470,1,2.5,0.5,0,25,4,0,245),(471,1,1,0,0,10,1,1,246),(472,3,0,0,1,0,0,20,246),(473,1,2.5,1.5,0,10,8,0,247),(474,1,1,1,0,23,13,0,248),(475,3,0.5,0.5,0,7,4,0,248),(476,4,1,0,0,0,22,0,248),(477,1,2,0,0,30,0,0,249),(478,3,0,0,2,0,0,16,249),(479,1,2,0,0,8,0,0,250),(480,3,0,0,2,0,0,8,250),(481,1,2,1,0,20,10,0,251),(482,4,2,0,0,0,22,0,251),(483,1,0,2,0,0,15,0,252),(484,3,0,2,0,0,12,0,252),(485,1,1,1,0,8,8,0,253),(486,1,1.5,0,0,15,0,0,254),(487,3,0,0,1.5,0,0,20,254),(488,1,1.5,0,0,30,0,0,256),(489,3,0,0,1.5,0,0,30,256),(490,1,1,1,0,10,8,0,257),(491,4,1,0,0,0,10,0,257),(492,1,3,3,0,20,16,0,258),(493,3,0,2,0,0,8,0,258),(494,4,1,0,0,1,0,0,258),(495,1,2,0,0,30,0,0,259),(496,3,0,0,2,0,0,30,259),(497,1,2,0,1.5,30,0,50,255),(498,3,0,0,1.5,0,0,30,255),(499,1,4,0,0,12,0,0,261),(500,3,0,0,4,0,0,12,261),(501,1,1,1,0,20,22,0,262),(502,3,1,1,0,12,15,0,262),(503,4,1,1,0,0,25,0,262),(504,1,1,0,0,5,0,0,263),(505,3,0,0.5,0,0,2,0,263),(506,1,2,0,1.75,20,0,20,264),(507,3,2,0,0,5,0,0,264),(508,1,1.5,0,0,37.5,0,0,265),(509,3,0,0,2.5,0,0,625,265),(510,1,1,1,0,20,20,0,266),(511,1,1,1,0,8,10,0,267),(512,3,0,0.25,0,0,2,0,267),(513,1,1,0,0,20,0,0,268),(514,3,0,1,0,0,0,10,268),(515,1,2,0,0,12,0,0,269),(516,3,0,0,2,0,0,12,269),(517,1,2,2,0,8,12,0,270),(518,4,1,0,0,20,0,0,270),(519,1,1,0,0,20,0,0,271),(520,3,1,0.5,3,10,6,25,271),(521,1,1.25,0,0,30,0,0,272),(522,3,4,0,0,47,0,0,272),(523,1,1.5,0.5,0,4,6,0,274),(524,3,0.5,0,0,0,0,0,274),(525,1,1,0,0,20,0,0,275),(526,3,3,0,0,30,0,0,275),(527,1,2,0,0,20,0,0,276),(528,3,0,0,2,0,0,20,276),(529,1,2,2,0,8,10,0,277),(530,1,1,0,0,20,0,0,278),(531,3,0,0,1,0,0,15,278),(532,1,1,0.5,0,10,4,0,279),(533,3,0.5,0.5,0,1,2,0,279),(534,4,1,0,0,8,0,0,279),(535,1,2,0,0,15,0,0,280),(536,3,0,0,2,0,0,8,280),(537,1,1,0.5,0,5,5,0,281),(538,3,0,0.25,0,0,1,0,281),(539,1,1,0,0,20,0,0,282),(540,3,0,0,2,0,0,36,282),(541,1,1.5,0,0,30,0,0,283),(542,3,0,0,1.5,0,0,15,283),(543,1,4,0,0,40,0,0,285),(544,3,0,0,4,0,0,40,285),(545,1,7,0,0,100,0,0,286),(546,3,0,0,15,0,0,150,286),(547,1,2,0,0,25,0,0,288),(548,3,0,2,0,0,27,0,288),(549,1,1,4,0,35,120,0,289),(550,2,0,0,0.25,0,0,5000,289),(551,3,0.25,3,0,3,7,0,289),(552,1,0.5,1,0,8,24,0,290),(553,3,0,2,0,0,23,0,290),(554,1,4.5,0,0,112,0,0,291),(555,3,7,0,0,126,0,0,291),(556,1,2,0,2,15,0,18,292),(557,1,1,0,0,23,0,0,293),(558,3,5,2,0,17,18,0,293),(559,4,3,0,0,0,58,0,293),(560,1,0.5,0,0,8,0,0,294),(561,1,2,1.5,0,40,55,0,295),(562,3,1,2,0,5,18,0,295),(563,1,0.5,0,0,12,0,0,297),(564,3,0,0,0.5,0,0,9,297),(565,1,1,10,0,1,2.5,0,298),(566,3,0.5,0.5,0,0.5,3,0,298),(567,1,1.5,0,0,15,0,0,299),(568,3,0,0,2,2,0,0,299),(569,1,2,0,0,60,0,0,300),(570,3,0,0,1.5,0,0,20,300),(571,1,4,0,0,40,0,0,301),(572,3,0,0,3,0,0,30,301),(573,1,3,0,0,10,0,0,302),(574,3,0,1,0,0,4,0,302),(575,4,0,1,0,0,5,0,302),(576,1,3,0,0,60,0,0,303),(577,3,0,0,3,0,0,10,303),(578,1,1,0,0,16,0,0,304),(579,3,0,0,4,0,0,48,304),(580,1,3,0,0,60,0,0,305),(581,3,0,0,2,0,0,20,305),(582,1,1,0.5,0,30,0,0,306),(583,3,0.5,0,0,1.5,0,0,306),(584,3,0,0,3,0,0,45,307),(585,1,7,0,0,100,0,0,308),(586,3,0,0,12,0,0,130,308),(587,1,1.5,0,0,0.5,0,0,309),(588,3,0,0.25,0,0,0.25,0,309),(589,1,2,0,2,4,0,5,310),(590,3,0,0,2,0,0,9,310),(591,1,2,0,0,20,0,0,311),(592,3,0,0,2,0,0,25,311),(593,1,1,0,0,2,0,0,312),(594,3,0,0.5,0,0,0.5,0,312),(595,1,2,0,0,45,0,0,313),(596,3,0,0,2.5,0,0,30,313),(597,1,3,0,0,50,0,0,314),(598,3,0,0,3,0,0,45,314),(599,1,1.5,0,0,30,0,0,315),(600,3,0,0,3.5,0,0,30,315),(601,1,1,0,0,8,0,0,316),(602,3,0.25,0.5,0,0,3,0,316),(603,1,1.5,0,0,15,0,0,317),(604,3,0,0,2,0,0,16,317),(605,1,2,0,0,40,0,0,318),(606,3,0,0,3,0,0,30,318),(607,1,2,0,0,40,0,0,319),(608,3,0,0,1.5,0,0,20,319),(1026,1,2.5,0,0,5,0,0,539),(610,1,1,0,0,4,0,0,321),(611,1,2,0,0,80,0,0,322),(612,3,0,0,2,0,0,13,322),(613,1,2,0,0,30,0,0,323),(614,3,0,0,4,0,0,60,323),(615,1,2,0,0,0,0,0,324),(616,3,1,0,0,0,0,0,324),(617,4,0,0.5,0,0,2,0,324),(618,1,0,1,0.5,0,10,6,325),(619,3,0,0.5,2,0,4,6,325),(620,1,1,0,1,10,0,10,326),(621,3,2,0,0,0,0,10,326),(622,1,1,0,0,2,0,0,327),(623,3,0.125,0,0,0,0,0,327),(624,1,1.5,0,0,45,0,0,328),(625,2,0,0.5,0,0,400,0,328),(626,3,0,0,2,0,0,9,328),(627,1,1,0,0,10,0,0,329),(628,3,0,0,1,0,0,4,329),(629,1,2,0,0,50,0,0,330),(630,3,0,0,2,0,0,50,330),(631,1,4,0,0,100,0,0,331),(632,3,0,0,7,0,0,50,331),(633,1,15,0,0,30,0,0,332),(634,3,0,0,3,0,0,60,332),(635,1,3,0,0,45,0,0,333),(636,3,0,0,3,0,0,54,333),(637,1,3,0,0,60,0,0,334),(638,3,0,0,3,0,0,60,334),(639,1,3,0,0,60,0,0,335),(640,3,0,0,3,0,0,60,335),(641,1,2,0,0,50,0,0,336),(642,3,0,0,2,0,0,40,336),(643,1,2,0,0,60,0,0,337),(644,3,0,0,2,0,0,1.8,337),(645,1,4,0,0,80,0,0,338),(646,3,0,0,4,0,0,40,338),(647,1,4,0,0,40,0,0,339),(648,3,0,0,4,0,0,28,339),(649,1,2,0,0,4,0,0,340),(650,3,1,0,0,2,0,0,340),(651,1,1,0,0,3,0,0,341),(652,3,0.25,0,0,0,0,0,341),(653,1,1,0,0,1,0,0,342),(654,3,0.5,0,0,0,0,0,342),(655,1,1,0.5,0,30,12,0,343),(656,3,0,0.5,0.5,0,4,6,343),(657,1,3,0,0,30,0,0,344),(658,3,0,0.5,2.5,0,15,45,344),(659,1,3,0,0,60,0,0,345),(660,3,0,0,3,0,0,30,345),(661,1,2,0,0,10,0,0,346),(662,3,0,0,1,0,0,5,346),(663,1,2,0,0,60,0,0,347),(664,3,0,0,4,0,0,50,347),(665,1,2,0,0,40,0,0,348),(666,3,0,0,2,0,0,30,348),(667,1,4.5,0,0,112,0,0,349),(668,3,0,0,4.5,0,0,72,349),(669,1,2.5,0,0,70,0,70,350),(670,3,0,0,2.5,0,0,70,350),(671,1,1,0,0,0,0,0,351),(672,3,1,0,0,3,0,0,351),(673,1,4,0,0,120,0,0,352),(674,3,0,0,4,0,0,25,352),(675,1,2,0,0,17,0,0,353),(676,3,1,0,1,7,0,10,353),(677,1,0.5,0,0,10,0,0,354),(678,3,0.25,0.25,3,3,2,28,354),(679,1,2,0,0,8,0,0,355),(680,3,1,0.5,3,8,4,12,355),(681,1,3,0,0,30,0,0,356),(682,3,0,0,3,0,0,40,356),(683,1,2.5,0,0,40,0,0,357),(684,4,0,0.5,3,0,0,45,357),(685,1,2,0,0,30,0,0,358),(686,3,0,0,2,0,0,20,358),(687,1,1,0,0,8,0,0,359),(688,3,1,1,0,0,0,0,359),(689,1,2,0,0,1,0,0,360),(690,3,0.5,0,0,1,0,0,360),(691,1,0.5,0,0,4,0,0,361),(692,3,0.5,0,0,3,0,0,361),(693,1,1,0,0,7.5,0,0,362),(694,3,2,0,0,0,0,0,362),(695,1,0.5,0,0,2,0,0,363),(696,3,0.5,0,0,0,0,0,363),(697,1,1.25,0,0,0,0,0,364),(698,3,0.25,0,0,0,0,0,364),(699,1,2,0,0,20,0,0,365),(700,3,1,0,0,0,0,0,365),(701,1,1.5,0,0,20,0,0,366),(702,3,0.25,0,0,2,0,0,366),(703,1,1,0,0,10,0,0,367),(704,3,0.25,0,0,7.5,0,0,367),(705,1,1,0,0,3,0,0,368),(706,3,0.5,0,0,0,0,0,368),(707,1,0.5,0,0,5,0,0,369),(708,3,0,0.25,0,3,0,0,369),(709,1,1.5,0,0,5,0,0,370),(710,3,0,1.5,0,0,10,0,370),(711,1,2,0,0,30,0,0,371),(712,3,5,0,0,0,0,0,371),(713,1,4.5,0,0,40,0,0,372),(714,3,0,0,4.5,0,0,20,372),(715,1,1,0,0,10,0,0,373),(716,3,0,0,1,0,0,11,373),(717,1,2.5,0,0,40,0,0,374),(718,3,0,0,3,0,0,12,374),(719,1,0.5,0,0,9,0,0,375),(720,3,0,0,0.5,0,0,6,375),(721,1,2,0,0,40,0,0,376),(722,3,0.25,0,2,2,0,22,376),(723,1,2,0,0,20,0,0,377),(724,3,0,0,2,0,0,30,377),(725,1,3,0,0,100,0,0,378),(726,3,0,0,3,0,0,60,378),(727,1,6,0,0,60,0,0,379),(728,3,0,0,8,0,0,120,379),(729,1,3,0,0,60,0,0,380),(730,3,0,0,3,0,0,30,380),(731,1,0,0,0,30,0,0,381),(732,3,0,0,2,0,0,25,381),(733,1,4,0,0,80,0,0,382),(734,3,4,0,0,100,0,0,382),(735,1,2.5,0,0,40,0,0,383),(736,3,0,0,2.5,0,0,50,383),(737,1,2,0,0,40,0,0,384),(738,3,0,0,2,0,0,25,384),(739,1,2,0,0,15,0,0,385),(740,3,0,0,2,0,0,10,385),(741,1,1,0,0,20,0,0,386),(742,3,0,0,1,0,0,20,386),(743,1,2,0,0,0,0,0,387),(744,3,0.5,0,0,2,0,0,387),(745,4,2,0,0,0,0,0,387),(746,1,1,0,0,1,0,0,388),(747,3,1,1,0,0,0,0,388),(748,1,1,0,0,4,0,0,389),(749,3,0,0.125,0,0,0,0,389),(750,4,0,0.125,0,0,0,0,389),(751,1,1,0,0,12,0,0,390),(752,3,0,1,0,0,0,0,390),(753,1,3,0,0,50,0,0,391),(754,3,0,0,3,0,0,60,391),(755,1,3,0,0,0,0,0,392),(756,3,0,2,0,0,0,0,392),(757,1,2.5,0,0,40,0,0,393),(758,3,1,2.5,0,5,0,0,393),(759,1,1.5,0,0,4,0,0,394),(760,3,0.5,1.25,0,0,0.75,0,394),(761,1,5,0,0,50,0,0,395),(762,3,0,0,5,0,0,70,395),(763,1,5.5,0,0,80,0,0,396),(764,3,0,0,5,0,0,80,396),(765,1,3,0,0,60,0,0,397),(766,3,0,0.25,3,0,0,70,397),(767,1,2,0,0,20,0,0,398),(768,3,0,0,2,0,0,25,398),(769,1,2,0,0,30,0,0,399),(770,3,0,0,1.75,0,0,25,399),(771,1,3,0,0,40,0,0,400),(772,3,0,0,3.5,0,0,60,400),(773,1,4,0,0,50,0,0,401),(774,3,0,0,4,0,0,80,401),(775,1,4,0,0,75,0,0,402),(776,3,0,0,3,0,0,50,402),(777,1,2.5,0,0,60,0,0,403),(778,3,0,0,3,0,0,50,403),(779,1,1,0,0,0,0,0,404),(780,3,0.25,0,0,3,0,0,404),(781,1,1,0,0,15,0,0,405),(782,3,1,1,0,1,0,0,405),(783,1,0.5,0,0,35,0,0,406),(784,3,0.5,0.75,0,8,10,0,406),(785,1,1.5,0,0,6,0,0,407),(786,3,0,2,0,0,0.25,0,407),(787,1,1,0,0,10,0,0,408),(788,3,0.5,2,0,7,0,0,408),(789,1,0.5,0,0,1,0,0,409),(790,1,1,0,0,6,0,0,410),(791,3,0.5,0,0,4,0,0,410),(792,1,1,0,0,20,0,0,411),(793,3,0,0,1,0,0,20,411),(794,1,0.5,0,0,5,0,0,412),(795,3,0.5,0,0,3,0,0,412),(796,1,2,0,0,40,0,0,413),(797,3,0.5,0,0,0,0,0,413),(798,4,0,1,0,0,0,0,413),(799,1,1.5,0,0,30,0,0,415),(800,3,1,0,1,7.5,0,7.5,415),(801,1,1.5,0,0,10,0,0,417),(802,3,1,3,0,12.5,1,0,417),(803,1,3,0,0,60,0,0,418),(804,3,0,0,8,0,0,130,418),(805,1,3,0,0,18,0,0,419),(806,3,0.5,1,0,2,2,0,419),(807,1,1,0,0,12,0,0,420),(808,3,1,1,0,6,6,0,420),(809,1,1.5,0,0,38,0,0,421),(810,3,1,2,0,12,0,0,421),(811,1,1.75,0,0,18,0,0,422),(812,3,1,2,0,2,0.75,0,422),(813,1,1,0,0,25,0,0,423),(814,3,0,0,1,0,0,18,423),(815,1,2,0,0,18,0,0,424),(816,3,3,0,0,0,0,0,424),(817,1,1,0,0,3,0,0,425),(818,3,0.5,0,0,3,0,0,425),(819,1,1,0,0,20,0,0,426),(820,3,0.5,0,0,2,0,0,426),(821,1,2,0,0,70,0,0,427),(822,3,2,0,4,0,0,60,427),(823,1,1,0,0,18,0,0,428),(824,3,0.5,2,0,2,0,0,428),(825,1,2,2,0,0,0,0,429),(826,3,2,2,0,0,0,0,429),(827,1,3,0,0,80,0,0,430),(828,3,0,0,4,0,0,60,430),(829,1,2,0,0,36,0,0,431),(830,3,1,1.5,0,12.5,1.25,0,431),(831,1,2,0,0,10,0,0,432),(832,3,1,2,0,4,0,0,432),(833,1,2,0,0,8,0,0,433),(834,3,1,7,0,0.5,0.75,0,433),(835,1,2,0,0,30,0,0,434),(836,3,0,0,2,0,0,28,434),(837,1,2.5,1.5,0,10,10,0,435),(838,3,0,1.5,0,0,3,0,435),(839,1,1.25,0,0,10,0,0,436),(840,3,0.25,2.25,0,3,10,0,436),(841,1,1,0,0,15,0,0,437),(842,3,0,1,0,0,0,0,437),(843,1,1,0,0,12,0,0,438),(844,3,0,0,1,0,0,12,438),(845,1,1,0,0,10,0,0,439),(846,2,0,0,1,0,0,10,439),(847,1,1,0,0,12,0,0,440),(848,3,0,0,1,0,0,12,440),(849,1,2,0,0,10,0,0,441),(850,3,0,0,2,0,0,18,441),(851,1,0.75,0,0,12,0,0,414),(852,3,0.07,1,0,3,0,0,414),(853,1,1,0,0,50,0,0,442),(854,3,0,2,0,0,7,0,442),(855,1,2,0,0,15,0,0,443),(856,3,1,1,0,8,0,0,443),(857,1,1.5,0,0,12,0,0,444),(858,3,0,1,0,0,2,0,444),(859,1,2,0,0,60,0,0,445),(860,3,0.25,3,0,2,22,0,445),(861,1,1,0,0,2,0,0,446),(862,4,0,1,0,0.25,0,0,446),(863,1,1,0,0,21,0,0,447),(864,3,0,1,0,0,11,0,447),(865,1,2,0,0,25,0,0,448),(866,3,0.5,0.5,0,4.5,6,0,448),(867,4,0,2,0,0,25,0,448),(868,1,2,0,0,30,0,0,449),(869,3,0,2,0,0,15,0,449),(870,1,2,0,0,16,0,0,450),(871,3,0,2,0,1,0,0,450),(872,1,1,0,0,10,0,0,451),(873,3,0,1,0,0,8,0,451),(874,1,1,0,0,18,0,0,452),(875,3,1,1.25,0,12,15,0,452),(876,1,1,0,0,15,0,0,453),(877,3,2,1,0,6,7,0,453),(878,1,0.75,0,0,10,0,0,454),(879,3,0,0.5,0,8,0,0,454),(880,1,2,0,0,2,0,0,455),(881,3,0.25,0.5,0,1,2,0,455),(882,4,0,0.5,0,0,2.5,0,455),(883,1,1,0,0,14,0,0,456),(884,3,0,3,0,0,13,0,456),(885,1,3,0,0,15,0,0,457),(886,3,1,0,0,9,0,0,457),(887,1,1.5,0,0,10,0,0,458),(888,3,0.5,0,0,4,0,0,458),(889,1,1,0,0,12,0,0,459),(890,2,0.5,1,0,5,12,0,459),(891,1,4,0,0,10,0,0,460),(892,3,0,1,0,0,0,0,460),(893,1,1,0,0,20,0,0,461),(894,3,10,10,0,70,80,0,461),(895,1,2,0,0,60,0,0,462),(896,1,0.5,0,0,12,0,0,464),(897,3,0,0.5,0,6,6,12,464),(898,1,2,0,0,0,0,0,466),(899,3,1.25,0,0,0,0,0,466),(900,1,1,0,0,20,0,0,467),(901,3,1,1,0,2,3,0,467),(902,1,1,0,0,0,0,0,468),(903,3,0.5,0,0,0,0.5,0,468),(904,1,2,0,0,0,0,0,469),(905,3,0.5,0,0,0,5,0,469),(906,1,1,0,0,0,0,0,470),(907,3,1,1,0,0,0,0,470),(908,1,2.5,0,0,0,0,0,471),(909,3,0,0.5,0,0,0,0,471),(910,4,0,2.5,0,0,0,0,471),(911,1,1,1,0,15,15,0,472),(912,3,1,1,0,2,2,0,472),(913,1,2.5,2.5,0,0,0,0,473),(914,3,0.5,0.5,0,0,0,0,473),(915,1,1,0,0,15,0,0,474),(916,1,1,0,0,8,0,0,475),(917,3,0.5,1,0,15,0,0,475),(918,1,0.5,0,0,5,0,0,476),(919,3,0,0.5,0,0,3.5,0,476),(920,1,1,0,0,6,0,0,477),(921,3,0.5,0,0,1.5,0,0,477),(922,1,0.5,0,0,9,0,0,478),(923,3,0,0.5,0,2.5,0,0,478),(924,1,1,0,0,7,0,0,479),(925,3,1,0,0,1,0,0,479),(926,3,1.25,1.25,0,2,10,0,480),(927,1,1,0,0,0,0,0,481),(928,2,0,1,0,5,0,0,481),(929,1,2,0,0,15,0,0,482),(930,3,0.5,1,0,3,4,0,482),(931,1,1,0,0,14,0,0,483),(932,2,0.25,0,0,1500,0,0,483),(933,3,1,1.5,0,8,15,0,483),(934,1,1,0,0,20,0,0,484),(935,3,1,1,0,12,20,0,484),(936,1,2.5,0,0,11,0,0,485),(937,3,0.25,1,0,1.25,5,0,485),(938,1,1,0,0,10,0,0,486),(939,3,0,0.75,0,0,1.5,0,486),(940,1,1.5,0,0,13,0,0,487),(941,3,0.25,1,0,1.5,7,0,487),(942,1,0.25,0,0,3,0,0,488),(943,3,0.25,0.75,0,5,2,0,488),(944,1,1,0,0,30,0,0,489),(945,3,0.5,0.5,0,9,0,0,489),(946,1,1,0,0,5,0,0,490),(947,3,0,0.5,0,0,2,0,490),(948,1,2.5,0,0,40,0,0,491),(949,3,0,1.26,0,12,0,0,491),(950,1,0.5,0,0,8,0,0,492),(951,3,0.5,0,0,6,0,0,492),(952,1,5,0,0,120,0,0,493),(953,3,0,1,0,0,20,0,493),(954,1,0.5,0,0,10,0,0,494),(955,3,0,2,0,0,5,0,494),(956,1,2,0,0.5,40,0,0,495),(957,3,1,1.5,0,15,15,0,495),(958,1,2,0,0,30,0,0,496),(959,3,0,1.5,0,0,10,0,496),(960,1,1,0,0,5,0,0,497),(961,3,0,1,0,0,7,0,497),(962,1,2,0,0,60,0,0,498),(963,3,0,2,0,0,30,0,498),(964,1,2,0,0,100,0,0,499),(965,3,1,0,0,20,0,0,499),(966,1,7,0,0,57,0,0,500),(967,3,0,5,0,0,60,0,500),(968,1,2.5,0,0,20,0,0,501),(969,1,4,1,0,60,10,0,502),(970,3,3,5,0,40,60,0,502),(971,1,2,0,0,28,0,0,503),(972,3,1,2,0,18,18,0,503),(973,1,1,0,0,18,0,0,504),(974,3,2,2,0,30,35,0,504),(975,1,2,0,0,12,0,0,505),(976,3,1.5,1.5,0,3,10,0,505),(1063,1,1,0,0,15,0,0,566),(978,1,2,0,0,40,0,0,507),(979,3,0,2,0,0,18,0,507),(1062,3,0,1,0,0,10,0,565),(1061,1,3,0,0,100,0,0,563),(982,1,1,0,0,10,0,0,509),(983,3,0,1,0,0,8,0,509),(984,1,1.5,0,0,14,0,0,510),(985,3,0,0.5,0,5,0,0,510),(986,1,2,0,0,20,0,0,511),(987,3,0.5,1,0,10,0,0,511),(988,4,0,0.5,0,0,0,0,511),(989,3,0.5,0,0,8,0,0,512),(990,3,0,1,0,0,20,0,513),(992,1,1.5,0,0,40,0,0,515),(993,3,0,1.5,0,18,0,0,515),(994,1,2,0,0,20,0,0,516),(995,3,2,2,0,10,30,0,516),(996,1,3,0,0,35,0,0,517),(997,3,4,3,0,30,25,0,517),(998,1,1.5,0,0,20,0,0,518),(999,3,0,3,0,0,0,0,518),(1000,2,2,0,0,10,15,0,519),(1001,1,1,0,0,13,0,0,520),(1002,3,0,1,0,0,6,0,520),(1003,1,0.25,0,0,10,0,0,521),(1004,3,0.5,0.5,0,5,7,0,521),(1005,1,0.5,0,0,10,0,0,522),(1006,3,0.25,0.5,0,6,6,0,522),(1007,3,0,0.25,0,0,0.5,0,523),(1008,1,0.5,0,0,0,0,0,524),(1009,3,0,0.5,0,0,0,0,524),(1010,1,0.75,0,0,8,0,0,525),(1011,3,0,0.75,0,0,0,0,525),(1012,3,1,1,0,4,6,0,527),(1013,1,1,0,0,18,0,0,528),(1014,3,0,1,0,0,10,0,528),(1015,1,3,0,0,10,0,0,529),(1016,3,0,3,0,15,0,0,529),(1017,1,1.5,0,0,0,0,0,530),(1018,3,0,1.5,0,0,0,0,530),(1019,1,2,0,0,0,0,0,531),(1020,3,0.5,0,0,0,0,0,531),(1021,1,1,0,0,0,0,0,532),(1022,3,1,0,0,0,0,0,532),(1023,1,2,0,0,10,0,0,533),(1024,3,0,2,0,0,5,0,533),(1025,1,5,0,0,5,0,0,534),(1027,3,1,0,0,0,0,0,539),(1028,1,1,0,0,15,0,0,540),(1029,3,1.5,0,0,6,0,0,540),(1030,1,2,0,0,35,0,0,541),(1031,3,1.5,1.5,0,15,17,0,541),(1032,1,1,0,0,8,0,0,542),(1033,1,1,0,0,30,0,0,544),(1034,3,1,0,0,10,0,0,544),(1035,1,0.5,0,0,6,0,0,546),(1036,3,0.25,0.25,0,3,2,0,546),(1037,1,0.25,0,0,12,0,0,547),(1038,3,0,0.25,0,1.5,1.5,0,547),(1039,1,3,0,0,12,0,0,548),(1040,1,1,0,0,30,0,0,549),(1041,3,0.75,1,0,6,0,5,549),(1042,1,0.25,0,0,8,0,0,550),(1043,1,1,0,0,0,0,0,551),(1044,3,0.25,0,0,0,0,0,551),(1045,1,0.5,0,0,15,0,0,552),(1046,3,0.25,0.75,0,1.25,3,0,552),(1047,1,35,0,0,23,0,0,553),(1048,1,1,0,0,0,0,0,554),(1049,3,0,1,0,0,3,0,554),(1050,1,1,0,0,8,0,0,555),(1051,3,1,1,0,3,2.5,0,555),(1052,1,0.5,0,0,5,0,0,556),(1053,3,0,0.5,0,0,2,0,557),(1054,1,1,0,0,6,0,0,558),(1055,3,0,1,0,0,0,0,558),(1056,1,2,0,0,90,0,0,559),(1057,1,2,0,0,100,0,0,560),(1058,3,0,3,0,50,0,0,560),(1059,1,5,0,0,300,0,0,562),(1060,3,0,3,0,0,60,0,562),(1064,3,0.75,1,0,4,7,0,566),(1065,1,2,0,0,60,0,0,567),(1066,1,3,0,0,40,0,0,568),(1067,3,0,1,0,0,10,0,568),(1068,4,0,1,0,0,10,0,568),(1069,1,2,0,0,25,0,0,569),(1070,3,0,1,0,0,15,0,569),(1071,1,1,1,0,20,20,0,570),(1072,3,1,1,0,20,20,0,570),(1073,1,5,0,0,200,0,0,571),(1074,3,0.5,0,0,6,0,0,571),(1075,1,1,1,0,15,15,0,572),(1076,3,4,6,0,60,110,0,572),(1077,1,2,1,0,40,20,0,573),(1078,3,2,1,0,20,20,0,573),(1079,1,1,0,0,20,0,0,575),(1080,3,0,1,0,0,9,0,575),(1081,1,2,0,0,60,0,0,576),(1082,3,0,1.5,0,0,8,0,576),(1083,1,5,0,0,140,0,0,577),(1084,3,0,2,0,0,25,0,577),(1085,1,1.5,0,0,50,0,0,578),(1086,1,0.75,0,0,25,0,0,579),(1087,2,0.75,0,0,0,0,0,579),(1088,1,2,0,0,40,0,0,580),(1089,1,6,0,0,400,0,0,582),(1090,3,0,6,0,0,124,0,582),(1091,1,4,0,0,60,0,0,583),(1092,1,2,0,0,150,0,0,585),(1093,3,2,0,0,0,50,0,585),(1094,1,4,0,0,180,0,0,587),(1095,3,0,5,0,0,20,0,587),(1096,1,3,0,0,60,0,0,588),(1097,3,0,3,0,0,40,0,588),(1098,3,0,1,0,0,0,0,589),(1099,1,2,0,0,100,0,0,590),(1100,3,0,2,0,0,30,0,590),(1101,1,2,0,0,70,0,0,591),(1102,3,0,1.25,0,0,17,0,591),(1103,1,3.5,0,0,90,0,0,592),(1104,3,0,0.5,0,0,8,0,592),(1105,1,1,0,0,30,0,0,593),(1106,3,0,1,0,0,13,0,593),(1107,1,1,0,0,10,0,0,594),(1108,3,0,0.5,0,0,6,0,594),(1109,1,2,0,0,100,0,0,595),(1110,3,0,2,0,0,25,0,595),(1111,1,1,0,0,53,0,0,596),(1112,3,0,0.5,0,0,8,0,596),(1113,1,1.5,0,0,60,0,0,597),(1114,1,2,0,0,85,0,0,598),(1115,3,0,1,0,0,0,0,598),(1116,1,4.5,0,0,200,0,0,599),(1117,3,0,1,0,0,8,0,599),(1118,1,3,0,0,80,0,0,600),(1119,3,3,0,0,0,50,0,600),(1120,1,5,2,0,250,50,0,601),(1121,3,0,1,0,0,20,0,601),(1122,4,0,0,0.5,0,0,12,601),(1123,1,2,0,0,40,0,0,602),(1124,3,0,1,0,0,12,0,602),(1125,1,2,1,0,25,15,0,603),(1126,3,1.5,3,0,20,30,0,603),(1127,1,3,0,0,70,0,0,604),(1128,3,0,2,0,70,0,0,604),(1129,1,1.5,0,0,10,0,0,605),(1130,1,4,0,0,300,0,0,606),(1131,3,0,1,0,0,8,0,606),(1132,1,1.75,0,0,80,0,0,608),(1133,3,0,1.75,0,0,10,0,608),(1134,1,1.5,0,0,70,0,0,609),(1135,3,0,1,0,0,10,0,609),(1136,1,3,1.5,0,50,25,0,610),(1137,3,4,7,0,10,150,0,610),(1138,1,4.5,0,0,80,0,0,611),(1139,3,0.25,2,0,5,50,0,611),(1140,1,2,0,0,60,0,0,612),(1141,3,0,1,0,0,30,0,612),(1142,1,2,0,0,60,0,0,613),(1143,3,0,1,0,0,14,0,613),(1144,1,4,0,0,60,0,0,614),(1145,3,0,3,0,0,18,0,614),(1146,1,2,0,0,30,0,0,615),(1147,3,0,1,0,8,0,0,615),(1148,1,2.5,0,0,40,0,0,616),(1149,3,0,1,0,8,0,0,616),(1150,1,4,0,0,200,0,0,617),(1151,3,0,3,0,0,30,0,617),(1152,1,4,0,0,250,0,0,618),(1153,1,3,2,0,180,160,0,619),(1154,3,0,0,1,0,0,15,619),(1155,1,1,0,0,30,0,0,620),(1156,3,1,2,0,15,20,0,620),(1157,4,0,1,0,0,7,0,620),(1158,1,1,0,0,40,0,0,621),(1159,3,0,1,0,0,6,0,621),(1160,1,2,0,0,0,0,0,622),(1161,1,1,0,0,30,0,0,623),(1162,3,0,1,0,7,0,0,623),(1168,3,0,1,0,0,32,0,627),(1167,1,3,0,0,108,0,0,627),(1165,1,2,0,0,15,0,0,626),(1166,3,0,1,0,0,7,0,626),(1169,1,1,0,0,40,0,0,628),(1170,3,0,3,0,0,40,0,628),(1171,1,2,0,0,80,0,0,629),(1172,3,0,2,0,0,8,0,629),(1173,1,3,0,0,60,0,0,631),(1174,3,0,2,0,0,12,0,631),(1175,1,1.5,1.5,0,17,4,0,632),(1176,3,0,1,0,0,3,0,632),(1177,1,1.5,0,0,30,0,0,633),(1178,3,0,1,0,0,10,0,633),(1179,1,3,0,0,90,0,0,634),(1180,3,0,1,0,0,12,0,634),(1181,1,1.75,0,0,50,0,0,635),(1182,3,0,1,0,0,17,0,635),(1183,1,1,0,0,5,0,0,636),(1184,3,0,1,0,0,0,0,636),(1185,1,0.5,0,0,8,0,0,637),(1186,1,2,0,0,150,0,0,638),(1187,3,0,3,0,0,35,0,638),(1188,1,2,0,0,0,0,0,639),(1189,1,2,0,0,100,0,0,640),(1190,3,1,1,0,0,15,0,640),(1191,1,2,0,0,80,0,0,641),(1192,3,0,2,0,0,18,0,641),(1193,1,2,0,0,100,0,0,642),(1194,3,0,1.5,0,0,8,0,642),(1195,1,7,0,0,200,0,0,643),(1196,3,0,2,0,0,24,0,643),(1197,1,1,0,0,48,0,0,644),(1198,3,0,1,0,0,10,0,644);
/*!40000 ALTER TABLE `produccion_cultivosperiodos` ENABLE KEYS */;
UNLOCK TABLES;

--
-- Table structure for table `produccion_cultivospermanentes`
--

DROP TABLE IF EXISTS `produccion_cultivospermanentes`;
/*!40101 SET @saved_cs_client     = @@character_set_client */;
/*!40101 SET character_set_client = utf8 */;
CREATE TABLE `produccion_cultivospermanentes` (
  `id` int(11) NOT NULL AUTO_INCREMENT,
  `cultivos_id` int(11) NOT NULL,
  `manzana` double NOT NULL,
  `produccion` double NOT NULL,
  `encuesta_id` int(11) NOT NULL,
  PRIMARY KEY (`id`),
  KEY `produccion_cultivospermanentes_168c2801` (`cultivos_id`),
  KEY `produccion_cultivospermanentes_1de70ac4` (`encuesta_id`)
) ENGINE=MyISAM AUTO_INCREMENT=551 DEFAULT CHARSET=latin1;
/*!40101 SET character_set_client = @saved_cs_client */;

--
-- Dumping data for table `produccion_cultivospermanentes`
--

LOCK TABLES `produccion_cultivospermanentes` WRITE;
/*!40000 ALTER TABLE `produccion_cultivospermanentes` DISABLE KEYS */;
INSERT INTO `produccion_cultivospermanentes` VALUES (1,1,1.5,0,1),(2,1,1,37,3),(3,2,0.5,1.5,3),(4,4,0.25,36000,3),(5,1,2,25,6),(6,2,1,1,6),(7,3,1,12000,6),(8,4,0.25,12000,6),(9,1,2,38,7),(10,2,0.5,8,7),(11,4,1,50,7),(12,1,1,14,10),(13,2,1,15,10),(14,1,1,12,9),(15,2,1,1,9),(16,4,1,1,11),(17,1,1,10,12),(18,2,1,13,12),(19,4,1,90000,12),(20,1,1.5,20,13),(21,2,0.25,50,13),(22,3,0.5,2100,13),(23,1,1,3,14),(24,2,1,10,14),(25,4,0.5,100,14),(26,1,3,30,17),(27,4,1.5,30,17),(28,1,1.5,1.5,23),(29,2,0.25,1,23),(30,3,1.5,1.5,23),(31,4,1,100,23),(32,1,2.5,10,24),(33,1,1,15,27),(34,2,0.25,1,27),(35,4,0.5,100,27),(36,4,0.0625,15,32),(37,4,0.0625,0,34),(38,1,1,6,37),(39,1,2,35,38),(40,2,1,12,38),(41,3,0.5,20000,38),(42,4,0.5,1000,38),(43,1,3,40,41),(44,2,0.5,4.5,41),(45,4,3,180,41),(46,1,10,80,42),(47,2,0.25,1.5,42),(48,3,1,14000,42),(49,4,2,4000,42),(50,1,1.5,20,44),(51,2,1.5,6,44),(52,4,1,200,44),(53,2,0.5,25,45),(54,4,0.25,50,45),(55,3,0.25,0,46),(56,1,1.5,11,48),(57,1,4,50,49),(58,2,2,0,49),(59,4,1,200,49),(60,1,0.5,12,51),(61,2,0.5,5,51),(62,1,2,20,52),(63,2,2,18,52),(64,4,3,40,52),(65,1,3,80,53),(66,2,0.5,6,53),(67,3,1,19,53),(68,1,0.5,1,55),(69,4,0.25,1000,55),(70,1,1.5,25,56),(71,2,0.5,3,56),(72,1,3.5,100,57),(73,4,0.25,50,57),(74,1,0.75,15,60),(75,2,1,9,60),(76,3,0.5,3000,60),(77,1,1,15,61),(78,2,1.5,30,61),(79,2,1,24,63),(80,1,2,30,65),(81,2,1,0,65),(82,4,0.25,50,65),(83,1,2,40,66),(84,4,0.25,7200,66),(85,1,0.25,0,68),(86,1,2,35,69),(87,2,2,20,69),(88,1,5,140,70),(89,1,2,40,71),(90,1,1,15,72),(91,2,0.5,1,72),(92,1,1,28,73),(93,2,0.5,0.5,73),(94,3,0.5,8,73),(95,1,0.5,0.5,74),(96,2,0.5,0.5,74),(97,1,4,13,75),(98,4,2,12500,75),(99,2,0.25,0.25,76),(100,1,0.5,10,77),(101,2,1,0.4,77),(102,1,2,40,78),(103,2,2,8,78),(104,4,1,200,78),(105,1,2,2,79),(106,4,1,1,79),(107,1,1.5,21,81),(108,2,0.75,9,81),(109,4,0.12,800,84),(110,1,6,150,85),(111,2,2,30,85),(112,1,2.5,40,89),(113,2,2.5,15,89),(114,4,0.0625,10080,90),(115,1,0.5,3,91),(116,1,0.75,9,92),(117,4,0.5,3000,92),(118,4,0.25,10030,93),(119,1,8,140,97),(120,3,1,1000,97),(121,4,2,120000,97),(122,1,2,30,101),(123,4,1,12500,101),(124,1,1.5,14,106),(125,2,0.5,0,106),(126,1,1,9,112),(127,2,0.25,0,112),(128,3,0.25,0,112),(129,1,1,12,113),(130,2,0.25,0,113),(131,1,0.25,0,115),(132,3,0.5,0,115),(133,4,1,13000,115),(134,1,1.5,18,118),(135,2,0.5,8,118),(136,4,0.4,60,118),(137,1,9,20,119),(138,2,4,55,119),(139,3,1,40,119),(140,1,6,69,122),(141,2,6,6,122),(142,3,0.5,0.5,122),(143,4,1,1200,122),(144,1,1,8,123),(145,1,1,10,125),(146,2,1,0,125),(147,3,0.25,3200,125),(148,1,10,120,126),(149,2,15,35,126),(150,4,3,7500,126),(151,1,4,29,128),(152,2,1,1,128),(153,3,0.5,0.5,128),(154,1,2,40,129),(155,3,0.5,3000,129),(156,4,0.5,6000,129),(157,2,0.5,2,130),(158,1,1,7,131),(159,3,0.5,1600,131),(160,1,1.5,17,132),(161,4,0.5,6500,132),(162,1,10,220,133),(163,4,5,6500,133),(164,2,0.5,1,134),(165,4,1.5,20000,134),(166,4,0.5,70,135),(167,1,2,15,136),(168,2,0.25,0,136),(169,3,1,0,136),(170,1,2.5,50,137),(171,2,0.5,1,137),(172,1,3,150,138),(173,1,2,22,139),(174,1,1,12,140),(175,3,1,3000,140),(176,4,1,200,140),(177,1,1.5,6,141),(178,1,0.75,9,142),(179,2,0.25,0,142),(180,3,1,0,142),(181,1,2.5,15,144),(182,2,1.5,2,144),(183,4,1,0,144),(184,1,1,15,145),(185,2,1,1,145),(186,1,2,40,146),(187,2,0.5,0.5,146),(188,4,0.25,9,147),(189,1,2,8,149),(190,2,3,3,149),(191,3,3,0,149),(192,4,3,2000,149),(193,1,3,30,151),(194,2,0.5,2,151),(195,4,2,600,151),(196,1,4,30,152),(197,2,0.5,12,152),(198,3,1,12000,152),(199,4,0.5,66,152),(200,1,0.25,6,154),(201,2,1,10,154),(202,1,1,0,156),(203,1,3,20,157),(204,2,15,9,157),(205,4,1,1500,157),(206,1,0.25,3,158),(207,2,0.25,0,158),(208,1,1.5,38,159),(209,1,3,20,160),(210,2,0.25,3,160),(211,1,1,14,162),(212,4,0.5,20,162),(213,4,0.5,15,163),(214,1,0.5,1,165),(215,1,1,10,168),(216,3,0.5,800,168),(217,4,0.5,100,168),(218,1,0.5,8,169),(219,2,0.5,6,169),(220,4,0.25,2500,169),(221,1,6,50,170),(222,2,2,30,170),(223,4,0.5,0,170),(224,1,2,40,171),(225,3,1,12000,171),(226,2,2.5,50,172),(227,3,1,15000,172),(228,1,1,20,173),(229,2,0.75,16,173),(230,4,1,150,173),(231,1,0.75,0,174),(232,2,0.75,0,174),(233,1,1,0,176),(234,1,1,5,177),(235,1,3,50,178),(236,1,0.5,4,179),(237,1,2,20,180),(238,1,1,12,182),(239,2,1,12,186),(240,3,1.5,0,186),(241,4,0.5,3000,186),(242,1,1,10,187),(243,2,3,20,190),(244,1,6,120,191),(245,3,0.5,5,191),(246,4,6,50,191),(247,4,0.25,0,192),(248,1,0.25,10,194),(249,1,0.5,0.5,196),(250,1,1,0,198),(251,2,0.25,0,198),(252,4,0.25,0,198),(253,1,1,10,199),(254,1,8,80,200),(255,1,2,20,201),(256,1,1,10,202),(257,1,1,0,205),(258,1,1,28,206),(259,2,6,70,207),(260,3,112,4000,207),(261,1,0.75,13,208),(262,4,0.25,500,208),(263,1,2.5,30,209),(264,2,0.25,4000,211),(265,2,3,0,214),(266,3,3,0,214),(267,3,1,4000,218),(268,4,0.5,2000,218),(269,4,0.125,700,219),(270,4,0.0625,600,221),(271,1,0.125,0.5,224),(272,2,0.125,0.15,224),(273,4,0.25,2000,224),(274,4,0.25,0,227),(275,4,0.25,0.25,228),(276,4,0.25,800,229),(277,1,1.5,4,231),(278,2,1,0,241),(279,3,3,0,241),(280,4,2,20,241),(281,1,1,8,244),(282,1,2.5,16,249),(283,3,0.25,0.25,249),(284,4,1,1,249),(285,1,3,11,250),(286,2,0.25,0,250),(287,1,2,5,258),(288,3,0.25,0,255),(289,1,1,1,268),(290,1,4,50,271),(291,3,0.5,0,271),(292,4,1,1,276),(293,1,1,10,280),(294,1,2,1,282),(295,3,2,0,282),(296,1,0.5,10,288),(297,4,1.5,60000,288),(298,1,0.5,2,289),(299,4,0.5,500,289),(300,1,2,40,291),(301,3,1,40000,291),(302,3,0.25,5000,292),(303,1,0.0625,0,293),(304,2,0.0625,0,293),(305,4,0.25,0,293),(306,1,1.5,0,299),(307,2,0.75,0,299),(308,3,0.25,10000,299),(309,1,2.5,0,300),(310,2,0.5,0,300),(311,3,0.37,0,300),(312,1,3.5,25,301),(313,1,3,40,303),(314,2,0.5,0,303),(315,1,3,35,304),(316,4,1.5,10,304),(317,1,16,220,305),(318,2,1,0,305),(319,3,1,0,305),(320,1,3,40,307),(321,2,2,12,307),(322,3,0.5,20000,307),(323,4,0.25,10000,307),(324,2,2,0,308),(325,1,0.25,0.5,310),(326,2,0,0,310),(327,3,0.125,2500,310),(328,4,0.125,2,310),(329,2,2,10,311),(330,1,0.5,0,314),(331,2,0.5,0,314),(332,3,0.25,3,314),(333,4,0.25,4,314),(334,1,0.5,2,315),(335,1,5,20,318),(336,2,0.5,0,318),(337,4,2,0,318),(338,1,1,0,319),(339,2,0.5,0,319),(340,3,0.5,20000,319),(341,4,0.5,20000,319),(342,1,5,9,322),(343,2,0.5,0.5,322),(344,1,2,4,323),(345,2,1,0,323),(346,4,1,30000,323),(347,2,0.25,0,325),(348,3,0.25,0,325),(349,4,0.25,0,325),(350,1,0.0625,0,326),(351,3,0.25,0,326),(352,4,0.25,0,326),(353,1,0.25,2.5,328),(354,2,0.5,0,328),(355,4,0.25,0,328),(356,1,1,0,332),(357,2,6,10,332),(358,3,1,4600,332),(359,1,1,7,333),(360,3,0.25,4000,333),(361,1,1.5,20,334),(362,2,0.25,3,334),(363,1,1,32,335),(364,3,1,0,335),(365,1,6,20,338),(366,2,0.5,2,338),(367,1,0.75,5,343),(368,4,0.5,10000,343),(369,1,4,75,344),(370,2,0.0625,0.5,344),(371,1,1,4,345),(372,1,0.5,4,346),(373,1,3,42,347),(374,3,1,0,347),(375,4,0.25,0,347),(376,1,2,15,350),(377,4,2,40,350),(378,4,0.5,60,352),(379,1,3.5,30,354),(380,2,0.5,0,354),(381,1,0.5,2,356),(382,2,0.25,0,356),(383,1,0.25,0,357),(384,2,0.25,0,357),(385,1,0.25,0,358),(386,1,3,30,374),(387,4,0.5,10,374),(388,2,0.75,60,375),(389,4,0.5,10,375),(390,1,3,29,376),(391,1,1,10,378),(392,3,0.5,1000,378),(393,4,0.5,0,378),(394,1,1.5,0,379),(395,1,4,15,380),(396,3,1,40000,380),(397,1,2.5,15,381),(398,3,1,0,381),(399,4,1,0,381),(400,1,1,2,382),(401,1,0.5,0,383),(402,4,1,3500,383),(403,1,2,40,384),(404,1,2,15,385),(405,2,1,0,385),(406,1,1,15,386),(407,1,3,30,391),(408,2,1,0,391),(409,4,1,1,391),(410,1,3,50,395),(411,1,1,4,396),(412,2,2,0,396),(413,4,0.25,0.25,396),(414,1,4,40,397),(415,4,1,0,397),(416,1,0.5,8,398),(417,2,2,20,399),(418,3,1,0,399),(419,4,0.5,0,399),(420,1,0.5,1,401),(421,2,1,0,403),(422,1,2,40,404),(423,3,2,0,404),(424,1,0.5,3,427),(425,4,0.25,0,430),(426,1,0.25,2,433),(427,1,3.5,65,434),(428,2,1.5,0,434),(429,3,0.75,15,434),(430,4,0.25,0,434),(431,1,1,12,438),(432,2,0.5,3,438),(433,1,1,12,440),(434,2,0.5,3,440),(435,1,3,10,441),(436,2,1,0,441),(437,3,1,0,441),(438,1,0.5,1,451),(439,4,0.5,50,451),(440,1,1,5,453),(441,3,0.25,5,453),(442,1,0.25,6,455),(443,1,0.25,0,456),(444,3,0.12,0,456),(445,4,0.12,0,456),(446,1,3,18,457),(447,1,1.5,12,459),(448,3,1,35,459),(449,1,3,20,461),(450,4,5,250,461),(451,4,0.25,50,462),(452,4,0.17,10,470),(453,1,1,3,482),(454,3,0.5,25,482),(455,4,0.75,25,482),(456,1,0.5,5,483),(457,3,0.25,7.5,483),(458,4,0.25,50,483),(459,1,0.5,10,484),(460,3,0.07,10,484),(461,4,0.25,25,484),(462,1,1,1,486),(463,3,0.25,30,486),(464,4,0.5,11,486),(465,1,1.5,2,487),(466,3,0.25,8.5,487),(467,4,0.25,0.25,487),(468,1,200,0,488),(469,3,0.25,10,492),(470,4,0.25,10,492),(471,1,0.5,2,493),(472,1,0.25,0,494),(473,3,0.25,30,494),(474,4,0.0625,0,494),(475,1,0.25,0,495),(476,1,1.5,4,497),(477,4,1,50,497),(478,4,0.125,40,501),(479,4,0.25,25,502),(480,1,1,2,503),(481,3,0.0625,10,503),(482,4,0.0625,15,503),(483,1,0.25,1.25,504),(484,4,0.25,30,504),(485,1,1,1,505),(486,3,0.5,25,505),(487,1,0.0625,0,507),(527,3,0.75,12000,567),(489,1,0.5,6,512),(490,1,0.0625,0,516),(491,3,0.0625,7,516),(492,4,0.0625,4,516),(493,1,2,24,517),(494,1,3,36,519),(495,3,1,20,519),(496,1,1,8,520),(497,3,0.1,0,520),(498,4,1,38,520),(499,1,0.0625,0,521),(500,4,0.5,75,521),(501,4,0.25,10,521),(502,3,0.06,0,524),(503,1,0.25,2,525),(504,1,0.5,6,529),(505,1,0.75,11,537),(506,3,0.25,100,537),(507,4,0.25,7.5,537),(508,1,0.06,0.5,540),(509,3,0.06,15,540),(510,4,0.06,15,540),(511,1,0.25,2,541),(512,1,1.5,8.5,542),(513,3,0.5,10,542),(514,1,2.25,44,543),(515,1,3,21,545),(516,3,0.5,20,545),(517,4,0.5,5,545),(518,1,1,4,546),(519,1,3.5,60,547),(520,3,1.5,3.5,547),(521,4,1.5,3,547),(522,3,0.5,48,549),(523,1,1,12,550),(524,1,2,24,553),(525,3,2,250,553),(526,1,0.06,1,558),(528,1,3,15,572),(529,1,1,2,573),(530,1,2,16,575),(531,1,0.75,4,576),(532,1,8,60,577),(533,3,1,2000,594),(534,3,1,8000,601),(535,1,2,12,604),(536,3,1.5,8000,607),(537,1,5,45,612),(538,4,5,380,612),(539,1,4,40,617),(540,1,1,11,621),(541,1,6,88,624),(547,1,2,3,630),(546,3,1.5,12000,628),(544,2,0.25,3,626),(545,3,0.75,6000,626),(548,1,3,40,634),(549,1,0.25,1.5,635),(550,4,0.5,0,86);
/*!40000 ALTER TABLE `produccion_cultivospermanentes` ENABLE KEYS */;
UNLOCK TABLES;

--
-- Table structure for table `produccion_ganado`
--

DROP TABLE IF EXISTS `produccion_ganado`;
/*!40101 SET @saved_cs_client     = @@character_set_client */;
/*!40101 SET character_set_client = utf8 */;
CREATE TABLE `produccion_ganado` (
  `id` int(11) NOT NULL AUTO_INCREMENT,
  `nombre` varchar(200) NOT NULL,
  PRIMARY KEY (`id`)
) ENGINE=MyISAM AUTO_INCREMENT=12 DEFAULT CHARSET=latin1;
/*!40101 SET character_set_client = @saved_cs_client */;

--
-- Dumping data for table `produccion_ganado`
--

LOCK TABLES `produccion_ganado` WRITE;
/*!40000 ALTER TABLE `produccion_ganado` DISABLE KEYS */;
INSERT INTO `produccion_ganado` VALUES (1,'Vacas  paridas'),(2,'Vacas  horras y vaquillas'),(3,'Terneros y Novillos'),(4,'Semental'),(5,'Bueyes'),(6,'Equinos, asnos, mulas'),(7,'Aves'),(8,'Cerdos'),(9,'Peli buey/Cabros'),(10,'Peces'),(11,'Número de colmenas');
/*!40000 ALTER TABLE `produccion_ganado` ENABLE KEYS */;
UNLOCK TABLES;

--
-- Table structure for table `produccion_ganadomayor`
--

DROP TABLE IF EXISTS `produccion_ganadomayor`;
/*!40101 SET @saved_cs_client     = @@character_set_client */;
/*!40101 SET character_set_client = utf8 */;
CREATE TABLE `produccion_ganadomayor` (
  `id` int(11) NOT NULL AUTO_INCREMENT,
  `ganado_id` int(11) NOT NULL,
  `cantidad` int(11) NOT NULL,
  `encuesta_id` int(11) NOT NULL,
  PRIMARY KEY (`id`),
  KEY `produccion_ganadomayor_589ecc6e` (`ganado_id`),
  KEY `produccion_ganadomayor_1de70ac4` (`encuesta_id`)
) ENGINE=MyISAM AUTO_INCREMENT=1938 DEFAULT CHARSET=latin1;
/*!40101 SET character_set_client = @saved_cs_client */;

--
-- Dumping data for table `produccion_ganadomayor`
--

LOCK TABLES `produccion_ganadomayor` WRITE;
/*!40000 ALTER TABLE `produccion_ganadomayor` DISABLE KEYS */;
INSERT INTO `produccion_ganadomayor` VALUES (1,7,25,3),(2,7,15,5),(3,7,15,2),(4,1,1,6),(5,6,3,6),(6,7,45,6),(7,8,2,6),(8,7,30,7),(9,8,4,7),(10,7,10,8),(11,7,40,10),(12,8,3,10),(13,7,18,9),(14,9,1,9),(15,10,150,9),(16,11,5,9),(17,7,30,11),(18,7,15,12),(19,1,1,13),(20,3,1,13),(21,6,1,13),(22,7,8,13),(23,8,3,13),(24,7,17,14),(25,8,2,14),(26,7,8,15),(27,1,1,16),(28,3,2,16),(29,1,3,17),(30,2,2,17),(31,3,3,17),(32,4,1,17),(33,6,2,17),(34,7,40,17),(35,8,2,17),(36,7,5,18),(37,8,2,18),(38,1,3,20),(39,3,3,20),(40,7,6,20),(41,1,6,21),(42,3,5,21),(43,6,1,21),(44,7,15,21),(45,8,2,21),(46,1,1,22),(47,6,1,22),(48,7,20,22),(49,6,1,23),(50,7,20,23),(51,7,25,24),(52,8,3,24),(53,7,7,25),(54,8,1,25),(55,7,40,26),(56,6,1,27),(57,7,25,27),(58,8,1,27),(59,6,2,28),(60,7,25,28),(61,8,6,28),(62,11,1,28),(63,1,3,29),(64,2,2,29),(65,3,1,29),(66,6,1,29),(67,1,1,30),(68,3,1,30),(69,7,10,30),(70,8,1,30),(71,1,3,32),(72,2,3,32),(73,4,1,32),(74,6,2,32),(75,7,12,32),(76,1,2,33),(77,2,1,33),(78,3,2,33),(79,6,1,33),(80,7,8,33),(81,7,1,35),(82,1,2,34),(83,2,1,34),(84,6,1,34),(85,7,20,34),(86,2,5,37),(87,3,5,37),(88,7,33,37),(89,8,1,37),(90,2,3,36),(91,3,2,36),(92,6,1,38),(93,7,4,38),(94,8,2,38),(95,7,20,39),(96,7,22,40),(97,2,1,41),(98,3,1,41),(99,4,1,41),(100,6,1,41),(101,7,8,41),(102,1,2,42),(103,2,3,42),(104,3,3,42),(105,6,4,42),(106,7,12,42),(107,8,1,42),(108,11,8,42),(109,1,1,43),(110,5,2,43),(111,7,20,43),(112,6,2,44),(113,7,20,44),(114,1,1,45),(115,2,2,45),(116,7,20,45),(117,8,1,45),(118,9,2,45),(119,11,1,45),(120,1,2,46),(121,2,3,46),(122,3,2,46),(123,5,2,46),(124,6,3,46),(125,7,10,46),(126,8,1,46),(127,1,1,47),(128,2,1,47),(129,7,25,47),(130,1,2,48),(131,3,2,48),(132,6,1,48),(133,7,25,48),(134,8,2,48),(135,9,1,48),(136,7,8,49),(137,7,10,50),(138,8,1,50),(139,7,20,51),(140,2,5,52),(141,6,1,52),(142,7,40,52),(143,1,1,53),(144,2,4,53),(145,3,1,53),(146,6,1,53),(147,7,24,53),(148,8,1,53),(149,1,1,54),(150,2,3,54),(151,3,1,54),(152,6,1,54),(153,7,50,54),(154,8,4,54),(155,9,1,54),(156,10,150,54),(157,11,1,54),(158,1,3,55),(159,2,3,55),(160,3,3,55),(161,4,1,55),(162,6,1,55),(163,7,20,55),(164,7,10,56),(165,8,3,56),(166,7,40,57),(167,7,4,58),(168,7,10,59),(169,8,1,59),(170,6,15,60),(171,7,15,61),(172,8,3,61),(173,7,22,62),(174,7,14,63),(175,1,6,64),(176,2,9,64),(177,3,5,64),(178,4,1,64),(179,6,3,64),(180,7,8,64),(181,8,2,64),(182,7,20,65),(183,8,2,65),(184,7,17,66),(185,1,1,67),(186,2,2,67),(187,4,1,67),(188,7,30,67),(189,6,10,68),(190,6,1,69),(191,7,25,69),(192,8,2,69),(193,2,2,70),(194,6,1,70),(195,7,30,70),(196,8,1,70),(197,6,1,71),(198,7,17,71),(199,7,30,72),(200,7,18,73),(201,8,1,73),(202,1,1,74),(203,2,1,74),(204,7,17,74),(205,8,1,74),(206,6,1,75),(207,7,40,75),(208,8,1,75),(209,1,1,76),(210,2,8,76),(211,7,30,76),(212,8,1,76),(213,9,6,76),(214,10,200,76),(215,11,2,76),(216,1,2,77),(217,3,2,77),(218,6,3,77),(219,7,50,77),(220,8,5,77),(221,11,4,77),(222,2,7,78),(223,3,1,78),(224,6,2,78),(225,7,20,78),(226,1,1,79),(227,2,1,79),(228,3,4,79),(229,6,2,79),(230,7,30,79),(231,8,1,79),(232,11,1,79),(233,2,2,80),(234,7,5,80),(235,7,20,81),(236,7,4,82),(237,7,16,84),(238,8,2,84),(239,1,1,85),(240,2,14,85),(241,3,2,85),(242,4,1,85),(243,6,5,85),(244,7,50,85),(245,8,2,85),(246,1,6,86),(247,2,6,86),(248,3,6,86),(249,4,1,86),(250,6,3,86),(251,7,30,86),(252,2,2,87),(253,7,10,87),(254,9,1,88),(255,1,3,89),(256,2,5,89),(257,3,3,89),(258,4,1,89),(259,6,50,89),(260,7,2,89),(261,1,10,90),(262,3,10,90),(263,4,1,90),(264,6,3,90),(265,7,40,90),(266,7,15,91),(267,8,1,91),(268,2,1,92),(269,3,1,92),(270,6,2,92),(271,7,30,92),(272,8,1,92),(273,1,15,93),(274,2,5,93),(275,3,15,93),(276,4,1,93),(277,6,1,93),(278,7,15,93),(279,8,1,93),(280,1,2,94),(281,3,2,94),(282,7,10,94),(283,1,2,95),(284,2,10,95),(285,4,1,95),(286,6,1,95),(287,7,20,95),(288,8,1,95),(289,1,1,96),(290,7,12,96),(291,2,7,97),(292,2,1,97),(293,6,2,97),(294,7,30,97),(295,8,1,97),(296,6,3,98),(297,7,40,98),(298,7,3,99),(299,2,1,100),(300,3,1,100),(301,6,2,100),(302,7,60,100),(303,7,10,101),(304,8,2,101),(305,4,1,102),(306,6,1,102),(307,7,20,103),(308,7,30,104),(309,8,1,104),(310,1,2,105),(311,2,3,105),(312,3,1,105),(313,6,2,105),(314,7,60,105),(315,8,2,105),(316,7,12,106),(317,8,1,106),(318,8,1,108),(319,1,1,110),(320,3,1,110),(321,6,2,110),(322,7,25,110),(323,1,4,111),(324,2,3,111),(325,3,4,111),(326,4,1,111),(327,7,20,111),(328,1,1,112),(329,2,1,112),(330,7,3,112),(331,8,1,112),(332,7,3,113),(333,8,2,113),(334,7,20,115),(335,6,1,116),(336,7,11,116),(337,8,1,116),(338,7,10,117),(339,7,17,118),(340,8,1,118),(341,6,1,119),(342,7,20,119),(343,8,1,119),(344,7,35,120),(345,8,3,120),(346,7,19,121),(347,3,2,122),(348,5,2,122),(349,6,5,122),(350,7,30,122),(351,8,1,122),(352,7,4,123),(353,8,1,123),(354,8,45,124),(355,9,1,124),(356,1,1,125),(357,3,1,125),(358,6,1,125),(359,7,10,125),(360,6,1,126),(361,7,20,126),(362,8,1,126),(363,1,1,127),(364,3,1,127),(365,7,40,127),(366,8,3,127),(367,2,1,128),(368,6,1,128),(369,7,6,128),(370,8,1,128),(371,9,13,128),(372,1,4,129),(373,2,5,129),(374,3,4,129),(375,4,1,129),(376,6,1,129),(377,7,70,129),(378,8,2,129),(379,9,5,129),(380,10,150,129),(381,7,26,130),(382,1,1,130),(383,7,24,131),(384,2,2,132),(385,6,3,132),(386,7,30,132),(387,8,3,132),(388,9,7,132),(389,1,1,133),(390,3,1,133),(391,6,1,133),(392,7,33,133),(393,8,2,133),(394,1,1,134),(395,2,3,134),(396,3,3,134),(397,6,2,134),(398,7,6,134),(399,8,1,134),(400,7,27,135),(401,7,20,136),(402,8,7,136),(403,7,15,137),(404,8,1,137),(405,11,1,137),(406,2,2,138),(407,3,1,138),(408,6,1,138),(409,7,70,138),(410,8,2,138),(411,2,2,139),(412,7,22,139),(413,8,1,139),(414,11,1,139),(415,1,1,140),(416,6,1,140),(417,7,15,140),(418,8,1,140),(419,1,1,141),(420,3,1,141),(421,6,3,141),(422,7,30,141),(423,8,1,141),(424,10,30,141),(425,7,15,142),(426,1,5,143),(427,2,8,143),(428,4,1,143),(429,6,1,143),(430,7,10,143),(431,1,2,144),(432,3,2,144),(433,7,7,144),(434,1,8,145),(435,2,20,145),(436,3,4,145),(437,4,1,145),(438,6,3,145),(439,7,40,145),(440,8,2,145),(441,6,2,146),(442,7,10,146),(443,8,1,146),(444,1,1,147),(445,3,1,147),(446,7,25,147),(447,1,1,148),(448,2,4,148),(449,4,1,148),(450,6,2,148),(451,7,60,148),(452,1,3,149),(453,2,2,149),(454,3,3,149),(455,6,3,149),(456,7,50,149),(457,8,3,149),(458,1,1,151),(459,2,1,151),(460,3,1,151),(461,7,60,151),(462,8,1,151),(463,6,1,152),(464,7,45,152),(465,8,2,152),(466,7,17,153),(467,7,30,154),(468,8,2,154),(469,7,18,155),(470,8,1,155),(471,1,1,156),(472,3,1,156),(473,7,20,156),(474,8,3,156),(475,1,2,157),(476,2,8,157),(477,3,5,157),(478,4,1,157),(479,6,2,157),(480,7,80,157),(481,8,2,157),(482,1,1,158),(483,7,10,158),(484,8,1,158),(485,1,2,159),(486,2,3,159),(487,3,2,159),(488,6,1,159),(489,7,20,159),(490,8,3,159),(491,1,1,160),(492,4,1,160),(493,6,1,160),(494,7,15,160),(495,7,16,161),(496,8,2,161),(497,7,25,162),(498,1,3,163),(499,2,1,163),(500,3,3,163),(501,6,1,163),(502,7,30,163),(503,8,1,163),(504,1,1,164),(505,2,1,164),(506,3,1,164),(507,6,1,164),(508,7,10,164),(509,8,1,164),(510,9,1,164),(511,1,2,165),(512,2,2,165),(513,3,1,165),(514,7,25,165),(515,1,2,150),(516,2,3,150),(517,3,3,150),(518,6,1,150),(519,7,15,150),(520,2,4,166),(521,3,3,166),(522,6,1,166),(523,7,25,166),(524,6,1,168),(525,7,10,168),(526,2,1,170),(527,2,1,170),(528,6,30,170),(529,8,4,170),(530,7,30,171),(531,8,2,171),(532,1,2,172),(533,2,3,172),(534,3,2,172),(535,6,3,172),(536,7,12,172),(537,8,1,172),(538,6,1,173),(539,7,35,173),(540,8,1,173),(541,7,5,175),(542,7,6,176),(543,7,15,177),(544,1,5,178),(545,2,20,178),(546,3,2,178),(547,4,1,178),(548,6,1,178),(549,7,40,178),(550,8,7,178),(551,7,15,179),(552,7,10,180),(553,8,1,180),(554,7,20,181),(555,8,2,181),(556,2,3,182),(557,6,2,182),(558,7,12,182),(559,8,2,182),(560,9,2,182),(561,1,6,167),(562,2,10,167),(563,3,8,167),(564,6,2,167),(565,1,2,183),(566,2,3,183),(567,3,6,183),(568,4,1,183),(569,6,2,183),(570,1,1,184),(571,7,50,185),(572,1,5,186),(573,2,15,186),(574,3,4,186),(575,6,5,186),(576,7,40,186),(577,8,7,186),(578,1,1,187),(579,3,1,187),(580,6,1,187),(581,7,20,187),(582,8,2,187),(583,6,1,188),(584,7,18,188),(585,8,1,188),(586,7,15,189),(587,1,14,190),(588,2,10,190),(589,3,8,190),(590,4,2,190),(591,6,4,190),(592,7,20,190),(593,6,1,191),(594,7,10,191),(595,10,2000,191),(596,7,8,192),(597,1,2,193),(598,2,4,193),(599,3,5,193),(600,6,2,193),(601,7,20,193),(602,8,2,193),(603,10,200,193),(604,1,1,194),(605,2,1,194),(606,3,1,194),(607,6,4,194),(608,7,100,194),(609,8,4,194),(610,6,1,195),(611,7,10,195),(612,7,10,197),(613,8,1,197),(614,7,30,198),(615,8,1,198),(616,2,2,199),(617,6,1,199),(618,7,10,199),(619,8,1,199),(620,6,1,200),(621,7,20,200),(622,1,2,201),(623,2,1,201),(624,3,2,201),(625,6,1,201),(626,7,40,201),(627,8,2,201),(628,7,30,202),(629,8,2,202),(630,7,20,203),(631,8,1,203),(632,7,40,204),(633,2,2,205),(634,7,20,205),(635,8,1,205),(636,1,2,206),(637,2,1,206),(638,3,3,206),(639,7,5,206),(640,8,1,206),(641,1,17,207),(642,2,33,207),(643,3,25,207),(644,4,1,207),(645,5,2,207),(646,6,3,207),(647,7,10,207),(648,8,2,207),(649,10,200,207),(650,7,3,208),(651,7,42,209),(652,8,2,209),(653,7,20,210),(654,8,2,210),(655,1,1,211),(656,2,1,211),(657,3,1,211),(658,6,1,211),(659,7,30,211),(660,9,1,211),(661,1,1,212),(662,2,1,212),(663,5,1,212),(664,6,1,212),(665,7,16,212),(666,7,25,213),(667,1,1,214),(668,2,5,214),(669,3,1,214),(670,6,1,214),(671,7,40,214),(672,8,1,214),(673,1,1,215),(674,2,2,215),(675,3,1,215),(676,6,1,215),(677,7,15,215),(678,8,2,215),(679,2,5,216),(680,3,1,216),(681,6,1,216),(682,7,5,216),(683,11,12,216),(684,1,1,218),(685,2,3,218),(686,6,1,218),(687,7,10,218),(688,8,1,218),(689,6,1,219),(690,7,45,219),(691,8,1,219),(692,6,1,220),(693,7,40,220),(694,1,1,221),(695,7,10,221),(696,7,15,222),(697,8,3,222),(698,7,21,224),(699,8,4,224),(700,1,1,225),(701,2,1,225),(702,3,1,225),(703,7,5,225),(704,8,1,225),(705,7,10,226),(706,8,4,226),(707,1,4,227),(708,2,4,227),(709,3,1,227),(710,6,1,227),(711,7,20,227),(712,8,1,227),(713,7,5,228),(714,8,1,228),(715,2,1,229),(716,6,2,229),(717,7,25,229),(718,1,1,230),(719,1,1,231),(720,3,1,231),(721,7,30,231),(722,8,3,231),(723,2,1,232),(724,3,1,232),(725,7,32,232),(726,8,1,232),(727,1,3,233),(728,2,6,233),(729,3,1,233),(730,4,1,233),(731,6,1,233),(732,7,22,233),(733,7,10,234),(734,8,2,234),(735,2,2,235),(736,3,1,235),(737,6,1,235),(738,7,40,235),(739,7,15,236),(740,8,1,236),(741,1,2,237),(742,1,1,237),(743,7,25,237),(744,1,1,238),(745,2,5,238),(746,4,1,238),(747,6,2,238),(748,7,30,238),(749,9,3,238),(750,2,1,239),(751,2,1,240),(752,3,2,240),(753,6,1,240),(754,7,15,240),(755,1,1,241),(756,2,2,241),(757,3,1,241),(758,6,2,241),(759,7,40,241),(760,8,2,241),(761,2,2,242),(762,6,1,242),(763,7,35,242),(764,7,20,243),(765,8,1,243),(766,7,7,244),(767,8,1,244),(768,11,12,244),(769,1,1,246),(770,7,20,246),(771,8,2,246),(772,1,1,247),(773,2,6,247),(774,3,1,247),(775,6,2,247),(776,7,29,247),(777,2,2,248),(778,3,1,248),(779,6,1,248),(780,7,20,248),(781,8,2,248),(782,7,20,249),(783,8,1,249),(784,7,4,250),(785,2,1,251),(786,3,1,251),(787,6,1,251),(788,7,12,251),(789,8,1,251),(790,1,3,252),(791,2,1,252),(792,6,2,252),(793,7,12,252),(794,7,7,253),(795,7,18,254),(796,1,2,258),(797,7,15,258),(798,8,3,258),(799,7,5,259),(800,8,2,259),(801,1,2,255),(802,2,1,255),(803,3,1,255),(804,6,1,255),(805,7,20,255),(806,9,1,255),(807,7,2,260),(808,7,10,261),(809,8,1,261),(810,1,1,262),(811,2,5,262),(812,6,1,262),(813,7,4,262),(814,7,8,263),(815,7,10,264),(816,8,2,264),(817,7,8,265),(818,8,2,265),(819,7,14,266),(820,7,10,267),(821,7,30,268),(822,8,2,268),(823,7,12,269),(824,8,1,269),(825,1,1,270),(826,3,1,270),(827,6,1,270),(828,7,5,270),(829,8,2,270),(830,1,1,271),(831,2,1,271),(832,3,1,271),(833,6,1,271),(834,7,20,271),(835,11,10,271),(836,2,3,272),(837,7,24,272),(838,8,2,272),(839,7,4,273),(840,7,6,274),(841,8,2,274),(842,1,1,275),(843,2,2,275),(844,3,1,275),(845,7,6,275),(846,8,1,275),(847,1,2,276),(848,3,2,276),(849,7,10,276),(850,7,2,276),(851,7,5,277),(852,7,5,278),(853,8,2,278),(854,9,1,278),(855,7,10,279),(856,7,50,280),(857,7,5,281),(858,8,4,281),(859,1,4,282),(860,2,6,282),(861,3,5,282),(862,6,3,282),(863,7,10,282),(864,8,2,282),(865,7,6,283),(866,8,1,283),(867,7,7,285),(868,1,2,286),(869,2,3,286),(870,3,1,286),(871,6,2,286),(872,7,30,286),(873,1,1,287),(874,6,2,287),(875,7,9,287),(876,7,12,288),(877,8,2,288),(878,1,6,289),(879,2,9,289),(880,4,1,289),(881,6,1,289),(882,7,10,289),(883,8,1,289),(884,2,1,290),(885,7,15,290),(886,1,9,291),(887,2,26,291),(888,3,15,291),(889,6,4,291),(890,7,60,291),(891,8,3,291),(892,10,90,291),(893,11,3,291),(894,1,1,292),(895,3,1,292),(896,7,10,292),(897,1,4,293),(898,2,6,293),(899,3,6,293),(900,4,1,293),(901,6,3,293),(902,7,30,293),(903,7,11,295),(904,1,1,296),(905,2,1,296),(906,3,1,296),(907,7,5,296),(908,7,13,297),(909,7,15,299),(910,7,10,300),(911,6,1,301),(912,7,20,301),(913,8,2,301),(914,1,1,302),(915,2,4,302),(916,4,2,302),(917,7,5,302),(918,1,1,303),(919,2,1,303),(920,3,1,303),(921,6,1,303),(922,7,10,303),(923,8,2,303),(924,2,3,304),(925,6,1,304),(926,7,15,304),(927,8,1,304),(928,2,4,305),(929,6,1,305),(930,7,23,305),(931,8,1,305),(932,11,1,305),(933,7,67,307),(934,10,100,307),(935,11,6,307),(936,1,3,308),(937,2,5,308),(938,3,5,308),(939,6,5,308),(940,7,40,308),(941,8,6,308),(942,7,15,309),(943,7,6,310),(944,1,2,311),(945,2,3,311),(946,3,3,311),(947,6,2,311),(948,7,50,311),(949,8,1,311),(950,1,1,312),(951,2,1,312),(952,7,12,312),(953,8,1,312),(954,1,3,313),(955,2,2,313),(956,3,3,313),(957,7,23,313),(958,8,3,313),(959,9,4,313),(960,1,2,314),(961,3,3,314),(962,7,40,314),(963,8,4,314),(964,9,3,314),(965,11,5,314),(966,1,1,315),(967,2,2,315),(968,7,50,315),(969,8,2,315),(970,2,2,317),(971,3,2,317),(972,7,20,317),(973,1,1,318),(974,3,2,318),(975,6,2,318),(976,7,5,318),(977,8,1,318),(978,7,40,319),(979,11,6,319),(1594,1,3,539),(1593,7,1,538),(1592,7,12,537),(983,2,1,321),(984,3,1,321),(985,7,12,321),(986,1,18,322),(987,2,20,322),(988,3,15,322),(989,6,3,322),(990,7,30,322),(991,8,4,322),(992,11,1000,322),(993,1,6,323),(994,2,4,323),(995,3,6,323),(996,4,1,323),(997,6,2,323),(998,7,20,323),(999,8,1,323),(1000,1,3,324),(1001,2,2,324),(1002,3,2,324),(1003,6,2,324),(1004,7,7,324),(1005,7,1,324),(1006,7,7,325),(1007,8,2,325),(1008,9,1,325),(1009,7,10,326),(1010,8,1,326),(1011,7,2,327),(1012,7,5,328),(1013,8,1,328),(1014,1,1,329),(1015,3,2,329),(1016,7,4,329),(1017,8,1,329),(1018,7,20,330),(1019,1,6,331),(1020,2,6,331),(1021,3,7,331),(1022,5,2,331),(1023,7,20,331),(1024,8,4,331),(1025,1,4,332),(1026,2,3,332),(1027,3,4,332),(1028,6,1,332),(1029,7,30,332),(1030,8,3,332),(1031,7,12,333),(1032,8,2,333),(1033,7,15,334),(1034,8,3,334),(1035,7,20,335),(1036,8,1,335),(1037,7,10,336),(1038,8,2,336),(1039,1,4,337),(1040,2,4,337),(1041,3,5,337),(1042,6,2,337),(1043,8,1,337),(1044,1,2,338),(1045,2,3,338),(1046,5,2,338),(1047,6,3,338),(1048,7,20,338),(1049,8,3,338),(1050,6,1,339),(1051,7,20,339),(1052,8,2,339),(1053,2,1,340),(1054,7,10,340),(1055,2,1,341),(1056,6,1,341),(1057,7,20,341),(1058,6,2,342),(1059,7,15,342),(1060,2,1,344),(1061,3,3,344),(1062,7,12,344),(1063,8,3,344),(1064,1,2,345),(1065,3,2,345),(1066,6,1,345),(1067,7,30,345),(1068,8,5,345),(1069,2,3,346),(1070,3,3,346),(1071,6,2,346),(1072,7,15,346),(1073,8,4,346),(1074,1,1,347),(1075,2,3,347),(1076,3,4,347),(1077,6,1,347),(1078,1,4,348),(1079,2,2,348),(1080,3,2,348),(1081,6,2,348),(1082,7,20,348),(1083,8,3,348),(1084,7,25,350),(1085,8,2,350),(1086,1,4,349),(1087,2,3,349),(1088,3,2,349),(1089,7,40,349),(1090,8,1,349),(1091,1,1,351),(1092,2,1,351),(1093,3,1,351),(1094,1,3,352),(1095,2,4,352),(1096,3,3,352),(1097,6,5,352),(1098,7,25,352),(1099,8,4,352),(1100,7,18,353),(1101,8,3,353),(1102,1,1,354),(1103,7,15,354),(1104,8,1,354),(1105,9,1,354),(1106,11,21,354),(1107,2,2,355),(1108,6,1,355),(1109,7,25,355),(1110,11,4,355),(1111,7,10,356),(1112,8,2,356),(1113,7,20,357),(1114,6,2,358),(1115,7,13,358),(1116,8,2,358),(1117,7,1,359),(1118,6,1,362),(1119,7,2,362),(1120,2,1,364),(1121,3,1,364),(1122,7,5,365),(1123,7,30,366),(1124,2,1,367),(1125,3,1,367),(1126,6,1,367),(1127,7,19,367),(1128,9,2,367),(1129,7,5,368),(1130,8,1,368),(1131,3,1,370),(1132,7,3,370),(1133,1,2,371),(1134,1,1,372),(1135,2,1,372),(1136,4,1,372),(1137,6,2,372),(1138,7,5,372),(1139,8,2,372),(1140,10,200,372),(1141,1,3,373),(1142,2,2,373),(1143,3,4,373),(1144,7,10,373),(1145,6,1,374),(1146,7,8,374),(1147,8,10,374),(1148,1,2,376),(1149,2,11,376),(1150,3,1,376),(1151,6,5,376),(1152,7,30,376),(1153,8,2,376),(1154,2,1,377),(1155,3,3,377),(1156,7,6,377),(1157,8,3,377),(1158,1,7,378),(1159,2,7,378),(1160,3,10,378),(1161,6,3,378),(1162,7,30,378),(1163,8,3,378),(1164,1,6,379),(1165,2,5,379),(1166,3,6,379),(1167,4,1,379),(1168,6,2,379),(1169,7,20,379),(1170,8,6,379),(1171,1,2,380),(1172,3,8,380),(1173,6,2,380),(1174,7,40,380),(1175,8,1,380),(1176,1,1,381),(1177,2,1,381),(1178,3,2,381),(1179,6,1,381),(1180,7,30,381),(1181,8,2,381),(1182,1,1,382),(1183,2,3,382),(1184,3,7,382),(1185,4,1,382),(1186,6,11,382),(1187,7,30,382),(1188,8,1,382),(1189,7,15,383),(1190,8,1,383),(1191,1,2,384),(1192,2,1,384),(1193,3,2,384),(1194,6,1,384),(1195,7,20,384),(1196,8,3,384),(1197,6,1,385),(1198,7,30,385),(1199,8,3,385),(1200,1,2,386),(1201,3,2,386),(1202,6,1,386),(1203,7,40,386),(1204,8,3,386),(1205,1,2,387),(1206,2,2,387),(1207,6,1,387),(1208,7,1,387),(1209,8,1,387),(1210,1,1,388),(1211,2,1,388),(1212,6,1,388),(1213,7,12,388),(1214,8,1,388),(1215,1,2,389),(1216,6,2,389),(1217,7,20,389),(1218,7,10,390),(1219,8,1,390),(1220,1,2,391),(1221,2,2,391),(1222,3,3,391),(1223,6,3,391),(1224,7,25,391),(1225,8,1,391),(1226,6,2,392),(1227,7,2,392),(1228,1,1,393),(1229,6,2,393),(1230,7,7,393),(1231,8,2,393),(1232,7,12,394),(1233,7,30,395),(1234,8,2,395),(1235,6,5,396),(1236,7,15,396),(1237,7,30,397),(1238,7,12,398),(1239,8,1,398),(1240,1,12,399),(1241,2,22,399),(1242,3,18,399),(1243,4,2,399),(1244,5,2,399),(1245,6,8,399),(1246,7,35,399),(1247,8,3,399),(1248,6,1,400),(1249,7,13,400),(1250,8,2,400),(1251,1,3,401),(1252,3,3,401),(1253,6,5,401),(1254,7,12,401),(1255,7,2,401),(1256,1,2,402),(1257,2,1,402),(1258,3,2,402),(1259,6,1,402),(1260,7,15,402),(1261,8,4,402),(1262,1,4,403),(1263,2,2,403),(1264,3,7,403),(1265,6,4,403),(1266,7,20,403),(1267,7,8,404),(1268,6,1,405),(1269,3,1,407),(1270,6,2,407),(1271,7,10,407),(1272,7,20,408),(1273,7,1,409),(1274,7,7,412),(1275,1,2,413),(1276,3,2,413),(1277,4,1,413),(1278,6,1,413),(1279,7,10,413),(1280,8,2,413),(1281,7,0,414),(1282,7,15,415),(1283,8,2,415),(1284,2,1,416),(1285,7,23,416),(1286,2,2,417),(1287,6,2,417),(1288,7,10,417),(1289,9,3,417),(1290,7,20,418),(1291,8,2,418),(1292,2,6,419),(1293,6,1,419),(1294,7,10,419),(1295,7,4,420),(1296,6,1,421),(1297,7,4,421),(1298,8,1,421),(1299,7,9,422),(1300,7,60,423),(1301,8,1,423),(1302,6,1,424),(1303,7,9,424),(1304,3,1,425),(1305,7,8,425),(1306,6,2,426),(1307,7,7,426),(1308,7,30,427),(1309,8,3,427),(1310,7,9,428),(1311,6,1,429),(1312,7,20,429),(1313,8,1,429),(1314,1,2,430),(1315,2,1,430),(1316,3,1,430),(1317,7,40,430),(1318,8,3,430),(1319,6,1,431),(1320,7,4,431),(1321,2,2,432),(1322,5,1,432),(1323,7,6,432),(1324,8,1,432),(1325,6,1,433),(1326,7,15,433),(1327,8,1,433),(1328,1,1,434),(1329,3,1,434),(1330,6,2,434),(1331,7,30,434),(1332,8,3,434),(1333,5,2,435),(1334,6,2,435),(1335,7,10,435),(1336,8,3,435),(1337,6,1,436),(1338,7,15,436),(1339,8,1,436),(1340,1,1,438),(1341,2,3,438),(1342,7,40,438),(1343,8,3,438),(1344,11,6,438),(1345,1,1,439),(1346,3,1,439),(1347,7,15,439),(1348,8,2,439),(1349,1,1,440),(1350,2,3,440),(1351,7,40,440),(1352,8,3,440),(1353,11,6,440),(1354,7,15,441),(1355,9,1,441),(1356,10,150,441),(1357,2,1,442),(1358,7,10,442),(1359,8,1,442),(1360,6,2,443),(1361,7,8,443),(1362,7,20,444),(1363,8,1,444),(1364,1,1,445),(1365,3,1,445),(1366,7,14,445),(1367,7,6,446),(1368,2,1,447),(1369,6,1,447),(1370,7,6,447),(1371,8,1,447),(1372,7,15,448),(1373,8,1,448),(1374,7,15,450),(1375,7,6,451),(1376,1,3,452),(1377,2,2,452),(1378,6,1,452),(1379,7,7,452),(1380,8,1,452),(1381,7,19,453),(1382,6,1,454),(1383,7,5,454),(1384,7,20,455),(1385,2,1,456),(1386,6,2,456),(1387,7,22,456),(1388,1,3,457),(1389,2,2,457),(1390,3,2,457),(1391,6,1,457),(1392,7,10,457),(1393,1,1,458),(1394,7,9,458),(1395,8,1,458),(1396,1,1,459),(1397,3,1,459),(1398,6,2,459),(1399,7,25,459),(1400,1,2,460),(1401,2,3,460),(1402,3,3,460),(1403,6,2,460),(1404,7,5,460),(1405,8,1,460),(1406,9,1,460),(1407,10,40,460),(1408,1,1,461),(1409,2,1,461),(1410,3,2,461),(1411,6,1,461),(1412,7,15,461),(1413,7,15,462),(1414,8,1,463),(1415,9,1,463),(1416,1,1,464),(1417,3,1,464),(1418,7,10,464),(1419,8,3,464),(1420,1,1,465),(1421,2,1,465),(1422,7,10,466),(1423,5,2,467),(1424,7,4,467),(1425,1,1,468),(1426,2,1,468),(1427,3,1,468),(1428,7,10,468),(1429,1,1,469),(1430,3,3,469),(1431,6,2,469),(1432,7,8,469),(1433,1,3,470),(1434,3,3,470),(1435,6,5,470),(1436,7,20,470),(1437,8,4,470),(1438,7,14,471),(1439,4,1,472),(1440,7,4,472),(1441,8,1,472),(1442,6,1,473),(1443,7,4,473),(1444,1,1,474),(1445,3,1,474),(1446,7,4,474),(1447,8,1,474),(1448,1,1,475),(1449,3,1,475),(1450,4,1,475),(1451,6,1,475),(1452,7,15,475),(1453,8,1,475),(1454,9,4,475),(1455,7,8,477),(1456,7,12,478),(1457,8,3,478),(1458,7,22,479),(1459,1,4,481),(1460,2,3,481),(1461,3,4,481),(1462,6,1,481),(1463,7,15,481),(1464,7,10,482),(1465,6,1,483),(1466,7,25,483),(1467,2,1,484),(1468,7,20,484),(1469,1,2,485),(1470,3,1,485),(1471,6,2,485),(1472,7,6,485),(1473,8,1,485),(1474,9,3,485),(1475,7,4,486),(1476,1,1,487),(1477,3,1,487),(1478,6,1,487),(1479,7,10,487),(1480,7,30,488),(1481,1,1,489),(1482,3,1,489),(1483,7,10,489),(1484,7,12,490),(1485,6,1,491),(1486,7,8,491),(1487,6,1,493),(1488,8,1,493),(1489,7,6,495),(1490,7,20,496),(1491,8,1,496),(1492,6,1,497),(1493,7,8,497),(1494,1,1,498),(1495,4,1,498),(1496,7,25,498),(1497,8,2,498),(1498,6,1,499),(1499,2,2,500),(1500,3,2,500),(1501,8,5,500),(1502,9,2,500),(1503,7,15,501),(1504,1,3,502),(1505,2,5,502),(1506,3,4,502),(1507,4,1,502),(1508,6,2,502),(1509,7,15,502),(1510,7,1,502),(1511,1,1,503),(1512,3,1,503),(1513,6,1,503),(1514,7,12,503),(1515,6,1,504),(1516,7,15,504),(1517,2,1,505),(1518,7,15,505),(1663,2,1,565),(1520,1,1,507),(1521,2,3,507),(1522,7,30,507),(1662,8,2,563),(1661,7,15,563),(1660,2,2,563),(1526,2,2,509),(1527,7,7,509),(1528,8,7,509),(1529,7,10,510),(1530,1,1,511),(1531,3,1,511),(1532,4,1,511),(1533,6,1,511),(1534,7,7,511),(1535,6,1,512),(1536,7,18,512),(1537,8,1,512),(1538,7,40,515),(1539,8,1,515),(1540,1,1,516),(1541,3,1,516),(1542,1,1,517),(1543,3,2,517),(1544,6,1,517),(1545,7,5,517),(1546,8,2,517),(1547,1,1,518),(1548,3,1,518),(1549,6,1,518),(1550,7,20,518),(1551,1,1,520),(1552,3,1,520),(1553,6,1,520),(1554,7,15,520),(1555,1,1,521),(1556,2,1,521),(1557,7,20,521),(1558,8,1,521),(1559,9,4,521),(1560,7,3,522),(1561,7,2,523),(1562,7,8,525),(1563,1,1,529),(1564,2,2,529),(1565,3,1,529),(1566,5,1,529),(1567,6,3,529),(1568,7,25,529),(1569,8,1,529),(1570,6,1,530),(1571,7,10,530),(1572,2,2,531),(1573,7,8,531),(1574,8,2,531),(1575,1,5,532),(1576,2,3,532),(1577,3,3,532),(1578,6,1,532),(1579,7,6,532),(1580,2,2,533),(1581,6,4,533),(1582,7,5,533),(1583,1,1,534),(1584,2,4,534),(1585,3,1,534),(1586,7,2,534),(1659,1,1,563),(1588,2,1,536),(1589,3,1,536),(1590,6,1,536),(1591,7,20,536),(1595,2,2,539),(1596,3,3,539),(1597,5,1,539),(1598,7,36,539),(1599,1,3,540),(1600,2,2,540),(1601,3,3,540),(1602,6,2,540),(1603,7,10,540),(1604,1,1,541),(1605,3,1,541),(1606,7,18,541),(1607,7,5,542),(1608,7,8,543),(1609,2,1,544),(1610,3,1,544),(1611,7,12,544),(1612,8,1,544),(1613,1,1,545),(1614,3,1,545),(1615,7,5,545),(1616,7,5,546),(1617,6,1,547),(1618,7,5,547),(1619,8,3,547),(1620,1,4,548),(1621,2,2,548),(1622,3,4,548),(1623,8,1,548),(1624,7,25,549),(1625,7,20,550),(1626,8,1,551),(1627,1,1,552),(1628,3,1,552),(1629,7,8,552),(1630,7,4,553),(1631,1,1,554),(1632,2,1,554),(1633,3,1,554),(1634,7,16,554),(1635,7,2,554),(1636,6,1,555),(1637,7,5,555),(1638,6,2,556),(1639,7,10,556),(1640,8,1,556),(1641,7,22,557),(1642,1,1,558),(1643,3,1,558),(1644,7,12,558),(1645,1,1,559),(1646,7,4,559),(1647,8,1,559),(1648,8,1,560),(1649,1,14,561),(1650,2,30,561),(1651,3,14,561),(1652,4,1,561),(1653,6,3,561),(1654,7,50,561),(1655,8,2,561),(1656,2,1,562),(1657,7,6,562),(1658,7,21,564),(1664,7,3,565),(1665,7,8,566),(1666,2,1,567),(1667,3,1,567),(1668,4,1,567),(1669,7,12,567),(1670,1,2,568),(1671,2,4,568),(1672,5,2,568),(1673,6,2,568),(1674,7,6,568),(1675,8,2,568),(1676,2,1,569),(1677,7,20,570),(1678,8,1,570),(1679,1,2,571),(1680,2,3,571),(1681,3,2,571),(1682,5,2,571),(1683,7,6,571),(1684,8,4,571),(1685,2,1,572),(1686,6,1,572),(1687,7,10,572),(1688,8,2,572),(1689,1,2,573),(1690,2,4,573),(1691,3,3,573),(1692,4,1,573),(1693,6,3,573),(1694,7,15,573),(1695,8,1,573),(1696,1,5,574),(1697,2,7,574),(1698,3,3,574),(1699,4,1,574),(1700,6,1,574),(1701,8,1,574),(1702,1,1,575),(1703,7,14,575),(1704,8,1,575),(1705,1,1,576),(1706,2,1,576),(1707,3,2,576),(1708,7,20,576),(1709,8,3,576),(1710,1,2,577),(1711,2,12,577),(1712,3,6,577),(1713,5,2,577),(1714,6,4,577),(1715,7,50,577),(1716,8,6,577),(1717,7,10,578),(1718,1,4,579),(1719,2,6,579),(1720,7,6,579),(1721,8,1,579),(1722,7,10,580),(1723,7,5,581),(1724,8,1,581),(1725,2,1,582),(1726,7,30,582),(1727,8,10,582),(1728,7,3,584),(1729,1,2,583),(1730,2,3,583),(1731,3,3,583),(1732,4,1,583),(1733,5,2,583),(1734,6,1,583),(1735,7,10,583),(1736,8,2,583),(1737,1,1,585),(1738,2,1,585),(1739,5,2,585),(1740,7,40,585),(1741,8,3,585),(1742,7,6,586),(1743,7,2,586),(1744,7,10,587),(1745,8,1,587),(1746,1,1,588),(1747,2,2,588),(1748,3,4,588),(1749,6,1,588),(1750,7,20,588),(1751,8,3,588),(1752,7,8,589),(1753,7,5,590),(1754,1,1,591),(1755,2,2,591),(1756,7,20,591),(1757,8,2,591),(1758,9,7,591),(1759,5,2,592),(1760,1,1,593),(1761,2,3,593),(1762,3,1,593),(1763,7,5,593),(1764,1,1,594),(1765,7,8,594),(1766,8,1,594),(1767,1,1,595),(1768,2,1,595),(1769,3,1,595),(1770,7,1,595),(1771,8,1,595),(1772,1,1,596),(1773,2,1,596),(1774,7,10,596),(1775,8,2,596),(1776,2,2,597),(1777,7,18,597),(1778,8,2,597),(1779,7,12,598),(1780,8,2,598),(1781,1,1,599),(1782,2,1,599),(1783,7,5,599),(1784,1,1,600),(1785,2,1,600),(1786,5,2,600),(1787,7,40,600),(1788,8,3,600),(1789,1,8,601),(1790,2,8,601),(1791,4,1,601),(1792,5,4,601),(1793,6,3,601),(1794,7,12,601),(1795,8,3,601),(1796,2,1,602),(1797,7,20,602),(1798,8,1,602),(1799,1,1,603),(1800,7,25,603),(1801,7,7,604),(1802,1,1,605),(1803,7,20,605),(1804,8,1,605),(1805,1,4,606),(1806,2,1,606),(1807,3,1,606),(1808,7,15,606),(1809,8,2,606),(1810,2,1,607),(1811,7,25,607),(1812,2,1,608),(1813,7,12,608),(1814,8,1,608),(1815,2,2,609),(1816,7,25,609),(1817,8,3,609),(1818,1,2,610),(1819,2,3,610),(1820,3,1,610),(1821,5,2,610),(1822,6,5,610),(1823,7,30,610),(1824,8,3,610),(1825,1,2,611),(1826,2,9,611),(1827,3,2,611),(1828,4,1,611),(1829,5,2,611),(1830,6,4,611),(1831,7,20,611),(1832,8,4,611),(1833,1,4,612),(1834,2,4,612),(1835,3,2,612),(1836,4,1,612),(1837,7,20,612),(1838,8,1,612),(1839,11,1,612),(1840,2,1,613),(1841,3,1,613),(1842,6,1,613),(1843,1,1,614),(1844,2,4,614),(1845,5,2,614),(1846,6,2,614),(1847,7,5,614),(1848,8,4,614),(1849,7,15,615),(1850,8,1,615),(1851,5,2,616),(1852,7,10,616),(1853,8,1,616),(1854,1,2,617),(1855,2,2,617),(1856,6,4,617),(1857,7,60,617),(1858,8,2,617),(1859,7,4,618),(1860,8,1,618),(1861,2,4,619),(1862,7,3,619),(1863,8,1,619),(1864,7,14,620),(1865,2,1,621),(1866,3,2,621),(1867,6,1,621),(1868,8,2,622),(1869,7,13,623),(1870,8,3,623),(1871,1,3,624),(1872,2,1,624),(1873,3,1,624),(1874,7,20,624),(1875,8,1,624),(1876,10,200,624),(1888,7,20,628),(1887,2,5,628),(1886,1,1,628),(1885,2,2,627),(1881,1,1,626),(1882,7,15,626),(1883,8,2,626),(1884,11,2,626),(1889,8,2,628),(1890,7,25,629),(1891,8,1,629),(1892,1,1,630),(1893,2,3,630),(1894,4,1,630),(1895,6,3,630),(1896,7,35,630),(1897,8,4,630),(1898,7,20,631),(1899,8,2,631),(1900,7,15,632),(1901,8,1,632),(1902,6,1,633),(1903,7,6,633),(1904,8,3,633),(1905,5,1,634),(1906,7,20,634),(1907,8,1,634),(1908,7,4,635),(1909,1,1,636),(1910,7,12,636),(1911,8,2,636),(1912,1,1,637),(1913,3,1,637),(1914,7,8,637),(1915,8,1,637),(1916,1,1,638),(1917,2,1,638),(1918,7,1,638),(1919,1,1,639),(1920,7,16,639),(1921,8,2,639),(1922,7,6,640),(1923,8,1,640),(1924,1,1,641),(1925,2,1,641),(1926,8,12,641),(1927,9,2,641),(1928,1,1,642),(1929,2,1,642),(1930,6,2,642),(1931,7,5,642),(1932,8,1,642),(1933,2,3,643),(1934,6,2,643),(1935,7,12,643),(1936,8,1,643),(1937,7,6,644);
/*!40000 ALTER TABLE `produccion_ganadomayor` ENABLE KEYS */;
UNLOCK TABLES;

--
-- Table structure for table `produccion_hortalizas`
--

DROP TABLE IF EXISTS `produccion_hortalizas`;
/*!40101 SET @saved_cs_client     = @@character_set_client */;
/*!40101 SET character_set_client = utf8 */;
CREATE TABLE `produccion_hortalizas` (
  `id` int(11) NOT NULL AUTO_INCREMENT,
  `cultivos_id` int(11) NOT NULL,
  `manzana` double NOT NULL,
  `produccion` double NOT NULL,
  `encuesta_id` int(11) NOT NULL,
  PRIMARY KEY (`id`),
  KEY `produccion_hortalizas_168c2801` (`cultivos_id`),
  KEY `produccion_hortalizas_1de70ac4` (`encuesta_id`)
) ENGINE=MyISAM AUTO_INCREMENT=54 DEFAULT CHARSET=latin1;
/*!40101 SET character_set_client = @saved_cs_client */;

--
-- Dumping data for table `produccion_hortalizas`
--

LOCK TABLES `produccion_hortalizas` WRITE;
/*!40000 ALTER TABLE `produccion_hortalizas` DISABLE KEYS */;
INSERT INTO `produccion_hortalizas` VALUES (1,10,0.25,20,15),(2,11,0.25,27,15),(3,10,12.25,40,19),(4,11,10.25,32,19),(5,10,0.125,480,31),(6,11,0.0625,300,31),(7,10,0.125,200,45),(8,1,0.25,1250,46),(9,10,0.125,100,54),(10,10,0.0625,200,55),(11,11,0.0625,280,55),(12,10,0.125,300,78),(13,10,10,40,86),(14,11,6,48,86),(15,10,0.25,40,90),(16,11,0.25,60,90),(17,9,0,50,93),(18,10,1,0,93),(19,11,0.5,100,93),(20,2,0.5,10,129),(21,10,0.125,100,140),(22,1,0.125,5000,149),(23,10,0.25,3,165),(24,11,0.25,4,165),(25,11,0.065,0,192),(26,1,1.5,300,207),(27,2,0.25,60,207),(28,1,0.25,0.25,271),(29,2,0.25,0.25,271),(30,6,6,6,276),(31,9,0.0625,100,293),(32,10,0.0625,90,293),(33,11,0.0625,130,293),(34,10,0.0625,0,301),(35,11,0.12,40,353),(36,1,0.015625,6.5,417),(37,3,0.015625,50,417),(38,5,0.015625,30,417),(39,8,0.015625,30,417),(40,10,0.12,200,456),(41,10,1.15,600,502),(42,1,0.0625,0.5,503),(43,9,0.0625,1000,517),(44,6,0.0625,1000,520),(45,1,0.04,40,541),(46,10,0.0025,500,549),(47,11,0.0025,600,549),(48,1,0.016,1,556),(49,2,0.016,1,556),(50,1,1.5,200,567),(51,2,0.25,35,567),(52,10,0.0625,100,612),(53,11,0.0625,150,612);
/*!40000 ALTER TABLE `produccion_hortalizas` ENABLE KEYS */;
UNLOCK TABLES;

--
-- Table structure for table `produccion_limitaciones`
--

DROP TABLE IF EXISTS `produccion_limitaciones`;
/*!40101 SET @saved_cs_client     = @@character_set_client */;
/*!40101 SET character_set_client = utf8 */;
CREATE TABLE `produccion_limitaciones` (
  `id` int(11) NOT NULL AUTO_INCREMENT,
  `nombre` varchar(200) NOT NULL,
  PRIMARY KEY (`id`)
) ENGINE=MyISAM AUTO_INCREMENT=13 DEFAULT CHARSET=latin1;
/*!40101 SET character_set_client = @saved_cs_client */;

--
-- Dumping data for table `produccion_limitaciones`
--

LOCK TABLES `produccion_limitaciones` WRITE;
/*!40000 ALTER TABLE `produccion_limitaciones` DISABLE KEYS */;
INSERT INTO `produccion_limitaciones` VALUES (1,'1. Falta de agua para riego'),(2,'2. Clima inestable: sequia, veranio, no llovio'),(3,'3. Situaciones de desastre continuos, ciclicos'),(4,'4. Falta de mano de obra'),(5,'5. Falta de crédito... Acceso, crédito caro'),(6,'6. Falta de tierra'),(7,'7. Falta de dinero para insumos... insumos caros'),(8,'8. Mala calidad del suelo'),(9,'9. Plagas'),(10,'10. Falta de asistencia tecnicas, falta de conocimiento del cultivo, su manejo'),(11,'11. Falta de mercado'),(12,'12. No aplica');
/*!40000 ALTER TABLE `produccion_limitaciones` ENABLE KEYS */;
UNLOCK TABLES;

--
-- Table structure for table `produccion_patiocultivada`
--

DROP TABLE IF EXISTS `produccion_patiocultivada`;
/*!40101 SET @saved_cs_client     = @@character_set_client */;
/*!40101 SET character_set_client = utf8 */;
CREATE TABLE `produccion_patiocultivada` (
  `id` int(11) NOT NULL AUTO_INCREMENT,
  `invierno` double NOT NULL,
  `verano` double NOT NULL,
  `encuesta_id` int(11) NOT NULL,
  PRIMARY KEY (`id`),
  KEY `produccion_patiocultivada_1de70ac4` (`encuesta_id`)
) ENGINE=MyISAM AUTO_INCREMENT=541 DEFAULT CHARSET=latin1;
/*!40101 SET character_set_client = @saved_cs_client */;

--
-- Dumping data for table `produccion_patiocultivada`
--

LOCK TABLES `produccion_patiocultivada` WRITE;
/*!40000 ALTER TABLE `produccion_patiocultivada` DISABLE KEYS */;
INSERT INTO `produccion_patiocultivada` VALUES (1,0.125,0.125,2),(2,0,0,6),(3,0.125,0,4),(4,0,0,10),(5,0.25,0,9),(6,0.0625,0.0625,11),(7,0,0,12),(8,0,0,13),(9,0,20,14),(10,0.25,0,15),(11,0,0,17),(12,0,0,18),(13,0.25,0,19),(14,0,0,21),(15,0.5,0.5,22),(16,5,3,23),(17,0,0,24),(18,0.0625,0.0625,26),(19,0,0,27),(20,0,0,28),(21,0.5,0.5,29),(22,0.5,0.5,31),(23,0.5625,0.5,32),(24,0.0625,0.0625,33),(25,0.0625,0.0625,34),(26,0,0,37),(27,0,0,38),(28,0,0,41),(29,0,0,42),(30,0.0625,0.0625,43),(31,0,0,44),(32,0,0,45),(33,0.0625,0.0625,47),(34,0,0,48),(35,1.5,0,49),(36,0,0,51),(37,0,0,52),(38,0,0,53),(39,0,0,54),(40,0,0,56),(41,0,0,57),(42,0,0,60),(43,0,0,61),(44,0.25,0,62),(45,0,0,63),(46,0,0,65),(47,0,0,66),(48,0.25,0.25,67),(49,0,0,68),(50,0,0,69),(51,0,0,70),(52,0,0,71),(53,0,0,72),(54,0,0,73),(55,0,0,74),(56,0,0,75),(57,0,0,76),(58,0,0,77),(59,0,0,78),(60,0,0,79),(61,0.0625,0.0625,80),(62,0,0,81),(63,0.25,0.25,82),(64,0.0625,0.0625,83),(65,0,0,84),(66,0,0,85),(67,1,1,86),(68,0,0,88),(69,0,0,89),(70,14,0,90),(71,0,0,91),(72,0,0,92),(73,1.8,1,93),(74,1,0,94),(75,0.0625,0.0625,96),(76,0,0,97),(77,0.25,0.25,98),(78,0.0625,0.0625,99),(79,0,0,100),(80,0,0,101),(81,0.75,0.75,102),(82,0.0625,0.0625,103),(83,0,0,104),(84,0.0625,0.0625,105),(85,0,0,106),(86,0.25,0,108),(87,1,0,111),(88,0,0,112),(89,0,0,113),(90,0,0,115),(91,0,0,118),(92,0,0,119),(93,0,0,120),(94,0,0,121),(95,0,0,122),(96,0,0,123),(97,0,0,124),(98,0,0,125),(99,0,0,126),(100,0,0,127),(101,0,0,128),(102,0,0,129),(103,0,0,130),(104,0,0,131),(105,0,0,132),(106,0,0,133),(107,0,0,134),(108,0,0,135),(109,0,0,136),(110,0,0,137),(111,0,0,138),(112,0,0,139),(113,0,0,140),(114,0,0,141),(115,0,0,142),(116,0,0,144),(117,0.016,0.016,145),(118,0,0,146),(119,0,0,147),(120,0.0625,0.0625,148),(121,0,0,149),(122,0.5,0.016,150),(123,0,0,151),(124,0,0,152),(125,0,0,153),(126,0,0,154),(127,0,0,155),(128,0,0,156),(129,0,0,157),(130,0,0,158),(131,0,0,159),(132,0,0,160),(133,0,0,161),(134,0,0,162),(135,0,0,163),(136,0,0,164),(137,0,0,165),(138,0.0625,0.0625,166),(139,0,0,168),(140,0,0,169),(141,0,0,170),(142,0,0,171),(143,0,0,172),(144,0,0,173),(145,0,0,174),(146,0,0,175),(147,0,0,176),(148,0,0,177),(149,0,0,178),(150,0,0,179),(151,0,0,180),(152,0,0,181),(153,0.25,0.25,182),(154,0.5,0.0625,183),(155,1,1,184),(156,0.25,0.25,185),(157,0,0,186),(158,0.0625,0.0625,188),(159,1.16,1.16,189),(160,0,0,190),(161,0.25,0,191),(162,0.25,0.25,192),(163,0,0,193),(164,0,0,194),(165,0.5,0.5,195),(166,0,0,197),(167,0,0,198),(168,0,0,199),(169,0,0,200),(170,0,0,201),(171,0,0,202),(172,0,0,203),(173,0,0,204),(174,0,0,205),(175,0,0,206),(176,0,0,207),(177,0,0,208),(178,0,0,209),(179,0,0,211),(180,0,0,212),(181,0,0,213),(182,0,0,214),(183,0.13,0.13,215),(184,0.25,0.25,216),(185,0.25,0.25,219),(186,0.75,0.75,221),(187,0,0,222),(188,0,0,224),(189,0,0,226),(190,0,0,227),(191,0,0,228),(192,0.5,0.5,229),(193,0,0,231),(194,0.0625,0.0625,232),(195,1,1,233),(196,0.125,0.125,235),(197,0.25,0.25,237),(198,0,0,238),(199,0.1875,0.125,239),(200,0.0625,0,240),(201,0.0625,0,241),(202,0.125,0.0625,242),(203,0.06,0,244),(204,0.25,0.25,245),(205,0,0,246),(206,0.25,0.25,247),(207,0.25,0.25,248),(208,0,0,249),(209,0,0,250),(210,0.5,0.5,251),(211,0.25,0.25,252),(212,0.25,0.25,253),(213,0,0,254),(214,0,0,256),(215,0.0625,0.0625,257),(216,0.0625,0.0625,258),(217,0,0,255),(218,0,0,260),(219,0,0,262),(220,0,0,263),(221,0,0,264),(222,0,0,265),(223,0,0,266),(224,0,0,268),(225,0,0,269),(226,0,0,271),(227,0,0,272),(228,0.25,0,273),(229,0,0,274),(230,0,0,275),(231,0,0,276),(232,0,0,277),(233,0,0,278),(234,0,0,279),(235,0,0,280),(236,0,0,281),(237,0,0,282),(238,0,0,283),(239,0.0625,0.0625,287),(240,0,0,289),(241,0.5,0.25,290),(242,0,0,291),(243,0,0,292),(244,0,0,293),(245,0,0,294),(246,0,0,295),(247,0,0,296),(248,0,0,297),(249,0,0,298),(250,0.06,0,299),(251,0.0625,0.0625,300),(252,0.0625,0,301),(253,0,0,302),(254,0.0625,0.0625,303),(255,0.06,0,304),(256,0,20,305),(257,0,0,306),(258,0.125,0,307),(259,0,0,308),(260,0,0,309),(261,0.125,0,310),(262,0,0,311),(263,0,0,312),(264,0,0,313),(265,0.06,0,314),(266,0.125,0,315),(267,0,0,316),(268,0,0,317),(269,0,0,318),(270,0.06,0,319),(468,0,0,537),(272,0,0,321),(273,0,0,322),(274,0.125,0.125,323),(275,0,0,324),(276,0,0.0625,327),(277,0,0,328),(278,0,0,329),(279,0,0,330),(280,0,0,331),(281,0,0,332),(282,0,0,333),(283,0,0,334),(284,0,0,335),(285,0,0,336),(286,0,0,337),(287,0,0,338),(288,0,0,339),(289,0.035,0,340),(290,0.04,0,341),(291,0,0.02,342),(292,0.25,0,344),(293,0,0,345),(294,0,0,346),(295,0,0,347),(296,0,0,348),(297,0,0,350),(298,0,0,349),(299,0,0,351),(300,0,0,352),(301,0,0,353),(302,0,0,354),(303,0,0,355),(304,0.0625,0.0625,356),(305,0.00625,0,357),(306,0,0,358),(307,0,0,359),(308,0,0,360),(309,0,0,362),(310,625,625,363),(311,300,0,364),(312,0.035,0,365),(313,0,0,366),(314,625,625,367),(315,0,0,368),(316,0,0,369),(317,0,0,370),(318,0,0,371),(319,0,0,372),(320,0,0,373),(321,0,0,374),(322,0,0,375),(323,0,0,376),(324,0,0,377),(325,0,0,378),(326,0,0,379),(327,0,0,380),(328,0,0,381),(329,0,0,382),(330,0,0,383),(331,0,0,384),(332,0,0,385),(333,0,0,386),(334,0,0,387),(335,0,0,388),(336,0,0,389),(337,0,0,390),(338,0,0,391),(339,0,0,392),(340,225,225,394),(341,0,0,395),(342,0,0,396),(343,0,0,397),(344,0,0,398),(345,0.0625,0,399),(346,0.0625,0,400),(347,0,0,401),(348,0,0,402),(349,0,0,403),(350,0,0,406),(351,0,0,408),(352,0,0,409),(353,0,0,411),(354,625,0,412),(355,0,0,413),(356,0,0,414),(357,0,0,415),(358,0.0625,0.0625,417),(359,0,0,418),(360,0,0,420),(361,0,0,421),(362,0,0,422),(363,0,0,423),(364,0.0625,0,424),(365,0,0,425),(366,0,0,426),(367,0,0,427),(368,0,0,429),(369,0,0,430),(370,0,0,431),(371,0,0,432),(372,0,0,433),(373,0,0,434),(374,0,0,435),(375,625,625,437),(376,0,0,438),(377,0,0,439),(378,0,0,440),(379,0,0,441),(380,0.06,0,442),(381,0,0,443),(382,0,0,445),(383,0,0,446),(384,0.25,0,447),(385,0,0,448),(386,0,0,449),(387,0,0,450),(388,0.25,0.06,451),(389,0,0,452),(390,0,0,453),(391,0.25,0,454),(392,0,0,455),(393,0.25,0.25,456),(394,0,0,457),(395,0,0,458),(396,0.5,0.5,459),(397,0.005,0.005,460),(398,0,0,461),(399,0,0,464),(400,0,0,465),(401,0.17565,0.17565,466),(402,0,0,467),(403,0.17565,0.17565,468),(404,0.0208,0.0208,469),(405,0,0,470),(406,0.25,0.25,471),(407,0,0,474),(408,0,0,475),(409,0,0,476),(410,0.25,0,477),(411,0,0,478),(412,0.25,0.125,479),(413,0,0,480),(414,0,0,481),(415,0,0,482),(416,0,0,483),(417,0.5,0.5,484),(418,0.25,0.25,486),(419,0,0,487),(420,0.0625,0.0625,488),(421,0.0625,0,489),(422,0.0625,0.0625,490),(423,0,0,491),(424,0,0,492),(425,0,0,493),(426,0,0,494),(427,0,0,495),(428,0,0,496),(429,0,0,497),(430,0,0,498),(431,0,0,499),(432,0,0,500),(433,0.1,0.125,501),(434,0,0,502),(435,0,0,503),(436,0,0,504),(437,0,0,505),(495,0.25,0.25,570),(439,0.25,0.25,507),(494,0,0,567),(441,0,0,510),(442,0,0,511),(443,0,0,512),(444,0,0,513),(446,0.00625,0,515),(447,0.1,0,516),(448,0,0,517),(449,0.5,0,518),(450,0,0,519),(451,0,0.25,520),(452,0.12,0,521),(453,0,0,522),(454,0,0,523),(455,0.00625,0,524),(456,0,0,525),(457,0,0,526),(458,0,0,527),(459,0.00625,0,528),(460,0,0,529),(461,0,0,530),(462,0,0,531),(463,0.0625,0.0625,532),(464,0,12,533),(465,0,0,534),(493,0,0,566),(467,0,0,536),(469,0,0,538),(470,0.07,0,539),(471,0,0,540),(472,0,0,541),(473,0,0,542),(474,12,0,543),(475,0.25,0.25,544),(476,0,0,545),(477,0,0,546),(478,0,0,547),(479,0,0,548),(480,0,0.5,549),(481,0,0,550),(482,0,0,551),(483,0,0,552),(484,0,0,553),(485,0,0,554),(486,0.06,0.06,556),(487,0,0,557),(488,0,0,558),(489,0.07,0.07,559),(490,0.07,0.07,560),(491,0.002,0.002,561),(492,0,0,564),(496,0.25,0.25,571),(497,0.25,0.25,572),(498,0.25,0.25,573),(499,0.0625,0.0625,574),(500,0.25,0.25,575),(501,0.5,0.5,576),(502,0.0625,0.0625,577),(503,0,0,579),(504,16,16,580),(505,0.07,0.07,582),(506,0.0625,0.0625,583),(507,0.25,0.25,585),(508,0.07,0.07,587),(509,0.07,0.07,588),(510,0,0,589),(511,0.07,0.07,590),(512,0.07,0.07,593),(513,0.25,0.25,597),(514,0,0,598),(515,0.07,0.07,601),(516,0,0,602),(517,0.0625,0.0625,603),(518,0.25,0,604),(519,0,0,605),(520,0,0,606),(521,0.0625,0.0625,607),(522,0,0,608),(523,0,0,609),(524,0.125,0.125,610),(525,0.0625,0.0625,611),(526,0,0,612),(527,0,0,613),(528,0.0625,0.0625,617),(529,0.03125,0.03125,619),(530,1,1,620),(531,0.2,0.2,621),(532,0.25,0.25,624),(535,0.0625,0.0625,628),(534,0.0625,0.0625,626),(536,16,16,632),(537,16,16,633),(538,0.0625,0.1,634),(539,0.25,0.25,635),(540,16,16,644);
/*!40000 ALTER TABLE `produccion_patiocultivada` ENABLE KEYS */;
UNLOCK TABLES;

--
-- Table structure for table `produccion_principallimitacion`
--

DROP TABLE IF EXISTS `produccion_principallimitacion`;
/*!40101 SET @saved_cs_client     = @@character_set_client */;
/*!40101 SET character_set_client = utf8 */;
CREATE TABLE `produccion_principallimitacion` (
  `id` int(11) NOT NULL AUTO_INCREMENT,
  `opcion1_id` int(11) NOT NULL,
  `opcion2_id` int(11) NOT NULL,
  `opcion3_id` int(11) NOT NULL,
  `encuesta_id` int(11) NOT NULL,
  PRIMARY KEY (`id`),
  KEY `produccion_principallimitacion_6e6548d8` (`opcion1_id`),
  KEY `produccion_principallimitacion_a45a0c7f` (`opcion2_id`),
  KEY `produccion_principallimitacion_a82f0906` (`opcion3_id`),
  KEY `produccion_principallimitacion_1de70ac4` (`encuesta_id`)
) ENGINE=MyISAM AUTO_INCREMENT=630 DEFAULT CHARSET=latin1;
/*!40101 SET character_set_client = @saved_cs_client */;

--
-- Dumping data for table `produccion_principallimitacion`
--

LOCK TABLES `produccion_principallimitacion` WRITE;
/*!40000 ALTER TABLE `produccion_principallimitacion` DISABLE KEYS */;
INSERT INTO `produccion_principallimitacion` VALUES (1,6,5,7,3),(2,6,5,7,5),(3,8,4,5,6),(4,6,1,4,7),(5,5,7,9,4),(6,6,9,5,8),(7,9,9,9,10),(8,6,11,5,9),(9,2,7,9,11),(10,6,5,7,12),(11,5,9,5,13),(12,8,7,9,14),(13,6,7,8,15),(14,7,6,9,16),(15,5,1,10,17),(16,6,6,6,18),(17,6,7,10,19),(18,6,6,6,21),(19,4,7,9,22),(20,2,5,9,23),(21,9,6,9,24),(22,1,5,7,25),(23,2,5,7,26),(24,8,10,8,27),(25,6,8,12,28),(26,2,5,7,29),(27,2,4,5,30),(28,4,7,9,31),(29,3,7,9,32),(30,2,7,9,33),(31,7,8,9,34),(32,6,6,6,35),(33,8,9,12,37),(34,7,12,12,36),(35,10,4,9,38),(36,6,7,9,39),(37,2,3,5,40),(38,6,4,8,41),(39,5,11,5,42),(40,2,7,11,43),(41,4,5,9,44),(42,5,8,9,45),(43,2,9,3,46),(44,5,7,9,47),(45,6,5,4,48),(46,5,9,12,49),(47,2,7,9,50),(48,6,3,5,51),(49,1,2,3,52),(50,5,7,4,53),(51,6,7,10,54),(52,5,7,9,55),(53,2,5,7,56),(54,6,7,4,57),(55,2,7,9,58),(56,2,7,9,59),(57,6,5,9,60),(58,6,5,7,61),(59,6,7,12,62),(60,6,5,4,63),(61,2,9,7,64),(62,5,4,6,65),(63,3,7,11,66),(64,7,2,6,67),(65,5,6,7,68),(66,1,5,9,69),(67,2,7,6,70),(68,2,7,5,71),(69,6,5,7,72),(70,5,6,12,73),(71,5,6,12,74),(72,7,5,6,75),(73,7,8,4,76),(74,5,7,4,77),(75,9,2,4,78),(76,4,7,9,79),(77,6,7,2,80),(78,9,2,7,81),(79,7,6,2,82),(80,7,6,2,83),(81,9,2,7,84),(82,7,1,7,85),(83,7,12,12,86),(84,7,2,9,87),(85,6,11,12,88),(86,6,7,1,89),(87,7,2,9,90),(88,6,2,5,91),(89,7,9,12,92),(90,4,10,7,93),(91,7,2,6,94),(92,7,8,3,95),(93,4,7,6,96),(94,1,5,10,97),(95,7,2,4,98),(96,6,7,2,99),(97,2,9,12,100),(98,6,4,7,101),(99,5,6,9,102),(100,4,7,2,103),(101,8,12,12,104),(102,7,2,6,105),(103,5,6,7,106),(104,7,6,9,107),(105,6,12,12,108),(106,7,5,12,109),(107,7,4,9,110),(108,4,7,12,111),(109,8,6,7,112),(110,8,7,12,113),(111,7,6,2,114),(112,5,6,2,115),(113,7,6,5,116),(114,7,6,2,117),(115,9,5,7,118),(116,9,10,12,119),(117,4,5,10,120),(118,6,5,7,121),(119,7,5,4,122),(120,6,12,12,123),(121,6,5,6,124),(122,6,9,12,125),(123,5,10,8,126),(124,9,2,12,127),(125,5,7,10,128),(126,9,12,12,129),(127,8,1,7,130),(128,7,12,12,131),(129,8,9,4,132),(130,9,7,12,133),(131,9,5,12,134),(132,6,9,12,135),(133,9,8,2,136),(134,9,12,12,137),(135,5,10,2,138),(136,8,12,12,139),(137,5,11,2,140),(138,5,3,4,141),(139,7,8,9,142),(140,5,3,2,143),(141,6,7,5,144),(142,2,7,9,145),(143,6,7,8,146),(144,1,11,6,147),(145,1,2,12,148),(146,4,5,7,149),(147,2,5,7,150),(148,7,9,8,151),(149,9,10,12,152),(150,5,6,12,153),(151,5,4,11,154),(152,6,7,9,155),(153,7,5,8,156),(154,6,5,7,157),(155,6,5,7,158),(156,5,10,12,159),(157,7,3,5,160),(158,10,5,6,161),(159,6,7,12,162),(160,11,2,9,163),(161,6,2,7,164),(162,11,2,5,165),(163,1,2,11,166),(164,5,7,9,168),(165,7,6,9,169),(166,10,7,12,170),(167,5,10,7,171),(168,2,4,12,172),(169,9,7,12,173),(170,5,6,12,174),(171,7,9,12,175),(172,6,3,12,176),(173,9,2,6,177),(174,8,4,12,178),(175,6,7,12,179),(176,10,7,9,180),(177,6,7,9,181),(178,8,7,9,182),(179,7,2,10,167),(180,2,5,7,183),(181,2,5,7,184),(182,7,9,3,185),(183,1,5,7,187),(184,7,8,1,188),(185,2,5,6,189),(186,5,4,12,190),(187,7,11,9,191),(188,7,2,6,192),(189,7,2,5,193),(190,1,5,4,194),(191,5,7,2,195),(192,1,5,7,196),(193,6,7,5,197),(194,1,6,7,198),(195,5,6,7,199),(196,5,7,6,200),(197,1,5,7,201),(198,6,1,7,202),(199,1,6,7,203),(200,6,7,8,204),(201,5,7,4,205),(202,6,7,5,206),(203,12,12,12,207),(204,2,5,12,208),(205,6,5,2,209),(206,6,7,8,210),(207,6,4,5,211),(208,7,6,8,212),(209,5,6,7,213),(210,6,5,7,214),(211,7,9,2,215),(212,7,6,2,216),(213,6,5,7,217),(214,7,9,2,218),(215,7,9,2,219),(216,6,4,12,220),(217,2,5,7,221),(218,1,5,12,222),(219,7,4,6,223),(220,6,12,12,224),(221,6,12,12,226),(222,2,7,9,227),(223,6,5,8,228),(224,2,7,5,229),(225,2,5,7,230),(226,5,6,7,231),(227,2,7,5,232),(228,2,5,7,233),(229,6,7,5,234),(230,2,7,9,235),(231,9,2,12,236),(232,2,5,7,237),(233,2,6,12,238),(234,7,2,5,239),(235,2,9,7,240),(236,7,2,9,241),(237,5,7,9,242),(238,2,6,7,243),(239,10,2,12,244),(240,4,7,8,245),(241,7,9,10,246),(242,5,7,9,247),(243,2,5,7,248),(244,5,6,7,249),(245,7,6,9,250),(246,2,5,7,251),(247,2,5,7,252),(248,2,5,7,253),(249,6,5,7,254),(250,7,6,5,256),(251,2,5,7,257),(252,2,5,7,258),(253,6,7,5,259),(254,12,12,12,255),(255,6,7,12,260),(256,8,3,12,261),(257,2,7,12,262),(258,4,6,7,263),(259,6,5,7,264),(260,1,5,8,265),(261,2,6,7,266),(262,6,7,9,267),(263,6,7,8,268),(264,7,5,8,269),(265,2,7,12,270),(266,5,2,12,271),(267,5,4,8,272),(268,5,6,7,273),(269,2,6,7,274),(270,6,8,7,275),(271,5,6,7,276),(272,7,12,12,277),(273,6,7,10,278),(274,2,7,12,279),(275,5,5,7,280),(276,1,2,12,281),(277,5,7,8,282),(278,6,5,4,283),(279,6,5,7,285),(280,4,5,7,286),(281,2,6,7,287),(282,5,7,6,288),(283,12,1,2,289),(284,5,4,11,290),(285,5,3,9,291),(286,5,6,7,292),(287,7,2,9,293),(288,6,12,2,294),(289,2,6,7,295),(290,6,7,2,296),(291,6,7,12,297),(292,2,6,7,298),(293,6,7,9,299),(294,6,5,1,300),(295,5,2,9,301),(296,9,2,7,302),(297,5,6,12,303),(298,7,10,8,304),(299,6,5,11,305),(300,6,2,5,306),(301,5,6,7,308),(302,2,7,9,309),(303,8,9,1,310),(304,5,6,7,311),(305,2,9,7,312),(306,5,6,7,313),(307,7,9,6,314),(308,9,7,12,315),(309,2,7,9,316),(310,6,7,8,317),(311,2,4,6,318),(312,2,7,6,319),(528,1,2,6,537),(314,2,6,9,321),(315,4,6,7,322),(316,8,10,9,323),(317,2,9,7,324),(318,1,6,5,325),(319,6,5,7,326),(320,6,2,5,327),(321,9,8,7,328),(322,6,5,7,329),(323,6,1,5,330),(324,5,7,8,331),(325,2,12,12,332),(326,9,2,10,333),(327,9,10,2,334),(328,7,9,2,335),(329,9,2,12,336),(330,3,2,1,337),(331,10,3,9,338),(332,4,7,5,339),(333,2,7,12,340),(334,2,5,7,341),(335,6,2,5,342),(336,5,10,4,343),(337,7,9,3,344),(338,6,5,7,345),(339,7,5,6,346),(340,1,2,7,347),(341,6,7,8,348),(342,2,10,12,350),(343,6,11,12,349),(344,6,2,9,351),(345,2,3,12,352),(346,10,7,12,353),(347,2,5,12,354),(348,7,10,8,355),(349,6,12,9,356),(350,9,7,2,357),(351,6,7,8,358),(352,6,7,2,359),(353,6,5,2,360),(354,5,6,2,361),(355,2,5,6,362),(356,2,5,6,363),(357,2,5,6,364),(358,2,5,7,365),(359,6,2,5,366),(360,4,5,2,367),(361,6,2,5,368),(362,7,2,9,369),(363,2,9,7,370),(364,6,2,7,371),(365,5,7,12,372),(366,5,6,7,373),(367,2,10,12,374),(368,12,12,12,375),(369,6,5,12,376),(370,6,5,7,377),(371,5,7,2,378),(372,10,7,2,379),(373,7,5,10,380),(374,7,8,1,381),(375,7,5,10,382),(376,10,7,2,383),(377,10,1,5,384),(378,7,8,10,385),(379,8,1,5,386),(380,2,9,7,387),(381,2,9,7,388),(382,2,9,7,389),(383,2,9,8,390),(384,5,7,9,391),(385,2,7,9,392),(386,7,12,12,393),(387,6,7,5,394),(388,6,7,8,395),(389,5,7,12,396),(390,10,7,5,397),(391,6,5,7,398),(392,4,8,9,399),(393,10,7,6,400),(394,1,7,9,401),(395,7,6,9,402),(396,7,6,5,403),(397,7,12,12,404),(398,6,7,9,405),(399,7,9,2,406),(400,12,7,2,407),(401,6,7,5,408),(402,6,9,12,409),(403,7,9,2,410),(404,6,7,5,411),(405,6,7,2,412),(406,7,4,5,413),(407,7,6,5,414),(408,6,7,8,415),(409,5,2,8,417),(410,6,7,5,418),(411,2,9,7,419),(412,5,7,2,420),(413,7,2,5,421),(414,6,2,9,422),(415,6,10,5,423),(416,2,4,5,424),(417,7,2,8,425),(418,2,5,3,426),(419,5,6,7,427),(420,2,5,9,428),(421,2,7,10,429),(422,5,7,7,430),(423,9,7,12,431),(424,7,2,6,432),(425,2,7,12,433),(426,5,9,7,434),(427,6,12,2,435),(428,7,2,10,436),(429,5,7,10,437),(430,7,8,10,438),(431,6,8,7,439),(432,7,8,10,440),(433,7,5,8,441),(434,7,8,12,442),(435,2,5,9,443),(436,2,5,6,444),(437,5,7,2,445),(438,2,7,9,446),(439,7,12,12,447),(440,2,7,5,448),(441,6,7,12,449),(442,2,9,7,450),(443,5,1,6,451),(444,2,7,4,452),(445,8,11,9,453),(446,2,7,4,454),(447,2,5,7,455),(448,5,1,12,456),(449,2,4,5,457),(450,2,9,7,458),(451,8,11,12,459),(452,5,7,9,460),(453,2,5,7,461),(454,7,10,2,462),(455,9,6,7,463),(456,2,5,7,464),(457,2,5,7,465),(458,6,5,7,466),(459,12,5,12,467),(460,6,5,10,468),(461,10,1,5,469),(462,7,8,2,470),(463,5,6,2,471),(464,6,5,12,472),(465,2,5,3,473),(466,2,5,6,474),(467,7,12,9,475),(468,2,5,7,476),(469,5,2,6,477),(470,2,5,7,478),(471,6,5,2,479),(472,2,6,1,480),(473,5,7,6,481),(474,1,2,7,482),(475,7,8,2,483),(476,1,5,3,484),(477,2,6,7,485),(478,1,2,7,486),(479,5,9,2,487),(480,6,5,12,488),(481,7,3,12,489),(482,5,6,12,490),(483,3,7,12,491),(484,1,2,5,492),(485,5,12,12,493),(486,2,7,12,494),(487,5,12,12,495),(488,6,12,12,496),(489,7,2,12,497),(490,5,1,12,498),(491,6,12,12,499),(492,6,12,12,500),(493,6,2,10,501),(494,1,2,5,502),(495,7,12,12,503),(496,1,6,7,504),(497,1,2,5,505),(556,2,5,7,566),(499,7,12,12,507),(555,5,12,12,565),(501,5,12,12,509),(502,6,4,1,510),(503,2,7,9,511),(504,2,9,11,512),(505,9,6,5,513),(507,1,7,2,515),(508,7,12,12,516),(509,7,12,12,517),(510,5,2,12,518),(511,2,7,10,519),(512,5,2,1,520),(513,1,12,12,521),(514,1,2,6,522),(515,6,1,7,523),(516,6,1,12,524),(517,1,6,7,525),(518,6,5,12,526),(519,5,12,12,527),(520,6,7,5,528),(521,7,9,2,529),(522,5,12,12,530),(523,1,12,12,532),(524,7,12,12,533),(525,2,5,7,534),(554,4,2,12,563),(527,2,6,7,536),(529,1,5,6,538),(530,6,12,12,539),(531,2,5,6,540),(532,1,5,7,541),(533,2,5,7,542),(534,7,12,12,543),(535,5,7,12,544),(536,7,12,2,545),(537,5,7,9,546),(538,1,2,6,548),(539,2,5,7,549),(540,5,6,7,550),(541,6,12,12,551),(542,2,5,6,552),(543,7,12,12,553),(544,6,2,12,554),(545,5,10,3,555),(546,1,2,5,556),(547,1,12,12,557),(548,2,5,12,558),(549,4,5,12,559),(550,2,9,6,560),(551,2,4,5,561),(552,9,12,12,562),(553,2,5,6,564),(557,2,5,9,567),(558,5,7,9,568),(559,2,12,12,569),(560,2,7,9,570),(561,8,2,7,571),(562,2,9,12,572),(563,2,7,9,573),(564,8,10,5,574),(565,4,7,9,575),(566,4,5,7,576),(567,2,9,4,577),(568,5,7,10,578),(569,12,9,12,579),(570,4,7,12,580),(571,7,6,5,581),(572,9,2,12,582),(573,7,2,9,583),(574,5,6,9,585),(575,2,9,12,587),(576,2,7,9,588),(577,2,7,5,589),(578,2,7,9,591),(579,2,7,5,593),(580,2,3,9,594),(581,2,12,12,595),(582,2,9,12,596),(583,12,7,12,597),(584,12,2,12,598),(585,2,3,9,599),(586,6,7,5,600),(587,9,7,2,601),(588,2,7,9,602),(589,5,7,12,603),(590,2,5,9,604),(591,7,5,9,605),(592,2,9,12,606),(593,2,7,12,607),(594,12,2,12,608),(595,5,7,9,609),(596,2,9,7,610),(597,7,5,9,611),(598,5,10,7,612),(599,7,9,10,613),(600,2,9,8,614),(601,10,5,2,615),(602,2,5,8,616),(603,2,7,9,617),(604,5,12,12,618),(605,10,5,11,619),(606,2,7,12,620),(607,5,3,12,621),(608,5,2,10,622),(609,2,7,9,623),(610,12,2,12,624),(613,2,9,12,627),(612,7,10,5,626),(614,5,9,2,628),(615,7,5,9,629),(616,4,7,12,630),(617,2,7,10,631),(618,2,9,12,632),(619,5,2,9,633),(620,7,2,9,634),(621,3,7,10,635),(622,2,9,12,636),(623,12,12,12,637),(624,9,5,12,638),(625,1,2,12,639),(626,7,12,12,640),(627,7,6,2,642),(628,7,2,12,643),(629,12,9,7,644);
/*!40000 ALTER TABLE `produccion_principallimitacion` ENABLE KEYS */;
UNLOCK TABLES;

--
-- Table structure for table `south_migrationhistory`
--

DROP TABLE IF EXISTS `south_migrationhistory`;
/*!40101 SET @saved_cs_client     = @@character_set_client */;
/*!40101 SET character_set_client = utf8 */;
CREATE TABLE `south_migrationhistory` (
  `id` int(11) NOT NULL AUTO_INCREMENT,
  `app_name` varchar(255) NOT NULL,
  `migration` varchar(255) NOT NULL,
  `applied` datetime NOT NULL,
  PRIMARY KEY (`id`)
) ENGINE=MyISAM AUTO_INCREMENT=19 DEFAULT CHARSET=latin1;
/*!40101 SET character_set_client = @saved_cs_client */;

--
-- Dumping data for table `south_migrationhistory`
--

LOCK TABLES `south_migrationhistory` WRITE;
/*!40000 ALTER TABLE `south_migrationhistory` DISABLE KEYS */;
INSERT INTO `south_migrationhistory` VALUES (1,'calidad_vida','0001_initial','2011-05-16 21:11:20'),(2,'crisis_alimentaria','0001_initial','2011-05-16 21:11:20'),(3,'diversidad_alimentaria','0001_initial','2011-05-16 21:11:21'),(4,'familia','0001_initial','2011-05-16 21:11:21'),(5,'formas_propiedad','0001_initial','2011-05-16 21:11:23'),(6,'genero','0001_initial','2011-05-16 21:11:23'),(7,'ingresos','0001_initial','2011-05-16 21:11:26'),(8,'ingresos','0002_auto__add_field_lactios_cantidad_invi__add_field_lactios_cantidad_vera','2011-05-16 21:11:27'),(9,'lugar','0001_initial','2011-05-16 21:11:27'),(10,'medios','0001_initial','2011-05-16 21:11:28'),(11,'medios','0002_auto__add_contraparte__add_field_encuesta_contraparte','2011-05-16 21:11:29'),(12,'participacion_ciudadana','0001_initial','2011-05-16 21:11:29'),(13,'produccion','0001_initial','2011-05-16 21:11:32'),(14,'tecnologia','0001_initial','2011-05-16 21:11:33'),(15,'crisis_alimentaria','0002_auto__add_credito__del_field_accesocredito_mujer__del_field_accesocred','2011-05-27 15:15:29'),(16,'medios','0003_auto__add_field_encuesta_usuario','2011-05-27 15:15:31'),(17,'produccion','0002_auto__chg_field_consumodiario_frijol__chg_field_consumodiario_maiz__ch','2011-05-27 15:15:36'),(18,'formas_propiedad','0002_auto__chg_field_tierra_mujer__chg_field_tierra_ambos__chg_field_tierra','2011-05-28 15:23:27');
/*!40000 ALTER TABLE `south_migrationhistory` ENABLE KEYS */;
UNLOCK TABLES;

--
-- Table structure for table `tecnologia_areaprotegida`
--

DROP TABLE IF EXISTS `tecnologia_areaprotegida`;
/*!40101 SET @saved_cs_client     = @@character_set_client */;
/*!40101 SET character_set_client = utf8 */;
CREATE TABLE `tecnologia_areaprotegida` (
  `id` int(11) NOT NULL AUTO_INCREMENT,
  `respuesta` int(11) NOT NULL,
  `cantidad` double NOT NULL,
  `encuesta_id` int(11) NOT NULL,
  PRIMARY KEY (`id`),
  KEY `tecnologia_areaprotegida_1de70ac4` (`encuesta_id`)
) ENGINE=MyISAM AUTO_INCREMENT=468 DEFAULT CHARSET=latin1;
/*!40101 SET character_set_client = @saved_cs_client */;

--
-- Dumping data for table `tecnologia_areaprotegida`
--

LOCK TABLES `tecnologia_areaprotegida` WRITE;
/*!40000 ALTER TABLE `tecnologia_areaprotegida` DISABLE KEYS */;
INSERT INTO `tecnologia_areaprotegida` VALUES (1,1,0,3),(2,1,0,5),(3,1,0,6),(4,4,0.5,7),(5,4,2,10),(6,4,0.12,9),(7,4,0.25,12),(8,4,1.5,13),(9,5,1,13),(10,1,0,15),(11,1,0,18),(12,1,0,21),(13,1,1,22),(14,1,0,23),(15,4,0.75,24),(16,4,2.5,27),(17,2,2,29),(18,2,0.25,31),(19,1,1,32),(20,1,1,34),(21,4,2.5,37),(22,4,2,38),(23,6,2,38),(24,1,0,41),(25,4,15,42),(26,2,0.5,43),(27,1,0,44),(28,2,2,45),(29,2,1,47),(30,4,4,48),(31,4,2,49),(32,4,2,51),(33,2,3,52),(34,4,12.5,52),(35,4,6,53),(36,2,2,55),(37,5,1,55),(38,4,1.5,56),(39,4,4.5,57),(40,1,0,60),(41,4,5,61),(42,4,1,63),(43,1,0,65),(44,4,2,66),(45,1,1,67),(46,1,0,68),(47,4,6,69),(48,4,5,70),(49,4,2.5,71),(50,4,0.5,72),(51,1,0,73),(52,4,0.25,74),(53,1,0,76),(54,1,0,77),(55,1,0,78),(56,1,0,79),(57,1,1,80),(58,4,0.1,81),(59,1,1,82),(60,1,0,83),(61,1,0,84),(62,3,6,85),(63,4,15,85),(64,4,4,86),(65,1,1,87),(66,4,4,89),(67,5,5,89),(68,4,3,90),(69,4,0.5,91),(70,4,1,92),(71,4,3,93),(72,4,1,95),(73,1,0,97),(74,1,0,98),(75,1,0,99),(76,4,2,100),(77,1,0,102),(78,1,0,103),(79,1,0,104),(80,1,0,105),(81,2,0.25,106),(82,1,1,107),(83,1,0,108),(84,4,3,109),(85,4,2,110),(86,1,0,112),(87,1,0,113),(88,1,0,115),(89,4,0.5,118),(90,1,0,119),(91,4,5,120),(92,4,0,122),(93,1,0,123),(94,1,0,125),(95,4,0.25,126),(96,4,1.5,127),(97,4,1,128),(98,4,9,129),(99,5,20,129),(100,4,1,130),(101,4,3,131),(102,4,5.5,132),(103,4,12,133),(104,4,6,134),(105,4,0.5,135),(106,1,0,136),(107,4,1,137),(108,1,0,138),(109,1,0,139),(110,2,1,140),(111,4,1.5,141),(112,1,0,146),(113,2,1,147),(114,2,0.25,149),(115,3,5,149),(116,4,10,149),(117,5,1,149),(118,4,5,151),(119,4,3,152),(120,1,0,153),(121,4,2,154),(122,1,0,156),(123,1,0,157),(124,1,0,158),(125,2,2,159),(126,1,0,160),(127,4,0.25,161),(128,4,1,162),(129,2,2,164),(130,2,1,165),(131,1,1,150),(132,1,0,168),(133,1,0,169),(134,4,3,170),(135,1,0,172),(136,4,4,173),(137,1,0,174),(138,1,0,176),(139,1,0,177),(140,4,8,178),(141,1,0,180),(142,1,0,181),(143,1,0,182),(144,1,1,185),(145,4,2,186),(146,1,0,187),(147,1,1,188),(148,1,1,189),(149,1,0,190),(150,4,6,191),(151,1,1,192),(152,2,1,194),(153,1,1,195),(154,1,0,196),(155,1,0,197),(156,1,0,198),(157,1,0,199),(158,1,0,200),(159,1,0,201),(160,1,0,202),(161,1,0,203),(162,1,0,204),(163,1,0,206),(164,1,0,207),(165,2,1,208),(166,4,0.5,209),(167,1,0,210),(168,1,0,211),(169,1,0,212),(170,1,0,213),(171,1,0,214),(172,1,0,217),(173,1,0,218),(174,2,1,219),(175,1,0,220),(176,1,5,222),(177,1,0,224),(178,1,0,226),(179,1,0,228),(180,1,0,231),(181,1,0,234),(182,4,1,236),(183,2,0.5,238),(184,2,2,241),(185,1,1,243),(186,4,1,244),(187,2,2,245),(188,1,0,246),(189,2,2,247),(190,1,1,249),(191,1,0,250),(192,1,0,254),(193,1,0,259),(194,1,0,255),(195,1,0,261),(196,1,0,264),(197,1,0,265),(198,1,0,268),(199,1,0,269),(200,1,0,271),(201,1,0,272),(202,1,0,275),(203,2,1.5,276),(204,1,0,278),(205,1,0,280),(206,1,0,282),(207,1,0,283),(208,1,1,284),(209,1,0,285),(210,1,0,286),(211,1,0,288),(212,2,7,289),(213,1,0,291),(214,2,2,292),(215,4,3,293),(216,4,2,297),(217,1,1,298),(218,1,0,300),(219,1,0,301),(220,4,3,305),(221,1,0,308),(222,2,1,309),(223,1,0,311),(224,1,0,313),(225,2,1,315),(226,2,2,316),(227,2,0.25,317),(228,1,0,318),(229,2,2,319),(230,5,30,322),(231,4,2,323),(232,2,2,324),(233,2,1,325),(234,1,0,326),(235,2,0.0625,327),(236,2,0.25,328),(237,1,0,329),(238,1,1,330),(239,1,0,331),(240,1,0,332),(241,1,3,333),(242,4,5,334),(243,3,0.5,335),(244,4,1,335),(245,6,1.5,335),(246,6,5,334),(247,1,0,336),(248,4,3,337),(249,4,20,338),(250,6,20,338),(251,1,0,339),(252,2,1,340),(253,2,1,341),(254,1,0,342),(255,1,0,345),(256,1,0,348),(257,5,4,352),(258,1,0,353),(259,1,0,354),(260,2,3,355),(261,1,0,356),(262,1,0,357),(263,2,4,358),(264,2,2,362),(265,2,1,363),(266,2,1,364),(267,2,2.25,365),(268,1,1,366),(269,2,1,367),(270,1,0,368),(271,4,0.5,369),(272,2,1.5,370),(273,5,4,371),(274,1,0,372),(275,1,0,373),(276,4,7,374),(277,4,10,375),(278,1,0,376),(279,1,0,377),(280,2,0.25,378),(281,4,2,379),(282,1,0,380),(283,1,0,381),(284,1,0,382),(285,1,0,383),(286,2,2,384),(287,1,0,385),(288,1,0,386),(289,1,2,387),(290,2,2,390),(291,3,3,391),(292,2,1,392),(293,2,1,394),(294,1,0,395),(295,1,0,396),(296,1,0,397),(297,1,0,398),(298,1,0,399),(299,1,0,400),(300,1,0,401),(301,1,0,402),(302,1,0,403),(303,2,0.75,406),(304,1,1,407),(305,1,1,408),(306,1,1,409),(307,2,1,410),(308,1,0,411),(309,1,1,412),(310,1,1,414),(311,1,0,415),(312,1,0,416),(313,1,1,417),(314,4,0.75,418),(315,2,1,419),(316,1,1,420),(317,2,0.5,421),(318,1,0,422),(319,1,0,423),(320,2,4,424),(321,1,0,425),(322,2,3,426),(323,2,0.25,427),(324,3,0.25,427),(325,2,1,428),(326,1,0,429),(327,4,5,430),(328,1,1,432),(329,1,1,433),(330,4,3.5,434),(331,2,1,435),(332,1,0.5,436),(333,2,1,437),(334,1,0,438),(335,1,0,440),(336,2,0.25,441),(337,1,0,442),(338,2,0.25,443),(339,2,2,444),(340,2,4,446),(341,1,0,447),(342,2,2,448),(343,1,0,449),(344,1,1,450),(345,1,0,451),(346,2,2,452),(347,2,2,453),(348,2,0.5,454),(349,2,3,455),(350,2,1,456),(351,6,1,456),(352,2,2,457),(353,2,2,458),(354,2,1,459),(355,2,2,460),(356,1,0,461),(357,2,1,462),(358,1,1,463),(359,1,1,466),(360,2,0.25,468),(361,2,2.5,469),(362,1,1,470),(363,1,1,471),(364,2,0.5,473),(365,2,1,474),(366,2,0.25,477),(367,4,0.25,479),(368,3,1,482),(369,2,1.5,483),(370,2,1,484),(371,6,1,484),(372,3,0.06,487),(373,2,1.5,489),(374,6,1.5,489),(375,1,0,491),(376,2,1,492),(377,4,1,494),(378,1,0,495),(379,1,0,496),(380,3,0.025,498),(381,1,0,499),(382,2,1,502),(383,2,0.5,503),(384,3,1,504),(419,2,4.5,569),(386,2,1,507),(418,5,4,568),(388,2,2,511),(389,2,1,512),(390,3,2,517),(391,2,1,519),(392,2,1,520),(393,2,0.5,522),(394,1,1,529),(395,1,2,530),(396,1,0,531),(397,1,0,532),(398,1,0,533),(399,1,2,534),(417,1,0,567),(401,1,0,536),(402,2,2.5,540),(403,2,3,541),(404,3,1,542),(405,4,2,543),(406,4,1,545),(407,2,0.25,546),(408,4,0.5,547),(409,1,0,548),(410,3,1,550),(411,1,0,551),(412,2,0.25,555),(413,1,0,557),(414,1,0,558),(415,5,0.5,559),(416,4,0.25,562),(420,4,0.5,570),(421,1,0,571),(422,4,1,573),(423,1,0,574),(424,4,4,575),(425,1,0,577),(426,1,0,579),(427,4,1,580),(428,1,0,583),(429,4,1.75,585),(430,2,5,587),(431,4,1,588),(432,2,0.5,590),(433,4,1,591),(434,5,0.25,593),(435,1,0,594),(436,1,0,596),(437,2,2,597),(438,1,0,598),(439,1,0,602),(440,2,1,603),(441,4,1.5,604),(442,1,0,605),(443,1,0,606),(444,1,0,607),(445,1,0,608),(446,1,0,609),(447,1,0,610),(448,1,0,611),(449,1,0,612),(450,1,0,613),(451,4,1,614),(452,2,0.5,615),(453,1,0,616),(454,1,0,617),(455,2,4,621),(456,4,1,624),(457,2,4.5,627),(458,2,1,631),(459,2,4,632),(460,5,8,633),(461,2,3,634),(462,5,0.5,634),(463,4,1,635),(464,2,1,636),(465,5,1,636),(466,2,0.75,642),(467,5,4,643);
/*!40000 ALTER TABLE `tecnologia_areaprotegida` ENABLE KEYS */;
UNLOCK TABLES;

--
-- Table structure for table `tecnologia_riego`
--

DROP TABLE IF EXISTS `tecnologia_riego`;
/*!40101 SET @saved_cs_client     = @@character_set_client */;
/*!40101 SET character_set_client = utf8 */;
CREATE TABLE `tecnologia_riego` (
  `id` int(11) NOT NULL AUTO_INCREMENT,
  `respuesta` int(11) NOT NULL,
  `area` double NOT NULL,
  `encuesta_id` int(11) NOT NULL,
  PRIMARY KEY (`id`),
  KEY `tecnologia_riego_1de70ac4` (`encuesta_id`)
) ENGINE=MyISAM AUTO_INCREMENT=387 DEFAULT CHARSET=latin1;
/*!40101 SET character_set_client = @saved_cs_client */;

--
-- Dumping data for table `tecnologia_riego`
--

LOCK TABLES `tecnologia_riego` WRITE;
/*!40000 ALTER TABLE `tecnologia_riego` DISABLE KEYS */;
INSERT INTO `tecnologia_riego` VALUES (1,1,0,3),(2,1,0,5),(3,1,1,2),(4,1,0,7),(5,1,0,10),(6,1,0,9),(7,1,1,13),(8,1,0,15),(9,1,0,18),(10,1,0,21),(11,1,1,22),(12,1,0,23),(13,1,0,24),(14,1,0,27),(15,3,3,31),(16,1,1,32),(17,1,0,37),(18,1,0,38),(19,1,0,41),(20,1,0,42),(21,1,0,44),(22,1,0,45),(23,3,0.625,47),(24,1,0,48),(25,1,0,49),(26,1,0,51),(27,1,0,52),(28,4,2,53),(29,1,0,56),(30,3,0.25,57),(31,1,0,60),(32,1,0,61),(33,1,0,63),(34,1,0,65),(35,1,0,66),(36,1,1,67),(37,1,0,68),(38,1,0,69),(39,1,0,70),(40,1,0,71),(41,1,0,73),(42,1,0,74),(43,1,0,76),(44,1,0,77),(45,1,0,78),(46,1,0,79),(47,1,1,80),(48,1,0,81),(49,1,1,82),(50,1,0,83),(51,1,0,84),(52,1,0,85),(53,3,1,86),(54,1,1,87),(55,1,0,89),(56,1,0,91),(57,2,3,93),(58,1,1,94),(59,1,1,95),(60,1,0,97),(61,1,0,98),(62,1,0,99),(63,1,0,100),(64,1,0,101),(65,1,0,102),(66,1,0,103),(67,1,0,104),(68,1,0,105),(69,1,0,106),(70,1,1,107),(71,1,0,108),(72,1,0,109),(73,1,0,110),(74,1,0,112),(75,1,0,113),(76,1,0,115),(77,1,0.5,118),(78,2,1,119),(79,1,0,120),(80,1,0,122),(81,1,0,123),(82,1,0,125),(83,1,0,126),(84,1,0,127),(85,1,0,128),(86,2,0.5,129),(87,1,0,130),(88,2,1,131),(89,1,0,132),(90,1,0,133),(91,1,0,134),(92,1,0,135),(93,1,0,136),(94,1,0,137),(95,1,0,138),(96,1,0,139),(97,1,0,140),(98,1,0,141),(99,1,0,146),(100,1,0,147),(101,4,0.75,149),(102,1,0,151),(103,1,0,152),(104,1,0,153),(105,1,0,154),(106,1,0,156),(107,1,0,157),(108,1,0,158),(109,1,0,159),(110,1,0,160),(111,1,0,161),(112,1,0,162),(113,1,0,163),(114,1,1,164),(115,1,1,165),(116,1,1,150),(117,1,0,168),(118,1,0,169),(119,1,0,170),(120,1,0,171),(121,1,0,172),(122,1,0,173),(123,1,0,174),(124,1,0,175),(125,1,0,176),(126,1,0,177),(127,1,0,180),(128,1,0,181),(129,1,0,182),(130,1,1,185),(131,1,0,186),(132,1,0,187),(133,1,1,188),(134,1,1,189),(135,1,0,190),(136,1,0,191),(137,1,1,192),(138,1,0,193),(139,1,0,194),(140,1,1,195),(141,1,0,196),(142,1,0,197),(143,1,0,198),(144,1,0,199),(145,1,0,200),(146,1,0,201),(147,1,0,202),(148,1,0,203),(149,1,0,204),(150,1,0,206),(151,2,1,207),(152,2,0.5,208),(153,1,0,209),(154,1,0,210),(155,1,0,211),(156,1,0,212),(157,1,0,213),(158,1,0,214),(159,1,0,217),(160,2,0.25,218),(161,3,0.75,219),(162,1,0,220),(163,1,0,222),(164,1,0,224),(165,1,0,226),(166,1,0,228),(167,1,0,231),(168,1,0,234),(169,1,0,236),(170,2,0.25,238),(171,1,0,241),(172,1,1,243),(173,1,0,244),(174,1,1,245),(175,1,0,246),(176,1,1,247),(177,1,1,249),(178,1,0,250),(179,1,0,254),(180,1,0,259),(181,1,0,255),(182,1,0,261),(183,1,0,264),(184,1,0,265),(185,1,0,268),(186,1,0,269),(187,2,0.5,271),(188,1,0,272),(189,1,0,275),(190,1,0,276),(191,1,0,278),(192,1,0,280),(193,1,0,282),(194,1,0,283),(195,2,2,284),(196,1,0,285),(197,1,0,286),(198,1,0,288),(199,2,0.5,289),(200,1,0,291),(201,1,0,292),(202,3,3,293),(203,1,0,297),(204,1,1,298),(205,1,0,300),(206,4,0.25,301),(207,2,3,305),(208,1,0,308),(209,1,0,311),(210,1,0,313),(211,4,1,315),(212,1,0,317),(213,1,0,318),(214,1,0,322),(215,1,1,323),(216,1,0,325),(217,1,0,326),(218,1,1,327),(219,1,0,329),(220,1,1,330),(221,1,0,331),(222,1,0,332),(223,1,0,333),(224,1,0,334),(225,1,0,335),(226,1,0,336),(227,1,0,337),(228,1,0,338),(229,1,0,339),(230,1,1,340),(231,1,1,341),(232,1,1,342),(233,1,0,345),(234,1,0,348),(235,1,0,352),(236,1,0,353),(237,2,0.5,354),(238,2,2,355),(239,1,0,356),(240,1,0,357),(241,1,0,358),(242,1,1,362),(243,1,1,363),(244,1,1,364),(245,1,1,365),(246,1,1,366),(247,1,1,367),(248,1,1,368),(249,1,1,369),(250,1,1,370),(251,1,1,371),(252,1,0,372),(253,1,0,373),(254,1,0,374),(255,1,0,376),(256,1,0,377),(257,1,0,378),(258,2,2,379),(259,1,0,380),(260,1,0,381),(261,1,0,382),(262,3,1,383),(263,1,0,384),(264,1,0,385),(265,1,0,386),(266,1,1,387),(267,1,1,388),(268,1,0,391),(269,1,0,395),(270,1,0,396),(271,1,0,397),(272,1,0,398),(273,1,0,399),(274,1,0,400),(275,1,0,401),(276,1,0,402),(277,1,0,403),(278,1,1,407),(279,1,1,408),(280,1,1,409),(281,1,0,411),(282,1,1,412),(283,4,1,413),(284,1,1,414),(285,1,0,415),(286,1,0,416),(287,1,1,417),(288,1,0,418),(289,1,0,419),(290,1,1,420),(291,1,1,421),(292,1,0,422),(293,1,0,423),(294,1,1,424),(295,1,0,425),(296,1,1,426),(297,1,0,427),(298,1,0,429),(299,1,0,430),(300,3,0.0625,432),(301,1,1,433),(302,1,0,434),(303,1,1,435),(304,1,1,436),(305,1,1,437),(306,1,0,438),(307,1,0,440),(308,1,0,441),(309,1,0,442),(310,1,1,443),(311,1,1,444),(312,1,0,445),(313,1,0,447),(314,1,1,448),(315,1,0,449),(316,1,1,450),(317,1,0,451),(318,1,1,452),(319,1,0,453),(320,1,1,454),(321,1,1,455),(322,1,0,456),(323,1,1,457),(324,1,1,458),(325,4,50,460),(326,1,0,461),(327,3,0.25,462),(328,1,1,463),(329,1,1,466),(330,1,1,468),(331,1,1,469),(332,1,1,470),(333,1,1,471),(334,1,1,473),(335,1,1,477),(336,1,1,479),(337,1,0,496),(338,1,0,499),(339,1,0,502),(340,1,0,504),(362,1,0,574),(361,1,0,571),(343,1,0,530),(344,1,0,531),(345,1,0,532),(346,1,0,533),(347,1,0,534),(360,1,0,567),(349,1,0,536),(350,1,0,542),(351,1,0,543),(352,1,0,546),(353,1,0,547),(354,1,0,548),(355,1,0,550),(356,1,0,551),(357,1,0,557),(358,1,0,558),(359,1,0,559),(363,1,0,577),(364,1,0,579),(365,1,0,580),(366,1,0,583),(367,1,1,591),(368,1,0,594),(369,1,0,596),(370,1,0,598),(371,1,0,602),(372,1,0,603),(373,1,0,604),(374,1,0,605),(375,1,0,606),(376,1,0,607),(377,1,0,608),(378,1,0,609),(379,1,0,610),(380,4,4,611),(381,2,2,612),(382,1,0,613),(383,1,0,614),(384,1,0,615),(385,1,0,616),(386,1,0,617);
/*!40000 ALTER TABLE `tecnologia_riego` ENABLE KEYS */;
UNLOCK TABLES;

--
-- Table structure for table `tecnologia_semilla`
--

DROP TABLE IF EXISTS `tecnologia_semilla`;
/*!40101 SET @saved_cs_client     = @@character_set_client */;
/*!40101 SET character_set_client = utf8 */;
CREATE TABLE `tecnologia_semilla` (
  `id` int(11) NOT NULL AUTO_INCREMENT,
  `maiz` int(11) NOT NULL,
  `frijol` int(11) NOT NULL,
  `encuesta_id` int(11) NOT NULL,
  PRIMARY KEY (`id`),
  KEY `tecnologia_semilla_1de70ac4` (`encuesta_id`)
) ENGINE=MyISAM AUTO_INCREMENT=639 DEFAULT CHARSET=latin1;
/*!40101 SET character_set_client = @saved_cs_client */;

--
-- Dumping data for table `tecnologia_semilla`
--

LOCK TABLES `tecnologia_semilla` WRITE;
/*!40000 ALTER TABLE `tecnologia_semilla` DISABLE KEYS */;
INSERT INTO `tecnologia_semilla` VALUES (1,1,2,3),(2,1,2,5),(3,4,4,2),(4,1,2,6),(5,1,2,7),(6,1,4,4),(7,1,4,8),(8,1,2,10),(9,1,2,9),(10,1,4,11),(11,1,2,12),(12,2,2,13),(13,1,1,15),(14,4,2,14),(15,1,1,16),(16,2,2,18),(17,1,2,17),(18,1,1,19),(19,4,4,20),(20,1,2,21),(21,1,1,22),(22,1,2,23),(23,1,2,24),(24,1,1,25),(25,1,1,26),(26,1,2,27),(27,1,2,28),(28,1,1,29),(29,1,1,30),(30,2,2,31),(31,1,1,32),(32,1,1,33),(33,1,2,35),(34,1,1,34),(35,1,2,37),(36,4,4,36),(37,1,2,38),(38,1,1,39),(39,1,1,40),(40,1,1,41),(41,1,2,42),(42,1,1,43),(43,2,2,44),(44,1,2,45),(45,1,1,46),(46,1,2,48),(47,1,1,47),(48,1,2,49),(49,1,1,50),(50,1,2,51),(51,1,2,52),(52,1,2,53),(53,1,2,54),(54,1,2,56),(55,1,1,55),(56,1,2,57),(57,1,1,58),(58,1,1,59),(59,1,2,60),(60,1,2,61),(61,4,4,62),(62,1,2,63),(63,1,1,64),(64,1,2,65),(65,1,2,66),(66,1,1,67),(67,1,2,68),(68,1,2,69),(69,2,2,70),(70,1,2,71),(71,1,2,72),(72,1,2,73),(73,1,1,74),(74,1,2,75),(75,1,2,76),(76,1,2,77),(77,1,2,78),(78,1,2,79),(79,1,1,80),(80,1,2,81),(81,1,1,82),(82,1,1,83),(83,1,2,84),(84,1,2,85),(85,1,1,86),(86,1,1,87),(87,1,2,89),(88,1,1,90),(89,1,2,91),(90,2,2,92),(91,1,1,93),(92,1,1,94),(93,1,1,95),(94,1,4,96),(95,1,2,97),(96,1,1,98),(97,1,1,99),(98,1,2,100),(99,1,2,101),(100,1,1,102),(101,1,1,103),(102,1,2,104),(103,1,1,105),(104,1,1,106),(105,1,1,107),(106,2,2,108),(107,1,1,109),(108,1,1,110),(109,1,1,111),(110,1,3,112),(111,1,2,113),(112,1,1,114),(113,1,1,115),(114,1,1,116),(115,1,1,117),(116,2,2,118),(117,1,2,119),(118,1,2,120),(119,4,2,121),(120,1,2,122),(121,4,4,123),(122,1,2,124),(123,1,2,125),(124,2,2,126),(125,1,2,127),(126,1,2,128),(127,1,2,129),(128,1,2,130),(129,1,2,131),(130,1,2,132),(131,1,2,133),(132,2,2,134),(133,1,2,135),(134,1,2,136),(135,1,2,137),(136,1,2,138),(137,1,2,139),(138,1,2,140),(139,2,2,141),(140,1,2,142),(141,1,1,143),(142,1,1,144),(143,1,1,145),(144,1,1,146),(145,2,1,147),(146,1,1,148),(147,1,1,149),(148,1,2,151),(149,1,2,152),(150,1,2,153),(151,1,2,154),(152,1,2,155),(153,1,2,156),(154,1,2,157),(155,1,2,158),(156,1,2,159),(157,1,2,160),(158,1,2,161),(159,1,2,162),(160,1,1,163),(161,2,1,164),(162,1,1,165),(163,1,1,150),(164,1,1,166),(165,1,2,168),(166,1,2,169),(167,1,2,170),(168,1,1,171),(169,1,2,172),(170,1,2,173),(171,1,2,174),(172,2,2,176),(173,2,1,177),(174,1,2,178),(175,2,2,179),(176,1,1,180),(177,1,1,181),(178,2,2,182),(179,1,1,167),(180,1,1,183),(181,1,1,184),(182,1,1,185),(183,2,2,186),(184,1,1,187),(185,1,2,188),(186,1,1,189),(187,1,2,190),(188,1,1,191),(189,1,1,192),(190,1,1,193),(191,1,2,194),(192,2,1,195),(193,1,1,196),(194,1,1,197),(195,1,1,198),(196,1,1,199),(197,1,1,200),(198,1,1,201),(199,1,1,202),(200,1,1,203),(201,1,1,204),(202,1,1,205),(203,1,1,206),(204,2,1,207),(205,1,2,208),(206,1,2,209),(207,1,1,210),(208,1,1,211),(209,1,1,212),(210,1,1,213),(211,1,1,214),(212,1,1,215),(213,1,1,216),(214,1,1,217),(215,1,1,218),(216,1,1,219),(217,1,2,220),(218,1,1,221),(219,1,2,222),(220,1,1,223),(221,1,2,224),(222,4,4,225),(223,1,2,226),(224,1,1,227),(225,2,2,228),(226,1,1,229),(227,1,1,230),(228,1,1,231),(229,1,3,232),(230,1,1,233),(231,1,1,234),(232,1,1,235),(233,2,2,236),(234,1,1,237),(235,1,1,238),(236,1,1,239),(237,1,1,240),(238,2,2,241),(239,1,1,242),(240,1,1,243),(241,2,1,244),(242,1,3,245),(243,1,2,246),(244,1,4,247),(245,1,1,248),(246,1,1,249),(247,2,2,250),(248,1,1,251),(249,1,1,252),(250,1,4,253),(251,2,2,254),(252,1,1,256),(253,1,1,257),(254,1,1,258),(255,2,2,259),(256,1,1,255),(257,4,4,260),(258,1,2,261),(259,1,1,262),(260,1,1,263),(261,1,1,264),(262,1,2,265),(263,1,1,266),(264,1,1,267),(265,1,2,268),(266,1,1,269),(267,1,1,270),(268,1,1,271),(269,1,1,272),(270,4,4,273),(271,1,1,274),(272,1,1,275),(273,1,2,276),(274,1,4,277),(275,1,2,278),(276,1,4,279),(277,1,2,280),(278,1,1,281),(279,1,1,282),(280,2,2,283),(281,4,4,284),(282,1,1,285),(283,1,1,286),(284,4,4,287),(285,1,1,288),(286,1,2,289),(287,1,1,290),(288,1,2,291),(289,1,1,292),(290,1,1,293),(291,2,4,294),(292,1,1,295),(293,4,4,296),(294,1,2,297),(295,2,2,298),(296,1,2,299),(297,1,1,300),(298,1,2,301),(299,2,2,302),(300,1,2,303),(301,2,2,304),(302,1,2,305),(303,1,1,306),(304,3,2,307),(305,1,1,308),(306,2,1,309),(307,2,2,310),(308,1,1,311),(309,1,2,312),(310,1,2,313),(311,2,2,314),(312,2,2,315),(313,2,2,316),(314,1,1,317),(315,1,1,318),(316,2,2,319),(531,3,3,537),(318,1,1,321),(319,1,1,322),(320,1,2,323),(321,2,2,324),(322,2,2,325),(323,1,1,326),(324,2,1,327),(325,1,1,328),(326,1,1,329),(327,1,2,330),(328,1,1,331),(329,1,2,332),(330,1,2,333),(331,1,2,334),(332,2,2,335),(333,1,2,336),(334,1,2,337),(335,2,2,338),(336,1,1,339),(337,2,2,340),(338,2,1,341),(339,2,1,342),(340,1,2,343),(341,1,2,344),(342,1,1,345),(343,1,1,346),(344,1,2,347),(345,1,1,348),(346,1,2,350),(347,1,2,349),(348,1,1,351),(349,1,2,352),(350,1,2,353),(351,1,2,354),(352,1,1,355),(353,2,1,356),(354,2,1,357),(355,1,2,358),(356,1,1,359),(357,1,1,360),(358,2,2,361),(359,2,2,362),(360,1,2,363),(361,2,1,364),(362,1,1,365),(363,1,1,366),(364,2,1,367),(365,1,1,368),(366,2,1,369),(367,1,1,370),(368,2,1,371),(369,1,1,372),(370,1,1,373),(371,1,2,374),(372,1,2,375),(373,1,2,376),(374,1,1,377),(375,1,1,378),(376,1,1,379),(377,1,2,380),(378,1,1,381),(379,1,2,382),(380,1,1,383),(381,1,1,384),(382,1,1,385),(383,1,1,386),(384,2,2,387),(385,2,1,388),(386,2,1,389),(387,2,1,391),(388,2,1,392),(389,1,1,393),(390,1,2,394),(391,1,1,395),(392,1,1,396),(393,1,1,397),(394,1,1,398),(395,1,1,399),(396,2,1,400),(397,1,1,401),(398,2,2,402),(399,1,1,403),(400,2,1,404),(401,1,1,405),(402,2,2,406),(403,1,2,407),(404,2,1,408),(405,1,4,409),(406,1,1,410),(407,1,1,411),(408,2,2,412),(409,1,1,413),(410,1,1,414),(411,1,2,415),(412,1,1,416),(413,2,2,417),(414,1,1,418),(415,1,1,419),(416,1,1,420),(417,2,2,421),(418,2,1,423),(419,2,2,424),(420,2,2,426),(421,1,1,427),(422,1,1,428),(423,1,1,429),(424,1,1,430),(425,1,1,431),(426,1,1,432),(427,1,2,433),(428,1,2,434),(429,1,1,435),(430,1,1,436),(431,2,1,437),(432,1,1,438),(433,1,1,439),(434,1,1,440),(435,1,2,441),(436,1,1,442),(437,1,1,443),(438,1,1,444),(439,1,1,445),(440,2,1,446),(441,1,1,447),(442,1,1,448),(443,1,1,449),(444,2,1,450),(445,1,1,451),(446,1,1,452),(447,1,1,453),(448,2,1,454),(449,2,2,455),(450,1,1,456),(451,2,2,457),(452,1,1,458),(453,1,1,459),(454,1,1,460),(455,1,1,461),(456,1,1,462),(457,4,4,463),(458,1,1,464),(459,1,1,465),(460,1,2,466),(461,1,1,467),(462,2,2,468),(463,1,1,469),(464,2,1,470),(465,2,1,471),(466,1,1,472),(467,1,1,473),(468,1,1,474),(469,1,1,475),(470,1,1,476),(471,1,1,477),(472,1,1,478),(473,1,2,479),(474,1,1,480),(475,1,1,481),(476,1,1,482),(477,1,1,483),(478,1,1,484),(479,1,1,485),(480,1,1,486),(481,1,1,487),(482,1,1,488),(483,1,1,489),(484,1,2,490),(485,1,1,491),(486,1,1,492),(487,1,1,493),(488,1,2,494),(489,1,1,495),(490,1,1,496),(491,1,1,497),(492,1,1,498),(493,1,1,499),(494,1,1,500),(495,1,1,501),(496,1,1,502),(497,1,1,503),(498,2,1,504),(499,1,1,505),(560,2,1,566),(501,2,1,507),(559,4,1,565),(503,1,1,509),(504,2,2,510),(505,2,2,511),(506,1,1,512),(507,1,1,513),(509,1,1,515),(510,1,1,516),(511,1,1,517),(512,1,1,518),(513,2,1,519),(514,1,1,520),(515,1,1,521),(516,1,1,522),(517,1,1,523),(518,1,1,524),(519,1,1,525),(520,4,4,526),(521,4,1,527),(522,2,2,528),(523,1,1,529),(524,1,1,530),(525,1,1,531),(526,2,2,532),(527,1,1,533),(528,1,1,534),(558,2,4,563),(530,2,1,536),(532,1,1,538),(533,1,1,539),(534,1,1,540),(535,1,1,541),(536,1,1,542),(537,4,4,543),(538,2,2,544),(539,4,4,545),(540,1,2,546),(541,1,1,547),(542,1,1,548),(543,1,1,549),(544,1,2,550),(545,1,1,551),(546,2,1,552),(547,2,4,553),(548,2,1,554),(549,2,2,555),(550,1,1,556),(551,1,4,557),(552,1,1,558),(553,1,4,559),(554,2,1,560),(555,2,2,561),(556,2,1,562),(557,4,4,564),(561,2,4,567),(562,2,1,568),(563,1,1,569),(564,2,1,570),(565,1,1,571),(566,1,1,572),(567,1,1,573),(568,4,4,574),(569,2,1,575),(570,2,2,576),(571,2,2,577),(572,2,4,578),(573,2,4,579),(574,1,4,580),(575,4,4,581),(576,2,1,582),(577,2,4,583),(578,2,2,585),(579,2,2,587),(580,2,1,588),(581,4,1,589),(582,2,2,590),(583,2,2,591),(584,2,2,592),(585,2,2,593),(586,1,1,594),(587,2,1,595),(588,2,1,596),(589,2,4,597),(590,2,1,598),(591,2,2,599),(592,2,2,601),(593,2,2,602),(594,1,2,603),(595,2,2,604),(596,2,4,605),(597,2,1,606),(598,4,4,607),(599,2,2,608),(600,2,1,609),(601,2,1,610),(602,2,2,611),(603,2,1,612),(604,1,2,613),(605,2,2,614),(606,2,2,615),(607,2,1,616),(608,2,1,617),(609,2,4,618),(610,2,2,619),(611,1,1,620),(612,1,1,621),(613,2,2,600),(614,2,2,622),(615,2,2,623),(616,4,4,624),(619,3,1,627),(618,2,1,626),(620,2,2,628),(621,2,2,629),(622,4,4,630),(623,1,1,631),(624,2,2,632),(625,2,1,633),(626,2,1,634),(627,2,1,635),(628,2,1,636),(629,1,4,637),(630,1,1,638),(631,2,4,639),(632,2,1,640),(633,2,1,641),(634,2,2,642),(635,2,1,643),(636,1,1,644),(637,1,1,390),(638,1,1,390);
/*!40000 ALTER TABLE `tecnologia_semilla` ENABLE KEYS */;
UNLOCK TABLES;

--
-- Table structure for table `tecnologia_usotecnologia`
--

DROP TABLE IF EXISTS `tecnologia_usotecnologia`;
/*!40101 SET @saved_cs_client     = @@character_set_client */;
/*!40101 SET character_set_client = utf8 */;
CREATE TABLE `tecnologia_usotecnologia` (
  `id` int(11) NOT NULL AUTO_INCREMENT,
  `tecnologia` int(11) NOT NULL,
  `granos` int(11) NOT NULL,
  `anuales` int(11) NOT NULL,
  `permanentes` int(11) NOT NULL,
  `pastos` int(11) NOT NULL,
  `encuesta_id` int(11) NOT NULL,
  PRIMARY KEY (`id`),
  KEY `tecnologia_usotecnologia_1de70ac4` (`encuesta_id`)
) ENGINE=MyISAM AUTO_INCREMENT=2175 DEFAULT CHARSET=latin1;
/*!40101 SET character_set_client = @saved_cs_client */;

--
-- Dumping data for table `tecnologia_usotecnologia`
--

LOCK TABLES `tecnologia_usotecnologia` WRITE;
/*!40000 ALTER TABLE `tecnologia_usotecnologia` DISABLE KEYS */;
INSERT INTO `tecnologia_usotecnologia` VALUES (1,1,2,2,2,2,3),(2,2,1,1,2,2,3),(3,3,2,2,1,2,3),(4,4,2,2,2,2,3),(5,1,2,2,2,2,5),(6,2,1,2,2,2,5),(7,3,2,2,2,2,5),(8,4,2,2,2,2,5),(9,1,2,3,3,3,2),(10,2,2,3,3,3,2),(11,3,2,3,3,3,2),(12,4,2,3,3,3,2),(13,1,1,1,1,2,6),(14,2,1,2,2,2,6),(15,3,2,2,2,2,6),(16,4,2,2,2,2,6),(17,1,2,2,2,3,7),(18,2,2,2,2,3,7),(19,3,1,2,1,3,7),(20,1,2,3,3,3,4),(21,2,2,3,3,3,4),(22,3,2,3,3,3,4),(23,4,2,3,3,3,4),(24,1,1,2,3,3,8),(25,2,1,2,3,3,8),(26,3,2,3,3,3,8),(27,4,2,3,3,3,8),(28,1,2,3,2,3,10),(29,2,1,2,2,2,10),(30,3,2,3,1,2,10),(31,4,2,3,1,3,10),(32,1,1,1,2,2,9),(33,2,1,1,2,2,9),(34,3,2,1,1,2,9),(35,4,2,2,2,2,9),(36,1,1,2,3,3,11),(37,2,1,2,3,3,11),(38,3,2,3,3,3,11),(39,4,2,3,3,3,11),(40,1,2,3,2,3,12),(41,2,1,3,2,3,12),(42,3,2,3,1,3,12),(43,4,2,3,1,3,12),(44,1,2,3,2,3,13),(45,2,2,3,2,3,13),(46,3,2,3,2,3,13),(47,1,1,3,3,3,15),(48,2,1,3,3,3,15),(49,3,3,3,3,3,15),(50,4,1,3,3,3,15),(51,1,2,2,2,3,14),(52,2,1,2,2,3,14),(53,3,1,1,1,3,14),(54,4,1,1,1,3,14),(55,1,1,1,3,3,16),(56,2,1,1,3,3,16),(57,3,2,2,3,3,16),(58,4,2,2,3,3,16),(59,1,2,3,3,3,18),(60,2,2,3,3,3,18),(61,3,2,3,3,3,18),(62,4,2,3,3,3,18),(63,1,2,2,2,2,17),(64,2,1,1,2,2,17),(65,3,2,2,2,2,17),(66,4,2,2,2,2,17),(67,1,1,3,3,3,19),(68,2,1,3,3,3,19),(69,3,2,3,3,3,19),(70,4,2,3,3,3,19),(71,1,2,3,2,3,21),(72,2,2,3,2,3,21),(73,3,2,3,2,3,21),(74,4,2,3,2,3,21),(75,1,1,3,3,3,22),(76,2,1,3,3,3,22),(77,3,2,3,3,3,22),(78,4,2,3,3,3,22),(79,1,2,2,2,2,23),(80,2,2,2,2,2,23),(81,3,1,1,1,2,23),(82,4,1,1,1,2,23),(83,1,1,3,1,3,24),(84,2,1,3,2,3,24),(85,3,2,3,2,3,24),(86,4,2,3,1,3,24),(87,1,1,3,3,3,25),(88,2,1,3,3,3,25),(89,3,2,3,3,3,25),(90,4,2,3,3,3,25),(91,1,2,3,2,3,27),(92,2,2,3,2,3,27),(93,3,2,3,2,3,27),(94,1,2,2,2,2,28),(95,2,1,2,1,2,28),(96,3,2,2,2,2,28),(97,4,2,2,2,2,28),(98,1,1,3,3,3,29),(99,2,1,3,3,3,29),(100,3,2,3,3,3,29),(101,4,2,3,3,3,29),(102,1,1,3,3,3,30),(103,2,1,3,3,3,30),(104,3,2,3,3,3,30),(105,4,2,3,3,3,30),(106,1,1,1,2,2,31),(107,2,1,1,2,2,31),(108,3,2,2,2,2,31),(109,4,2,2,2,2,31),(110,1,1,1,2,2,32),(111,2,1,1,2,2,32),(112,3,2,2,2,2,32),(113,4,2,2,2,2,32),(114,1,1,1,2,2,33),(115,2,1,1,2,2,33),(116,3,2,2,2,2,33),(117,4,2,2,2,2,33),(118,1,2,3,3,3,35),(119,2,1,3,3,3,35),(120,3,2,3,3,3,35),(121,4,2,3,3,3,35),(122,1,1,1,3,3,34),(123,2,1,1,3,3,34),(124,3,3,3,3,3,34),(125,4,3,3,3,3,34),(126,1,2,3,2,3,37),(127,2,1,3,2,3,37),(128,2,2,3,1,3,37),(129,4,2,3,1,3,37),(130,1,2,2,2,2,36),(131,2,2,2,2,2,36),(132,3,2,2,2,2,36),(133,4,2,2,2,2,36),(134,1,2,3,2,2,38),(135,2,2,3,2,2,38),(136,3,1,3,1,2,38),(137,4,1,3,1,2,38),(138,1,2,2,2,2,39),(139,2,2,2,2,2,39),(140,3,2,2,2,2,39),(141,4,2,2,2,2,39),(142,1,2,3,3,3,40),(143,2,2,3,3,3,40),(144,3,2,3,3,3,40),(145,4,2,3,3,3,40),(146,1,2,2,2,2,41),(147,2,1,2,2,2,41),(148,3,2,2,2,2,41),(149,4,2,2,2,2,41),(150,1,2,2,2,2,42),(151,2,1,1,2,2,42),(152,3,2,2,1,2,42),(153,4,2,2,2,2,42),(154,1,1,2,2,2,43),(155,2,1,2,2,2,43),(156,3,1,1,2,2,43),(157,4,2,2,2,2,43),(158,1,2,2,2,3,44),(159,2,2,2,2,2,44),(160,1,2,2,1,1,45),(161,2,2,2,2,2,45),(162,3,1,1,1,1,45),(163,4,1,1,1,1,45),(164,1,1,1,1,1,46),(165,2,1,1,1,1,46),(166,3,1,1,1,1,46),(167,4,2,2,2,2,46),(168,1,1,2,2,2,48),(169,2,1,2,2,2,48),(170,3,1,2,2,2,48),(171,4,2,2,2,2,48),(172,1,1,2,2,2,47),(173,2,1,2,2,2,47),(174,3,1,1,2,2,47),(175,4,2,2,2,2,47),(176,1,2,2,2,3,49),(177,2,1,3,3,3,49),(178,3,2,2,2,3,49),(179,4,2,2,2,3,49),(180,1,2,2,2,2,50),(181,2,1,1,2,2,50),(182,3,2,2,2,2,50),(183,4,2,2,2,2,50),(184,1,1,3,2,3,51),(185,2,2,3,2,3,51),(186,3,2,3,1,3,51),(187,4,2,3,2,3,51),(188,1,2,2,2,2,52),(189,2,2,2,2,2,52),(190,3,1,1,1,1,52),(191,4,1,1,1,1,52),(192,1,2,2,2,2,53),(193,2,1,2,2,2,53),(194,3,2,2,2,2,53),(195,4,2,1,1,3,53),(196,1,2,2,2,1,54),(197,2,1,2,2,2,54),(198,3,2,2,2,2,54),(199,4,2,2,2,2,54),(200,1,2,3,2,3,56),(201,2,1,2,2,3,56),(202,3,2,3,2,3,56),(203,4,2,3,3,3,56),(204,1,1,1,2,2,55),(205,2,1,1,2,2,55),(206,3,2,2,2,2,55),(207,4,2,2,2,2,55),(208,1,2,2,2,2,57),(209,2,2,2,2,2,57),(210,3,1,2,1,2,57),(211,4,1,2,1,2,57),(212,1,2,2,2,2,58),(213,2,2,2,2,2,58),(214,3,2,2,2,2,58),(215,4,2,2,2,2,58),(216,1,2,2,2,2,59),(217,2,2,2,2,2,59),(218,3,2,2,2,2,59),(219,4,2,2,2,2,59),(220,1,2,2,2,2,60),(221,2,1,2,2,2,60),(222,3,2,2,1,2,60),(223,4,2,2,1,2,60),(224,1,2,2,2,2,61),(225,2,2,2,2,2,61),(226,3,2,2,1,2,61),(227,4,2,2,1,2,61),(228,1,1,2,2,2,63),(229,2,1,2,2,2,63),(230,3,2,2,1,2,63),(231,3,2,2,1,2,63),(232,1,1,2,3,3,64),(233,2,1,2,3,3,64),(234,3,2,3,3,3,64),(235,4,2,3,3,3,64),(236,1,1,3,2,3,65),(237,2,1,3,2,3,65),(238,3,2,3,2,3,65),(239,4,2,3,2,3,65),(240,1,2,3,2,3,66),(241,2,1,3,2,3,66),(242,3,2,3,2,3,66),(243,4,2,3,2,3,66),(244,1,1,2,2,2,67),(245,2,1,2,2,2,67),(246,3,2,2,2,2,67),(247,4,2,2,2,2,67),(248,1,1,3,2,3,68),(249,2,1,3,2,3,68),(250,3,2,3,2,3,68),(251,4,2,3,2,3,68),(252,1,2,2,2,2,69),(253,2,2,2,2,2,69),(254,3,2,2,1,2,69),(255,4,2,2,2,2,69),(256,1,2,2,2,2,70),(257,2,1,1,2,2,70),(258,3,2,2,2,2,70),(259,4,2,2,2,2,70),(260,1,2,2,2,2,71),(261,2,2,2,2,2,71),(262,3,2,2,2,2,71),(263,4,2,2,2,2,71),(264,1,2,2,2,2,72),(265,2,2,2,2,2,72),(266,3,2,2,1,2,72),(267,4,2,2,2,2,72),(268,1,2,2,2,2,73),(269,2,1,2,2,2,73),(270,3,2,2,2,2,73),(271,4,2,2,2,2,73),(272,1,2,3,2,3,74),(273,2,1,3,2,3,74),(274,3,2,3,1,3,74),(275,4,2,3,1,3,74),(276,1,1,2,2,3,75),(277,2,1,2,2,3,75),(278,3,2,2,1,3,75),(279,4,2,2,2,3,75),(280,1,1,1,2,2,76),(281,2,1,1,2,2,76),(282,3,1,1,1,2,76),(283,4,1,1,1,2,76),(284,1,2,2,2,2,77),(285,2,1,1,2,2,77),(286,3,2,2,2,2,77),(287,4,2,2,2,2,77),(288,1,1,2,2,2,78),(289,2,1,2,2,2,78),(290,3,2,1,2,2,78),(291,4,2,1,2,2,78),(292,1,2,2,2,2,79),(293,2,1,3,2,2,79),(294,3,2,2,2,3,79),(295,4,2,2,2,3,79),(296,1,1,2,2,2,80),(297,2,1,2,2,2,80),(298,3,2,2,2,2,80),(299,4,2,2,2,2,80),(300,1,2,2,2,2,81),(301,2,2,2,2,2,81),(302,3,2,2,2,2,81),(303,4,2,2,1,2,81),(304,1,1,2,2,2,82),(305,2,1,2,2,2,82),(306,3,2,2,2,2,82),(307,4,2,2,2,2,82),(308,1,1,2,2,2,83),(309,2,1,2,2,2,83),(310,3,2,2,2,2,83),(311,4,2,2,2,2,83),(312,1,2,3,2,3,84),(313,2,1,3,2,3,84),(314,2,2,3,2,3,84),(315,4,2,3,2,3,84),(316,1,2,2,2,3,85),(317,2,2,2,2,1,85),(318,3,2,2,1,1,85),(319,4,2,2,1,1,85),(320,1,1,1,1,3,86),(321,2,1,1,1,3,86),(322,3,2,2,2,3,86),(323,4,2,2,2,3,86),(324,1,1,1,1,3,87),(325,2,1,1,1,3,87),(326,3,2,3,3,3,87),(327,4,2,3,3,3,87),(328,1,2,2,2,2,89),(329,2,1,2,2,2,89),(330,3,2,1,1,2,89),(331,4,2,1,1,2,89),(332,1,1,1,1,3,90),(333,2,1,1,1,3,90),(334,3,2,2,2,3,90),(335,4,2,2,2,3,90),(336,1,1,1,2,3,91),(337,2,2,2,2,3,91),(338,3,2,2,2,3,91),(339,4,2,2,2,3,91),(340,1,2,3,2,2,92),(341,2,1,3,2,2,92),(342,3,1,3,2,2,92),(343,4,2,3,2,2,92),(344,1,1,1,1,3,93),(345,2,1,1,1,3,93),(346,3,1,1,1,3,93),(347,4,3,3,3,3,93),(348,1,1,1,1,3,94),(349,2,1,1,1,3,94),(350,3,2,2,2,3,94),(351,4,2,2,2,3,94),(352,1,1,1,1,3,95),(353,2,1,1,1,3,95),(354,3,2,2,2,3,95),(355,4,2,2,2,3,95),(356,1,2,2,2,2,96),(357,2,2,2,2,2,96),(358,3,2,2,2,2,96),(359,4,2,2,2,2,96),(360,1,1,3,1,3,97),(361,2,1,3,1,1,97),(362,3,2,3,2,3,97),(363,4,2,3,2,3,97),(364,1,1,2,2,2,98),(365,2,1,2,2,2,98),(366,3,2,2,2,2,98),(367,4,2,2,2,2,98),(368,1,1,2,2,2,99),(369,2,1,2,2,2,99),(370,3,2,2,2,2,99),(371,4,2,2,2,2,99),(372,1,2,3,2,2,100),(373,2,1,3,2,1,100),(374,3,2,3,3,2,100),(375,4,2,3,2,2,100),(376,1,2,2,2,3,101),(377,2,1,1,1,3,101),(378,3,2,2,2,3,101),(379,4,2,2,2,3,101),(380,1,1,2,2,2,102),(381,2,1,2,2,2,102),(382,3,2,2,2,2,102),(383,4,2,2,2,2,102),(384,1,1,2,2,2,103),(385,2,1,2,2,2,103),(386,3,2,2,2,2,103),(387,4,2,2,2,2,103),(388,1,2,2,2,2,104),(389,2,2,2,2,2,104),(390,3,2,2,2,2,104),(391,4,2,2,2,2,104),(392,1,1,2,2,2,105),(393,2,1,2,2,2,105),(394,3,2,2,2,2,105),(395,4,2,2,2,2,105),(396,1,1,2,2,2,106),(397,2,1,2,2,2,106),(398,3,2,2,2,2,106),(399,4,2,2,2,2,106),(400,1,1,1,1,1,107),(401,2,1,1,1,1,107),(402,3,2,2,2,2,107),(403,4,2,2,2,2,107),(404,1,1,2,2,2,108),(405,2,1,2,2,2,108),(406,3,2,2,2,2,108),(407,4,2,2,2,2,108),(408,1,1,1,1,1,109),(409,2,1,1,1,1,109),(410,3,2,2,2,2,109),(411,4,2,2,2,2,109),(412,1,1,1,1,3,110),(413,2,1,1,1,3,110),(414,3,2,2,2,3,110),(415,4,2,2,2,3,110),(416,1,1,1,1,1,111),(417,2,1,1,1,1,111),(418,3,2,2,2,2,111),(419,4,2,2,2,2,111),(420,1,2,2,2,3,112),(421,2,2,2,2,3,112),(422,3,2,2,2,3,112),(423,4,2,2,2,3,112),(424,1,1,2,2,2,113),(425,2,2,2,2,2,113),(426,2,2,2,2,2,113),(427,4,2,2,2,2,113),(428,1,1,1,1,3,114),(429,2,1,1,1,3,114),(430,3,2,2,2,3,114),(431,4,2,2,2,3,114),(432,1,2,2,3,3,115),(433,2,1,2,3,3,115),(434,3,2,1,3,3,115),(435,4,2,1,3,3,115),(436,1,1,1,1,3,116),(437,2,1,1,1,3,116),(438,3,2,2,2,3,116),(439,4,2,2,2,3,116),(440,1,2,2,2,2,117),(441,2,2,2,2,2,117),(442,3,2,2,2,2,117),(443,4,2,2,2,2,117),(444,1,2,3,2,3,118),(445,2,2,3,2,3,118),(446,3,2,3,1,3,118),(447,4,1,3,1,3,118),(448,1,1,2,2,2,119),(449,2,1,2,1,2,119),(450,3,2,2,2,2,119),(451,4,2,2,2,2,119),(452,1,2,3,3,3,120),(453,2,2,3,3,3,120),(454,3,3,3,3,3,120),(455,4,3,3,3,3,120),(456,1,1,1,3,3,122),(457,2,1,1,3,3,122),(458,3,2,3,3,3,122),(459,4,2,3,3,3,122),(460,1,3,3,2,2,123),(461,2,3,3,2,3,123),(462,3,3,3,3,3,123),(463,4,3,3,3,3,123),(464,1,2,3,2,3,124),(465,2,2,3,2,3,124),(466,3,2,3,2,3,124),(467,4,2,3,2,3,124),(468,1,2,2,2,2,125),(469,2,2,2,2,2,125),(470,3,2,2,2,2,125),(471,4,1,2,2,2,125),(472,1,2,3,2,3,126),(473,2,2,3,2,3,126),(474,3,1,3,1,3,126),(475,4,1,3,1,3,126),(476,1,2,3,3,3,127),(477,2,1,3,3,3,127),(478,3,2,3,3,3,127),(479,3,2,3,3,3,127),(480,1,2,2,2,3,128),(481,2,1,1,2,3,128),(482,3,2,2,1,3,128),(483,4,2,2,1,3,128),(484,1,2,3,2,2,129),(485,2,1,3,1,1,129),(486,2,2,3,2,2,129),(487,4,2,3,1,2,129),(488,1,2,3,2,3,130),(489,2,1,3,2,3,130),(490,2,2,3,2,3,130),(491,4,2,3,2,3,130),(492,1,2,2,2,3,131),(493,2,1,2,2,3,131),(494,3,2,2,2,3,131),(495,4,2,2,1,3,131),(496,1,2,3,2,2,132),(497,2,1,3,2,2,132),(498,3,2,3,2,2,132),(499,4,2,3,2,2,132),(500,1,1,3,2,2,133),(501,2,1,3,1,2,133),(502,3,2,3,2,2,133),(503,4,2,3,1,2,133),(504,1,2,3,2,2,134),(505,2,1,3,2,2,134),(506,3,2,3,2,2,134),(507,4,2,3,2,2,134),(508,1,2,3,2,3,135),(509,2,1,3,2,3,135),(510,3,2,3,1,3,135),(511,4,2,3,2,3,135),(512,1,2,3,2,2,136),(513,2,2,3,2,2,136),(514,3,2,3,2,2,136),(515,4,2,3,2,2,136),(516,1,2,2,2,2,137),(517,2,2,2,2,2,137),(518,3,2,2,2,2,137),(519,4,2,2,2,2,137),(520,1,1,2,1,2,138),(521,2,1,2,1,2,138),(522,3,2,2,2,2,138),(523,4,2,2,2,2,138),(524,1,2,2,2,2,139),(525,2,1,2,2,2,139),(526,3,2,2,2,2,139),(527,4,2,2,2,2,139),(528,1,2,2,2,2,140),(529,2,1,1,2,2,140),(530,3,2,2,2,2,140),(531,4,2,2,2,2,140),(532,1,1,2,2,2,141),(533,2,2,2,2,2,141),(534,3,2,2,2,2,141),(535,4,2,2,2,2,141),(536,1,2,2,2,3,142),(537,2,2,2,2,3,142),(538,3,2,2,2,3,142),(539,4,2,2,2,3,142),(540,1,1,2,3,3,143),(541,2,1,1,3,3,143),(542,1,1,2,3,3,144),(543,2,1,2,3,3,144),(544,3,2,2,3,3,144),(545,4,2,2,3,3,144),(546,1,1,1,1,1,145),(547,2,1,1,1,1,145),(548,1,2,2,3,3,146),(549,2,1,1,3,3,146),(550,3,2,2,3,3,146),(551,4,2,2,3,3,146),(552,1,1,2,2,2,147),(553,2,1,2,2,2,147),(554,3,2,2,2,2,147),(555,4,2,2,2,2,147),(556,1,1,3,3,3,148),(557,2,1,3,3,3,148),(558,4,2,3,3,3,148),(559,1,2,2,2,2,149),(560,2,2,2,2,2,149),(561,3,3,3,3,3,149),(562,4,3,3,3,3,149),(563,1,2,3,2,3,151),(564,2,1,3,2,3,151),(565,3,2,3,1,3,151),(566,4,2,3,1,3,151),(567,1,1,3,2,3,152),(568,2,2,3,2,3,152),(569,3,2,3,1,3,152),(570,4,2,3,2,3,152),(571,1,2,3,3,3,153),(572,2,2,3,3,3,153),(573,3,1,3,3,3,153),(574,4,2,3,3,3,153),(575,1,2,2,2,2,154),(576,2,2,2,2,2,154),(577,3,2,2,2,2,154),(578,4,2,2,2,2,154),(579,1,2,2,3,3,156),(580,2,2,2,3,3,156),(581,3,3,3,3,3,156),(582,4,3,3,3,3,156),(583,1,1,2,2,3,157),(584,2,1,1,2,3,157),(585,3,2,2,2,3,157),(586,4,2,2,2,3,157),(587,1,2,2,2,3,158),(588,2,1,1,2,3,158),(589,3,2,2,2,3,158),(590,4,2,2,2,3,158),(591,1,2,2,2,2,159),(592,2,2,2,2,2,159),(593,3,2,2,2,2,159),(594,4,2,2,2,2,159),(595,1,2,2,2,2,160),(596,2,1,1,2,2,160),(597,3,2,2,2,2,160),(598,4,2,2,2,2,160),(599,1,2,2,2,2,161),(600,2,2,2,2,2,161),(601,3,1,1,2,2,161),(602,4,2,2,2,2,161),(603,1,1,3,2,3,162),(604,2,1,3,2,3,162),(605,3,2,3,2,3,162),(606,4,2,3,2,3,162),(607,1,1,2,2,2,163),(608,2,1,2,2,2,163),(609,3,2,2,2,2,163),(610,4,2,2,2,2,163),(611,1,1,2,2,2,164),(612,2,1,2,2,2,164),(613,3,2,2,2,2,164),(614,4,2,2,2,2,164),(615,1,1,2,2,2,165),(616,2,1,2,2,2,165),(617,3,2,1,2,2,165),(618,4,2,2,2,2,165),(619,1,1,3,3,3,150),(620,1,1,1,2,2,166),(621,2,2,2,2,2,166),(622,3,1,1,2,2,166),(623,4,1,1,1,2,166),(624,1,1,1,2,2,168),(625,2,1,1,2,2,168),(626,3,2,2,2,2,168),(627,4,2,2,2,2,168),(628,1,2,3,2,3,169),(629,2,1,3,2,3,169),(630,3,2,3,2,3,169),(631,4,2,3,2,3,169),(632,1,2,2,2,3,170),(633,2,2,2,2,3,170),(634,3,2,2,2,3,170),(635,4,2,2,2,3,170),(636,1,2,2,2,2,171),(637,2,1,1,1,2,171),(638,3,2,2,2,2,171),(639,4,2,2,2,2,171),(640,1,1,3,2,3,172),(641,2,2,3,2,3,172),(642,3,2,3,2,3,172),(643,4,2,3,2,3,172),(644,1,2,3,2,2,173),(645,2,1,3,2,2,173),(646,3,2,3,2,2,173),(647,4,2,3,2,2,173),(648,1,1,2,2,2,174),(649,2,1,2,2,2,174),(650,3,2,2,2,2,174),(651,4,2,2,2,2,174),(652,1,3,3,3,3,175),(653,2,3,3,3,3,175),(654,3,3,3,3,3,175),(655,4,3,3,3,3,175),(656,1,2,2,2,2,176),(657,2,2,2,2,2,176),(658,3,2,2,2,2,176),(659,4,2,2,2,2,176),(660,1,1,3,1,3,177),(661,2,1,3,2,3,177),(662,3,2,3,2,3,177),(663,4,2,3,2,3,177),(664,1,1,3,3,3,178),(665,2,1,3,3,3,178),(666,3,2,3,3,3,178),(667,4,2,3,3,3,178),(668,1,1,3,3,3,179),(669,2,1,3,3,3,179),(670,3,2,3,3,3,179),(671,4,2,3,3,3,179),(672,1,1,3,1,3,180),(673,2,1,3,1,3,180),(674,3,2,3,2,3,180),(675,4,2,3,2,3,180),(676,1,1,3,3,3,181),(677,2,1,3,3,3,181),(678,3,2,3,3,3,181),(679,4,2,3,3,3,181),(680,1,1,2,1,2,182),(681,2,1,2,1,2,182),(682,3,2,2,2,2,182),(683,4,2,2,2,2,182),(684,1,1,3,3,3,167),(685,2,1,3,3,3,167),(686,3,2,3,3,3,167),(687,4,2,3,3,3,167),(688,1,1,3,3,3,183),(689,2,1,3,3,3,184),(690,1,1,3,3,3,185),(691,2,1,3,3,3,185),(692,3,1,3,3,3,185),(693,4,1,3,3,3,185),(694,1,1,2,2,2,186),(695,2,1,2,2,2,186),(696,3,2,2,2,2,186),(697,4,2,2,2,2,186),(698,1,1,1,3,3,187),(699,2,1,1,3,3,187),(700,3,3,3,3,3,187),(701,4,3,3,3,3,187),(702,1,1,1,2,2,188),(703,2,1,1,2,2,188),(704,3,1,1,2,2,188),(705,4,1,1,2,2,188),(706,1,1,2,2,2,189),(707,2,1,2,2,2,189),(708,3,2,2,2,2,189),(709,4,2,2,2,2,189),(710,1,1,2,2,2,190),(711,2,1,2,2,2,190),(712,3,2,2,2,2,190),(713,4,2,2,2,2,190),(714,1,1,3,3,3,191),(715,2,1,3,3,3,191),(716,3,2,2,3,3,191),(717,4,2,2,2,2,191),(718,1,2,2,2,2,192),(719,2,1,2,2,2,192),(720,3,1,2,2,2,192),(721,4,2,2,2,2,192),(722,1,1,3,3,3,193),(723,2,1,3,3,3,193),(724,3,3,3,3,3,193),(725,4,3,3,3,3,193),(726,1,2,2,2,2,194),(727,2,2,2,2,2,194),(728,3,2,2,2,2,194),(729,4,2,2,2,2,194),(730,1,1,2,2,2,195),(731,2,1,2,2,2,195),(732,3,2,2,2,2,195),(733,4,2,2,2,2,195),(734,1,1,3,3,3,196),(735,2,1,3,3,3,196),(736,3,3,3,3,3,196),(737,4,3,3,3,3,196),(738,1,1,3,3,3,197),(739,2,1,3,3,3,197),(740,3,3,3,3,3,197),(741,4,3,3,3,3,197),(742,1,1,3,3,3,198),(743,2,1,3,3,3,198),(744,3,3,3,3,3,198),(745,4,3,3,3,3,198),(746,1,1,1,3,3,199),(747,2,1,1,3,3,199),(748,3,3,3,3,3,199),(749,4,3,3,3,3,199),(750,1,1,1,3,3,200),(751,2,1,1,3,3,200),(752,3,3,3,3,3,200),(753,4,3,3,3,3,200),(754,1,1,1,3,3,201),(755,2,1,1,3,3,201),(756,3,3,3,3,3,201),(757,4,3,3,3,3,201),(758,1,1,1,3,3,202),(759,2,1,1,3,3,202),(760,3,3,3,3,3,202),(761,4,3,3,3,3,202),(762,1,1,1,3,3,203),(763,2,1,1,3,3,203),(764,3,3,3,3,3,203),(765,4,3,3,3,3,203),(766,1,1,3,3,3,204),(767,2,1,3,3,3,204),(768,3,3,3,3,3,204),(769,4,3,3,3,3,204),(770,1,2,3,3,3,205),(771,2,2,3,3,3,205),(772,3,3,3,3,3,205),(773,4,3,3,3,3,205),(774,1,2,3,3,3,206),(775,2,2,3,3,3,206),(776,3,3,3,3,3,206),(777,4,3,3,3,3,206),(778,1,1,2,2,2,207),(779,2,1,2,2,2,207),(780,3,2,2,2,2,207),(781,4,2,2,2,2,207),(782,1,1,2,2,2,208),(783,2,1,2,2,2,208),(784,3,1,2,1,2,208),(785,4,2,2,2,2,208),(786,1,1,2,2,2,209),(787,2,1,2,2,2,209),(788,3,2,2,1,2,209),(789,4,2,2,1,2,209),(790,1,1,3,3,3,210),(791,2,1,3,3,3,210),(792,1,1,3,3,3,211),(793,2,1,3,3,3,211),(794,1,1,3,3,3,212),(795,2,1,3,3,3,212),(796,1,1,3,3,3,213),(797,2,1,3,3,3,213),(798,1,1,3,3,3,214),(799,2,1,3,3,3,214),(800,3,3,3,3,3,214),(801,4,3,3,3,3,214),(802,1,1,2,2,2,215),(803,2,1,2,2,2,215),(804,3,2,2,2,2,215),(805,4,2,2,2,2,215),(806,1,1,2,2,2,216),(807,2,1,2,2,2,216),(808,3,2,2,2,2,216),(809,4,2,2,2,2,216),(810,1,1,3,3,3,217),(811,2,1,3,3,3,217),(812,1,1,1,1,2,218),(813,2,1,1,1,2,218),(814,3,1,1,1,2,218),(815,4,1,1,1,2,218),(816,1,1,1,1,2,219),(817,2,1,2,2,2,219),(818,3,2,3,3,3,219),(819,4,2,3,3,3,219),(820,1,1,3,3,3,220),(821,2,1,3,3,3,220),(822,3,2,3,3,3,220),(823,4,2,3,3,3,220),(824,1,1,2,1,2,221),(825,2,1,2,1,2,221),(826,3,2,3,3,3,221),(827,4,2,3,3,3,221),(828,1,2,3,3,3,222),(829,2,2,3,3,3,222),(830,3,2,3,3,3,222),(831,4,2,3,3,3,222),(832,1,1,1,1,1,223),(833,2,1,1,1,1,223),(834,3,2,2,2,2,223),(835,4,2,2,2,2,223),(836,1,2,3,3,3,224),(837,2,2,3,3,3,224),(838,3,2,3,3,3,224),(839,4,2,3,3,3,224),(840,1,2,3,3,3,225),(841,2,2,3,3,3,225),(842,3,2,3,3,3,225),(843,4,2,3,3,3,225),(844,1,2,3,3,3,226),(845,2,2,3,3,3,226),(846,3,2,3,3,3,226),(847,4,2,3,3,3,226),(848,1,1,2,3,2,227),(849,2,1,2,3,2,227),(850,3,2,3,3,2,227),(851,4,2,3,3,2,227),(852,1,1,3,3,3,228),(853,2,1,3,3,3,228),(854,1,1,3,3,3,229),(855,2,1,3,3,3,229),(856,1,1,3,3,3,230),(857,2,1,3,3,3,230),(858,1,2,1,3,3,231),(859,2,1,1,3,3,231),(860,1,1,3,3,3,232),(861,2,1,3,3,3,232),(862,1,1,3,3,3,233),(863,2,1,3,3,3,233),(864,1,1,3,3,3,234),(865,2,1,3,3,3,234),(866,3,2,3,3,3,234),(867,4,2,3,3,3,234),(868,1,2,3,3,3,235),(869,2,1,2,3,3,235),(870,3,2,3,3,3,235),(871,4,2,3,3,3,235),(872,1,2,1,2,2,236),(873,2,2,1,2,2,236),(874,3,2,2,2,2,236),(875,4,2,2,2,2,236),(876,1,2,2,2,2,237),(877,2,2,2,2,2,237),(878,3,2,2,2,2,237),(879,4,2,2,2,2,237),(880,1,1,3,3,3,238),(881,2,1,3,3,3,238),(882,1,2,3,3,3,239),(883,2,1,3,3,3,239),(884,3,2,3,3,3,239),(885,4,2,3,3,3,239),(886,1,1,2,3,3,240),(887,2,1,2,3,3,240),(888,1,1,3,2,3,241),(889,2,1,3,1,3,241),(890,3,2,3,2,3,241),(891,4,2,3,2,2,241),(892,1,2,3,3,3,242),(893,2,1,2,3,3,242),(894,3,2,3,3,3,242),(895,4,2,3,3,3,242),(896,1,1,1,2,2,243),(897,2,1,1,2,2,243),(898,3,2,2,2,2,243),(899,4,2,2,2,2,243),(900,1,1,2,3,2,244),(901,2,1,2,2,2,244),(902,3,2,2,2,2,244),(903,4,2,2,1,2,244),(904,1,2,2,2,2,245),(905,2,1,1,2,2,245),(906,3,2,2,2,2,245),(907,4,2,2,2,2,245),(908,1,1,1,2,2,247),(909,2,1,1,2,2,247),(910,3,2,2,2,2,247),(911,4,2,2,2,2,247),(912,1,2,2,2,2,248),(913,2,2,2,2,2,248),(914,3,2,2,2,2,248),(915,4,2,2,2,2,248),(916,1,2,2,2,3,249),(917,2,2,2,3,3,249),(918,3,3,1,3,1,249),(919,4,3,1,3,3,249),(920,1,1,3,2,3,250),(921,2,1,3,2,3,250),(922,3,2,3,2,3,250),(923,4,2,3,2,3,250),(924,1,1,3,3,3,251),(925,2,1,3,3,3,251),(926,1,1,3,3,3,252),(927,1,1,3,3,3,254),(928,2,1,3,3,3,254),(929,2,1,3,3,3,254),(930,3,1,3,3,3,254),(931,1,2,2,2,2,258),(932,2,2,2,2,2,258),(933,3,2,2,2,2,258),(934,4,2,2,2,2,258),(935,1,1,3,3,3,259),(936,2,1,3,3,3,259),(937,1,1,3,3,3,255),(938,1,1,3,3,3,255),(939,3,2,3,3,3,255),(940,4,2,3,3,3,255),(941,1,2,3,3,3,260),(942,2,2,3,3,3,260),(943,3,2,3,3,3,260),(944,4,2,3,3,3,260),(945,1,1,3,3,3,262),(946,2,1,3,3,3,262),(947,3,2,3,3,3,262),(948,4,2,3,3,3,262),(949,1,1,3,3,3,263),(950,2,1,3,3,3,263),(951,3,2,3,3,3,263),(952,4,2,3,3,3,263),(953,1,1,2,2,2,264),(954,2,1,2,2,2,264),(955,3,2,2,2,2,264),(956,4,2,2,2,2,264),(957,1,1,3,3,3,265),(958,2,1,3,3,3,265),(959,3,2,3,3,3,265),(960,4,2,3,3,3,265),(961,1,1,3,3,3,266),(962,2,1,3,3,3,266),(963,3,2,3,3,3,266),(964,4,2,3,3,3,266),(965,1,1,1,1,1,267),(966,2,1,1,1,1,267),(967,3,2,2,2,2,267),(968,4,2,2,2,2,267),(969,1,1,3,3,3,268),(970,2,1,3,3,3,268),(971,1,2,3,3,3,269),(972,1,1,3,3,3,269),(973,3,2,3,3,3,269),(974,3,2,3,3,3,269),(975,1,1,3,3,3,270),(976,2,1,3,3,3,270),(977,3,2,3,3,3,270),(978,4,2,3,3,3,270),(979,1,1,2,2,2,271),(980,2,1,2,2,2,271),(981,3,2,2,1,2,271),(982,4,2,2,2,2,271),(983,1,1,3,3,3,272),(984,2,1,3,3,3,272),(985,3,2,3,3,3,272),(986,4,2,3,3,3,272),(987,1,2,3,3,3,273),(988,2,2,3,3,3,273),(989,3,2,3,3,3,273),(990,4,2,3,3,3,273),(991,1,2,3,3,3,274),(992,2,2,3,3,3,274),(993,3,2,3,3,3,274),(994,4,2,3,3,3,274),(995,1,1,3,3,1,275),(996,2,1,3,3,2,275),(997,3,2,3,3,2,275),(998,4,2,3,3,2,275),(999,1,1,3,3,3,276),(1000,2,1,3,3,3,276),(1001,1,2,3,3,3,277),(1002,2,2,3,3,3,277),(1003,1,3,1,3,3,278),(1004,2,3,2,3,3,278),(1005,3,3,2,3,3,278),(1006,4,3,2,3,3,278),(1007,1,1,3,3,3,279),(1008,2,1,3,3,3,279),(1009,3,2,3,3,3,279),(1010,4,2,3,3,3,279),(1011,1,2,2,3,3,280),(1012,2,2,2,3,3,280),(1013,1,2,3,3,3,281),(1014,2,2,3,3,3,281),(1015,3,2,3,3,3,281),(1016,4,2,3,3,3,281),(1017,1,1,3,3,3,282),(1018,2,1,3,3,3,282),(1019,1,1,3,3,3,283),(1020,2,1,3,3,3,283),(1021,3,2,3,3,3,283),(1022,4,2,3,3,3,283),(1023,1,2,2,2,2,284),(1024,2,2,2,2,2,284),(1025,3,1,1,1,1,284),(1026,4,2,2,2,2,284),(1027,1,1,3,3,3,285),(1028,2,1,3,3,3,285),(1029,3,2,3,3,3,285),(1030,4,2,3,3,3,285),(1031,1,1,2,1,3,286),(1032,2,2,2,2,3,286),(1033,3,2,2,2,3,286),(1034,4,2,2,2,3,286),(1035,1,1,1,2,2,287),(1036,2,1,1,3,3,287),(1037,3,3,3,3,3,287),(1038,4,3,3,2,2,287),(1039,1,1,3,1,3,288),(1040,2,1,3,1,3,288),(1041,1,1,1,2,2,289),(1042,2,1,1,2,2,289),(1043,3,2,2,2,2,289),(1044,4,2,2,2,2,289),(1045,1,1,2,2,3,290),(1046,2,1,2,2,2,290),(1047,3,2,3,3,2,290),(1048,4,2,3,3,2,290),(1049,1,2,1,2,2,291),(1050,2,2,1,1,2,291),(1051,3,3,2,2,2,291),(1052,4,2,2,2,2,291),(1053,1,1,2,2,2,292),(1054,2,1,2,2,2,292),(1055,3,2,2,2,2,292),(1056,4,2,2,2,2,292),(1057,1,1,1,1,1,293),(1058,2,1,1,1,1,293),(1059,3,1,1,1,1,293),(1060,4,2,2,2,2,293),(1061,1,2,3,3,3,294),(1062,2,2,3,3,3,294),(1063,3,1,3,3,3,294),(1064,4,2,3,3,3,294),(1065,1,1,2,2,2,295),(1066,2,1,2,2,2,295),(1067,3,2,2,2,2,295),(1068,4,2,2,2,2,295),(1069,1,2,3,3,3,296),(1070,2,2,3,3,3,296),(1071,3,1,3,3,3,296),(1072,1,2,3,3,3,297),(1073,2,2,3,3,3,297),(1074,3,2,3,3,3,297),(1075,4,2,3,3,3,297),(1076,1,2,3,3,3,298),(1077,2,2,3,3,3,298),(1078,3,2,3,3,3,298),(1079,4,2,3,3,3,298),(1080,1,2,3,2,3,299),(1081,2,2,3,2,3,299),(1082,3,2,3,2,3,299),(1083,4,2,3,2,3,299),(1084,1,2,2,2,2,300),(1085,2,2,2,2,2,300),(1086,3,2,2,2,2,300),(1087,4,2,2,2,2,300),(1088,1,1,1,1,2,301),(1089,2,1,2,2,2,301),(1090,3,2,2,2,2,301),(1091,4,2,2,2,2,301),(1092,1,1,3,3,3,302),(1093,2,1,3,3,3,302),(1094,3,2,3,3,3,302),(1095,4,2,3,3,3,302),(1096,1,1,2,2,2,303),(1097,2,1,2,2,2,303),(1098,3,2,2,2,2,303),(1099,4,2,2,2,2,303),(1100,1,2,3,2,2,304),(1101,2,1,3,1,2,304),(1102,3,2,3,2,2,304),(1103,1,1,2,2,2,305),(1104,2,2,2,2,2,305),(1105,3,2,2,1,2,305),(1106,4,2,2,1,2,305),(1107,1,2,3,3,3,306),(1108,2,1,3,3,3,306),(1109,3,2,3,3,3,306),(1110,4,2,3,3,3,306),(1111,1,3,2,2,3,307),(1112,2,3,2,2,3,307),(1113,3,2,1,1,3,307),(1114,4,1,1,1,3,307),(1115,1,1,3,3,2,308),(1116,2,1,3,3,3,308),(1117,1,2,3,3,3,309),(1118,2,1,3,3,3,309),(1119,3,2,3,3,3,309),(1120,4,2,3,3,3,309),(1121,1,1,2,2,3,310),(1122,2,1,2,2,3,310),(1123,3,2,2,2,3,310),(1124,4,2,2,2,3,310),(1125,1,1,3,3,3,311),(1126,2,1,3,3,3,311),(1127,1,1,3,3,3,312),(1128,2,1,3,3,3,312),(1129,3,2,3,3,3,312),(1130,4,2,3,3,3,312),(1131,1,1,3,3,3,313),(1132,2,1,3,3,3,313),(1133,1,1,2,2,3,314),(1134,2,2,2,2,3,314),(1135,3,2,1,2,3,314),(1136,4,2,1,2,3,314),(1137,1,1,3,2,3,315),(1138,2,1,3,2,3,315),(1139,3,2,3,2,3,315),(1140,4,2,3,2,3,315),(1141,1,1,3,3,3,316),(1142,2,2,3,3,3,316),(1143,3,1,3,3,3,316),(1144,4,1,3,3,3,316),(1145,1,1,3,3,3,317),(1146,2,1,3,3,3,317),(1147,1,1,1,3,3,318),(1148,2,1,1,3,3,318),(1149,1,2,2,2,3,319),(1150,2,2,2,2,3,319),(1151,3,2,2,1,3,319),(1152,4,2,2,1,3,319),(1843,2,1,2,2,2,538),(1842,1,1,2,2,2,538),(1841,2,2,1,2,2,537),(1840,1,2,1,2,2,537),(1157,1,1,3,3,3,321),(1158,2,1,3,3,3,321),(1159,3,2,3,3,3,321),(1160,4,2,3,2,3,321),(1161,1,1,2,2,2,322),(1162,2,1,2,2,2,322),(1163,1,2,2,2,2,323),(1164,2,1,2,2,2,323),(1165,3,2,1,1,2,323),(1166,4,2,1,2,2,323),(1167,1,2,3,3,3,324),(1168,2,1,3,3,3,324),(1169,3,2,3,3,3,324),(1170,4,2,3,3,3,324),(1171,1,1,2,2,3,325),(1172,2,1,2,2,3,325),(1173,3,3,3,3,3,325),(1174,4,3,3,3,3,325),(1175,1,1,3,3,3,326),(1176,2,1,3,3,3,326),(1177,3,2,2,2,2,326),(1178,4,2,2,2,2,326),(1179,1,2,2,2,2,327),(1180,2,1,2,2,2,327),(1181,3,2,2,2,2,327),(1182,4,2,2,2,2,327),(1183,1,1,2,2,2,328),(1184,2,1,1,1,2,328),(1185,3,2,2,2,2,328),(1186,4,2,2,2,2,328),(1187,1,1,3,3,3,329),(1188,2,1,3,3,3,329),(1189,3,3,3,3,3,329),(1190,4,3,3,3,2,329),(1191,1,1,1,3,3,330),(1192,2,1,2,3,3,330),(1193,3,2,2,3,3,330),(1194,4,2,2,3,3,330),(1195,1,1,3,3,2,331),(1196,2,1,3,3,2,331),(1197,1,1,2,2,2,332),(1198,2,1,2,2,2,332),(1199,3,2,2,2,2,332),(1200,4,2,2,2,2,332),(1201,1,2,1,2,2,333),(1202,2,2,1,2,2,333),(1203,3,2,2,2,2,333),(1204,4,2,2,2,2,333),(1205,1,2,1,2,3,334),(1206,2,2,1,2,3,334),(1207,3,2,2,2,3,334),(1208,4,2,2,2,3,334),(1209,1,3,1,1,3,335),(1210,2,3,1,1,3,335),(1211,3,3,2,2,3,335),(1212,4,3,2,2,3,335),(1213,1,3,1,3,2,336),(1214,2,3,1,3,2,336),(1215,3,3,2,3,2,336),(1216,4,3,2,3,2,336),(1217,1,1,3,3,3,337),(1218,2,1,3,3,3,337),(1219,3,2,3,3,3,337),(1220,4,2,3,3,3,337),(1221,1,1,3,2,3,338),(1222,2,1,3,2,3,338),(1223,3,2,3,1,3,338),(1224,4,2,3,1,3,338),(1225,1,1,3,3,3,339),(1226,2,2,3,3,3,339),(1227,3,1,3,3,3,339),(1228,4,1,3,3,3,339),(1229,1,2,2,2,2,340),(1230,2,1,2,2,2,340),(1231,3,1,2,2,2,340),(1232,4,1,2,2,2,340),(1233,1,2,2,2,2,341),(1234,2,1,2,2,2,341),(1235,3,1,2,2,2,341),(1236,4,1,2,2,2,341),(1237,1,1,2,2,2,342),(1238,2,1,2,2,2,342),(1239,3,2,2,2,2,342),(1240,4,2,2,2,2,342),(1241,1,2,3,3,3,343),(1242,2,2,3,3,3,343),(1243,3,2,3,3,3,343),(1244,4,2,3,3,3,343),(1245,1,1,2,2,2,344),(1246,2,1,2,2,2,344),(1247,3,2,2,2,2,344),(1248,4,2,2,1,2,344),(1249,1,1,2,2,3,345),(1250,2,1,2,2,3,345),(1251,3,2,2,2,3,345),(1252,4,2,2,2,3,345),(1253,1,1,1,3,3,346),(1254,2,1,1,3,3,346),(1255,1,1,3,3,2,347),(1256,2,1,3,3,2,347),(1257,1,1,3,3,3,348),(1258,2,1,3,3,3,348),(1259,3,3,3,3,3,348),(1260,4,3,3,3,3,348),(1261,1,1,3,3,3,349),(1262,2,1,3,3,3,349),(1263,3,2,3,3,3,349),(1264,4,2,3,3,3,349),(1265,1,1,2,2,2,351),(1266,2,1,2,2,2,351),(1267,3,2,2,2,2,351),(1268,4,2,2,2,2,351),(1269,1,1,3,3,2,352),(1270,2,1,3,3,2,352),(1271,3,2,3,3,2,352),(1272,4,2,3,3,2,352),(1273,1,1,1,2,2,353),(1274,2,1,1,2,2,353),(1275,3,2,2,2,2,353),(1276,4,2,2,2,2,353),(1277,1,2,2,2,2,354),(1278,2,2,2,2,2,354),(1279,3,2,2,2,2,354),(1280,4,2,2,2,2,354),(1281,1,1,2,2,2,355),(1282,2,1,2,2,2,355),(1283,3,2,2,2,2,355),(1284,4,2,2,2,2,355),(1285,1,1,3,2,2,356),(1286,2,1,3,2,2,356),(1287,3,2,3,2,2,356),(1288,4,2,3,2,2,356),(1289,1,1,3,1,3,357),(1290,2,1,3,1,3,357),(1291,3,2,3,2,3,357),(1292,4,2,3,2,3,357),(1293,1,1,3,3,3,358),(1294,2,1,3,3,3,358),(1295,3,3,3,3,3,358),(1296,4,3,3,3,3,358),(1297,1,2,3,3,3,359),(1298,2,1,3,3,3,359),(1299,3,2,3,3,3,359),(1300,4,2,3,3,3,359),(1301,1,2,3,3,3,360),(1302,2,1,3,3,3,360),(1303,3,2,3,3,3,360),(1304,4,2,3,3,3,360),(1305,1,1,2,2,2,361),(1306,2,1,2,2,2,361),(1307,3,2,2,2,2,361),(1308,4,2,2,2,2,361),(1309,1,1,3,3,3,362),(1310,2,1,3,3,3,362),(1311,3,1,3,3,3,362),(1312,4,1,2,3,3,362),(1313,1,2,2,2,2,363),(1314,2,1,2,2,2,363),(1315,3,2,2,2,2,363),(1316,4,2,2,2,2,363),(1317,1,2,2,2,2,364),(1318,2,1,2,2,2,364),(1319,3,1,2,2,2,364),(1320,4,1,2,1,2,364),(1321,1,2,2,2,2,365),(1322,2,1,2,2,2,365),(1323,3,2,2,2,2,365),(1324,4,2,2,2,2,365),(1325,1,2,2,2,2,366),(1326,2,1,2,2,2,366),(1327,3,2,2,2,2,366),(1328,4,2,2,2,2,366),(1329,1,1,2,2,2,367),(1330,2,1,2,2,2,367),(1331,3,1,2,2,2,367),(1332,4,2,2,2,2,367),(1333,1,1,2,2,2,368),(1334,2,1,2,2,2,368),(1335,3,2,2,2,2,368),(1336,4,2,2,2,2,368),(1337,1,2,3,3,3,369),(1338,2,1,3,3,3,369),(1339,3,2,3,3,3,369),(1340,4,2,3,3,3,369),(1341,1,1,3,3,3,370),(1342,2,1,3,3,3,370),(1343,3,2,3,3,3,370),(1344,4,2,3,3,3,370),(1345,1,2,2,2,2,371),(1346,2,1,2,2,2,371),(1347,3,2,2,2,2,371),(1348,4,2,2,2,2,371),(1349,1,1,3,3,3,372),(1350,2,1,3,3,3,372),(1351,1,1,3,3,3,373),(1352,2,1,3,3,3,373),(1353,1,2,3,3,3,375),(1354,2,2,3,3,3,375),(1355,3,1,3,3,3,375),(1356,4,1,3,3,3,375),(1357,1,1,2,2,2,376),(1358,2,1,2,2,2,376),(1359,3,2,2,2,2,376),(1360,4,2,2,1,2,376),(1361,1,1,3,3,3,377),(1362,2,1,3,3,3,377),(1363,3,3,3,3,3,377),(1364,4,3,3,3,3,377),(1365,1,2,2,2,3,378),(1366,2,2,2,2,3,378),(1367,3,3,3,1,3,378),(1368,4,3,3,3,3,378),(1369,1,1,3,2,2,379),(1370,2,1,3,2,2,379),(1371,3,2,3,2,2,379),(1372,4,2,3,2,2,379),(1373,1,2,1,2,2,380),(1374,2,2,1,1,2,380),(1375,3,2,2,2,2,380),(1376,4,2,2,2,2,380),(1377,1,1,1,3,3,381),(1378,2,1,1,3,3,381),(1379,1,2,2,2,3,382),(1380,2,2,1,2,2,382),(1381,3,2,2,2,2,382),(1382,4,2,2,2,2,382),(1383,1,1,3,2,3,383),(1384,2,1,3,1,3,383),(1385,3,2,3,2,3,383),(1386,4,2,3,2,3,383),(1387,1,1,1,3,3,384),(1388,2,1,1,3,3,384),(1389,1,1,1,3,3,385),(1390,2,1,1,3,3,385),(1391,1,1,1,3,3,386),(1392,2,1,1,3,3,386),(1393,1,1,3,3,3,387),(1394,2,2,3,3,3,387),(1395,3,2,3,3,3,387),(1396,4,2,3,3,3,387),(1397,1,1,3,3,3,388),(1398,2,1,3,3,3,388),(1399,3,2,3,3,3,388),(1400,4,2,3,3,3,388),(1401,1,2,3,3,3,389),(1402,2,1,3,3,3,389),(1403,3,2,3,3,3,389),(1404,4,2,3,3,3,389),(1405,1,2,3,3,3,390),(1406,2,1,3,3,3,390),(1407,3,2,3,3,3,390),(1408,4,2,3,3,3,390),(1409,1,1,1,3,3,391),(1410,2,1,1,3,3,391),(1411,1,2,3,3,3,392),(1412,2,1,3,3,3,392),(1413,3,2,3,3,3,392),(1414,4,2,3,3,3,392),(1415,1,2,2,2,2,393),(1416,2,1,1,1,2,393),(1417,3,2,2,2,2,393),(1418,4,2,2,2,2,393),(1419,1,1,3,3,3,394),(1420,2,1,3,3,3,394),(1421,1,3,2,3,3,395),(1422,2,3,2,3,3,395),(1423,1,1,3,3,3,396),(1424,2,1,3,3,3,396),(1425,1,1,3,3,3,397),(1426,2,1,1,1,3,397),(1427,1,1,1,2,2,398),(1428,2,1,2,2,2,398),(1429,3,2,2,2,2,398),(1430,4,2,2,2,2,398),(1431,1,1,2,2,2,399),(1432,2,1,2,2,2,399),(1433,3,2,2,2,2,399),(1434,4,2,2,2,2,399),(1435,1,1,3,3,3,400),(1436,2,1,3,3,3,400),(1437,3,2,3,3,3,400),(1438,4,2,3,3,3,400),(1439,1,1,3,3,3,401),(1440,2,1,3,3,3,401),(1441,1,1,3,2,3,402),(1442,2,1,3,2,3,402),(1443,3,2,3,2,3,402),(1444,4,2,3,2,3,402),(1445,1,1,3,3,3,403),(1446,2,1,3,3,3,403),(1447,1,2,2,2,2,404),(1448,2,2,2,1,2,404),(1449,3,2,2,2,2,404),(1450,4,2,2,2,2,404),(1451,2,1,2,2,2,405),(1452,2,1,2,2,2,406),(1453,1,2,2,2,2,407),(1454,2,2,2,2,2,407),(1455,3,2,2,2,2,407),(1456,4,2,2,2,2,407),(1457,1,2,2,2,2,408),(1458,2,1,2,2,2,408),(1459,3,2,2,2,2,408),(1460,4,2,2,2,2,408),(1461,1,2,2,2,2,409),(1462,2,2,2,2,2,409),(1463,3,2,2,2,2,409),(1464,4,2,2,2,2,409),(1465,2,1,3,3,3,410),(1466,1,1,3,3,3,411),(1467,2,1,3,3,3,411),(1468,1,2,2,2,2,412),(1469,2,1,2,2,2,412),(1470,3,2,2,2,2,412),(1471,4,2,2,2,2,412),(1472,1,1,3,3,3,413),(1473,2,1,3,3,3,413),(1474,1,2,2,2,2,414),(1475,2,1,2,2,2,414),(1476,3,2,2,2,2,414),(1477,4,2,2,2,2,414),(1478,1,1,1,2,2,415),(1479,2,1,1,2,2,415),(1480,3,2,2,2,2,415),(1481,4,3,2,2,2,415),(1482,1,1,2,2,2,417),(1483,2,1,2,2,2,417),(1484,3,2,2,2,2,417),(1485,4,2,2,2,2,417),(1486,1,1,3,3,3,418),(1487,2,1,3,3,3,418),(1488,1,1,3,3,3,419),(1489,2,1,3,3,3,419),(1490,1,1,2,2,2,420),(1491,2,1,2,2,2,420),(1492,3,2,2,2,2,420),(1493,4,2,2,2,2,420),(1494,1,1,3,3,3,421),(1495,2,1,3,3,3,421),(1496,3,2,3,3,3,421),(1497,4,2,3,3,3,421),(1498,2,1,3,3,3,422),(1499,1,1,3,3,3,423),(1500,2,1,3,3,3,423),(1501,3,2,3,3,3,423),(1502,4,2,3,3,3,423),(1503,1,2,2,2,2,424),(1504,2,1,2,2,2,424),(1505,3,1,2,2,2,424),(1506,4,1,2,2,2,424),(1507,2,1,3,3,3,425),(1508,1,1,3,3,3,426),(1509,2,1,3,3,3,426),(1510,3,2,2,2,2,426),(1511,4,2,2,2,2,426),(1512,1,1,3,3,3,427),(1513,2,1,3,3,3,427),(1514,1,2,2,2,2,428),(1515,2,1,2,2,2,428),(1516,3,2,2,2,2,428),(1517,4,2,2,2,2,428),(1518,2,1,3,3,3,429),(1519,4,1,3,3,3,429),(1520,1,1,3,3,3,430),(1521,2,1,3,3,3,430),(1522,1,2,3,2,3,431),(1523,2,1,3,2,3,431),(1524,3,2,2,2,2,431),(1525,4,2,2,2,2,431),(1526,3,1,3,3,3,432),(1527,4,1,3,3,3,432),(1528,1,1,2,2,2,433),(1529,2,1,2,2,2,433),(1530,3,2,2,2,2,433),(1531,4,2,2,2,2,433),(1532,1,2,3,3,3,434),(1533,2,1,3,1,3,434),(1534,3,2,3,2,3,434),(1535,4,2,3,2,3,434),(1536,1,1,3,3,3,435),(1537,2,1,3,3,3,435),(1538,3,2,3,3,3,435),(1539,4,2,3,3,3,435),(1540,1,2,2,2,2,436),(1541,2,1,2,2,2,436),(1542,3,2,2,2,2,436),(1543,4,2,2,2,2,436),(1544,1,2,2,2,2,437),(1545,2,1,2,2,2,437),(1546,3,2,2,1,2,437),(1547,4,2,2,1,2,437),(1548,1,1,2,2,3,441),(1549,2,1,2,2,3,441),(1550,3,2,1,1,3,441),(1551,4,2,2,2,3,441),(1552,1,1,2,2,2,442),(1553,2,1,2,2,2,442),(1554,1,2,2,2,2,443),(1555,2,1,2,2,2,443),(1556,3,1,2,2,2,443),(1557,4,1,2,2,2,443),(1558,1,1,2,2,2,444),(1559,2,1,2,2,2,444),(1560,3,1,2,2,2,444),(1561,4,1,2,2,2,444),(1562,1,1,2,2,2,445),(1563,2,1,2,2,2,445),(1564,1,1,3,3,3,446),(1565,2,1,3,3,3,446),(1566,3,2,3,3,3,446),(1567,4,2,3,3,3,446),(1568,1,1,2,2,2,447),(1569,2,1,2,2,2,447),(1570,1,1,3,3,3,448),(1571,2,1,3,3,3,448),(1572,3,2,3,3,3,448),(1573,4,2,3,3,3,448),(1574,1,1,2,2,2,449),(1575,2,1,2,2,2,449),(1576,1,1,3,3,3,450),(1577,2,1,3,3,3,450),(1578,3,2,3,3,3,450),(1579,4,2,3,3,3,450),(1580,1,1,3,3,3,451),(1581,2,1,3,3,3,451),(1582,3,1,3,1,3,451),(1583,4,1,1,1,3,451),(1584,1,2,3,3,3,452),(1585,2,1,3,3,3,452),(1586,3,2,3,3,3,452),(1587,4,2,3,3,3,452),(1588,1,1,1,2,2,453),(1589,2,1,2,2,2,453),(1590,3,2,1,2,2,453),(1591,4,2,1,2,2,453),(1592,1,2,3,3,3,454),(1593,2,1,3,3,3,454),(1594,3,2,3,3,3,454),(1595,4,2,3,3,3,454),(1596,1,2,3,3,3,455),(1597,2,2,3,3,3,455),(1598,3,2,3,3,3,455),(1599,4,2,3,3,3,455),(1600,1,1,2,2,2,456),(1601,2,1,2,2,2,456),(1602,1,1,2,3,3,457),(1603,2,1,2,3,3,457),(1604,3,2,2,3,3,457),(1605,4,2,2,3,3,457),(1606,1,2,3,3,3,458),(1607,2,1,3,3,3,458),(1608,3,2,3,3,3,458),(1609,4,2,3,3,3,458),(1610,1,1,2,2,2,459),(1611,2,1,2,2,2,459),(1612,2,2,1,2,2,459),(1613,1,2,1,1,2,460),(1614,2,2,2,2,2,460),(1615,3,2,2,1,2,460),(1616,4,2,2,1,2,460),(1617,1,1,2,2,2,461),(1618,2,1,1,2,2,461),(1619,1,2,2,2,2,462),(1620,2,2,2,2,2,462),(1621,3,2,2,2,2,462),(1622,4,2,2,2,2,462),(1623,1,2,2,2,2,463),(1624,2,2,2,2,2,463),(1625,3,2,2,2,2,463),(1626,4,2,2,2,2,463),(1627,1,1,2,2,2,464),(1628,2,1,2,2,2,464),(1629,1,1,2,2,2,465),(1630,2,1,2,2,2,465),(1631,1,2,2,2,2,466),(1632,2,1,2,2,2,466),(1633,3,1,3,3,3,466),(1634,4,1,3,3,3,466),(1635,1,1,2,2,2,467),(1636,2,1,2,2,2,467),(1637,1,2,2,2,2,468),(1638,2,2,2,2,2,468),(1639,3,2,2,2,2,468),(1640,4,2,2,2,2,468),(1641,1,1,2,2,2,469),(1642,2,1,2,2,2,469),(1643,3,2,2,2,2,469),(1644,4,2,2,2,2,469),(1645,1,2,2,2,2,470),(1646,2,2,2,2,2,470),(1647,3,2,2,2,2,470),(1648,4,2,2,2,2,470),(1649,1,2,2,2,2,471),(1650,2,2,2,2,2,471),(1651,3,2,2,2,2,471),(1652,4,2,2,2,2,471),(1653,1,1,2,2,2,472),(1654,2,1,2,2,2,472),(1655,4,1,1,1,1,472),(1656,1,2,2,2,2,473),(1657,2,1,2,2,2,473),(1658,3,2,2,2,2,473),(1659,4,2,2,2,2,473),(1660,1,1,2,2,2,474),(1661,2,1,2,2,2,474),(1662,1,2,3,3,3,475),(1663,2,1,3,3,3,475),(1664,3,2,3,3,3,475),(1665,4,2,3,3,3,475),(1666,1,1,2,2,2,476),(1667,2,1,2,2,2,476),(1668,1,2,2,2,2,477),(1669,2,2,2,2,2,477),(1670,3,2,2,2,2,477),(1671,4,1,2,2,2,477),(1672,1,1,2,2,2,478),(1673,2,1,2,2,2,478),(1674,1,1,2,2,2,479),(1675,2,2,2,2,2,479),(1676,3,2,2,2,2,479),(1677,4,1,2,2,2,479),(1678,1,1,2,2,2,480),(1679,2,1,2,2,2,480),(1680,2,1,2,2,2,481),(1681,1,1,2,2,2,482),(1682,2,1,1,2,2,483),(1683,1,1,2,2,2,484),(1684,2,1,2,2,2,484),(1685,3,1,2,2,2,484),(1686,1,1,2,2,2,485),(1687,2,1,2,2,2,485),(1688,1,3,3,3,3,20),(1689,2,3,3,3,3,20),(1690,3,3,3,3,3,20),(1691,4,3,3,3,3,20),(1692,2,1,2,2,2,487),(1693,2,1,2,2,2,487),(1694,4,1,2,2,2,487),(1695,1,1,2,2,2,488),(1696,2,1,2,2,2,488),(1697,3,2,2,1,2,488),(1698,4,2,2,1,2,488),(1699,1,1,2,2,2,489),(1700,2,1,2,2,2,489),(1701,3,2,2,2,2,489),(1702,4,2,2,2,2,489),(1703,1,1,2,2,2,490),(1704,2,1,2,2,2,490),(1705,1,2,2,2,2,491),(1706,2,2,2,2,2,491),(1707,3,2,2,2,2,491),(1708,4,2,2,2,2,491),(1709,2,1,2,2,2,492),(1710,1,2,2,2,2,493),(1711,2,1,2,2,2,493),(1712,3,2,2,2,2,493),(1713,4,2,2,2,2,493),(1714,1,1,2,2,2,494),(1715,2,1,2,2,2,494),(1716,3,2,2,1,2,494),(1717,4,2,2,1,2,494),(1718,1,1,2,2,2,495),(1719,2,1,2,2,2,495),(1720,3,2,2,2,2,495),(1721,4,2,2,2,2,495),(1722,1,2,2,2,2,496),(1723,2,1,2,2,2,496),(1724,3,2,2,2,2,496),(1725,4,2,2,2,2,496),(1726,2,1,2,2,2,497),(1727,1,1,2,2,2,498),(1728,2,1,2,2,2,498),(1729,3,2,1,2,2,498),(1730,4,2,1,2,2,498),(1731,1,2,2,2,2,499),(1732,2,1,2,2,2,499),(1733,3,2,2,2,2,499),(1734,4,2,2,2,2,499),(1735,1,1,2,2,2,500),(1736,2,1,2,2,2,500),(1737,1,1,2,2,2,501),(1738,3,1,2,2,2,501),(1739,4,1,2,2,2,501),(1740,1,1,2,2,2,502),(1741,2,1,2,2,2,502),(1742,3,2,2,2,2,502),(1743,4,2,2,2,2,502),(1744,3,2,2,1,2,503),(1745,4,2,2,1,2,503),(1746,1,1,1,2,2,504),(1747,2,1,1,2,2,504),(1748,3,2,2,2,2,504),(1749,4,2,2,2,2,504),(1750,1,1,2,2,2,505),(1751,2,1,2,2,2,505),(1936,2,1,2,2,2,567),(1935,1,1,2,2,2,567),(1934,2,1,2,2,2,566),(1933,1,1,2,2,2,566),(1756,1,1,2,2,2,507),(1757,2,1,2,2,2,507),(1758,3,2,2,1,2,507),(1759,4,2,2,1,2,507),(1932,4,2,2,2,2,565),(1931,3,2,2,2,2,565),(1930,2,1,2,2,2,565),(1929,1,2,2,2,2,565),(1764,1,1,2,2,2,509),(1765,2,1,2,2,2,509),(1766,1,1,2,2,2,510),(1767,2,1,2,2,2,510),(1768,1,1,2,2,2,511),(1769,2,1,2,2,2,511),(1770,1,1,1,2,2,512),(1771,2,1,1,2,2,512),(1772,1,1,2,2,2,513),(1774,1,1,1,2,2,515),(1775,2,1,1,2,2,515),(1776,2,1,2,2,2,516),(1777,1,1,1,2,2,517),(1778,2,1,2,2,2,517),(1779,3,2,2,1,2,517),(1780,4,2,2,1,2,517),(1781,1,1,2,2,2,518),(1782,2,1,2,2,2,518),(1783,1,1,2,2,2,519),(1784,2,1,2,2,2,519),(1785,3,2,2,1,2,519),(1786,1,1,1,2,2,520),(1787,2,1,1,2,2,520),(1788,3,1,2,2,2,520),(1789,4,1,2,2,2,520),(1790,3,1,2,2,2,521),(1791,4,1,2,2,2,521),(1792,1,1,2,2,2,522),(1793,2,1,2,2,2,522),(1794,1,1,2,2,2,523),(1795,2,1,2,2,2,523),(1796,3,1,2,2,2,524),(1797,4,1,2,2,2,524),(1798,1,1,2,2,2,525),(1799,2,1,2,2,2,525),(1800,1,1,2,2,2,527),(1801,2,1,2,2,2,527),(1802,1,1,2,2,2,528),(1803,2,1,2,2,2,528),(1804,1,1,2,2,2,529),(1805,2,1,2,2,2,529),(1806,1,3,3,3,3,62),(1807,2,3,3,3,3,62),(1808,3,3,3,3,3,62),(1809,4,3,3,3,3,62),(1810,3,3,3,3,3,145),(1811,4,3,3,3,3,145),(1812,1,1,2,2,2,530),(1813,2,1,2,2,2,530),(1814,3,1,2,2,2,530),(1815,4,2,2,2,2,530),(1816,1,2,2,2,2,531),(1817,2,1,2,2,2,531),(1818,3,1,2,2,2,531),(1819,4,2,2,2,2,531),(1820,1,1,2,2,2,532),(1821,2,2,2,2,2,532),(1822,3,1,2,2,2,532),(1823,4,1,2,2,2,532),(1824,1,2,2,2,2,533),(1825,2,1,2,2,2,533),(1826,3,2,2,2,2,533),(1827,4,2,2,2,2,533),(1828,1,1,2,2,2,534),(1829,2,1,2,2,2,534),(1830,3,2,2,2,2,534),(1831,4,2,2,2,2,534),(1928,4,2,2,2,2,563),(1927,3,2,2,2,2,563),(1926,2,1,2,2,2,563),(1925,1,1,2,2,2,563),(1836,1,2,2,2,2,536),(1837,2,2,2,2,2,536),(1838,3,2,2,2,2,536),(1839,4,2,2,2,2,536),(1844,1,2,2,2,2,539),(1845,2,1,2,2,2,539),(1846,3,2,2,2,2,539),(1847,4,2,2,2,2,539),(1848,1,2,2,2,2,540),(1849,2,1,2,2,2,540),(1850,3,2,2,2,2,540),(1851,1,1,2,2,2,541),(1852,2,1,2,2,2,541),(1853,3,2,2,2,2,541),(1854,4,2,2,2,2,541),(1855,1,1,1,2,2,542),(1856,2,1,1,2,2,542),(1857,3,2,1,2,2,542),(1858,4,2,2,2,2,542),(1859,1,2,2,1,2,543),(1860,2,2,2,2,2,543),(1861,3,2,2,2,2,543),(1862,4,2,2,2,2,543),(1863,1,1,2,2,2,544),(1864,2,1,2,2,2,544),(1865,1,2,2,2,2,545),(1866,2,2,2,2,2,545),(1867,3,2,2,1,2,545),(1868,4,2,2,2,2,545),(1869,1,1,1,2,2,546),(1870,2,1,1,2,2,546),(1871,3,2,1,2,2,546),(1872,4,2,2,2,2,546),(1873,1,2,2,1,2,547),(1874,2,1,2,2,2,547),(1875,3,2,2,2,2,547),(1876,4,2,2,2,2,547),(1877,1,2,2,2,2,548),(1878,2,1,2,2,2,548),(1879,3,2,2,2,2,548),(1880,4,2,2,2,2,548),(1881,1,1,2,2,2,549),(1882,2,1,2,2,2,549),(1883,1,1,2,2,2,550),(1884,2,1,2,2,2,550),(1885,3,2,2,2,2,550),(1886,4,2,2,2,2,550),(1887,1,2,2,2,2,551),(1888,2,1,2,2,2,551),(1889,3,2,2,2,2,551),(1890,4,2,2,2,2,551),(1891,1,1,2,2,2,552),(1892,2,1,2,2,2,552),(1893,1,1,2,2,1,553),(1894,2,1,2,2,2,553),(1895,3,2,2,2,2,553),(1896,4,2,2,2,2,553),(1897,1,1,2,2,2,554),(1898,2,1,2,2,2,554),(1899,3,2,2,2,2,554),(1900,4,2,2,2,2,554),(1901,1,1,2,2,2,555),(1902,2,1,2,2,2,555),(1903,1,2,2,2,2,557),(1904,2,1,2,2,2,557),(1905,3,2,2,2,2,557),(1906,4,2,2,2,2,557),(1907,1,2,2,2,2,558),(1908,2,1,2,2,2,558),(1909,3,1,2,1,2,558),(1910,4,2,2,1,2,558),(1911,1,1,2,2,2,559),(1912,2,1,2,2,2,559),(1913,3,2,2,2,2,559),(1914,4,2,2,2,2,559),(1915,1,1,2,2,2,560),(1916,2,1,2,2,2,560),(1917,3,2,2,2,2,560),(1918,4,2,2,2,2,560),(1919,1,1,2,2,2,561),(1920,2,1,2,2,2,561),(1921,1,1,2,2,2,562),(1922,2,1,2,2,2,562),(1923,3,2,2,2,2,562),(1924,4,2,2,2,2,562),(1937,3,3,2,2,2,567),(1938,4,3,2,2,2,567),(1939,2,1,2,2,2,568),(1940,2,1,2,2,2,568),(1941,3,2,2,2,2,568),(1942,4,2,2,2,2,568),(1943,1,1,2,2,2,569),(1944,2,1,2,2,2,569),(1945,3,2,2,2,2,569),(1946,4,2,2,2,2,569),(1947,1,1,2,2,2,570),(1948,2,1,2,2,2,570),(1949,3,2,2,2,2,570),(1950,4,2,2,2,2,570),(1951,1,1,2,2,2,571),(1952,2,1,2,2,2,571),(1953,3,2,2,2,2,571),(1954,4,2,2,2,2,571),(1955,1,1,2,2,2,572),(1956,2,1,2,2,2,572),(1957,3,2,2,2,2,572),(1958,4,2,2,2,2,572),(1959,1,1,2,2,2,573),(1960,2,1,2,2,2,573),(1961,3,2,2,2,2,573),(1962,4,2,2,2,2,573),(1963,1,1,2,2,2,575),(1964,2,1,2,2,2,575),(1965,3,2,2,2,2,575),(1966,4,2,2,2,2,575),(1967,1,1,2,1,2,576),(1968,2,1,2,1,2,576),(1969,3,2,2,2,2,576),(1970,4,2,2,2,2,576),(1971,1,1,2,2,2,577),(1972,2,1,2,2,2,577),(1973,3,2,1,2,2,577),(1974,4,2,1,2,2,577),(1975,1,2,2,2,2,578),(1976,2,1,2,2,2,578),(1977,3,2,2,2,2,578),(1978,4,2,2,2,2,578),(1979,1,1,2,2,2,579),(1980,2,1,2,2,2,579),(1981,3,2,2,2,2,579),(1982,4,2,2,2,2,579),(1983,1,2,2,2,2,580),(1984,2,1,1,2,2,580),(1985,3,2,2,2,2,580),(1986,4,2,2,2,2,580),(1987,1,2,2,2,2,581),(1988,2,2,2,2,2,581),(1989,3,2,2,2,2,581),(1990,4,2,2,2,2,581),(1991,1,1,2,2,2,582),(1992,2,1,2,2,2,582),(1993,3,2,2,2,2,582),(1994,4,2,2,2,2,582),(1995,1,2,2,2,2,584),(1996,2,2,2,2,2,584),(1997,3,2,2,2,2,584),(1998,4,2,2,2,2,584),(1999,1,1,2,2,2,583),(2000,2,1,2,2,2,583),(2001,3,2,2,2,2,583),(2002,4,2,2,2,2,583),(2003,1,1,2,2,2,585),(2004,2,1,2,2,2,585),(2005,3,2,2,2,2,585),(2006,4,2,2,2,2,585),(2007,1,1,2,2,2,587),(2008,2,1,2,2,2,587),(2009,3,2,2,2,2,587),(2010,4,2,2,2,2,587),(2011,1,2,2,2,2,586),(2012,2,2,2,2,2,586),(2013,3,2,2,2,2,586),(2014,4,2,2,2,2,586),(2015,1,1,2,2,2,588),(2016,2,1,2,2,2,588),(2017,3,2,2,2,2,588),(2018,4,2,2,2,2,588),(2019,1,1,2,2,2,590),(2020,2,1,2,2,2,590),(2021,3,2,2,2,2,590),(2022,4,2,2,2,2,590),(2023,1,1,2,2,2,591),(2024,2,1,2,2,2,591),(2025,3,2,2,2,2,591),(2026,4,2,2,2,2,591),(2027,1,1,2,2,2,592),(2028,2,1,2,2,2,592),(2029,1,1,2,2,2,593),(2030,2,1,2,2,2,593),(2031,3,2,2,2,2,593),(2032,4,2,2,2,2,593),(2033,1,2,2,2,2,594),(2034,2,1,2,2,2,594),(2035,3,2,2,2,2,594),(2036,4,2,2,2,2,594),(2037,1,1,2,2,2,595),(2038,2,1,2,2,2,595),(2039,1,1,3,3,3,596),(2040,2,1,3,3,3,596),(2041,3,2,3,3,3,596),(2042,4,2,3,3,3,596),(2043,1,2,2,2,2,597),(2044,2,1,2,2,2,597),(2045,3,2,2,2,2,597),(2046,4,2,2,2,2,597),(2047,1,1,3,3,3,598),(2048,2,1,3,3,3,598),(2049,3,2,3,3,3,598),(2050,4,2,3,3,3,598),(2051,1,1,2,2,2,599),(2052,2,1,2,2,2,599),(2053,3,2,2,2,2,599),(2054,4,2,2,2,2,599),(2055,1,1,3,1,3,601),(2056,2,1,3,1,3,601),(2057,3,2,3,2,3,601),(2058,4,2,3,2,3,601),(2059,1,1,3,3,3,602),(2060,2,1,3,3,3,602),(2061,1,1,2,2,2,603),(2062,2,1,2,2,2,603),(2063,3,2,2,2,2,603),(2064,4,2,2,2,2,603),(2065,1,1,2,2,2,604),(2066,2,1,2,2,2,604),(2067,3,2,2,2,2,604),(2068,4,2,2,2,2,604),(2069,1,2,2,2,2,605),(2070,2,2,2,2,2,605),(2071,3,2,2,2,2,605),(2072,4,2,2,2,2,605),(2073,1,1,2,2,2,606),(2074,2,1,2,2,2,606),(2075,3,2,2,2,2,606),(2076,4,2,2,2,2,606),(2077,1,3,3,2,3,607),(2078,2,3,3,1,3,607),(2079,3,3,3,2,3,607),(2080,4,3,3,2,3,607),(2081,1,1,2,2,2,608),(2082,2,1,2,2,2,608),(2083,3,2,2,2,2,608),(2084,4,2,2,2,2,608),(2085,1,1,2,2,2,609),(2086,2,1,2,2,2,609),(2087,3,2,2,2,2,609),(2088,4,2,2,2,2,609),(2089,1,1,2,2,2,610),(2090,2,1,2,2,2,610),(2091,3,2,2,2,2,610),(2092,4,2,2,2,2,610),(2093,1,1,2,2,2,611),(2094,2,1,2,2,2,611),(2095,3,2,2,2,2,611),(2096,4,2,2,2,2,611),(2097,1,1,2,2,2,612),(2098,2,1,2,2,2,612),(2099,3,2,1,1,2,612),(2100,4,2,1,2,2,612),(2101,1,2,2,2,2,613),(2102,2,1,2,2,2,613),(2103,3,2,2,2,2,613),(2104,4,2,2,2,2,613),(2105,1,1,2,2,2,614),(2106,2,1,2,2,2,614),(2107,3,2,2,2,2,614),(2108,4,2,2,2,2,614),(2109,1,1,3,3,2,615),(2110,2,1,3,3,2,615),(2111,3,2,3,3,2,615),(2112,4,2,3,3,2,615),(2113,1,2,2,2,2,616),(2114,2,1,2,2,2,616),(2115,3,2,2,2,2,616),(2116,3,2,2,2,2,616),(2117,1,1,3,2,2,617),(2118,2,1,3,2,2,617),(2119,3,2,3,2,2,617),(2120,4,2,3,2,2,617),(2121,1,1,3,3,3,618),(2122,2,1,3,3,3,618),(2123,3,2,3,3,3,618),(2124,4,2,3,3,3,618),(2125,1,1,2,2,2,619),(2126,2,1,2,2,2,619),(2127,3,2,2,2,2,619),(2128,4,2,2,2,2,619),(2129,1,1,2,2,2,620),(2130,2,1,2,1,2,620),(2131,1,1,2,2,2,621),(2132,2,1,2,2,2,621),(2133,3,1,2,2,2,621),(2134,4,1,2,2,2,621),(2135,1,1,2,2,2,600),(2136,2,1,2,2,2,600),(2137,1,1,2,2,2,622),(2138,2,1,2,2,2,622),(2139,1,1,2,2,2,623),(2140,2,1,2,2,2,623),(2141,4,2,2,1,1,624),(2147,2,1,2,2,2,627),(2146,1,1,2,2,2,627),(2144,1,1,2,2,2,626),(2145,2,1,2,2,2,626),(2148,1,1,2,2,2,628),(2149,2,1,2,2,2,628),(2150,1,1,2,2,2,629),(2151,2,1,2,2,2,629),(2152,1,1,2,2,2,630),(2153,2,1,2,2,2,631),(2154,1,1,2,2,2,632),(2155,2,1,2,2,2,632),(2156,2,1,2,2,2,633),(2157,1,1,2,2,2,634),(2158,2,1,2,2,2,634),(2159,1,1,2,2,2,635),(2160,2,1,2,2,2,635),(2161,1,1,2,2,2,636),(2162,2,1,2,2,2,636),(2163,2,1,2,2,2,637),(2164,1,1,2,2,2,638),(2165,2,1,2,2,2,638),(2166,2,1,2,2,2,639),(2167,1,1,2,2,2,640),(2168,2,1,2,2,2,640),(2169,1,1,2,2,2,641),(2170,2,1,2,2,2,641),(2171,1,1,2,2,2,642),(2172,2,1,2,2,2,642),(2173,2,1,2,2,2,643),(2174,2,1,2,2,2,644);
/*!40000 ALTER TABLE `tecnologia_usotecnologia` ENABLE KEYS */;
UNLOCK TABLES;
/*!40103 SET TIME_ZONE=@OLD_TIME_ZONE */;

/*!40101 SET SQL_MODE=@OLD_SQL_MODE */;
/*!40014 SET FOREIGN_KEY_CHECKS=@OLD_FOREIGN_KEY_CHECKS */;
/*!40014 SET UNIQUE_CHECKS=@OLD_UNIQUE_CHECKS */;
/*!40101 SET CHARACTER_SET_CLIENT=@OLD_CHARACTER_SET_CLIENT */;
/*!40101 SET CHARACTER_SET_RESULTS=@OLD_CHARACTER_SET_RESULTS */;
/*!40101 SET COLLATION_CONNECTION=@OLD_COLLATION_CONNECTION */;
/*!40111 SET SQL_NOTES=@OLD_SQL_NOTES */;

-- Dump completed on 2011-06-23 11:35:14
